Unity Editor version:    6000.3.22f1 (1c726e1fb402)
Branch:                  6000.3/staging
Build type:              Release
Batch mode:              YES
macOS version:           Version 26.6.2 (Build 25G83)
Darwin version:          25.6.0
Architecture:            arm64
Running under Rosetta:   NO
Available memory:        16384 MB
Date:                    2026-09-09T14:38:18Z
[Licensing::Module] Trying to connect to existing licensing client channel...
[Licensing::IpcConnector] Channel LicenseClient-mziwamadoda doesn't exist
Launching external process: /Applications/Unity/Hub/Editor/6000.3.22f1/Unity.app/Contents/Helpers/UnityLicensingClient.app/Contents/MacOS/Unity.Licensing.Client
[Licensing::Module] Successfully launched the LicensingClient (PId: 30656)
Launching external process: /Applications/Unity/Hub/Editor/6000.3.22f1/Unity.app/Contents/Resources/PackageManager/Server/UnityPackageManager

COMMAND LINE ARGUMENTS:
/Applications/Unity/Hub/Editor/6000.3.22f1/Unity.app/Contents/MacOS/Unity
-batchmode
-quit
-projectPath
/Users/mziwamadoda/Projects/Binteca/Interactive/milzetvrstudio/Unity
-buildTarget
Android
-executeMethod
Milzet.Editor.BuildViewer.InteractionRepair
-logFile
/Users/mziwamadoda/Projects/Binteca/Interactive/milzetvrstudio/Artifacts/DeviceAcceptance/interaction-android-build.log
Successfully changed project path to: /Users/mziwamadoda/Projects/Binteca/Interactive/milzetvrstudio/Unity
/Users/mziwamadoda/Projects/Binteca/Interactive/milzetvrstudio/Unity
[UnityMemory] Configuration Parameters - Can be set up in boot.config
    "memorysetup-allocator-temp-initial-block-size-main=262144"
    "memorysetup-allocator-temp-initial-block-size-worker=262144"
    "memorysetup-temp-allocator-size-background-worker=32768"
    "memorysetup-temp-allocator-size-job-worker=262144"
    "memorysetup-temp-allocator-size-preload-manager=33554432"
    "memorysetup-temp-allocator-size-nav-mesh-worker=65536"
    "memorysetup-temp-allocator-size-audio-worker=65536"
    "memorysetup-temp-allocator-size-cloud-worker=32768"
    "memorysetup-bucket-allocator-granularity=16"
    "memorysetup-bucket-allocator-bucket-count=8"
    "memorysetup-bucket-allocator-block-size=33554432"
    "memorysetup-bucket-allocator-block-count=8"
    "memorysetup-main-allocator-block-size=16777216"
    "memorysetup-thread-allocator-block-size=16777216"
    "memorysetup-gfx-main-allocator-block-size=16777216"
    "memorysetup-gfx-thread-allocator-block-size=16777216"
    "memorysetup-cache-allocator-block-size=4194304"
    "memorysetup-typetree-allocator-block-size=2097152"
    "memorysetup-profiler-bucket-allocator-granularity=16"
    "memorysetup-profiler-bucket-allocator-bucket-count=8"
    "memorysetup-profiler-bucket-allocator-block-size=33554432"
    "memorysetup-profiler-bucket-allocator-block-count=8"
    "memorysetup-profiler-allocator-block-size=16777216"
    "memorysetup-profiler-editor-allocator-block-size=1048576"
    "memorysetup-temp-allocator-size-main=16777216"
    "memorysetup-job-temp-allocator-block-size=2097152"
    "memorysetup-job-temp-allocator-block-size-background=1048576"
    "memorysetup-job-temp-allocator-reduction-small-platforms=262144"
    "memorysetup-temp-allocator-size-gi-baking-worker=262144"
    "memorysetup-temp-allocator-size-gi-baking-worker=262144"
    "memorysetup-temp-allocator-size-gi-baking-worker=262144"
    "memorysetup-temp-allocator-size-gi-baking-worker=262144"
    "memorysetup-temp-allocator-size-gi-baking-worker=262144"
    "memorysetup-temp-allocator-size-gfx=262144"
Player connection [8272978304]  Target information:

Player connection [8272978304]  * "[IP] 192.168.1.108 [Port] 55504 [Flags] 2 [Guid] 1077104572 [EditorId] 1077104572 [Version] 1048832 [Id] OSXEditor(0,Zolas-MacBook-Air.local) [Debug] 1 [PackageName] OSXEditor [ProjectName] Editor" 

Player connection [8272978304] Host joined multi-casting on [225.0.0.222:54997]...
Player connection [8272978304] Host joined alternative multi-casting on [225.0.0.222:34997]...
Input System module state changed to: Initialized.
[Physics::Module] Initialized fallback backend.
[Physics::Module] Id: 0xdecafbad
[Licensing::IpcConnector] Successfully connected to: "LicenseClient-mziwamadoda" at "2026-09-09T14:38:19.075258Z"
[Package Manager] Connected to IPC stream "Upm-30648" after 0.2 seconds.
[Licensing::Module] Licensing is not yet initialized.
[Licensing::Client] Handshaking with LicensingClient:
  Version:                 1.18.1+9fbee8e
  Session Id:              9ea1c22559d44eb185bf062d84f4eed5
  Correlation Id:          2b279678dc74e3aa4c84402256f4726a
  External correlation Id: 2737005295035774513
  Machine Id:              UEiIifZ0NVpQOyONubALCs688Qc=
[Licensing::Module] Successfully connected to LicensingClient on channel: "LicenseClient-mziwamadoda" (connect: 0.17s, validation: 0.02s, handshake: 0.26s)
[Licensing::IpcConnector] Successfully connected to: "LicenseClient-mziwamadoda-notifications" at "2026-09-09T14:38:19.351861Z"
[Licensing::Module] Connected to LicensingClient (PId: 30656, launch time: 0.00, total connection time: 0.44s)
[Licensing::Module] Error: Access token is unavailable; failed to update
[Licensing::Client] Successfully resolved entitlement details
[Licensing::Module] License group:
  Id: F4-AZ6T-383H-7KTU-RM2U-XXXX
  Product: Unity Personal
  Type: ULF
  Expiration: Unlimited
[Licensing::Module] License group:
  Id: 11270701585829-UnityPersXXXX
  Product: Unity Personal
  Type: Assigned
  Expiration: Unlimited
[Licensing::Client] Successfully updated license, isAsync: True, time: 0.00
[Licensing::Client] Successfully resolved entitlement details
[Licensing::Module] License group:
  Id: F4-AZ6T-383H-7KTU-RM2U-XXXX
  Product: Unity Personal
  Type: ULF
  Expiration: Unlimited
[Licensing::Module] License group:
  Id: 11270701585829-UnityPersXXXX
  Product: Unity Personal
  Type: Assigned
  Expiration: Unlimited
[Licensing::Module] Licensing Background thread has ended after 0.46s
[Licensing::Module] Licensing is initialized (took 0.18s).
[Licensing::Client] Successfully resolved entitlement details
[Licensing::Module] License group:
  Id: F4-AZ6T-383H-7KTU-RM2U-XXXX
  Product: Unity Personal
  Type: ULF
  Expiration: Unlimited
[Licensing::Module] License group:
  Id: 11270701585829-UnityPersXXXX
  Product: Unity Personal
  Type: Assigned
  Expiration: Unlimited
Library Redirect Path: Library/
[Physics::Module] Selected backend.
[Physics::Module] Name: PhysX
[Physics::Module] Id: 0xf2b8ea05
[Physics::Module] SDK Version: 4.1.2
[Physics::Module] Integration Version: 1.0.0
[Physics::Module] Threading Mode: Multi-Threaded
[Licensing::Client] Successfully resolved entitlement details
[Licensing::Module] License group:
  Id: F4-AZ6T-383H-7KTU-RM2U-XXXX
  Product: Unity Personal
  Type: ULF
  Expiration: Unlimited
[Licensing::Module] License group:
  Id: 11270701585829-UnityPersXXXX
  Product: Unity Personal
  Type: Assigned
  Expiration: Unlimited
Targeting platform: Android
Refreshing native plugins compatible for Editor in 0.11 ms, found 0 plugins.
Preloading 0 native plugins for Editor in 0.00 ms.
Initialize engine version: 6000.3.22f1 (1c726e1fb402)
[Subsystems] Discovering subsystems at path /Applications/Unity/Hub/Editor/6000.3.22f1/Unity.app/Contents/Resources/UnitySubsystems
[Subsystems] Discovering subsystems at path /Users/mziwamadoda/Projects/Binteca/Interactive/milzetvrstudio/Unity/Assets
GfxDevice: creating device client; kGfxThreadingModeNonThreaded
 preferred device: Apple M3 (high power)
Metal devices available: 1
0: Apple M3 (high power)
Using device Apple M3 (high power)
Initializing Metal device caps: Apple M3
Mac GPU Family: 2
Apple GPU Family: 9
MSL Version: 3.0
Has Float MSAA: 1
Has Float Filtering: 1
ReadWrite Texture Tier: 2
Shader 'Meta/MRUK/Scene/HighlightsAndShadows': fallback shader 'Off' not found
Shader 'Oculus/OVRMRCameraFrameLit': fallback shader 'Alpha-Diffuse' not found
Initialize mono
Mono path[0] = '/Applications/Unity/Hub/Editor/6000.3.22f1/Unity.app/Contents/Resources/Scripting/Managed'
Mono path[1] = '/Applications/Unity/Hub/Editor/6000.3.22f1/Unity.app/Contents/Resources/Scripting/MonoBleedingEdge/lib/mono/unityjit-macos'
Mono config path = '/Applications/Unity/Hub/Editor/6000.3.22f1/Unity.app/Contents/Resources/Scripting/MonoBleedingEdge/etc'
Using monoOptions --debugger-agent=transport=dt_socket,embedding=1,server=y,suspend=n,address=127.0.0.1:56648
Using cacheserver namespaces - metadata:defaultmetadata, artifacts:defaultartifacts
Using cacheserver namespaces - metadata:defaultmetadata, artifacts:defaultartifacts
ImportWorker Server TCP listen port: 0
AcceleratorClientConnectionCallback - disconnected - :0
Begin MonoManager ReloadAssembly
Registering precompiled unity dll's ...
Register platform support module: /Applications/Unity/Hub/Editor/6000.3.22f1/Unity.app/Contents/PlaybackEngines/MacStandaloneSupport/UnityEditor.OSXStandalone.Extensions.dll
Register platform support module: /Applications/Unity/Hub/Editor/6000.3.22f1/PlaybackEngines/WindowsStandaloneSupport/UnityEditor.WindowsStandalone.Extensions.dll
Register platform support module: /Applications/Unity/Hub/Editor/6000.3.22f1/PlaybackEngines/AndroidPlayer/UnityEditor.Android.Extensions.dll
Registered in 0.001744 seconds.
- Loaded All Assemblies, in  0.260 seconds
Native extension for Android target not found
Native extension for WindowsStandalone target not found
Native extension for OSXStandalone target not found
Package Manager log level set to [2]
ScheduleIndexationOnStartup MainProcess:False IndexOnStartup:True
Mono: successfully reloaded assembly
- Finished resetting the current domain, in  0.228 seconds
Domain Reload Profiling: 487ms
	BeginReloadAssembly (92ms)
		ExecutionOrderSort (0ms)
		DisableScriptedObjects (0ms)
		BackupInstance (0ms)
		ReleaseScriptingObjects (0ms)
		CreateAndSetChildDomain (1ms)
	RebuildCommonClasses (22ms)
	RebuildNativeTypeToScriptingClass (9ms)
	initialDomainReloadingComplete (25ms)
	LoadAllAssembliesAndSetupDomain (111ms)
		LoadAssemblies (92ms)
		RebuildTransferFunctionScriptingTraits (0ms)
		AnalyzeDomain (108ms)
			TypeCache.Refresh (107ms)
				TypeCache.ScanAssembly (99ms)
			BuildScriptInfoCaches (0ms)
			ResolveRequiredComponents (0ms)
	FinalizeReload (228ms)
		ReleaseScriptCaches (0ms)
		RebuildScriptCaches (0ms)
		SetupLoadedEditorAssemblies (203ms)
			LogAssemblyErrors (0ms)
			InitializePlatformSupportModulesInManaged (31ms)
			SetLoadedEditorAssemblies (2ms)
			BeforeProcessingInitializeOnLoad (44ms)
			ProcessInitializeOnLoadAttributes (74ms)
			ProcessInitializeOnLoadMethodAttributes (52ms)
			AfterProcessingInitializeOnLoad (0ms)
			EditorAssembliesLoaded (0ms)
		ExecutionOrderSort2 (0ms)
		AwakeInstancesAfterBackupRestoration (0ms)
[Licensing::Client] Successfully resolved entitlement details
[Licensing::Module] License group:
  Id: F4-AZ6T-383H-7KTU-RM2U-XXXX
  Product: Unity Personal
  Type: ULF
  Expiration: Unlimited
[Licensing::Module] License group:
  Id: 11270701585829-UnityPersXXXX
  Product: Unity Personal
  Type: Assigned
  Expiration: Unlimited
[Licensing::Client] Successfully resolved entitlement details
[Licensing::Module] License group:
  Id: F4-AZ6T-383H-7KTU-RM2U-XXXX
  Product: Unity Personal
  Type: ULF
  Expiration: Unlimited
[Licensing::Module] License group:
  Id: 11270701585829-UnityPersXXXX
  Product: Unity Personal
  Type: Assigned
  Expiration: Unlimited
Application.AssetDatabase Initial Refresh Start
[Package Manager] Restoring resolved packages state from cache
[Licensing::Client] Successfully resolved entitlement details
[Package Manager] Registered 47 packages:
  Packages from [https://packages.unity.com]:
    com.unity.cloud.gltfast@6.20.0 (location: /Users/mziwamadoda/Projects/Binteca/Interactive/milzetvrstudio/Unity/Library/PackageCache/com.unity.cloud.gltfast@11ddc2436f97)
    com.unity.xr.openxr@1.15.1 (location: /Users/mziwamadoda/Projects/Binteca/Interactive/milzetvrstudio/Unity/Library/PackageCache/com.unity.xr.openxr@05fb1a7d75d1)
    com.meta.xr.sdk.core@85.0.0 (location: /Users/mziwamadoda/Projects/Binteca/Interactive/milzetvrstudio/Unity/Library/PackageCache/com.meta.xr.sdk.core@f8b4cfb2789f)
    com.meta.xr.mrutilitykit@85.0.0 (location: /Users/mziwamadoda/Projects/Binteca/Interactive/milzetvrstudio/Unity/Library/PackageCache/com.meta.xr.mrutilitykit@6d21b459f6d3)
    com.unity.timeline@1.8.12 (location: /Users/mziwamadoda/Projects/Binteca/Interactive/milzetvrstudio/Unity/Library/PackageCache/com.unity.timeline@8cd8509afae5)
    com.unity.ai.navigation@2.0.14 (location: /Users/mziwamadoda/Projects/Binteca/Interactive/milzetvrstudio/Unity/Library/PackageCache/com.unity.ai.navigation@134dd6a3b97b)
    com.unity.nuget.newtonsoft-json@3.2.2 (location: /Users/mziwamadoda/Projects/Binteca/Interactive/milzetvrstudio/Unity/Library/PackageCache/com.unity.nuget.newtonsoft-json@4dfd81071c64)
    com.unity.inputsystem@1.20.0 (location: /Users/mziwamadoda/Projects/Binteca/Interactive/milzetvrstudio/Unity/Library/PackageCache/com.unity.inputsystem@7a4e1a2a8194)
    com.unity.xr.core-utils@2.6.0 (location: /Users/mziwamadoda/Projects/Binteca/Interactive/milzetvrstudio/Unity/Library/PackageCache/com.unity.xr.core-utils@a8b900321199)
    com.unity.xr.management@4.5.4 (location: /Users/mziwamadoda/Projects/Binteca/Interactive/milzetvrstudio/Unity/Library/PackageCache/com.unity.xr.management@e3a3882b360a)
    com.unity.xr.legacyinputhelpers@2.1.13 (location: /Users/mziwamadoda/Projects/Binteca/Interactive/milzetvrstudio/Unity/Library/PackageCache/com.unity.xr.legacyinputhelpers@9535ff2c27ac)
    com.unity.burst@1.8.30 (location: /Users/mziwamadoda/Projects/Binteca/Interactive/milzetvrstudio/Unity/Library/PackageCache/com.unity.burst@2f3d916873ea)
    com.unity.collections@2.6.8 (location: /Users/mziwamadoda/Projects/Binteca/Interactive/milzetvrstudio/Unity/Library/PackageCache/com.unity.collections@84e8eb3fc12e)
    com.unity.mathematics@1.3.3 (location: /Users/mziwamadoda/Projects/Binteca/Interactive/milzetvrstudio/Unity/Library/PackageCache/com.unity.mathematics@19a9377c4ffa)
    com.unity.nuget.mono-cecil@1.11.6 (location: /Users/mziwamadoda/Projects/Binteca/Interactive/milzetvrstudio/Unity/Library/PackageCache/com.unity.nuget.mono-cecil@ecb9724e46ff)
    com.unity.test-framework.performance@3.5.0 (location: /Users/mziwamadoda/Projects/Binteca/Interactive/milzetvrstudio/Unity/Library/PackageCache/com.unity.test-framework.performance@8b56083ec0f0)
  Built-in packages:
    com.unity.modules.audio@1.0.0 (location: /Users/mziwamadoda/Projects/Binteca/Interactive/milzetvrstudio/Unity/Library/PackageCache/com.unity.modules.audio)
    com.unity.modules.imgui@1.0.0 (location: /Users/mziwamadoda/Projects/Binteca/Interactive/milzetvrstudio/Unity/Library/PackageCache/com.unity.modules.imgui)
    com.unity.modules.imageconversion@1.0.0 (location: /Users/mziwamadoda/Projects/Binteca/Interactive/milzetvrstudio/Unity/Library/PackageCache/com.unity.modules.imageconversion)
    com.unity.modules.physics@1.0.0 (location: /Users/mziwamadoda/Projects/Binteca/Interactive/milzetvrstudio/Unity/Library/PackageCache/com.unity.modules.physics)
    com.unity.modules.jsonserialize@1.0.0 (location: /Users/mziwamadoda/Projects/Binteca/Interactive/milzetvrstudio/Unity/Library/PackageCache/com.unity.modules.jsonserialize)
    com.unity.modules.video@1.0.0 (location: /Users/mziwamadoda/Projects/Binteca/Interactive/milzetvrstudio/Unity/Library/PackageCache/com.unity.modules.video)
    com.unity.ugui@2.0.0 (location: /Users/mziwamadoda/Projects/Binteca/Interactive/milzetvrstudio/Unity/Library/PackageCache/com.unity.ugui@20629863fcab)
    com.unity.modules.androidjni@1.0.0 (location: /Users/mziwamadoda/Projects/Binteca/Interactive/milzetvrstudio/Unity/Library/PackageCache/com.unity.modules.androidjni)
    com.unity.modules.assetbundle@1.0.0 (location: /Users/mziwamadoda/Projects/Binteca/Interactive/milzetvrstudio/Unity/Library/PackageCache/com.unity.modules.assetbundle)
    com.unity.modules.particlesystem@1.0.0 (location: /Users/mziwamadoda/Projects/Binteca/Interactive/milzetvrstudio/Unity/Library/PackageCache/com.unity.modules.particlesystem)
    com.unity.modules.physics2d@1.0.0 (location: /Users/mziwamadoda/Projects/Binteca/Interactive/milzetvrstudio/Unity/Library/PackageCache/com.unity.modules.physics2d)
    com.unity.modules.unitywebrequestaudio@1.0.0 (location: /Users/mziwamadoda/Projects/Binteca/Interactive/milzetvrstudio/Unity/Library/PackageCache/com.unity.modules.unitywebrequestaudio)
    com.unity.modules.unitywebrequestassetbundle@1.0.0 (location: /Users/mziwamadoda/Projects/Binteca/Interactive/milzetvrstudio/Unity/Library/PackageCache/com.unity.modules.unitywebrequestassetbundle)
    com.unity.modules.unitywebrequesttexture@1.0.0 (location: /Users/mziwamadoda/Projects/Binteca/Interactive/milzetvrstudio/Unity/Library/PackageCache/com.unity.modules.unitywebrequesttexture)
    com.unity.modules.unitywebrequestwww@1.0.0 (location: /Users/mziwamadoda/Projects/Binteca/Interactive/milzetvrstudio/Unity/Library/PackageCache/com.unity.modules.unitywebrequestwww)
    com.unity.modules.terrain@1.0.0 (location: /Users/mziwamadoda/Projects/Binteca/Interactive/milzetvrstudio/Unity/Library/PackageCache/com.unity.modules.terrain)
    com.unity.modules.terrainphysics@1.0.0 (location: /Users/mziwamadoda/Projects/Binteca/Interactive/milzetvrstudio/Unity/Library/PackageCache/com.unity.modules.terrainphysics)
    com.unity.modules.cloth@1.0.0 (location: /Users/mziwamadoda/Projects/Binteca/Interactive/milzetvrstudio/Unity/Library/PackageCache/com.unity.modules.cloth)
    com.unity.modules.unitywebrequest@1.0.0 (location: /Users/mziwamadoda/Projects/Binteca/Interactive/milzetvrstudio/Unity/Library/PackageCache/com.unity.modules.unitywebrequest)
    com.unity.modules.ai@1.0.0 (location: /Users/mziwamadoda/Projects/Binteca/Interactive/milzetvrstudio/Unity/Library/PackageCache/com.unity.modules.ai)
    com.unity.modules.director@1.0.0 (location: /Users/mziwamadoda/Projects/Binteca/Interactive/milzetvrstudio/Unity/Library/PackageCache/com.unity.modules.director)
    com.unity.modules.animation@1.0.0 (location: /Users/mziwamadoda/Projects/Binteca/Interactive/milzetvrstudio/Unity/Library/PackageCache/com.unity.modules.animation)
    com.unity.textmeshpro@5.0.0 (location: /Users/mziwamadoda/Projects/Binteca/Interactive/milzetvrstudio/Unity/Library/PackageCache/com.unity.textmeshpro@53f43edfd2e0)
    com.unity.modules.ui@1.0.0 (location: /Users/mziwamadoda/Projects/Binteca/Interactive/milzetvrstudio/Unity/Library/PackageCache/com.unity.modules.ui)
    com.unity.modules.vr@1.0.0 (location: /Users/mziwamadoda/Projects/Binteca/Interactive/milzetvrstudio/Unity/Library/PackageCache/com.unity.modules.vr)
    com.unity.modules.xr@1.0.0 (location: /Users/mziwamadoda/Projects/Binteca/Interactive/milzetvrstudio/Unity/Library/PackageCache/com.unity.modules.xr)
    com.unity.modules.subsystems@1.0.0 (location: /Users/mziwamadoda/Projects/Binteca/Interactive/milzetvrstudio/Unity/Library/PackageCache/com.unity.modules.subsystems)
    com.unity.modules.uielements@1.0.0 (location: /Users/mziwamadoda/Projects/Binteca/Interactive/milzetvrstudio/Unity/Library/PackageCache/com.unity.modules.uielements)
    com.unity.test-framework@1.6.0 (location: /Users/mziwamadoda/Projects/Binteca/Interactive/milzetvrstudio/Unity/Library/PackageCache/com.unity.test-framework@bd7f943e9647)
    com.unity.modules.hierarchycore@1.0.0 (location: /Users/mziwamadoda/Projects/Binteca/Interactive/milzetvrstudio/Unity/Library/PackageCache/com.unity.modules.hierarchycore)
    com.unity.ext.nunit@2.0.5 (location: /Users/mziwamadoda/Projects/Binteca/Interactive/milzetvrstudio/Unity/Library/PackageCache/com.unity.ext.nunit@d8c07649098d)
[Subsystems] Looking for new subsystems at path /Users/mziwamadoda/Projects/Binteca/Interactive/milzetvrstudio/Unity/Library/PackageCache/com.unity.xr.openxr@05fb1a7d75d1
[Subsystems] Novel subsystem found at Library/PackageCache/com.unity.xr.openxr@05fb1a7d75d1/Runtime/UnitySubsystemsManifest.json
[Subsystems] Discovering subsystems at path /Applications/Unity/Hub/Editor/6000.3.22f1/Unity.app/Contents/Resources/UnitySubsystems
[Subsystems] Discovering subsystems at path /Users/mziwamadoda/Projects/Binteca/Interactive/milzetvrstudio/Unity/Assets
[Subsystems] Discovering subsystems at path /Users/mziwamadoda/Projects/Binteca/Interactive/milzetvrstudio/Unity/Library/PackageCache/com.unity.xr.openxr@05fb1a7d75d1
[Subsystems] No descriptors matched for  examples in Library/PackageCache/com.unity.xr.openxr@05fb1a7d75d1/Runtime/UnitySubsystemsManifest.json.
[Subsystems] 1 'inputs' descriptors matched in Library/PackageCache/com.unity.xr.openxr@05fb1a7d75d1/Runtime/UnitySubsystemsManifest.json
[Subsystems] 1 'displays' descriptors matched in Library/PackageCache/com.unity.xr.openxr@05fb1a7d75d1/Runtime/UnitySubsystemsManifest.json
[Subsystems] No descriptors matched for  meshings in Library/PackageCache/com.unity.xr.openxr@05fb1a7d75d1/Runtime/UnitySubsystemsManifest.json.
[Package Manager] Done registering packages in 0.01 seconds
[ScriptCompilation] Requested script compilation because: InitialRefresh: Force Refresh Recompile flag enabled
[40m[32minfo[39m[22m[49m: Microsoft.Hosting.Lifetime[14]
      Now listening on: http://unix:/tmp/ilpp.sock-8b6b067d4af5f5ec7857bbae4a54e28d
[40m[32minfo[39m[22m[49m: Microsoft.Hosting.Lifetime[0]
      Application started. Press Ctrl+C to shut down.
[40m[32minfo[39m[22m[49m: Microsoft.Hosting.Lifetime[0]
      Hosting environment: Production
[40m[32minfo[39m[22m[49m: Microsoft.Hosting.Lifetime[0]
      Content root path: /Users/mziwamadoda/Projects/Binteca/Interactive/milzetvrstudio/Unity/
[40m[32minfo[39m[22m[49m: Microsoft.AspNetCore.Hosting.Diagnostics[1]
      Request starting HTTP/2 POST http://ilpp/UnityILPP.PostProcessing/Ping application/grpc -
[40m[32minfo[39m[22m[49m: Microsoft.AspNetCore.Routing.EndpointMiddleware[0]
      Executing endpoint 'gRPC - /UnityILPP.PostProcessing/Ping'
[40m[32minfo[39m[22m[49m: Microsoft.AspNetCore.Routing.EndpointMiddleware[1]
      Executed endpoint 'gRPC - /UnityILPP.PostProcessing/Ping'
[40m[32minfo[39m[22m[49m: Microsoft.AspNetCore.Hosting.Diagnostics[2]
      Request finished HTTP/2 POST http://ilpp/UnityILPP.PostProcessing/Ping application/grpc - - 200 - application/grpc 25.7679ms
Starting: /Applications/Unity/Hub/Editor/6000.3.22f1/Unity.app/Contents/Resources/BuildPipeline/bee_backend --ipc --defer-dag-verification --dagfile="Library/Bee/1300b0aE.dag" --continue-on-failure --profile="Library/Bee/backend1.traceevents" ScriptAssemblies
WorkingDir: /Users/mziwamadoda/Projects/Binteca/Interactive/milzetvrstudio/Unity
DisplayProgressbar: Compiling Scripts
[40m[32minfo[39m[22m[49m: Microsoft.AspNetCore.Hosting.Diagnostics[1]
      Request starting HTTP/2 POST http://ilpp/UnityILPP.PostProcessing/ConfigurePostProcessors application/grpc -
[40m[32minfo[39m[22m[49m: Microsoft.AspNetCore.Routing.EndpointMiddleware[0]
      Executing endpoint 'gRPC - /UnityILPP.PostProcessing/ConfigurePostProcessors'
[40m[1m[33mwarn[39m[22m[49m: Unity.ILPP.Runner.PostProcessingAssemblyLoadContext[0]
      Assembly system.runtime.interopservices.windowsruntime has duplicate hint path. Ignoring "/Applications/Unity/Hub/Editor/6000.3.22f1/Unity.app/Contents/Resources/Scripting/UnityReferenceAssemblies/unity-4.8-api/Facades/System.Runtime.InteropServices.WindowsRuntime.dll" in favor of "/Applications/Unity/Hub/Editor/6000.3.22f1/Unity.app/Contents/Resources/Scripting/NetStandard/Extensions/2.0.0/System.Runtime.InteropServices.WindowsRuntime.dll"
[40m[1m[33mwarn[39m[22m[49m: Unity.ILPP.Runner.PostProcessingAssemblyLoadContext[0]
      Assembly system.componentmodel.composition has duplicate hint path. Ignoring "/Applications/Unity/Hub/Editor/6000.3.22f1/Unity.app/Contents/Resources/Scripting/UnityReferenceAssemblies/unity-4.8-api/System.ComponentModel.Composition.dll" in favor of "/Applications/Unity/Hub/Editor/6000.3.22f1/Unity.app/Contents/Resources/Scripting/NetStandard/compat/2.1.0/shims/netfx/System.ComponentModel.Composition.dll"
[40m[32minfo[39m[22m[49m: Unity.ILPP.Runner.PostProcessingAssemblyLoadContext[0]
      Resolved Unity.Burst.Cecil, Version=0.11.6.0, Culture=neutral, PublicKeyToken=50cebf1cceb9d05e with Library/PackageCache/com.unity.burst@2f3d916873ea/Unity.Burst.CodeGen/Unity.Burst.Cecil.dll
[40m[32minfo[39m[22m[49m: Unity.ILPP.Runner.PostProcessingAssemblyLoadContext[0]
      Resolved Mono.Cecil, Version=0.11.5.0, Culture=neutral, PublicKeyToken=50cebf1cceb9d05e with Library/PackageCache/com.unity.nuget.mono-cecil@ecb9724e46ff/Mono.Cecil.dll
[40m[32minfo[39m[22m[49m: Microsoft.AspNetCore.Routing.EndpointMiddleware[1]
      Executed endpoint 'gRPC - /UnityILPP.PostProcessing/ConfigurePostProcessors'
[40m[32minfo[39m[22m[49m: Microsoft.AspNetCore.Hosting.Diagnostics[2]
      Request finished HTTP/2 POST http://ilpp/UnityILPP.PostProcessing/ConfigurePostProcessors application/grpc - - 200 - application/grpc 18.9451ms
[40m[32minfo[39m[22m[49m: Microsoft.AspNetCore.Hosting.Diagnostics[1]
      Request starting HTTP/2 POST http://ilpp/UnityILPP.PostProcessing/PostProcessAssembly application/grpc -
[40m[32minfo[39m[22m[49m: Microsoft.AspNetCore.Routing.EndpointMiddleware[0]
      Executing endpoint 'gRPC - /UnityILPP.PostProcessing/PostProcessAssembly'
[40m[32minfo[39m[22m[49m: Unity.ILPP.Runner.PostProcessingPipeline[0]
      Processing assembly Library/Bee/artifacts/1300b0aE.dag/Assembly-CSharp.dll, with 150 defines and 329 references
[40m[32minfo[39m[22m[49m: Unity.ILPP.Runner.PostProcessingPipeline[0]
      processors: Unity.Jobs.CodeGen.JobsILPostProcessor, zzzUnity.Burst.CodeGen.BurstILPostProcessor
[40m[32minfo[39m[22m[49m: Unity.ILPP.Runner.PostProcessingPipeline[0]
      running Unity.Jobs.CodeGen.JobsILPostProcessor
[40m[32minfo[39m[22m[49m: Unity.ILPP.Runner.PostProcessingAssemblyLoadContext[0]
      Resolved Unity.Collections, Version=0.0.0.0, Culture=neutral, PublicKeyToken=null with Library/Bee/artifacts/1300b0aE.dag/Unity.Collections.dll
[40m[32minfo[39m[22m[49m: Unity.ILPP.Runner.PostProcessingAssemblyLoadContext[0]
      Resolved UnityEditor.CoreModule, Version=0.0.0.0, Culture=neutral, PublicKeyToken=null with /Applications/Unity/Hub/Editor/6000.3.22f1/Unity.app/Contents/Resources/Scripting/Managed/UnityEngine/UnityEditor.CoreModule.dll
[40m[32minfo[39m[22m[49m: Unity.ILPP.Runner.PostProcessingAssemblyLoadContext[0]
      Resolved UnityEngine.CoreModule, Version=0.0.0.0, Culture=neutral, PublicKeyToken=null with /Applications/Unity/Hub/Editor/6000.3.22f1/Unity.app/Contents/Resources/Scripting/Managed/UnityEngine/UnityEngine.CoreModule.dll
[40m[32minfo[39m[22m[49m: Unity.ILPP.Runner.PostProcessingPipeline[0]
      running zzzUnity.Burst.CodeGen.BurstILPostProcessor
[40m[32minfo[39m[22m[49m: Unity.ILPP.Runner.PostProcessingAssemblyLoadContext[0]
      Resolved Unity.Burst.Cecil.Rocks, Version=0.11.6.0, Culture=neutral, PublicKeyToken=50cebf1cceb9d05e with Library/PackageCache/com.unity.burst@2f3d916873ea/Unity.Burst.CodeGen/Unity.Burst.Cecil.Rocks.dll
[40m[32minfo[39m[22m[49m: Microsoft.AspNetCore.Routing.EndpointMiddleware[1]
      Executed endpoint 'gRPC - /UnityILPP.PostProcessing/PostProcessAssembly'
[40m[32minfo[39m[22m[49m: Microsoft.AspNetCore.Hosting.Diagnostics[2]
      Request finished HTTP/2 POST http://ilpp/UnityILPP.PostProcessing/PostProcessAssembly application/grpc - - 200 - application/grpc 278.1120ms
[40m[32minfo[39m[22m[49m: Microsoft.AspNetCore.Hosting.Diagnostics[1]
      Request starting HTTP/2 POST http://ilpp/UnityILPP.PostProcessing/PostProcessAssembly application/grpc -
[40m[32minfo[39m[22m[49m: Microsoft.AspNetCore.Routing.EndpointMiddleware[0]
      Executing endpoint 'gRPC - /UnityILPP.PostProcessing/PostProcessAssembly'
[40m[32minfo[39m[22m[49m: Unity.ILPP.Runner.PostProcessingPipeline[0]
      Processing assembly Library/Bee/artifacts/1300b0aE.dag/Assembly-CSharp-Editor.dll, with 148 defines and 355 references
[40m[32minfo[39m[22m[49m: Unity.ILPP.Runner.PostProcessingPipeline[0]
      processors: Unity.Jobs.CodeGen.JobsILPostProcessor, zzzUnity.Burst.CodeGen.BurstILPostProcessor
[40m[32minfo[39m[22m[49m: Unity.ILPP.Runner.PostProcessingPipeline[0]
      running Unity.Jobs.CodeGen.JobsILPostProcessor
[40m[32minfo[39m[22m[49m: Unity.ILPP.Runner.PostProcessingPipeline[0]
      running zzzUnity.Burst.CodeGen.BurstILPostProcessor
[40m[32minfo[39m[22m[49m: Microsoft.AspNetCore.Routing.EndpointMiddleware[1]
      Executed endpoint 'gRPC - /UnityILPP.PostProcessing/PostProcessAssembly'
[40m[32minfo[39m[22m[49m: Microsoft.AspNetCore.Hosting.Diagnostics[2]
      Request finished HTTP/2 POST http://ilpp/UnityILPP.PostProcessing/PostProcessAssembly application/grpc - - 200 - application/grpc 45.1156ms
ExitCode: 0 Duration: 2s175ms
[ 716/1044  0s] CopyFiles Library/ScriptAssemblies/UnityEngine.TestRunner.dll
[ 717/1044  0s] CopyFiles Library/ScriptAssemblies/Unity.Collections.CodeGen.pdb
[ 718/1044  0s] CopyFiles Library/ScriptAssemblies/Unity.Collections.CodeGen.dll
[ 721/1044  0s] CopyFiles Library/ScriptAssemblies/Unity.Burst.CodeGen.dll
[ 723/1044  0s] CopyFiles Library/ScriptAssemblies/Unity.Burst.CodeGen.pdb
[ 725/1044  0s] CopyFiles Library/ScriptAssemblies/UnityEditor.TestRunner.pdb
[ 726/1044  0s] CopyFiles Library/ScriptAssemblies/UnityEngine.TestRunner.pdb
[ 727/1044  0s] CopyFiles Library/ScriptAssemblies/UnityEditor.TestRunner.dll
[ 768/1044  0s] ILPP-Configuration Library/ilpp-configuration.nevergeneratedoutput
[ 852/1044  0s] CopyFiles Library/ScriptAssemblies/Meta.XR.EnvironmentDepth.dll
[ 853/1044  0s] CopyFiles Library/ScriptAssemblies/Unity.AI.Navigation.dll
[ 854/1044  0s] CopyFiles Library/ScriptAssemblies/Meta.XR.BuildingBlocks.AIBlocks.dll
[ 855/1044  0s] CopyFiles Library/ScriptAssemblies/Unity.Timeline.dll
[ 857/1044  0s] CopyFiles Library/ScriptAssemblies/Unity.PerformanceTesting.dll
[ 858/1044  0s] CopyFiles Library/ScriptAssemblies/Unity.XR.OpenXR.Features.OculusQuestSupport.dll
[ 859/1044  0s] CopyFiles Library/ScriptAssemblies/Unity.XR.OpenXR.Features.ConformanceAutomation.dll
[ 860/1044  0s] CopyFiles Library/ScriptAssemblies/UnityEngine.XR.LegacyInputHelpers.dll
[ 861/1044  0s] CopyFiles Library/ScriptAssemblies/Unity.InputSystem.ForUI.dll
[ 862/1044  0s] CopyFiles Library/ScriptAssemblies/Meta.XR.ImmersiveDebugger.dll
[ 863/1044  0s] CopyFiles Library/ScriptAssemblies/Oculus.VR.dll
[ 864/1044  0s] CopyFiles Library/ScriptAssemblies/Unity.InputSystem.TestFramework.dll
[ 866/1044  0s] CopyFiles Library/ScriptAssemblies/meta.xr.mrutilitykit.dll
[ 867/1044  0s] CopyFiles Library/ScriptAssemblies/glTFast.dll
[ 868/1044  0s] CopyFiles Library/ScriptAssemblies/Unity.XR.Management.dll
[ 869/1044  0s] CopyFiles Library/ScriptAssemblies/glTFast.Export.dll
[ 870/1044  0s] CopyFiles Library/ScriptAssemblies/Meta.XR.MultiplayerBlocks.Shared.dll
[ 871/1044  0s] CopyFiles Library/ScriptAssemblies/UnityEngine.UI.dll
[ 872/1044  0s] CopyFiles Library/ScriptAssemblies/Meta.XR.BuildingBlocks.dll
[ 873/1044  0s] CopyFiles Library/ScriptAssemblies/Meta.XR.BuildingBlocks.DepthAPI.dll
[ 874/1044  0s] CopyFiles Library/ScriptAssemblies/UnityEngine.SpatialTracking.dll
[ 875/1044  0s] CopyFiles Library/ScriptAssemblies/Unity.InternalAPIEngineBridge.004.dll
[ 876/1044  0s] CopyFiles Library/ScriptAssemblies/Meta.XR.ImmersiveDebugger.Interface.dll
[ 877/1044  0s] CopyFiles Library/ScriptAssemblies/Unity.Burst.dll
[ 878/1044  0s] CopyFiles Library/ScriptAssemblies/Unity.Mathematics.dll
[ 879/1044  0s] CopyFiles Library/ScriptAssemblies/glTFast.dots.dll
[ 880/1044  0s] CopyFiles Library/ScriptAssemblies/Unity.XR.CoreUtils.dll
[ 881/1044  0s] CopyFiles Library/ScriptAssemblies/Unity.TextMeshPro.dll
[ 882/1044  0s] CopyFiles Library/ScriptAssemblies/Unity.InputSystem.dll
[ 883/1044  0s] CopyFiles Library/ScriptAssemblies/Unity.Collections.dll
[ 885/1044  0s] CopyFiles Library/ScriptAssemblies/glTFast.Documentation.Examples.dll
[ 886/1044  0s] CopyFiles Library/ScriptAssemblies/Unity.XR.OpenXR.dll
[ 887/1044  0s] CopyFiles Library/ScriptAssemblies/Unity.XR.OpenXR.Features.RuntimeDebugger.dll
[ 888/1044  0s] CopyFiles Library/ScriptAssemblies/Unity.XR.OpenXR.Features.MockRuntime.dll
[ 889/1044  0s] CopyFiles Library/ScriptAssemblies/glTFast.Newtonsoft.dll
[ 890/1044  0s] CopyFiles Library/ScriptAssemblies/Unity.XR.OpenXR.Features.MetaQuestSupport.dll
[ 891/1044  0s] CopyFiles Library/ScriptAssemblies/Meta.XR.Editor.Id.dll
[ 892/1044  0s] CopyFiles Library/ScriptAssemblies/Meta.XR.Editor.Id.pdb
[ 893/1044  0s] CopyFiles Library/ScriptAssemblies/UnityEditor.SpatialTracking.pdb
[ 894/1044  0s] CopyFiles Library/ScriptAssemblies/UnityEditor.SpatialTracking.dll
[ 895/1044  0s] CopyFiles Library/ScriptAssemblies/Meta.XR.Guides.Editor.pdb
[ 899/1044  0s] CopyFiles Library/ScriptAssemblies/Meta.XR.Editor.Notifications.dll
[ 900/1044  0s] CopyFiles Library/ScriptAssemblies/Meta.XR.Editor.Notifications.pdb
[ 901/1044  0s] CopyFiles Library/ScriptAssemblies/Meta.XR.Guides.Editor.dll
[ 902/1044  0s] CopyFiles Library/ScriptAssemblies/UnityEditor.UI.Analytics.dll
[ 903/1044  0s] CopyFiles Library/ScriptAssemblies/Meta.XR.Editor.EditorCoroutine.pdb
[ 904/1044  0s] CopyFiles Library/ScriptAssemblies/Meta.XR.Editor.Tags.dll
[ 905/1044  0s] CopyFiles Library/ScriptAssemblies/Meta.XR.Editor.Tags.pdb
[ 906/1044  0s] CopyFiles Library/ScriptAssemblies/Meta.XR.Editor.EditorCoroutine.dll
[ 907/1044  0s] CopyFiles Library/ScriptAssemblies/Unity.Burst.Editor.pdb
[ 908/1044  0s] CopyFiles Library/ScriptAssemblies/UnityEditor.XR.LegacyInputHelpers.pdb
[ 909/1044  0s] CopyFiles Library/ScriptAssemblies/UnityEditor.XR.LegacyInputHelpers.dll
[ 910/1044  0s] CopyFiles Library/ScriptAssemblies/UnityEditor.UI.Analytics.pdb
[ 911/1044  0s] CopyFiles Library/ScriptAssemblies/Meta.XR.Editor.Reflection.dll
[ 912/1044  0s] CopyFiles Library/ScriptAssemblies/Meta.XR.Editor.Reflection.pdb
[ 913/1044  0s] CopyFiles Library/ScriptAssemblies/Unity.AI.Navigation.Editor.pdb
[ 914/1044  0s] CopyFiles Library/ScriptAssemblies/Unity.XR.OpenXR.Features.RuntimeDebugger.Editor.pdb
[ 915/1044  0s] CopyFiles Library/ScriptAssemblies/Meta.XR.MultiplayerBlocks.Fusion.Editor.dll
[ 916/1044  0s] CopyFiles Library/ScriptAssemblies/Unity.AI.Navigation.Updater.pdb
[ 917/1044  0s] CopyFiles Library/ScriptAssemblies/Unity.AI.Navigation.Updater.dll
[ 918/1044  0s] CopyFiles Library/ScriptAssemblies/UnityEditor.UI.dll
[ 919/1044  0s] CopyFiles Library/ScriptAssemblies/UnityEditor.UI.pdb
[ 920/1044  0s] CopyFiles Library/ScriptAssemblies/Unity.XR.OpenXR.Features.RuntimeDebugger.Editor.dll
[ 921/1044  0s] CopyFiles Library/ScriptAssemblies/Unity.AI.Navigation.Editor.dll
[ 922/1044  0s] CopyFiles Library/ScriptAssemblies/Meta.XR.MultiplayerBlocks.Fusion.Editor.pdb
[ 923/1044  0s] CopyFiles Library/ScriptAssemblies/Unity.Burst.Editor.dll
[ 924/1044  0s] CopyFiles Library/ScriptAssemblies/Meta.XR.Editor.RemoteContent.dll
[ 925/1044  0s] CopyFiles Library/ScriptAssemblies/Meta.XR.Editor.RemoteContent.pdb
[ 926/1044  0s] CopyFiles Library/ScriptAssemblies/Unity.XR.CoreUtils.Editor.dll
[ 927/1044  0s] CopyFiles Library/ScriptAssemblies/Unity.XR.CoreUtils.Editor.pdb
[ 928/1044  0s] CopyFiles Library/ScriptAssemblies/Meta.XR.Editor.ToolingSupport.dll
[ 929/1044  0s] CopyFiles Library/ScriptAssemblies/Meta.XR.Editor.ToolingSupport.pdb
[ 930/1044  0s] CopyFiles Library/ScriptAssemblies/Unity.InputSystem.ForUI.Editor.dll
[ 931/1044  0s] CopyFiles Library/ScriptAssemblies/Unity.InputSystem.ForUI.Editor.pdb
[ 932/1044  0s] CopyFiles Library/ScriptAssemblies/Unity.AI.Navigation.Editor.ConversionSystem.pdb
[ 933/1044  0s] CopyFiles Library/ScriptAssemblies/Meta.XR.Editor.TelemetryUI.pdb
[ 934/1044  0s] CopyFiles Library/ScriptAssemblies/Meta.XR.Editor.UPST.Notifications.dll
[ 935/1044  0s] CopyFiles Library/ScriptAssemblies/Meta.XR.Editor.Settings.dll
[ 936/1044  0s] CopyFiles Library/ScriptAssemblies/Oculus.VR.Scripts.Editor.dll
[ 937/1044  0s] CopyFiles Library/ScriptAssemblies/Meta.XR.MultiplayerBlocks.Shared.Editor.pdb
[ 938/1044  0s] CopyFiles Library/ScriptAssemblies/Oculus.VR.Scripts.Editor.pdb
[ 939/1044  0s] CopyFiles Library/ScriptAssemblies/Unity.PerformanceTesting.Editor.dll
[ 940/1044  0s] CopyFiles Library/ScriptAssemblies/Unity.InputSystem.DocCodeSamples.dll
[ 941/1044  0s] CopyFiles Library/ScriptAssemblies/Unity.InputSystem.DocCodeSamples.pdb
[ 942/1044  0s] CopyFiles Library/ScriptAssemblies/Unity.XR.OpenXR.Editor.pdb
[ 943/1044  0s] CopyFiles Library/ScriptAssemblies/Unity.XR.OpenXR.Editor.dll
[ 944/1044  0s] CopyFiles Library/ScriptAssemblies/Meta.XR.Editor.TelemetryUI.dll
[ 945/1044  0s] CopyFiles Library/ScriptAssemblies/Meta.XR.EnvironmentDepth.Editor.dll
[ 946/1044  0s] CopyFiles Library/ScriptAssemblies/Meta.XR.EnvironmentDepth.Editor.pdb
[ 947/1044  0s] CopyFiles Library/ScriptAssemblies/meta.xr.mrutilitykit.editor.pdb
[ 948/1044  0s] CopyFiles Library/ScriptAssemblies/Meta.XR.MultiplayerBlocks.Shared.Editor.dll
[ 949/1044  0s] CopyFiles Library/ScriptAssemblies/Meta.XR.Editor.UPST.Notifications.pdb
[ 950/1044  0s] CopyFiles Library/ScriptAssemblies/meta.xr.mrutilitykit.editor.dll
[ 951/1044  0s] CopyFiles Library/ScriptAssemblies/Unity.AI.Navigation.Editor.ConversionSystem.dll
[ 952/1044  0s] CopyFiles Library/ScriptAssemblies/Meta.XR.Editor.UserInterface.pdb
[ 953/1044  0s] CopyFiles Library/ScriptAssemblies/Meta.XR.Editor.Settings.pdb
[ 954/1044  0s] CopyFiles Library/ScriptAssemblies/Unity.Mathematics.Editor.dll
[ 955/1044  0s] CopyFiles Library/ScriptAssemblies/Meta.XR.ImmersiveDebugger.Editor.pdb
[ 956/1044  0s] CopyFiles Library/ScriptAssemblies/Unity.PerformanceTesting.Editor.pdb
[ 957/1044  0s] CopyFiles Library/ScriptAssemblies/Oculus.VR.Editor.pdb
[ 958/1044  0s] CopyFiles Library/ScriptAssemblies/Oculus.VR.Editor.dll
[ 959/1044  0s] CopyFiles Library/ScriptAssemblies/Meta.XR.Editor.UserInterface.dll
[ 960/1044  0s] CopyFiles Library/ScriptAssemblies/Meta.XR.ImmersiveDebugger.Editor.dll
[ 961/1044  0s] CopyFiles Library/ScriptAssemblies/Unity.Mathematics.Editor.pdb
[ 962/1044  0s] CopyFiles Library/ScriptAssemblies/Meta.XR.Editor.PlayCompanion.dll
[ 963/1044  0s] CopyFiles Library/ScriptAssemblies/Meta.XR.Editor.PlayCompanion.pdb
[ 964/1044  0s] CopyFiles Library/ScriptAssemblies/Meta.XR.Editor.ToolingSupport.RuntimeOptimizer.dll
[ 965/1044  0s] CopyFiles Library/ScriptAssemblies/Meta.XR.Editor.ToolingSupport.RuntimeOptimizer.pdb
[ 966/1044  0s] CopyFiles Library/ScriptAssemblies/Meta.XR.Editor.Guide.About.dll
[ 967/1044  0s] CopyFiles Library/ScriptAssemblies/Meta.XR.Editor.Guide.About.pdb
[ 968/1044  0s] CopyFiles Library/ScriptAssemblies/Meta.XR.Editor.Callbacks.dll
[ 969/1044  0s] CopyFiles Library/ScriptAssemblies/Meta.XR.Editor.Callbacks.pdb
[ 970/1044  0s] CopyFiles Library/ScriptAssemblies/Unity.TextMeshPro.Editor.dll
[ 971/1044  0s] CopyFiles Library/ScriptAssemblies/Meta.XR.BuildingBlocks.Editor.dll
[ 972/1044  0s] CopyFiles Library/ScriptAssemblies/Meta.XR.BuildingBlocks.Editor.pdb
[ 973/1044  0s] CopyFiles Library/ScriptAssemblies/Unity.TextMeshPro.Editor.pdb
[ 974/1044  0s] CopyFiles Library/ScriptAssemblies/Meta.XR.MultiplayerBlocks.NGO.Editor.dll
[ 975/1044  0s] CopyFiles Library/ScriptAssemblies/MetaXRSimulatorCore.Editor.dll
[ 976/1044  0s] CopyFiles Library/ScriptAssemblies/Meta.XR.MultiplayerBlocks.NGO.Editor.pdb
[ 977/1044  0s] CopyFiles Library/ScriptAssemblies/MetaXRSimulatorCore.Editor.pdb
[ 978/1044  0s] CopyFiles Library/ScriptAssemblies/Meta.XR.MetaWand.Editor.pdb
[ 979/1044  0s] CopyFiles Library/ScriptAssemblies/Meta.XR.MetaWand.Editor.dll
[ 980/1044  0s] CopyFiles Library/ScriptAssemblies/Meta.XR.Editor.StatusMenu.pdb
[ 981/1044  0s] CopyFiles Library/ScriptAssemblies/Meta.XR.Editor.StatusMenu.dll
[ 982/1044  0s] CopyFiles Library/ScriptAssemblies/Unity.XR.OpenXR.Features.MetaQuestSupport.Editor.dll
[ 983/1044  0s] CopyFiles Library/ScriptAssemblies/Meta.XR.BuildingBlocks.DepthAPI.Editor.pdb
[ 984/1044  0s] CopyFiles Library/ScriptAssemblies/Meta.XR.BuildingBlocks.DepthAPI.Editor.dll
[ 985/1044  0s] CopyFiles Library/ScriptAssemblies/Unity.XR.OpenXR.Features.MetaQuestSupport.Editor.pdb
[ 986/1044  0s] CopyFiles Library/ScriptAssemblies/glTFast.Editor.Documentation.Examples.dll
[ 987/1044  0s] CopyFiles Library/ScriptAssemblies/Unity.Timeline.Editor.pdb
[ 988/1044  0s] CopyFiles Library/ScriptAssemblies/Unity.Timeline.Editor.dll
[ 989/1044  0s] CopyFiles Library/ScriptAssemblies/glTFast.Editor.pdb
[ 990/1044  0s] CopyFiles Library/ScriptAssemblies/Unity.XR.Management.Editor.pdb
[ 991/1044  0s] CopyFiles Library/ScriptAssemblies/Unity.XR.OpenXR.Features.OculusQuestSupport.Editor.pdb
[ 992/1044  0s] CopyFiles Library/ScriptAssemblies/glTFast.Editor.Documentation.Examples.pdb
[ 993/1044  0s] CopyFiles Library/ScriptAssemblies/Unity.Collections.Editor.pdb
[ 994/1044  0s] CopyFiles Library/ScriptAssemblies/Meta.XR.Editor.BuildingBlocks.AIBlocks.pdb
[ 995/1044  0s] CopyFiles Library/ScriptAssemblies/UnityEngine.UI.pdb
[ 996/1044  0s] CopyFiles Library/ScriptAssemblies/Meta.XR.Editor.BuildingBlocks.AIBlocks.dll
[ 997/1044  0s] CopyFiles Library/ScriptAssemblies/Unity.InputSystem.pdb
[ 998/1044  0s] CopyFiles Library/ScriptAssemblies/Unity.XR.Management.Editor.dll
[ 999/1044  0s] CopyFiles Library/ScriptAssemblies/glTFast.Editor.dll
[1000/1044  0s] CopyFiles Library/ScriptAssemblies/Unity.Collections.Editor.dll
[1001/1044  0s] CopyFiles Library/ScriptAssemblies/Unity.AI.Navigation.pdb
[1002/1044  0s] CopyFiles Library/ScriptAssemblies/Meta.XR.MultiplayerBlocks.Shared.pdb
[1003/1044  0s] CopyFiles Library/ScriptAssemblies/Unity.XR.OpenXR.Features.OculusQuestSupport.Editor.dll
[1004/1044  0s] CopyFiles Library/ScriptAssemblies/glTFast.Newtonsoft.pdb
[1005/1044  0s] CopyFiles Library/ScriptAssemblies/Meta.XR.BuildingBlocks.DepthAPI.pdb
[1006/1044  0s] CopyFiles Library/ScriptAssemblies/Oculus.VR.pdb
[1007/1044  0s] CopyFiles Library/ScriptAssemblies/Unity.XR.OpenXR.Features.OculusQuestSupport.pdb
[1008/1044  0s] CopyFiles Library/ScriptAssemblies/Unity.InputSystem.ForUI.pdb
[1009/1044  0s] CopyFiles Library/ScriptAssemblies/Unity.XR.OpenXR.Features.MockRuntime.pdb
[1010/1044  0s] CopyFiles Library/ScriptAssemblies/Unity.Timeline.pdb
[1011/1044  0s] CopyFiles Library/ScriptAssemblies/UnityEngine.XR.LegacyInputHelpers.pdb
[1012/1044  0s] CopyFiles Library/ScriptAssemblies/Unity.InternalAPIEngineBridge.004.pdb
[1013/1044  0s] CopyFiles Library/ScriptAssemblies/Meta.XR.ImmersiveDebugger.pdb
[1014/1044  0s] CopyFiles Library/ScriptAssemblies/Meta.XR.BuildingBlocks.pdb
[1015/1044  0s] CopyFiles Library/ScriptAssemblies/Unity.XR.OpenXR.Features.MetaQuestSupport.pdb
[1016/1044  0s] CopyFiles Library/ScriptAssemblies/glTFast.dots.pdb
[1017/1044  0s] CopyFiles Library/ScriptAssemblies/Unity.TextMeshPro.pdb
[1018/1044  0s] CopyFiles Library/ScriptAssemblies/Meta.XR.ImmersiveDebugger.Interface.pdb
[1019/1044  0s] CopyFiles Library/ScriptAssemblies/Unity.Mathematics.pdb
[1020/1044  0s] CopyFiles Library/ScriptAssemblies/Unity.Collections.pdb
[1021/1044  0s] CopyFiles Library/ScriptAssemblies/meta.xr.mrutilitykit.pdb
[1022/1044  0s] CopyFiles Library/ScriptAssemblies/Unity.XR.OpenXR.Features.RuntimeDebugger.pdb
[1023/1044  0s] CopyFiles Library/ScriptAssemblies/Unity.InputSystem.TestFramework.pdb
[1024/1044  0s] CopyFiles Library/ScriptAssemblies/Unity.PerformanceTesting.pdb
[1025/1044  0s] CopyFiles Library/ScriptAssemblies/Unity.XR.OpenXR.Features.ConformanceAutomation.pdb
[1026/1044  0s] CopyFiles Library/ScriptAssemblies/Meta.XR.EnvironmentDepth.pdb
[1027/1044  0s] CopyFiles Library/ScriptAssemblies/glTFast.pdb
[1028/1044  0s] CopyFiles Library/ScriptAssemblies/glTFast.Documentation.Examples.pdb
[1029/1044  0s] CopyFiles Library/ScriptAssemblies/Unity.Burst.pdb
[1030/1044  0s] CopyFiles Library/ScriptAssemblies/UnityEngine.SpatialTracking.pdb
[1031/1044  0s] CopyFiles Library/ScriptAssemblies/Unity.XR.Management.pdb
[1032/1044  0s] CopyFiles Library/ScriptAssemblies/Unity.XR.CoreUtils.pdb
[1033/1044  0s] CopyFiles Library/ScriptAssemblies/Unity.XR.OpenXR.pdb
[1034/1044  0s] CopyFiles Library/ScriptAssemblies/glTFast.Export.pdb
[1035/1044  0s] CopyFiles Library/ScriptAssemblies/Meta.XR.BuildingBlocks.AIBlocks.pdb
[1036/1044  1s] Csc Library/Bee/artifacts/1300b0aE.dag/Assembly-CSharp.dll (+2 others)
[1037/1044  0s] ILPostProcess Library/Bee/artifacts/1300b0aE.dag/post-processed/Assembly-CSharp.dll (+pdb)
Processing assembly Library/Bee/artifacts/1300b0aE.dag/Assembly-CSharp.dll, with 150 defines and 329 references
processors: Unity.Jobs.CodeGen.JobsILPostProcessor, zzzUnity.Burst.CodeGen.BurstILPostProcessor
running Unity.Jobs.CodeGen.JobsILPostProcessor
running zzzUnity.Burst.CodeGen.BurstILPostProcessor
[1038/1044  0s] CopyFiles Library/ScriptAssemblies/Assembly-CSharp.dll
[1039/1044  0s] CopyFiles Library/ScriptAssemblies/Assembly-CSharp.pdb
[1040/1044  0s] Csc Library/Bee/artifacts/1300b0aE.dag/Assembly-CSharp-Editor.dll (+2 others)
[1041/1044  0s] ILPostProcess Library/Bee/artifacts/1300b0aE.dag/post-processed/Assembly-CSharp-Editor.dll (+pdb)
Processing assembly Library/Bee/artifacts/1300b0aE.dag/Assembly-CSharp-Editor.dll, with 148 defines and 355 references
processors: Unity.Jobs.CodeGen.JobsILPostProcessor, zzzUnity.Burst.CodeGen.BurstILPostProcessor
running Unity.Jobs.CodeGen.JobsILPostProcessor
running zzzUnity.Burst.CodeGen.BurstILPostProcessor
[1042/1044  0s] CopyFiles Library/ScriptAssemblies/Assembly-CSharp-Editor.pdb
[1043/1044  0s] CopyFiles Library/ScriptAssemblies/Assembly-CSharp-Editor.dll
*** Tundra build success (2.16 seconds), 195 items updated, 1044 evaluated
AssetDatabase: script compilation time: 2.554147s
Begin MonoManager ReloadAssembly
Symbol file LoadedFromMemory is not a mono symbol file
- Loaded All Assemblies, in  0.474 seconds
'Packages/com.meta.xr.sdk.core/Editor/BuildingBlocks/BlocksWindowDetailsExtension.cs' contains partial class of Unity.Object, exactly 1 of the partial classes needs to be in a file with the same filename. This is to know the one that can be referenced from ie. GameObjects
'Packages/com.meta.xr.sdk.core/Editor/BuildingBlocks/BlocksWindow.cs' contains partial class of Unity.Object, exactly 1 of the partial classes needs to be in a file with the same filename. This is to know the one that can be referenced from ie. GameObjects
'Packages/com.meta.xr.sdk.core/Editor/BuildingBlocks/BlocksWindowCollectionsPageExtension.cs' contains partial class of Unity.Object, exactly 1 of the partial classes needs to be in a file with the same filename. This is to know the one that can be referenced from ie. GameObjects
Refreshing native plugins compatible for Editor in 8.35 ms, found 9 plugins.
Native extension for Android target not found
Native extension for WindowsStandalone target not found
Native extension for OSXStandalone target not found
09/09 16:38:25.122 {DEBUG}   [AnalyticsLifeTime] Pre initialization finished.
09/09 16:38:25.122 {DEBUG}   [AnalyticsLifeTime] Post-migration initialization finished.
* daemon not running; starting now at tcp:5037
* daemon started successfully
[Licensing::Client] Successfully resolved entitlement details
ScheduleIndexationOnStartup MainProcess:True IndexOnStartup:True
Mono: successfully reloaded assembly
- Finished resetting the current domain, in  5.330 seconds
Domain Reload Profiling: 5804ms
	BeginReloadAssembly (215ms)
		ExecutionOrderSort (0ms)
		DisableScriptedObjects (18ms)
		BackupInstance (0ms)
		ReleaseScriptingObjects (0ms)
		CreateAndSetChildDomain (132ms)
	RebuildCommonClasses (25ms)
	RebuildNativeTypeToScriptingClass (9ms)
	initialDomainReloadingComplete (13ms)
	LoadAllAssembliesAndSetupDomain (210ms)
		LoadAssemblies (143ms)
		RebuildTransferFunctionScriptingTraits (0ms)
		AnalyzeDomain (101ms)
			TypeCache.Refresh (74ms)
				TypeCache.ScanAssembly (64ms)
			BuildScriptInfoCaches (19ms)
			ResolveRequiredComponents (5ms)
	FinalizeReload (5330ms)
		ReleaseScriptCaches (0ms)
		RebuildScriptCaches (0ms)
		SetupLoadedEditorAssemblies (5226ms)
			LogAssemblyErrors (0ms)
			InitializePlatformSupportModulesInManaged (24ms)
			SetLoadedEditorAssemblies (4ms)
			BeforeProcessingInitializeOnLoad (90ms)
			ProcessInitializeOnLoadAttributes (5032ms)
			ProcessInitializeOnLoadMethodAttributes (74ms)
			AfterProcessingInitializeOnLoad (1ms)
			EditorAssembliesLoaded (0ms)
		ExecutionOrderSort2 (0ms)
		AwakeInstancesAfterBackupRestoration (12ms)
Start importing Assets/TextMesh Pro/Fonts/LiberationSans.ttf using Guid(e3265ab4bf004d28a9537516768c1c75) (TrueTypeFontImporter) -> (artifact id: '1839038314b65537f2eaee5fdb1c8a96') in 0.217537083 seconds
Start importing Packages/com.meta.xr.sdk.core/Scripts/ImmersiveDebugger/UserInterface/Resources/Fonts/RobotoMono-VariableFont_wght.ttf using Guid(d7b7c71c81d721f439d51761df04d4d6) (TrueTypeFontImporter) -> (artifact id: 'f00ba31c5b93dbf196f402847e5b0142') in 0.011526833 seconds
Start importing Assets/Milzet/StartupSource/Project/UI/Fonts/Korean/ArialKR-Regular.ttf using Guid(48c2cbb80dafe79459a66776f8430fa4) (TrueTypeFontImporter) -> (artifact id: '80612206900fd017f5c0d6117192aba3') in 0.048009459 seconds
Start importing Packages/com.unity.inputsystem/InputSystem/Editor/UITKAssetEditor/PackageResources/BindingPanelRowTemplate.uxml using Guid(449c8e5ca27af8e4a9db710c8be5e4df) (ScriptedImporter) -> (artifact id: '401447f565bb54239e6ce3e3617fb129') in 0.099500625 seconds
Refreshing native plugins compatible for Editor in 2.55 ms, found 9 plugins.
Preloading 0 native plugins for Editor in 0.00 ms.
Asset Pipeline Refresh (id=aae1f4d21101c4057b6855d23a5dbddb): Total: 10.587 seconds - Initiated by InitialRefreshV2(ForceSynchronousImport)
	Summary:
		Imports: total=1362 (actual=4, local cache=1358, cache server=0)
		Asset DB Process Time: managed=1 ms, native=6292 ms
		Asset DB Callback time: managed=1227 ms, native=13 ms
		Scripting: domain reloads=1, domain reload time=474 ms, compile time=2555 ms, other=21 ms
		Project Asset Count: scripts=1245, non-scripts=1530
		Asset File Changes: new=0, changed=0, moved=0, deleted=0
		Scan Filter Count: 1
	InvokeCustomDependenciesCallbacks: 0.001ms
	InvokePackagesCallback: 7.670ms
	ApplyChangesToAssetFolders: 0.252ms
	Scan: 330.885ms
	OnSourceAssetsModified: 0.001ms
	CategorizeAssetsWithTransientArtifact: 26.099ms
	ProcessAssetsWithTransientArtifactChanges: 38.223ms
	CategorizeAssets: 19.309ms
	ImportOutOfDateAssets: 5805.712ms (2790.399ms without children)
		ImportManagerImport: 391.941ms (8.383ms without children)
			ImportInProcess: 383.499ms
			UpdateCategorizedAssets: 0.059ms
		CompileScripts: 2555.452ms
		ReloadNativeAssets: 0.005ms
		UnloadImportedAssets: 4.508ms
		ReloadImportedAssets: 62.598ms
		EnsureUptoDateAssetsAreRegisteredWithGuidPM: 0.533ms
		InitializingProgressBar: 0.004ms
		PostProcessAllAssetNotificationsAddChangedAssets: 0.000ms
		OnDemandSchedulerStart: 0.271ms
	PostProcessAllAssets: 1228.522ms
	Hotreload: 5.971ms
	GatherAllCurrentPrimaryArtifactRevisions: 0.000ms
	UnloadStreamsBegin: 0.872ms
	PersistCurrentRevisions: 0.536ms
	UnloadStreamsEnd: 0.001ms
	GenerateScriptTypeHashes: 2.540ms
	Untracked: 3122.751ms

Application.AssetDatabase Initial Refresh End
[OVRPlugin][INFO] UnityPluginLoad called

Launching external process: /Applications/Unity/Hub/Editor/6000.3.22f1/Unity.app/Contents/Helpers/UnityShaderCompiler
Launched and connected shader compiler UnityShaderCompiler after 0.05 seconds
Shader 'Meta/MRUK/Scene/HighlightsAndShadows': fallback shader 'Off' not found
Shader 'Oculus/OVRMRCameraFrameLit': fallback shader 'Alpha-Diffuse' not found
Scanning for USB devices : 0.258ms
Initializing Unity extensions:
[MODES] ModeService[none].Initialize
[MODES] ModeService[none].LoadModes
[MODES] Loading mode Default (0) for mode-current-id-Milzet VR Studio
2026-09-09 16:38:31.260 Unity[30648:3849758] NSEventModifierFlagFunction specified to -setKeyEquivalentModifierMask: for item <NSMenuItem: 0x7745130c0 SDF, ke='Command-F12'>, but is only supported for system-provided menu items; will not be used
Unloading 184 Unused Serialized files (Serialized files now loaded: 0)
Unloading 3820 unused Assets / (2.2 MB). Loaded Objects now: 6641.
Memory consumption went from 301.4 MB to 299.2 MB.
Total: 13.422333 ms (FindLiveObjects: 0.220833 ms CreateObjectMapping: 0.113500 ms MarkObjects: 12.002917 ms  DeleteObjects: 1.084583 ms)

2026-09-09 16:38:31.476 Unity[30648:3849758] NSEventModifierFlagFunction specified to -setKeyEquivalentModifierMask: for item <NSMenuItem: 0x774513ac0 SDF, ke='Command-F12'>, but is only supported for system-provided menu items; will not be used
Asset Pipeline Refresh (id=4af646be2f3aa440093ddd37f11cec56): Total: 0.117 seconds - Initiated by RefreshV2(NoUpdateAssetOptions)
Asset Pipeline Refresh (id=6dbe277e17d524c79820fd48d8e4f158): Total: 0.131 seconds - Initiated by RefreshV2(NoUpdateAssetOptions)
Start importing ProjectSettings/ProjectSettings.asset using Guid(00000000000000004000000000000000) (LibraryAssetImporter) -> (artifact id: '6d917a9f3ac1c1464a1d027b739cbb30') in 0.001634708 seconds
Start importing Assets/XR/Settings/OpenXR Package Settings.asset using Guid(720d9c3e3c30d4b52b870758e7e5bf78) (NativeFormatImporter) -> (artifact id: 'b4c0a857bafb51b5280ecaaf75ea289c') in 0.001056125 seconds
Start importing Assets/XR/XRGeneralSettingsPerBuildTarget.asset using Guid(ad5d4c853c9f44ae981993ebe4f6f65e) (NativeFormatImporter) -> (artifact id: '85cdd7f5b787d0090742f5bff0879b4e') in 0.000551666 seconds
Refreshing native plugins compatible for Editor in 2.01 ms, found 9 plugins.
Preloading 0 native plugins for Editor in 0.00 ms.
Asset Pipeline Refresh (id=5daa2fc7404624521bf034132f19d378): Total: 0.024 seconds - Initiated by StopAssetImportingV2(NoUpdateAssetOptions)
Start importing Assets/Plugins/Android/AndroidManifest.xml using Guid(42f054661a8ec493687c270f821e8d75) (TextScriptImporter) -> (artifact id: 'd817d2b3dc11d1bdb7dc95516de6bb31') in 0.001780708 seconds
Refreshing native plugins compatible for Editor in 2.19 ms, found 9 plugins.
Preloading 0 native plugins for Editor in 0.00 ms.
Asset Pipeline Refresh (id=d7aff9c0132e54add9b64423011fbb91): Total: 0.060 seconds - Initiated by RefreshV2(NoUpdateAssetOptions)
Start importing Assets/Oculus/OculusProjectConfig.asset using Guid(4037511c1f15249f293621cd423700f6) (NativeFormatImporter) -> (artifact id: 'ec69508b0d123702130b3e592f35e624') in 0.000994625 seconds
Refreshing native plugins compatible for Editor in 2.16 ms, found 9 plugins.
Preloading 0 native plugins for Editor in 0.00 ms.
Asset Pipeline Refresh (id=fa9acd91ab8e5475fa8e732b3e4337a0): Total: 0.029 seconds - Initiated by StopAssetImportingV2(NoUpdateAssetOptions)
Unloading 1 Unused Serialized files (Serialized files now loaded: 0)
Unloading 43 unused Assets / (5.3 KB). Loaded Objects now: 6646.
Memory consumption went from 270.1 MB to 270.1 MB.
Total: 11.391000 ms (FindLiveObjects: 0.162875 ms CreateObjectMapping: 0.066959 ms MarkObjects: 11.129416 ms  DeleteObjects: 0.031459 ms)

Start importing Assets/Milzet/TemporaryViewerBuild.unity using Guid(c968144e0e26144b7bee6fc273af3ce9) (DefaultImporter) -> (artifact id: 'd309f8feff214c02c8303f2275364f4e') in 0.000862709 seconds
Refreshing native plugins compatible for Editor in 1.85 ms, found 9 plugins.
Preloading 0 native plugins for Editor in 0.00 ms.
Asset Pipeline Refresh (id=9e4c57ad596ee449da4180e535917266): Total: 0.013 seconds - Initiated by StopAssetImportingV2(NoUpdateAssetOptions)
[Optional] Switch to use InputSystem.XR.PoseControl instead of OpenXR.Input.PoseControl, which will be deprecated in a future release.
UnityEngine.Debug:ExtractStackTraceNoAlloc (byte*,int,string)
UnityEngine.StackTraceUtility:ExtractStackTrace () (at /Users/bokken/build/output/unity/unity/Runtime/Export/Scripting/StackTrace.cs:35)
UnityEngine.DebugLogHandler:Internal_Log (UnityEngine.LogType,UnityEngine.LogOption,string,UnityEngine.Object)
UnityEngine.DebugLogHandler:LogFormat (UnityEngine.LogType,UnityEngine.Object,string,object[])
UnityEngine.Logger:Log (UnityEngine.LogType,object)
UnityEngine.Debug:LogWarning (object)
UnityEditor.XR.OpenXR.OpenXRProjectValidation:LogBuildValidationIssues (UnityEditor.BuildTargetGroup) (at ./Library/PackageCache/com.unity.xr.openxr@05fb1a7d75d1/Runtime/OpenXRProjectValidation.cs:391)
UnityEditor.XR.OpenXR.OpenXRProjectValidationBuildStep:OnPreprocessBuild (UnityEditor.Build.Reporting.BuildReport) (at ./Library/PackageCache/com.unity.xr.openxr@05fb1a7d75d1/Editor/OpenXRProjectValidationRulesSetup.cs:266)
UnityEditor.Build.BuildPipelineInterfaces/<>c__DisplayClass17_0:<OnBuildPreProcess>b__1 (UnityEditor.Build.IPreprocessBuildWithReport) (at /Users/bokken/build/output/unity/unity/Editor/Mono/BuildPipeline/BuildPipelineInterfaces.cs:526)
UnityEditor.Build.BuildPipelineInterfaces:InvokeCallbackInterfacesPair<UnityEditor.Build.IPreprocessBuild, UnityEditor.Build.IPreprocessBuildWithReport> (System.Collections.Generic.List`1<UnityEditor.Build.IPreprocessBuild>,System.Action`1<UnityEditor.Build.IPreprocessBuild>,System.Collections.Generic.List`1<UnityEditor.Build.IPreprocessBuildWithReport>,System.Action`1<UnityEditor.Build.IPreprocessBuildWithReport>,bool) (at /Users/bokken/build/output/unity/unity/Editor/Mono/BuildPipeline/BuildPipelineInterfaces.cs:492)
UnityEditor.Build.BuildPipelineInterfaces:OnBuildPreProcess (UnityEditor.Build.Reporting.BuildReport) (at /Users/bokken/build/output/unity/unity/Editor/Mono/BuildPipeline/BuildPipelineInterfaces.cs:524)
UnityEditor.BuildPipeline:BuildPlayerInternalNoCheck (string[],string,string,UnityEditor.BuildTargetGroup,UnityEditor.BuildTarget,int,UnityEditor.BuildOptions,string[],bool)
UnityEditor.BuildPipeline:BuildPlayerInternal (string[],string,string,UnityEditor.BuildTargetGroup,UnityEditor.BuildTarget,int,UnityEditor.BuildOptions,string[]) (at /Users/bokken/build/output/unity/unity/Editor/Mono/BuildPipeline.bindings.cs:494)
UnityEditor.BuildPipeline:BuildPlayer (string[],string,string,UnityEditor.BuildTargetGroup,UnityEditor.BuildTarget,int,UnityEditor.BuildOptions,string[]) (at /Users/bokken/build/output/unity/unity/Editor/Mono/BuildPipeline.bindings.cs:410)
UnityEditor.BuildPipeline:BuildPlayer (UnityEditor.BuildPlayerOptions) (at /Users/bokken/build/output/unity/unity/Editor/Mono/BuildPipeline.bindings.cs:356)
Milzet.Editor.BuildViewer:Build (UnityEditor.BuildTarget,string) (at Assets/Milzet/Editor/BuildViewer.cs:36)
Milzet.Editor.BuildViewer:Android () (at Assets/Milzet/Editor/BuildViewer.cs:33)
Milzet.Editor.BuildViewer:StartupBuild (string,int) (at Assets/Milzet/Editor/BuildViewer.cs:31)
Milzet.Editor.BuildViewer:InteractionRepair () (at Assets/Milzet/Editor/BuildViewer.cs:30)

(Filename: ./Library/PackageCache/com.unity.xr.openxr@05fb1a7d75d1/Runtime/OpenXRProjectValidation.cs Line: 391)

[Optional] Latency Optimization is recommended to be set to <b>Prioritize Input Polling</b> when Meta Quest support is enabled.
UnityEngine.Debug:ExtractStackTraceNoAlloc (byte*,int,string)
UnityEngine.StackTraceUtility:ExtractStackTrace () (at /Users/bokken/build/output/unity/unity/Runtime/Export/Scripting/StackTrace.cs:35)
UnityEngine.DebugLogHandler:Internal_Log (UnityEngine.LogType,UnityEngine.LogOption,string,UnityEngine.Object)
UnityEngine.DebugLogHandler:LogFormat (UnityEngine.LogType,UnityEngine.Object,string,object[])
UnityEngine.Logger:Log (UnityEngine.LogType,object)
UnityEngine.Debug:LogWarning (object)
UnityEditor.XR.OpenXR.OpenXRProjectValidation:LogBuildValidationIssues (UnityEditor.BuildTargetGroup) (at ./Library/PackageCache/com.unity.xr.openxr@05fb1a7d75d1/Runtime/OpenXRProjectValidation.cs:391)
UnityEditor.XR.OpenXR.OpenXRProjectValidationBuildStep:OnPreprocessBuild (UnityEditor.Build.Reporting.BuildReport) (at ./Library/PackageCache/com.unity.xr.openxr@05fb1a7d75d1/Editor/OpenXRProjectValidationRulesSetup.cs:266)
UnityEditor.Build.BuildPipelineInterfaces/<>c__DisplayClass17_0:<OnBuildPreProcess>b__1 (UnityEditor.Build.IPreprocessBuildWithReport) (at /Users/bokken/build/output/unity/unity/Editor/Mono/BuildPipeline/BuildPipelineInterfaces.cs:526)
UnityEditor.Build.BuildPipelineInterfaces:InvokeCallbackInterfacesPair<UnityEditor.Build.IPreprocessBuild, UnityEditor.Build.IPreprocessBuildWithReport> (System.Collections.Generic.List`1<UnityEditor.Build.IPreprocessBuild>,System.Action`1<UnityEditor.Build.IPreprocessBuild>,System.Collections.Generic.List`1<UnityEditor.Build.IPreprocessBuildWithReport>,System.Action`1<UnityEditor.Build.IPreprocessBuildWithReport>,bool) (at /Users/bokken/build/output/unity/unity/Editor/Mono/BuildPipeline/BuildPipelineInterfaces.cs:492)
UnityEditor.Build.BuildPipelineInterfaces:OnBuildPreProcess (UnityEditor.Build.Reporting.BuildReport) (at /Users/bokken/build/output/unity/unity/Editor/Mono/BuildPipeline/BuildPipelineInterfaces.cs:524)
UnityEditor.BuildPipeline:BuildPlayerInternalNoCheck (string[],string,string,UnityEditor.BuildTargetGroup,UnityEditor.BuildTarget,int,UnityEditor.BuildOptions,string[],bool)
UnityEditor.BuildPipeline:BuildPlayerInternal (string[],string,string,UnityEditor.BuildTargetGroup,UnityEditor.BuildTarget,int,UnityEditor.BuildOptions,string[]) (at /Users/bokken/build/output/unity/unity/Editor/Mono/BuildPipeline.bindings.cs:494)
UnityEditor.BuildPipeline:BuildPlayer (string[],string,string,UnityEditor.BuildTargetGroup,UnityEditor.BuildTarget,int,UnityEditor.BuildOptions,string[]) (at /Users/bokken/build/output/unity/unity/Editor/Mono/BuildPipeline.bindings.cs:410)
UnityEditor.BuildPipeline:BuildPlayer (UnityEditor.BuildPlayerOptions) (at /Users/bokken/build/output/unity/unity/Editor/Mono/BuildPipeline.bindings.cs:356)
Milzet.Editor.BuildViewer:Build (UnityEditor.BuildTarget,string) (at Assets/Milzet/Editor/BuildViewer.cs:36)
Milzet.Editor.BuildViewer:Android () (at Assets/Milzet/Editor/BuildViewer.cs:33)
Milzet.Editor.BuildViewer:StartupBuild (string,int) (at Assets/Milzet/Editor/BuildViewer.cs:31)
Milzet.Editor.BuildViewer:InteractionRepair () (at Assets/Milzet/Editor/BuildViewer.cs:30)

(Filename: ./Library/PackageCache/com.unity.xr.openxr@05fb1a7d75d1/Runtime/OpenXRProjectValidation.cs Line: 391)

[TestRunBuilder] Creating new file 'Assets/Resources/PerformanceTestRunInfo.json' (2468 bytes)
UnityEngine.Debug:ExtractStackTraceNoAlloc (byte*,int,string)
UnityEngine.StackTraceUtility:ExtractStackTrace () (at /Users/bokken/build/output/unity/unity/Runtime/Export/Scripting/StackTrace.cs:35)
UnityEngine.DebugLogHandler:Internal_Log (UnityEngine.LogType,UnityEngine.LogOption,string,UnityEngine.Object)
UnityEngine.DebugLogHandler:LogFormat (UnityEngine.LogType,UnityEngine.Object,string,object[])
UnityEngine.Logger:Log (UnityEngine.LogType,object)
UnityEngine.Debug:Log (object)
Unity.PerformanceTesting.Editor.TestRunBuilder:SaveToStorage (object,string) (at ./Library/PackageCache/com.unity.test-framework.performance@8b56083ec0f0/Editor/TestRunBuilder.cs:242)
Unity.PerformanceTesting.Editor.TestRunBuilder:OnPreprocessBuild (UnityEditor.Build.Reporting.BuildReport) (at ./Library/PackageCache/com.unity.test-framework.performance@8b56083ec0f0/Editor/TestRunBuilder.cs:35)
UnityEditor.Build.BuildPipelineInterfaces/<>c__DisplayClass17_0:<OnBuildPreProcess>b__1 (UnityEditor.Build.IPreprocessBuildWithReport) (at /Users/bokken/build/output/unity/unity/Editor/Mono/BuildPipeline/BuildPipelineInterfaces.cs:526)
UnityEditor.Build.BuildPipelineInterfaces:InvokeCallbackInterfacesPair<UnityEditor.Build.IPreprocessBuild, UnityEditor.Build.IPreprocessBuildWithReport> (System.Collections.Generic.List`1<UnityEditor.Build.IPreprocessBuild>,System.Action`1<UnityEditor.Build.IPreprocessBuild>,System.Collections.Generic.List`1<UnityEditor.Build.IPreprocessBuildWithReport>,System.Action`1<UnityEditor.Build.IPreprocessBuildWithReport>,bool) (at /Users/bokken/build/output/unity/unity/Editor/Mono/BuildPipeline/BuildPipelineInterfaces.cs:492)
UnityEditor.Build.BuildPipelineInterfaces:OnBuildPreProcess (UnityEditor.Build.Reporting.BuildReport) (at /Users/bokken/build/output/unity/unity/Editor/Mono/BuildPipeline/BuildPipelineInterfaces.cs:524)
UnityEditor.BuildPipeline:BuildPlayerInternalNoCheck (string[],string,string,UnityEditor.BuildTargetGroup,UnityEditor.BuildTarget,int,UnityEditor.BuildOptions,string[],bool)
UnityEditor.BuildPipeline:BuildPlayerInternal (string[],string,string,UnityEditor.BuildTargetGroup,UnityEditor.BuildTarget,int,UnityEditor.BuildOptions,string[]) (at /Users/bokken/build/output/unity/unity/Editor/Mono/BuildPipeline.bindings.cs:494)
UnityEditor.BuildPipeline:BuildPlayer (string[],string,string,UnityEditor.BuildTargetGroup,UnityEditor.BuildTarget,int,UnityEditor.BuildOptions,string[]) (at /Users/bokken/build/output/unity/unity/Editor/Mono/BuildPipeline.bindings.cs:410)
UnityEditor.BuildPipeline:BuildPlayer (UnityEditor.BuildPlayerOptions) (at /Users/bokken/build/output/unity/unity/Editor/Mono/BuildPipeline.bindings.cs:356)
Milzet.Editor.BuildViewer:Build (UnityEditor.BuildTarget,string) (at Assets/Milzet/Editor/BuildViewer.cs:36)
Milzet.Editor.BuildViewer:Android () (at Assets/Milzet/Editor/BuildViewer.cs:33)
Milzet.Editor.BuildViewer:StartupBuild (string,int) (at Assets/Milzet/Editor/BuildViewer.cs:31)
Milzet.Editor.BuildViewer:InteractionRepair () (at Assets/Milzet/Editor/BuildViewer.cs:30)

(Filename: ./Library/PackageCache/com.unity.test-framework.performance@8b56083ec0f0/Editor/TestRunBuilder.cs Line: 242)

[TestRunBuilder] Creating new file 'Assets/Resources/PerformanceTestRunSettings.json' (23 bytes)
UnityEngine.Debug:ExtractStackTraceNoAlloc (byte*,int,string)
UnityEngine.StackTraceUtility:ExtractStackTrace () (at /Users/bokken/build/output/unity/unity/Runtime/Export/Scripting/StackTrace.cs:35)
UnityEngine.DebugLogHandler:Internal_Log (UnityEngine.LogType,UnityEngine.LogOption,string,UnityEngine.Object)
UnityEngine.DebugLogHandler:LogFormat (UnityEngine.LogType,UnityEngine.Object,string,object[])
UnityEngine.Logger:Log (UnityEngine.LogType,object)
UnityEngine.Debug:Log (object)
Unity.PerformanceTesting.Editor.TestRunBuilder:SaveToStorage (object,string) (at ./Library/PackageCache/com.unity.test-framework.performance@8b56083ec0f0/Editor/TestRunBuilder.cs:242)
Unity.PerformanceTesting.Editor.TestRunBuilder:OnPreprocessBuild (UnityEditor.Build.Reporting.BuildReport) (at ./Library/PackageCache/com.unity.test-framework.performance@8b56083ec0f0/Editor/TestRunBuilder.cs:38)
UnityEditor.Build.BuildPipelineInterfaces/<>c__DisplayClass17_0:<OnBuildPreProcess>b__1 (UnityEditor.Build.IPreprocessBuildWithReport) (at /Users/bokken/build/output/unity/unity/Editor/Mono/BuildPipeline/BuildPipelineInterfaces.cs:526)
UnityEditor.Build.BuildPipelineInterfaces:InvokeCallbackInterfacesPair<UnityEditor.Build.IPreprocessBuild, UnityEditor.Build.IPreprocessBuildWithReport> (System.Collections.Generic.List`1<UnityEditor.Build.IPreprocessBuild>,System.Action`1<UnityEditor.Build.IPreprocessBuild>,System.Collections.Generic.List`1<UnityEditor.Build.IPreprocessBuildWithReport>,System.Action`1<UnityEditor.Build.IPreprocessBuildWithReport>,bool) (at /Users/bokken/build/output/unity/unity/Editor/Mono/BuildPipeline/BuildPipelineInterfaces.cs:492)
UnityEditor.Build.BuildPipelineInterfaces:OnBuildPreProcess (UnityEditor.Build.Reporting.BuildReport) (at /Users/bokken/build/output/unity/unity/Editor/Mono/BuildPipeline/BuildPipelineInterfaces.cs:524)
UnityEditor.BuildPipeline:BuildPlayerInternalNoCheck (string[],string,string,UnityEditor.BuildTargetGroup,UnityEditor.BuildTarget,int,UnityEditor.BuildOptions,string[],bool)
UnityEditor.BuildPipeline:BuildPlayerInternal (string[],string,string,UnityEditor.BuildTargetGroup,UnityEditor.BuildTarget,int,UnityEditor.BuildOptions,string[]) (at /Users/bokken/build/output/unity/unity/Editor/Mono/BuildPipeline.bindings.cs:494)
UnityEditor.BuildPipeline:BuildPlayer (string[],string,string,UnityEditor.BuildTargetGroup,UnityEditor.BuildTarget,int,UnityEditor.BuildOptions,string[]) (at /Users/bokken/build/output/unity/unity/Editor/Mono/BuildPipeline.bindings.cs:410)
UnityEditor.BuildPipeline:BuildPlayer (UnityEditor.BuildPlayerOptions) (at /Users/bokken/build/output/unity/unity/Editor/Mono/BuildPipeline.bindings.cs:356)
Milzet.Editor.BuildViewer:Build (UnityEditor.BuildTarget,string) (at Assets/Milzet/Editor/BuildViewer.cs:36)
Milzet.Editor.BuildViewer:Android () (at Assets/Milzet/Editor/BuildViewer.cs:33)
Milzet.Editor.BuildViewer:StartupBuild (string,int) (at Assets/Milzet/Editor/BuildViewer.cs:31)
Milzet.Editor.BuildViewer:InteractionRepair () (at Assets/Milzet/Editor/BuildViewer.cs:30)

(Filename: ./Library/PackageCache/com.unity.test-framework.performance@8b56083ec0f0/Editor/TestRunBuilder.cs Line: 242)

[Meta] libopenxr_loader.so from other packages will be disabled because of enabled MetaXRFeature: Packages/com.unity.xr.openxr/Runtime/MockRuntime/android/arm64/libopenxr_loader.so
UnityEngine.Debug:ExtractStackTraceNoAlloc (byte*,int,string)
UnityEngine.StackTraceUtility:ExtractStackTrace () (at /Users/bokken/build/output/unity/unity/Runtime/Export/Scripting/StackTrace.cs:35)
UnityEngine.DebugLogHandler:Internal_Log (UnityEngine.LogType,UnityEngine.LogOption,string,UnityEngine.Object)
UnityEngine.DebugLogHandler:LogFormat (UnityEngine.LogType,UnityEngine.Object,string,object[])
UnityEngine.Logger:LogFormat (UnityEngine.LogType,string,object[])
UnityEngine.Debug:LogFormat (string,object[])
OVRGradleGeneration:OnPreprocessBuild (UnityEditor.Build.Reporting.BuildReport) (at ./Library/PackageCache/com.meta.xr.sdk.core@f8b4cfb2789f/Editor/OVRGradleGeneration.cs:185)
UnityEditor.Build.BuildPipelineInterfaces/<>c__DisplayClass17_0:<OnBuildPreProcess>b__1 (UnityEditor.Build.IPreprocessBuildWithReport) (at /Users/bokken/build/output/unity/unity/Editor/Mono/BuildPipeline/BuildPipelineInterfaces.cs:526)
UnityEditor.Build.BuildPipelineInterfaces:InvokeCallbackInterfacesPair<UnityEditor.Build.IPreprocessBuild, UnityEditor.Build.IPreprocessBuildWithReport> (System.Collections.Generic.List`1<UnityEditor.Build.IPreprocessBuild>,System.Action`1<UnityEditor.Build.IPreprocessBuild>,System.Collections.Generic.List`1<UnityEditor.Build.IPreprocessBuildWithReport>,System.Action`1<UnityEditor.Build.IPreprocessBuildWithReport>,bool) (at /Users/bokken/build/output/unity/unity/Editor/Mono/BuildPipeline/BuildPipelineInterfaces.cs:492)
UnityEditor.Build.BuildPipelineInterfaces:OnBuildPreProcess (UnityEditor.Build.Reporting.BuildReport) (at /Users/bokken/build/output/unity/unity/Editor/Mono/BuildPipeline/BuildPipelineInterfaces.cs:524)
UnityEditor.BuildPipeline:BuildPlayerInternalNoCheck (string[],string,string,UnityEditor.BuildTargetGroup,UnityEditor.BuildTarget,int,UnityEditor.BuildOptions,string[],bool)
UnityEditor.BuildPipeline:BuildPlayerInternal (string[],string,string,UnityEditor.BuildTargetGroup,UnityEditor.BuildTarget,int,UnityEditor.BuildOptions,string[]) (at /Users/bokken/build/output/unity/unity/Editor/Mono/BuildPipeline.bindings.cs:494)
UnityEditor.BuildPipeline:BuildPlayer (string[],string,string,UnityEditor.BuildTargetGroup,UnityEditor.BuildTarget,int,UnityEditor.BuildOptions,string[]) (at /Users/bokken/build/output/unity/unity/Editor/Mono/BuildPipeline.bindings.cs:410)
UnityEditor.BuildPipeline:BuildPlayer (UnityEditor.BuildPlayerOptions) (at /Users/bokken/build/output/unity/unity/Editor/Mono/BuildPipeline.bindings.cs:356)
Milzet.Editor.BuildViewer:Build (UnityEditor.BuildTarget,string) (at Assets/Milzet/Editor/BuildViewer.cs:36)
Milzet.Editor.BuildViewer:Android () (at Assets/Milzet/Editor/BuildViewer.cs:33)
Milzet.Editor.BuildViewer:StartupBuild (string,int) (at Assets/Milzet/Editor/BuildViewer.cs:31)
Milzet.Editor.BuildViewer:InteractionRepair () (at Assets/Milzet/Editor/BuildViewer.cs:30)

(Filename: ./Library/PackageCache/com.meta.xr.sdk.core@f8b4cfb2789f/Editor/OVRGradleGeneration.cs Line: 185)

[Meta] libopenxr_loader.so from other packages will be disabled because of enabled MetaXRFeature: Packages/com.unity.xr.openxr/RuntimeLoaders/android/openxr_loader.aar
UnityEngine.Debug:ExtractStackTraceNoAlloc (byte*,int,string)
UnityEngine.StackTraceUtility:ExtractStackTrace () (at /Users/bokken/build/output/unity/unity/Runtime/Export/Scripting/StackTrace.cs:35)
UnityEngine.DebugLogHandler:Internal_Log (UnityEngine.LogType,UnityEngine.LogOption,string,UnityEngine.Object)
UnityEngine.DebugLogHandler:LogFormat (UnityEngine.LogType,UnityEngine.Object,string,object[])
UnityEngine.Logger:LogFormat (UnityEngine.LogType,string,object[])
UnityEngine.Debug:LogFormat (string,object[])
OVRGradleGeneration:OnPreprocessBuild (UnityEditor.Build.Reporting.BuildReport) (at ./Library/PackageCache/com.meta.xr.sdk.core@f8b4cfb2789f/Editor/OVRGradleGeneration.cs:185)
UnityEditor.Build.BuildPipelineInterfaces/<>c__DisplayClass17_0:<OnBuildPreProcess>b__1 (UnityEditor.Build.IPreprocessBuildWithReport) (at /Users/bokken/build/output/unity/unity/Editor/Mono/BuildPipeline/BuildPipelineInterfaces.cs:526)
UnityEditor.Build.BuildPipelineInterfaces:InvokeCallbackInterfacesPair<UnityEditor.Build.IPreprocessBuild, UnityEditor.Build.IPreprocessBuildWithReport> (System.Collections.Generic.List`1<UnityEditor.Build.IPreprocessBuild>,System.Action`1<UnityEditor.Build.IPreprocessBuild>,System.Collections.Generic.List`1<UnityEditor.Build.IPreprocessBuildWithReport>,System.Action`1<UnityEditor.Build.IPreprocessBuildWithReport>,bool) (at /Users/bokken/build/output/unity/unity/Editor/Mono/BuildPipeline/BuildPipelineInterfaces.cs:492)
UnityEditor.Build.BuildPipelineInterfaces:OnBuildPreProcess (UnityEditor.Build.Reporting.BuildReport) (at /Users/bokken/build/output/unity/unity/Editor/Mono/BuildPipeline/BuildPipelineInterfaces.cs:524)
UnityEditor.BuildPipeline:BuildPlayerInternalNoCheck (string[],string,string,UnityEditor.BuildTargetGroup,UnityEditor.BuildTarget,int,UnityEditor.BuildOptions,string[],bool)
UnityEditor.BuildPipeline:BuildPlayerInternal (string[],string,string,UnityEditor.BuildTargetGroup,UnityEditor.BuildTarget,int,UnityEditor.BuildOptions,string[]) (at /Users/bokken/build/output/unity/unity/Editor/Mono/BuildPipeline.bindings.cs:494)
UnityEditor.BuildPipeline:BuildPlayer (string[],string,string,UnityEditor.BuildTargetGroup,UnityEditor.BuildTarget,int,UnityEditor.BuildOptions,string[]) (at /Users/bokken/build/output/unity/unity/Editor/Mono/BuildPipeline.bindings.cs:410)
UnityEditor.BuildPipeline:BuildPlayer (UnityEditor.BuildPlayerOptions) (at /Users/bokken/build/output/unity/unity/Editor/Mono/BuildPipeline.bindings.cs:356)
Milzet.Editor.BuildViewer:Build (UnityEditor.BuildTarget,string) (at Assets/Milzet/Editor/BuildViewer.cs:36)
Milzet.Editor.BuildViewer:Android () (at Assets/Milzet/Editor/BuildViewer.cs:33)
Milzet.Editor.BuildViewer:StartupBuild (string,int) (at Assets/Milzet/Editor/BuildViewer.cs:31)
Milzet.Editor.BuildViewer:InteractionRepair () (at Assets/Milzet/Editor/BuildViewer.cs:30)

(Filename: ./Library/PackageCache/com.meta.xr.sdk.core@f8b4cfb2789f/Editor/OVRGradleGeneration.cs Line: 185)

[Meta] libopenxr_loader.so from other packages will be disabled because of enabled MetaXRFeature: Packages/com.unity.xr.openxr/Runtime/MockRuntime/android/x64/libopenxr_loader.so
UnityEngine.Debug:ExtractStackTraceNoAlloc (byte*,int,string)
UnityEngine.StackTraceUtility:ExtractStackTrace () (at /Users/bokken/build/output/unity/unity/Runtime/Export/Scripting/StackTrace.cs:35)
UnityEngine.DebugLogHandler:Internal_Log (UnityEngine.LogType,UnityEngine.LogOption,string,UnityEngine.Object)
UnityEngine.DebugLogHandler:LogFormat (UnityEngine.LogType,UnityEngine.Object,string,object[])
UnityEngine.Logger:LogFormat (UnityEngine.LogType,string,object[])
UnityEngine.Debug:LogFormat (string,object[])
OVRGradleGeneration:OnPreprocessBuild (UnityEditor.Build.Reporting.BuildReport) (at ./Library/PackageCache/com.meta.xr.sdk.core@f8b4cfb2789f/Editor/OVRGradleGeneration.cs:185)
UnityEditor.Build.BuildPipelineInterfaces/<>c__DisplayClass17_0:<OnBuildPreProcess>b__1 (UnityEditor.Build.IPreprocessBuildWithReport) (at /Users/bokken/build/output/unity/unity/Editor/Mono/BuildPipeline/BuildPipelineInterfaces.cs:526)
UnityEditor.Build.BuildPipelineInterfaces:InvokeCallbackInterfacesPair<UnityEditor.Build.IPreprocessBuild, UnityEditor.Build.IPreprocessBuildWithReport> (System.Collections.Generic.List`1<UnityEditor.Build.IPreprocessBuild>,System.Action`1<UnityEditor.Build.IPreprocessBuild>,System.Collections.Generic.List`1<UnityEditor.Build.IPreprocessBuildWithReport>,System.Action`1<UnityEditor.Build.IPreprocessBuildWithReport>,bool) (at /Users/bokken/build/output/unity/unity/Editor/Mono/BuildPipeline/BuildPipelineInterfaces.cs:492)
UnityEditor.Build.BuildPipelineInterfaces:OnBuildPreProcess (UnityEditor.Build.Reporting.BuildReport) (at /Users/bokken/build/output/unity/unity/Editor/Mono/BuildPipeline/BuildPipelineInterfaces.cs:524)
UnityEditor.BuildPipeline:BuildPlayerInternalNoCheck (string[],string,string,UnityEditor.BuildTargetGroup,UnityEditor.BuildTarget,int,UnityEditor.BuildOptions,string[],bool)
UnityEditor.BuildPipeline:BuildPlayerInternal (string[],string,string,UnityEditor.BuildTargetGroup,UnityEditor.BuildTarget,int,UnityEditor.BuildOptions,string[]) (at /Users/bokken/build/output/unity/unity/Editor/Mono/BuildPipeline.bindings.cs:494)
UnityEditor.BuildPipeline:BuildPlayer (string[],string,string,UnityEditor.BuildTargetGroup,UnityEditor.BuildTarget,int,UnityEditor.BuildOptions,string[]) (at /Users/bokken/build/output/unity/unity/Editor/Mono/BuildPipeline.bindings.cs:410)
UnityEditor.BuildPipeline:BuildPlayer (UnityEditor.BuildPlayerOptions) (at /Users/bokken/build/output/unity/unity/Editor/Mono/BuildPipeline.bindings.cs:356)
Milzet.Editor.BuildViewer:Build (UnityEditor.BuildTarget,string) (at Assets/Milzet/Editor/BuildViewer.cs:36)
Milzet.Editor.BuildViewer:Android () (at Assets/Milzet/Editor/BuildViewer.cs:33)
Milzet.Editor.BuildViewer:StartupBuild (string,int) (at Assets/Milzet/Editor/BuildViewer.cs:31)
Milzet.Editor.BuildViewer:InteractionRepair () (at Assets/Milzet/Editor/BuildViewer.cs:30)

(Filename: ./Library/PackageCache/com.meta.xr.sdk.core@f8b4cfb2789f/Editor/OVRGradleGeneration.cs Line: 185)

[Meta] Native plugin included in build because of enabled MetaXRFeature: Packages/com.meta.xr.sdk.core/Plugins/AndroidOpenXR/OVRPlugin.aar
UnityEngine.Debug:ExtractStackTraceNoAlloc (byte*,int,string)
UnityEngine.StackTraceUtility:ExtractStackTrace () (at /Users/bokken/build/output/unity/unity/Runtime/Export/Scripting/StackTrace.cs:35)
UnityEngine.DebugLogHandler:Internal_Log (UnityEngine.LogType,UnityEngine.LogOption,string,UnityEngine.Object)
UnityEngine.DebugLogHandler:LogFormat (UnityEngine.LogType,UnityEngine.Object,string,object[])
UnityEngine.Logger:LogFormat (UnityEngine.LogType,string,object[])
UnityEngine.Debug:LogFormat (string,object[])
OVRGradleGeneration:OnPreprocessBuild (UnityEditor.Build.Reporting.BuildReport) (at ./Library/PackageCache/com.meta.xr.sdk.core@f8b4cfb2789f/Editor/OVRGradleGeneration.cs:173)
UnityEditor.Build.BuildPipelineInterfaces/<>c__DisplayClass17_0:<OnBuildPreProcess>b__1 (UnityEditor.Build.IPreprocessBuildWithReport) (at /Users/bokken/build/output/unity/unity/Editor/Mono/BuildPipeline/BuildPipelineInterfaces.cs:526)
UnityEditor.Build.BuildPipelineInterfaces:InvokeCallbackInterfacesPair<UnityEditor.Build.IPreprocessBuild, UnityEditor.Build.IPreprocessBuildWithReport> (System.Collections.Generic.List`1<UnityEditor.Build.IPreprocessBuild>,System.Action`1<UnityEditor.Build.IPreprocessBuild>,System.Collections.Generic.List`1<UnityEditor.Build.IPreprocessBuildWithReport>,System.Action`1<UnityEditor.Build.IPreprocessBuildWithReport>,bool) (at /Users/bokken/build/output/unity/unity/Editor/Mono/BuildPipeline/BuildPipelineInterfaces.cs:492)
UnityEditor.Build.BuildPipelineInterfaces:OnBuildPreProcess (UnityEditor.Build.Reporting.BuildReport) (at /Users/bokken/build/output/unity/unity/Editor/Mono/BuildPipeline/BuildPipelineInterfaces.cs:524)
UnityEditor.BuildPipeline:BuildPlayerInternalNoCheck (string[],string,string,UnityEditor.BuildTargetGroup,UnityEditor.BuildTarget,int,UnityEditor.BuildOptions,string[],bool)
UnityEditor.BuildPipeline:BuildPlayerInternal (string[],string,string,UnityEditor.BuildTargetGroup,UnityEditor.BuildTarget,int,UnityEditor.BuildOptions,string[]) (at /Users/bokken/build/output/unity/unity/Editor/Mono/BuildPipeline.bindings.cs:494)
UnityEditor.BuildPipeline:BuildPlayer (string[],string,string,UnityEditor.BuildTargetGroup,UnityEditor.BuildTarget,int,UnityEditor.BuildOptions,string[]) (at /Users/bokken/build/output/unity/unity/Editor/Mono/BuildPipeline.bindings.cs:410)
UnityEditor.BuildPipeline:BuildPlayer (UnityEditor.BuildPlayerOptions) (at /Users/bokken/build/output/unity/unity/Editor/Mono/BuildPipeline.bindings.cs:356)
Milzet.Editor.BuildViewer:Build (UnityEditor.BuildTarget,string) (at Assets/Milzet/Editor/BuildViewer.cs:36)
Milzet.Editor.BuildViewer:Android () (at Assets/Milzet/Editor/BuildViewer.cs:33)
Milzet.Editor.BuildViewer:StartupBuild (string,int) (at Assets/Milzet/Editor/BuildViewer.cs:31)
Milzet.Editor.BuildViewer:InteractionRepair () (at Assets/Milzet/Editor/BuildViewer.cs:30)

(Filename: ./Library/PackageCache/com.meta.xr.sdk.core@f8b4cfb2789f/Editor/OVRGradleGeneration.cs Line: 173)

Start importing ProjectSettings/ProjectSettings.asset using Guid(00000000000000004000000000000000) (LibraryAssetImporter) -> (artifact id: 'c9bcd3425f69e698702b3acc2cabfac3') in 0.001110292 seconds
Start importing Assets/XR/Settings/OpenXR Package Settings.asset using Guid(720d9c3e3c30d4b52b870758e7e5bf78) (NativeFormatImporter) -> (artifact id: 'b4c0a857bafb51b5280ecaaf75ea289c') in 0.00061175 seconds
Refreshing native plugins compatible for Editor in 8.64 ms, found 9 plugins.
Preloading 0 native plugins for Editor in 0.00 ms.
Asset Pipeline Refresh (id=bebec376c99e640bdb5e5dfee9da3a9e): Total: 0.019 seconds - Initiated by StopAssetImportingV2(NoUpdateAssetOptions)
DisplayProgressbar: Checking prerequisites
Reporting tool paths:
 JDK: '/Applications/Unity/Hub/Editor/6000.3.22f1/PlaybackEngines/AndroidPlayer/OpenJDK'
 Android SDK: '/Applications/Unity/Hub/Editor/6000.3.22f1/PlaybackEngines/AndroidPlayer/SDK'
 Android NDK: '/Applications/Unity/Hub/Editor/6000.3.22f1/PlaybackEngines/AndroidPlayer/NDK'
 Gradle: '/Applications/Unity/Hub/Editor/6000.3.22f1/PlaybackEngines/AndroidPlayer/Tools/gradle' (Gradle Version: '9.1.0' Android Plugin Version: '9.0.0')
Android PostProcess task "Checking prerequisites" took 10,3299 ms
DisplayProgressbar: Detect Java Development Kit (JDK)
Android PostProcess task "Detect Java Development Kit (JDK)" took 1,3542 ms
DisplayProgressbar: Detecting Android SDK
AndroidSDKTools:

	root          : /Applications/Unity/Hub/Editor/6000.3.22f1/PlaybackEngines/AndroidPlayer/SDK
	cmdline-tools : /Applications/Unity/Hub/Editor/6000.3.22f1/PlaybackEngines/AndroidPlayer/SDK/cmdline-tools/16.0
	platform-tools: /Applications/Unity/Hub/Editor/6000.3.22f1/PlaybackEngines/AndroidPlayer/SDK/platform-tools
	build-tools   : /Applications/Unity/Hub/Editor/6000.3.22f1/PlaybackEngines/AndroidPlayer/SDK/build-tools/36.0.0

	adb           : /Applications/Unity/Hub/Editor/6000.3.22f1/PlaybackEngines/AndroidPlayer/SDK/platform-tools/adb

Android PostProcess task "Detecting Android SDK" took 3774,1438 ms
DisplayProgressbar: Detect Android NDK
Android PostProcess task "Detect Android NDK" took 0,4082 ms
Android PostProcess task "Trying to find a suitable Android device" took 0,2699 ms
DisplayProgressbar: Check resources
Android PostProcess task "Check resources" took 0,1091 ms
DisplayProgressbar: Check Android Player Settings
Android PostProcess task "Check Android Player Settings" took 0,8012 ms
[40m[32minfo[39m[22m[49m: Microsoft.AspNetCore.Hosting.Diagnostics[1]
      Request starting HTTP/2 POST http://ilpp/UnityILPP.PostProcessing/Ping application/grpc -
[40m[32minfo[39m[22m[49m: Microsoft.AspNetCore.Routing.EndpointMiddleware[0]
      Executing endpoint 'gRPC - /UnityILPP.PostProcessing/Ping'
[40m[32minfo[39m[22m[49m: Microsoft.AspNetCore.Routing.EndpointMiddleware[1]
      Executed endpoint 'gRPC - /UnityILPP.PostProcessing/Ping'
[40m[32minfo[39m[22m[49m: Microsoft.AspNetCore.Hosting.Diagnostics[2]
      Request finished HTTP/2 POST http://ilpp/UnityILPP.PostProcessing/Ping application/grpc - - 200 - application/grpc 0.3795ms
Starting: /Applications/Unity/Hub/Editor/6000.3.22f1/Unity.app/Contents/Resources/BuildPipeline/bee_backend --ipc --defer-dag-verification --dagfile="Library/Bee/1300b0aESkipCompile.dag" --continue-on-failure --profile="Library/Bee/backend1.traceevents" ScriptAssembliesAndTypeDB
WorkingDir: /Users/mziwamadoda/Projects/Binteca/Interactive/milzetvrstudio/Unity
DisplayProgressbar: Compiling Scripts
[Licensing::Client] Successfully resolved entitlement details
ExitCode: 0 Duration: 0s896ms
[2/3        0s] BuildPlayerDataGenerator Library/BuildPlayerData/Editor/TypeDb-All.json
*** Tundra build success (0.88 seconds), 1 items updated, 3 evaluated
Total cache size 267381837
Start importing Assets/StreamingAssets/RuntimeActionBindings.json using Guid(f46595c35d89e402482d091cb8c5238b) (DefaultImporter)Total cache size after purge 267381837, took 00:00:00.1589525
 -> (artifact id: '7b36470078d3fa9699eb5815a126d05b') in 0.044527667 seconds
Start importing Assets/Resources/PerformanceTestRunSettings.json using Guid(c968eb14057fb4b7e891e20cff3448c7) (TextScriptImporter) -> (artifact id: '4cc0b301d9bea134bf0814d4ba583ba6') in 0.000760666 seconds
Start importing Assets/Resources/PerformanceTestRunInfo.json using Guid(1ae4c685641114b23a62cbca8a3bde73) (TextScriptImporter) -> (artifact id: '95d7100d90df54132f7bb04bf91aee7c') in 0.000735708 seconds
Refreshing native plugins compatible for Editor in 2.45 ms, found 9 plugins.
Preloading 0 native plugins for Editor in 0.00 ms.
Asset Pipeline Refresh (id=0a0d1ada6eed944019930a5588f8d6ea): Total: 0.117 seconds - Initiated by RefreshV2(NoUpdateAssetOptions)
[ScriptCompilation] Requested script compilation because: Recompiling scripts for player build.
BuildPlayer: start building target 13
[40m[32minfo[39m[22m[49m: Microsoft.AspNetCore.Hosting.Diagnostics[1]
      Request starting HTTP/2 POST http://ilpp/UnityILPP.PostProcessing/Ping application/grpc -
[40m[32minfo[39m[22m[49m: Microsoft.AspNetCore.Routing.EndpointMiddleware[0]
      Executing endpoint 'gRPC - /UnityILPP.PostProcessing/Ping'
[40m[32minfo[39m[22m[49m: Microsoft.AspNetCore.Routing.EndpointMiddleware[1]
      Executed endpoint 'gRPC - /UnityILPP.PostProcessing/Ping'
[40m[32minfo[39m[22m[49m: Microsoft.AspNetCore.Hosting.Diagnostics[2]
      Request finished HTTP/2 POST http://ilpp/UnityILPP.PostProcessing/Ping application/grpc - - 200 - application/grpc 0.2330ms
Starting: /Applications/Unity/Hub/Editor/6000.3.22f1/Unity.app/Contents/Resources/BuildPipeline/bee_backend --ipc --defer-dag-verification --dagfile="Library/Bee/1300b0aPDevDbg.dag" --continue-on-failure --profile="Library/Bee/backend1.traceevents" ScriptAssembliesAndTypeDB
WorkingDir: /Users/mziwamadoda/Projects/Binteca/Interactive/milzetvrstudio/Unity
[40m[32minfo[39m[22m[49m: Microsoft.AspNetCore.Hosting.Diagnostics[1]
      Request starting HTTP/2 POST http://ilpp/UnityILPP.PostProcessing/ConfigurePostProcessors application/grpc -
[40m[32minfo[39m[22m[49m: Microsoft.AspNetCore.Routing.EndpointMiddleware[0]
      Executing endpoint 'gRPC - /UnityILPP.PostProcessing/ConfigurePostProcessors'
[40m[32minfo[39m[22m[49m: Unity.ILPP.Runner.PostProcessingAssemblyLoadContext[0]
      ALC ILPP context 1 is unloading
[40m[1m[33mwarn[39m[22m[49m: Unity.ILPP.Runner.PostProcessingAssemblyLoadContext[0]
      Assembly system.runtime.interopservices.windowsruntime has duplicate hint path. Ignoring "/Applications/Unity/Hub/Editor/6000.3.22f1/Unity.app/Contents/Resources/Scripting/UnityReferenceAssemblies/unity-4.8-api/Facades/System.Runtime.InteropServices.WindowsRuntime.dll" in favor of "/Applications/Unity/Hub/Editor/6000.3.22f1/Unity.app/Contents/Resources/Scripting/NetStandard/Extensions/2.0.0/System.Runtime.InteropServices.WindowsRuntime.dll"
[40m[1m[33mwarn[39m[22m[49m: Unity.ILPP.Runner.PostProcessingAssemblyLoadContext[0]
      Assembly system.componentmodel.composition has duplicate hint path. Ignoring "/Applications/Unity/Hub/Editor/6000.3.22f1/Unity.app/Contents/Resources/Scripting/UnityReferenceAssemblies/unity-4.8-api/System.ComponentModel.Composition.dll" in favor of "/Applications/Unity/Hub/Editor/6000.3.22f1/Unity.app/Contents/Resources/Scripting/NetStandard/compat/2.1.0/shims/netfx/System.ComponentModel.Composition.dll"
[40m[32minfo[39m[22m[49m: Unity.ILPP.Runner.PostProcessingAssemblyLoadContext[0]
      Resolved Unity.Burst.Cecil, Version=0.11.6.0, Culture=neutral, PublicKeyToken=50cebf1cceb9d05e with Library/PackageCache/com.unity.burst@2f3d916873ea/Unity.Burst.CodeGen/Unity.Burst.Cecil.dll
[40m[32minfo[39m[22m[49m: Unity.ILPP.Runner.PostProcessingAssemblyLoadContext[0]
      Resolved Mono.Cecil, Version=0.11.5.0, Culture=neutral, PublicKeyToken=50cebf1cceb9d05e with Library/PackageCache/com.unity.nuget.mono-cecil@ecb9724e46ff/Mono.Cecil.dll
[40m[32minfo[39m[22m[49m: Microsoft.AspNetCore.Routing.EndpointMiddleware[1]
      Executed endpoint 'gRPC - /UnityILPP.PostProcessing/ConfigurePostProcessors'
[40m[32minfo[39m[22m[49m: Microsoft.AspNetCore.Hosting.Diagnostics[2]
      Request finished HTTP/2 POST http://ilpp/UnityILPP.PostProcessing/ConfigurePostProcessors application/grpc - - 200 - application/grpc 6.7233ms
[40m[32minfo[39m[22m[49m: Microsoft.AspNetCore.Hosting.Diagnostics[1]
      Request starting HTTP/2 POST http://ilpp/UnityILPP.PostProcessing/PostProcessAssembly application/grpc -
[40m[32minfo[39m[22m[49m: Microsoft.AspNetCore.Routing.EndpointMiddleware[0]
      Executing endpoint 'gRPC - /UnityILPP.PostProcessing/PostProcessAssembly'
[40m[32minfo[39m[22m[49m: Unity.ILPP.Runner.PostProcessingPipeline[0]
      Processing assembly Library/Bee/artifacts/1300b0aPDevDbg.dag/Assembly-CSharp.dll, with 144 defines and 221 references
[40m[32minfo[39m[22m[49m: Unity.ILPP.Runner.PostProcessingPipeline[0]
      processors: Unity.Jobs.CodeGen.JobsILPostProcessor, zzzUnity.Burst.CodeGen.BurstILPostProcessor
[40m[32minfo[39m[22m[49m: Unity.ILPP.Runner.PostProcessingPipeline[0]
      running Unity.Jobs.CodeGen.JobsILPostProcessor
[40m[32minfo[39m[22m[49m: Unity.ILPP.Runner.PostProcessingAssemblyLoadContext[0]
      Resolved Unity.Collections, Version=0.0.0.0, Culture=neutral, PublicKeyToken=null with Library/Bee/artifacts/Android_CodeGen/Unity.Collections.dll
[40m[32minfo[39m[22m[49m: Unity.ILPP.Runner.PostProcessingAssemblyLoadContext[0]
      Resolved UnityEditor.CoreModule, Version=0.0.0.0, Culture=neutral, PublicKeyToken=null with /Applications/Unity/Hub/Editor/6000.3.22f1/Unity.app/Contents/Resources/Scripting/Managed/UnityEngine/UnityEditor.CoreModule.dll
[40m[32minfo[39m[22m[49m: Unity.ILPP.Runner.PostProcessingAssemblyLoadContext[0]
      Resolved UnityEngine.CoreModule, Version=0.0.0.0, Culture=neutral, PublicKeyToken=null with /Applications/Unity/Hub/Editor/6000.3.22f1/Unity.app/Contents/Resources/Scripting/Managed/UnityEngine/UnityEngine.CoreModule.dll
[40m[32minfo[39m[22m[49m: Unity.ILPP.Runner.PostProcessingPipeline[0]
      running zzzUnity.Burst.CodeGen.BurstILPostProcessor
[40m[32minfo[39m[22m[49m: Unity.ILPP.Runner.PostProcessingAssemblyLoadContext[0]
      Resolved Unity.Burst.Cecil.Rocks, Version=0.11.6.0, Culture=neutral, PublicKeyToken=50cebf1cceb9d05e with Library/PackageCache/com.unity.burst@2f3d916873ea/Unity.Burst.CodeGen/Unity.Burst.Cecil.Rocks.dll
[40m[32minfo[39m[22m[49m: Microsoft.AspNetCore.Routing.EndpointMiddleware[1]
      Executed endpoint 'gRPC - /UnityILPP.PostProcessing/PostProcessAssembly'
[40m[32minfo[39m[22m[49m: Microsoft.AspNetCore.Hosting.Diagnostics[2]
      Request finished HTTP/2 POST http://ilpp/UnityILPP.PostProcessing/PostProcessAssembly application/grpc - - 200 - application/grpc 231.5159ms
Assets/Milzet/Runtime/PackageRoom.cs(24,305): warning CS0618: 'PermissionCallbacks.PermissionDeniedAndDontAskAgain' is obsolete: 'Unreliable. Query ShouldShowRequestPermissionRationale and use PermissionDenied event.'
Total cache size 267381837
Total cache size after purge 267381837, took 00:00:00.0842877
ExitCode: 0 Duration: 1s460ms
[506/615    0s] ILPP-Configuration Library/ilpp-configuration.nevergeneratedoutput
[535/615    0s] CopyFiles Library/Bee/PlayerScriptAssemblies/glTFast.dots.dll
[536/615    0s] CopyFiles Library/Bee/PlayerScriptAssemblies/glTFast.Newtonsoft.dll
[537/615    0s] CopyFiles Library/Bee/PlayerScriptAssemblies/Unity.InputSystem.ForUI.dll
[540/615    0s] CopyFiles Library/Bee/PlayerScriptAssemblies/Oculus.VR.dll
[541/615    0s] CopyFiles Library/Bee/PlayerScriptAssemblies/Unity.XR.Management.dll
[542/615    0s] CopyFiles Library/Bee/PlayerScriptAssemblies/Meta.XR.MultiplayerBlocks.Shared.dll
[543/615    0s] CopyFiles Library/Bee/PlayerScriptAssemblies/glTFast.dll
[544/615    0s] CopyFiles Library/Bee/PlayerScriptAssemblies/glTFast.Documentation.Examples.dll
[545/615    0s] CopyFiles Library/Bee/PlayerScriptAssemblies/Unity.XR.OpenXR.dll
[546/615    0s] CopyFiles Library/Bee/PlayerScriptAssemblies/Unity.XR.OpenXR.Features.ConformanceAutomation.dll
[547/615    0s] CopyFiles Library/Bee/PlayerScriptAssemblies/UnityEngine.XR.LegacyInputHelpers.dll
[548/615    0s] CopyFiles Library/Bee/PlayerScriptAssemblies/Meta.XR.ImmersiveDebugger.dll
[549/615    0s] CopyFiles Library/Bee/PlayerScriptAssemblies/UnityEngine.UI.dll
[550/615    0s] CopyFiles Library/Bee/PlayerScriptAssemblies/UnityEngine.SpatialTracking.dll
[551/615    0s] CopyFiles Library/Bee/PlayerScriptAssemblies/Unity.XR.OpenXR.Features.RuntimeDebugger.dll
[552/615    0s] CopyFiles Library/Bee/PlayerScriptAssemblies/Unity.InputSystem.dll
[553/615    0s] CopyFiles Library/Bee/PlayerScriptAssemblies/Unity.XR.OpenXR.Features.MetaQuestSupport.dll
[555/615    0s] CopyFiles Library/Bee/PlayerScriptAssemblies/Meta.XR.EnvironmentDepth.dll
[556/615    0s] CopyFiles Library/Bee/PlayerScriptAssemblies/Unity.AI.Navigation.dll
[557/615    0s] CopyFiles Library/Bee/PlayerScriptAssemblies/Unity.TextMeshPro.dll
[558/615    0s] CopyFiles Library/Bee/PlayerScriptAssemblies/Unity.Timeline.dll
[559/615    0s] CopyFiles Library/Bee/PlayerScriptAssemblies/Unity.Burst.dll
[560/615    0s] CopyFiles Library/Bee/PlayerScriptAssemblies/Meta.XR.BuildingBlocks.DepthAPI.dll
[561/615    0s] CopyFiles Library/Bee/PlayerScriptAssemblies/Unity.XR.OpenXR.Features.MockRuntime.dll
[563/615    0s] CopyFiles Library/Bee/PlayerScriptAssemblies/Unity.XR.OpenXR.Features.OculusQuestSupport.dll
[564/615    0s] CopyFiles Library/Bee/PlayerScriptAssemblies/Unity.InternalAPIEngineBridge.004.dll
[565/615    0s] CopyFiles Library/Bee/PlayerScriptAssemblies/Meta.XR.BuildingBlocks.dll
[568/615    0s] CopyFiles Library/Bee/PlayerScriptAssemblies/Unity.Mathematics.dll
[569/615    0s] CopyFiles Library/Bee/PlayerScriptAssemblies/Meta.XR.ImmersiveDebugger.Interface.dll
[570/615    0s] CopyFiles Library/Bee/PlayerScriptAssemblies/Unity.XR.CoreUtils.dll
[571/615    0s] CopyFiles Library/Bee/PlayerScriptAssemblies/glTFast.Export.dll
[572/615    0s] CopyFiles Library/Bee/PlayerScriptAssemblies/meta.xr.mrutilitykit.dll
[573/615    0s] CopyFiles Library/Bee/PlayerScriptAssemblies/Meta.XR.BuildingBlocks.AIBlocks.dll
[574/615    0s] CopyFiles Library/Bee/PlayerScriptAssemblies/Unity.Collections.pdb
[575/615    0s] CopyFiles Library/Bee/PlayerScriptAssemblies/Unity.Collections.dll
[576/615    0s] CopyFiles Library/Bee/PlayerScriptAssemblies/Meta.XR.BuildingBlocks.AIBlocks.pdb
[577/615    0s] CopyFiles Library/Bee/PlayerScriptAssemblies/Unity.Burst.pdb
[578/615    0s] CopyFiles Library/Bee/PlayerScriptAssemblies/glTFast.pdb
[579/615    0s] CopyFiles Library/Bee/PlayerScriptAssemblies/Oculus.VR.pdb
[580/615    0s] CopyFiles Library/Bee/PlayerScriptAssemblies/Unity.Mathematics.pdb
[581/615    0s] CopyFiles Library/Bee/PlayerScriptAssemblies/glTFast.Newtonsoft.pdb
[582/615    0s] CopyFiles Library/Bee/PlayerScriptAssemblies/Unity.XR.Management.pdb
[583/615    0s] CopyFiles Library/Bee/PlayerScriptAssemblies/Unity.XR.OpenXR.pdb
[584/615    0s] CopyFiles Library/Bee/PlayerScriptAssemblies/Unity.Timeline.pdb
[585/615    0s] CopyFiles Library/Bee/PlayerScriptAssemblies/UnityEngine.SpatialTracking.pdb
[586/615    0s] CopyFiles Library/Bee/PlayerScriptAssemblies/Unity.InternalAPIEngineBridge.004.pdb
[587/615    0s] CopyFiles Library/Bee/PlayerScriptAssemblies/Meta.XR.EnvironmentDepth.pdb
[588/615    0s] CopyFiles Library/Bee/PlayerScriptAssemblies/Unity.XR.OpenXR.Features.RuntimeDebugger.pdb
[589/615    0s] CopyFiles Library/Bee/PlayerScriptAssemblies/Meta.XR.ImmersiveDebugger.Interface.pdb
[590/615    0s] CopyFiles Library/Bee/PlayerScriptAssemblies/Meta.XR.ImmersiveDebugger.pdb
[591/615    0s] CopyFiles Library/Bee/PlayerScriptAssemblies/glTFast.Export.pdb
[592/615    0s] CopyFiles Library/Bee/PlayerScriptAssemblies/Unity.AI.Navigation.pdb
[593/615    0s] CopyFiles Library/Bee/PlayerScriptAssemblies/UnityEngine.UI.pdb
[594/615    0s] CopyFiles Library/Bee/PlayerScriptAssemblies/Meta.XR.BuildingBlocks.DepthAPI.pdb
[595/615    0s] CopyFiles Library/Bee/PlayerScriptAssemblies/Unity.InputSystem.pdb
[596/615    0s] CopyFiles Library/Bee/PlayerScriptAssemblies/Meta.XR.MultiplayerBlocks.Shared.pdb
[597/615    0s] CopyFiles Library/Bee/PlayerScriptAssemblies/meta.xr.mrutilitykit.pdb
[598/615    0s] CopyFiles Library/Bee/PlayerScriptAssemblies/Unity.XR.OpenXR.Features.ConformanceAutomation.pdb
[599/615    0s] CopyFiles Library/Bee/PlayerScriptAssemblies/Unity.XR.OpenXR.Features.OculusQuestSupport.pdb
[600/615    0s] CopyFiles Library/Bee/PlayerScriptAssemblies/Unity.XR.OpenXR.Features.MetaQuestSupport.pdb
[601/615    0s] CopyFiles Library/Bee/PlayerScriptAssemblies/Unity.XR.CoreUtils.pdb
[602/615    0s] CopyFiles Library/Bee/PlayerScriptAssemblies/Unity.XR.OpenXR.Features.MockRuntime.pdb
[603/615    0s] CopyFiles Library/Bee/PlayerScriptAssemblies/Unity.TextMeshPro.pdb
[604/615    0s] CopyFiles Library/Bee/PlayerScriptAssemblies/glTFast.Documentation.Examples.pdb
[605/615    0s] CopyFiles Library/Bee/PlayerScriptAssemblies/Unity.InputSystem.ForUI.pdb
[606/615    0s] CopyFiles Library/Bee/PlayerScriptAssemblies/glTFast.dots.pdb
[607/615    0s] CopyFiles Library/Bee/PlayerScriptAssemblies/Meta.XR.BuildingBlocks.pdb
[608/615    0s] CopyFiles Library/Bee/PlayerScriptAssemblies/UnityEngine.XR.LegacyInputHelpers.pdb
[609/615    0s] Csc Library/Bee/artifacts/1300b0aPDevDbg.dag/Assembly-CSharp.dll (+2 others)
Assets/Milzet/Runtime/PackageRoom.cs(24,305): warning CS0618: 'PermissionCallbacks.PermissionDeniedAndDontAskAgain' is obsolete: 'Unreliable. Query ShouldShowRequestPermissionRationale and use PermissionDenied event.'
[610/615    0s] ILPostProcess Library/Bee/artifacts/1300b0aPDevDbg.dag/post-processed/Assembly-CSharp.dll (+pdb)
Processing assembly Library/Bee/artifacts/1300b0aPDevDbg.dag/Assembly-CSharp.dll, with 144 defines and 221 references
processors: Unity.Jobs.CodeGen.JobsILPostProcessor, zzzUnity.Burst.CodeGen.BurstILPostProcessor
running Unity.Jobs.CodeGen.JobsILPostProcessor
running zzzUnity.Burst.CodeGen.BurstILPostProcessor
[611/615    0s] CopyFiles Library/Bee/PlayerScriptAssemblies/Assembly-CSharp.pdb
[612/615    0s] CopyFiles Library/Bee/PlayerScriptAssemblies/Assembly-CSharp.dll
[614/615    0s] BuildPlayerDataGenerator Library/BuildPlayerData/Player/RuntimeInitializeOnLoads.json (+1 other)
*** Tundra build success (1.34 seconds), 74 items updated, 615 evaluated
Rebuilding Data files because Assets/Milzet/TemporaryViewerBuild.unity is dirty (hash)
2026-09-09 16:38:38.942 Unity[30648:3849758] NSEventModifierFlagFunction specified to -setKeyEquivalentModifierMask: for item <NSMenuItem: 0x7745112c0 SDF, ke='Command-F12'>, but is only supported for system-provided menu items; will not be used
Opening scene 'Assets/Milzet/TemporaryViewerBuild.unity'
Unloading 2 Unused Serialized files (Serialized files now loaded: 0)
Loaded scene 'Assets/Milzet/TemporaryViewerBuild.unity'
	Deserialize:            0.203 ms
	Integration:            149.550 ms
	Integration of assets:  0.001 ms
	Thread Wait Time:       1.191 ms
	Total Operation Time:   150.945 ms
Unloading 79 unused Assets / (0.6 MB). Loaded Objects now: 6682.
Memory consumption went from 273.4 MB to 272.8 MB.
Total: 14.390583 ms (FindLiveObjects: 0.169042 ms CreateObjectMapping: 0.055250 ms MarkObjects: 13.838041 ms  DeleteObjects: 0.328084 ms)

Created GICache directory at /Users/mziwamadoda/Library/Caches/com.unity3d.UnityEditor/GiCache. Took: 0.003s, timestamps: [20.247 - 20.250]


Mono dependencies included in the build
Dependency assembly - Meta.XR.ImmersiveDebugger.dll
Dependency assembly - Meta.XR.MultiplayerBlocks.Shared.dll
Dependency assembly - System.Xml.XPath.XDocument.dll
Dependency assembly - mscorlib.dll
Dependency assembly - System.Runtime.Loader.dll
Dependency assembly - System.Text.Encoding.dll
Dependency assembly - System.Console.dll
Dependency assembly - System.Net.Security.dll
Dependency assembly - System.IO.Compression.ZipFile.dll
Dependency assembly - System.Runtime.DurableInstancing.dll
Dependency assembly - System.Web.DynamicData.dll
Dependency assembly - Unity.InternalAPIEngineBridge.004.dll
Dependency assembly - System.ComponentModel.TypeConverter.dll
Dependency assembly - System.Diagnostics.Tracing.dll
Dependency assembly - System.Messaging.dll
Dependency assembly - System.Diagnostics.Tools.dll
Dependency assembly - System.Threading.Tasks.Parallel.dll
Dependency assembly - System.Transactions.dll
Dependency assembly - System.Security.dll
Dependency assembly - Unity.Timeline.dll
Dependency assembly - System.IO.Compression.FileSystem.dll
Dependency assembly - System.Net.ServicePoint.dll
Dependency assembly - System.Web.RegularExpressions.dll
Dependency assembly - glTFast.Export.dll
Dependency assembly - System.IO.FileSystem.Watcher.dll
Dependency assembly - System.Security.Cryptography.DeriveBytes.dll
Dependency assembly - System.Net.WebHeaderCollection.dll
Dependency assembly - System.IO.IsolatedStorage.dll
Dependency assembly - System.Configuration.dll
Dependency assembly - glTFast.dll
Dependency assembly - System.IdentityModel.dll
Dependency assembly - System.Windows.Forms.DataVisualization.dll
Dependency assembly - System.Linq.Expressions.dll
Dependency assembly - System.Security.Principal.Windows.dll
Dependency assembly - System.Data.Services.dll
Dependency assembly - Oculus.VR.dll
Dependency assembly - System.Runtime.Remoting.dll
Dependency assembly - System.ComponentModel.Annotations.dll
Dependency assembly - System.Data.DataSetExtensions.dll
Dependency assembly - Assembly-CSharp.dll
Dependency assembly - System.Text.RegularExpressions.dll
Dependency assembly - System.Diagnostics.TextWriterTraceListener.dll
Dependency assembly - System.Dynamic.Runtime.dll
Dependency assembly - System.Net.Requests.dll
Dependency assembly - System.Collections.dll
Dependency assembly - System.Resources.Writer.dll
Dependency assembly - System.Xml.Serialization.dll
Dependency assembly - System.Threading.dll
Dependency assembly - Unity.XR.OpenXR.dll
Dependency assembly - Microsoft.Win32.Registry.dll
Dependency assembly - System.Security.Cryptography.X509Certificates.dll
Dependency assembly - System.Globalization.Extensions.dll
Dependency assembly - Mono.Data.Tds.dll
Dependency assembly - System.Resources.Reader.dll
Dependency assembly - System.Threading.Tasks.dll
Dependency assembly - Meta.XR.BuildingBlocks.AIBlocks.dll
Dependency assembly - System.Json.dll
Dependency assembly - Unity.XR.OpenXR.Features.OculusQuestSupport.dll
Dependency assembly - System.Reflection.Emit.ILGeneration.dll
Dependency assembly - System.Memory.dll
Dependency assembly - System.AppContext.dll
Dependency assembly - System.Net.WebSockets.Client.dll
Dependency assembly - System.Net.Http.dll
Dependency assembly - System.Threading.Timer.dll
Dependency assembly - System.ServiceModel.Security.dll
Dependency assembly - System.Runtime.Serialization.Primitives.dll
Dependency assembly - Meta.XR.EnvironmentDepth.dll
Dependency assembly - System.IO.FileSystem.Primitives.dll
Dependency assembly - System.Security.Claims.dll
Dependency assembly - System.Xaml.dll
Dependency assembly - System.Drawing.Design.dll
Dependency assembly - Meta.XR.ImmersiveDebugger.Interface.dll
Dependency assembly - System.Net.Mail.dll
Dependency assembly - System.ServiceModel.dll
Dependency assembly - System.Data.Entity.dll
Dependency assembly - System.Net.Cache.dll
Dependency assembly - System.ComponentModel.Composition.dll
Dependency assembly - System.Security.Cryptography.Cng.dll
Dependency assembly - System.Security.Cryptography.Encryption.dll
Dependency assembly - Mono.Data.Sqlite.dll
Dependency assembly - glTFast.dots.dll
Dependency assembly - System.Core.dll
Dependency assembly - System.IO.UnmanagedMemoryStream.dll
Dependency assembly - System.Runtime.Serialization.Xml.dll
Dependency assembly - System.Reflection.Emit.dll
Dependency assembly - System.Runtime.Handles.dll
Dependency assembly - System.Security.Cryptography.OpenSsl.dll
Dependency assembly - System.Security.Cryptography.Pkcs.dll
Dependency assembly - System.Threading.Overlapped.dll
Dependency assembly - System.Design.dll
Dependency assembly - System.Runtime.Serialization.dll
Dependency assembly - System.EnterpriseServices.dll
Dependency assembly - System.Drawing.dll
Dependency assembly - System.Security.Cryptography.Encoding.dll
Dependency assembly - System.ComponentModel.dll
Dependency assembly - Unity.XR.OpenXR.Features.MetaQuestSupport.dll
Dependency assembly - System.Reflection.dll
Dependency assembly - System.Numerics.Vectors.dll
Dependency assembly - System.Reflection.Emit.Lightweight.dll
Dependency assembly - Microsoft.Win32.Registry.AccessControl.dll
Dependency assembly - System.Net.Ping.dll
Dependency assembly - System.Numerics.dll
Dependency assembly - System.Security.Cryptography.ProtectedData.dll
Dependency assembly - System.Net.Sockets.dll
Dependency assembly - System.Security.Cryptography.Primitives.dll
Dependency assembly - System.Resources.ReaderWriter.dll
Dependency assembly - System.ServiceModel.Activation.dll
Dependency assembly - System.Text.Encoding.Extensions.dll
Dependency assembly - UnityEngine.XR.LegacyInputHelpers.dll
Dependency assembly - Unity.XR.OpenXR.Features.ConformanceAutomation.dll
Dependency assembly - System.Runtime.InteropServices.dll
Dependency assembly - System.ServiceModel.Routing.dll
Dependency assembly - System.Windows.Forms.dll
Dependency assembly - Unity.Burst.Unsafe.dll
Dependency assembly - System.Diagnostics.Process.dll
Dependency assembly - System.Reflection.DispatchProxy.dll
Dependency assembly - System.Net.Primitives.dll
Dependency assembly - System.Web.Extensions.dll
Dependency assembly - System.ValueTuple.dll
Dependency assembly - Meta.XR.BuildingBlocks.dll
Dependency assembly - System.Diagnostics.Debug.dll
Dependency assembly - System.Threading.Thread.dll
Dependency assembly - System.Data.Services.Client.dll
Dependency assembly - System.Threading.AccessControl.dll
Dependency assembly - System.Data.Linq.dll
Dependency assembly - System.Net.HttpListener.dll
Dependency assembly - System.Collections.NonGeneric.dll
Dependency assembly - System.Diagnostics.Contracts.dll
Dependency assembly - System.ServiceModel.NetTcp.dll
Dependency assembly - System.Data.dll
Dependency assembly - System.ComponentModel.Primitives.dll
Dependency assembly - System.IO.Compression.dll
Dependency assembly - System.Security.SecureString.dll
Dependency assembly - System.Reflection.Primitives.dll
Dependency assembly - System.ServiceModel.Discovery.dll
Dependency assembly - System.Net.AuthenticationManager.dll
Dependency assembly - System.ServiceModel.Web.dll
Dependency assembly - System.Net.NetworkInformation.dll
Dependency assembly - System.Security.Cryptography.Hashing.Algorithms.dll
Dependency assembly - I18N.Rare.dll
Dependency assembly - System.Collections.Specialized.dll
Dependency assembly - System.Web.ApplicationServices.dll
Dependency assembly - System.Net.dll
Dependency assembly - System.Data.OracleClient.dll
Dependency assembly - System.Globalization.Calendars.dll
Dependency assembly - System.Runtime.Numerics.dll
Dependency assembly - System.Xml.Xsl.Primitives.dll
Dependency assembly - System.Xml.dll
Dependency assembly - System.dll
Dependency assembly - System.Globalization.dll
Dependency assembly - Microsoft.CSharp.dll
Dependency assembly - System.Security.Cryptography.Encryption.Aes.dll
Dependency assembly - System.Net.Http.WebRequest.dll
Dependency assembly - System.Security.Cryptography.Algorithms.dll
Dependency assembly - System.Security.Cryptography.Encryption.ECDiffieHellman.dll
Dependency assembly - System.Linq.Parallel.dll
Dependency assembly - System.Security.Cryptography.RandomNumberGenerator.dll
Dependency assembly - UnityEngine.UI.dll
Dependency assembly - meta.xr.mrutilitykit.dll
Dependency assembly - System.DirectoryServices.dll
Dependency assembly - System.ServiceProcess.dll
Dependency assembly - System.Data.Common.dll
Dependency assembly - Unity.Collections.dll
Dependency assembly - Accessibility.dll
Dependency assembly - System.ServiceModel.Primitives.dll
Dependency assembly - System.Xml.ReaderWriter.dll
Dependency assembly - System.Security.Cryptography.Encryption.ECDsa.dll
Dependency assembly - Unity.TextMeshPro.dll
Dependency assembly - System.Security.Principal.dll
Dependency assembly - System.Net.Utilities.dll
Dependency assembly - I18N.Other.dll
Dependency assembly - System.IO.MemoryMappedFiles.dll
Dependency assembly - System.Threading.Tasks.Extensions.dll
Dependency assembly - System.Management.dll
Dependency assembly - Unity.InputSystem.ForUI.dll
Dependency assembly - System.Threading.ThreadPool.dll
Dependency assembly - System.Runtime.dll
Dependency assembly - System.Buffers.dll
Dependency assembly - System.Security.Cryptography.Csp.dll
Dependency assembly - System.Web.dll
Dependency assembly - I18N.MidEast.dll
Dependency assembly - System.Reflection.Context.dll
Dependency assembly - System.Net.NameResolution.dll
Dependency assembly - Unity.XR.OpenXR.Features.RuntimeDebugger.dll
Dependency assembly - System.ServiceModel.Duplex.dll
Dependency assembly - Unity.AI.Navigation.dll
Dependency assembly - glTFast.Documentation.Examples.dll
Dependency assembly - System.Linq.dll
Dependency assembly - System.IO.FileSystem.DriveInfo.dll
Dependency assembly - System.Reflection.Extensions.dll
Dependency assembly - System.Drawing.Primitives.dll
Dependency assembly - I18N.West.dll
Dependency assembly - Meta.XR.BuildingBlocks.DepthAPI.dll
Dependency assembly - Unity.XR.CoreUtils.dll
Dependency assembly - System.IO.FileSystem.AccessControl.dll
Dependency assembly - UnityEngine.SpatialTracking.dll
Dependency assembly - Unity.Burst.dll
Dependency assembly - System.ComponentModel.DataAnnotations.dll
Dependency assembly - System.Security.AccessControl.dll
Dependency assembly - System.Diagnostics.TraceSource.dll
Dependency assembly - Unity.XR.Management.dll
Dependency assembly - System.Diagnostics.TraceEvent.dll
Dependency assembly - System.Runtime.InteropServices.WindowsRuntime.dll
Dependency assembly - Unity.XR.OpenXR.Features.MockRuntime.dll
Dependency assembly - System.IO.Pipes.dll
Dependency assembly - System.Xml.XmlDocument.dll
Dependency assembly - Mono.Security.dll
Dependency assembly - System.DirectoryServices.Protocols.dll
Dependency assembly - System.Security.Cryptography.RSA.dll
Dependency assembly - System.Reflection.TypeExtensions.dll
Dependency assembly - System.Runtime.CompilerServices.VisualC.dll
Dependency assembly - glTFast.Newtonsoft.dll
Dependency assembly - System.Runtime.Caching.dll
Dependency assembly - System.Xml.XPath.XmlDocument.dll
Dependency assembly - System.Xml.XPath.dll
Dependency assembly - System.Net.WebSockets.dll
Dependency assembly - System.Runtime.Serialization.Json.dll
Dependency assembly - System.Diagnostics.FileVersionInfo.dll
Dependency assembly - System.Xml.XmlSerializer.dll
Dependency assembly - Unity.Collections.LowLevel.ILSupport.dll
Dependency assembly - System.Collections.Concurrent.dll
Dependency assembly - System.Xml.XDocument.dll
Dependency assembly - System.Data.SqlClient.dll
Dependency assembly - System.ServiceProcess.ServiceController.dll
Dependency assembly - System.Diagnostics.StackTrace.dll
Dependency assembly - System.Linq.Queryable.dll
Dependency assembly - I18N.dll
Dependency assembly - System.IO.FileSystem.dll
Dependency assembly - System.Resources.ResourceManager.dll
Dependency assembly - Unity.Mathematics.dll
Dependency assembly - System.Security.Cryptography.Hashing.dll
Dependency assembly - System.Configuration.Install.dll
Dependency assembly - System.Web.Extensions.Design.dll
Dependency assembly - System.Text.Encoding.CodePages.dll
Dependency assembly - System.ComponentModel.EventBasedAsync.dll
Dependency assembly - System.Runtime.Serialization.Formatters.dll
Dependency assembly - Newtonsoft.Json.dll
Dependency assembly - System.Xml.Linq.dll
Dependency assembly - System.Runtime.Extensions.dll
Dependency assembly - System.IO.dll
Dependency assembly - System.Runtime.InteropServices.RuntimeInformation.dll
Dependency assembly - netstandard.dll
Dependency assembly - System.ServiceModel.Internals.dll
Dependency assembly - System.Web.Services.dll
Dependency assembly - Unity.InputSystem.dll
Dependency assembly - System.IdentityModel.Selectors.dll
Dependency assembly - I18N.CJK.dll
Dependency assembly - System.Windows.dll
Dependency assembly - Microsoft.Win32.Primitives.dll
Dependency assembly - System.ObjectModel.dll
Dependency assembly - System.ServiceModel.Http.dll
Dependency assembly - System.Runtime.Serialization.Formatters.Soap.dll

DisplayProgressbar: Fetching assembly references
Unloading 210 Unused Serialized files (Serialized files now loaded: 0)
Unloading 378 unused Assets / (7.7 MB). Loaded Objects now: 6690.
Memory consumption went from 294.1 MB to 286.4 MB.
Total: 13.006708 ms (FindLiveObjects: 0.236958 ms CreateObjectMapping: 0.065500 ms MarkObjects: 12.141417 ms  DeleteObjects: 0.562625 ms)

Unloading 0 Unused Serialized files (Serialized files now loaded: 0)
Unloading 0 unused Assets / (0 B). Loaded Objects now: 6690.
Memory consumption went from 286.4 MB to 286.4 MB.
Total: 12.434667 ms (FindLiveObjects: 0.191000 ms CreateObjectMapping: 0.055708 ms MarkObjects: 12.182417 ms  DeleteObjects: 0.005417 ms)

Unloading 4 Unused Serialized files (Serialized files now loaded: 0)
Unloading 173 unused Assets / (146.3 MB). Loaded Objects now: 6690.
Memory consumption went from 426.2 MB to 279.9 MB.
Total: 25.568125 ms (FindLiveObjects: 0.146250 ms CreateObjectMapping: 0.059167 ms MarkObjects: 14.018500 ms  DeleteObjects: 11.343875 ms)

Compiling shader "Legacy Shaders/Transparent/VertexLit"
  Pass "" (vp)
    Target graphics API: vulkan
    Full variant space:         12
    After settings filtering:   12
    After built-in stripping:   18
    After scriptable stripping: 18
    Processed in 0.00 seconds
  Pass "" (vp)
    Target graphics API: vulkan
    Full variant space:         4
    After settings filtering:   4
    After built-in stripping:   6
    After scriptable stripping: 6
    Processed in 0.00 seconds
  Pass  (vp, vulkan) finished in 0.00 seconds. Local cache hits 18 (0.01s CPU time), remote cache hits 0 (0.00s CPU time), compiled 0 variants (0.00s CPU time), skipped 0 variants.
    Prepared data for serialisation in 0.00s
  Pass  (vp, vulkan) finished in 0.00 seconds. Local cache hits 6 (0.00s CPU time), remote cache hits 0 (0.00s CPU time), compiled 0 variants (0.00s CPU time), skipped 0 variants.
    Prepared data for serialisation in 0.00s
Serialized binary data for shader Legacy Shaders/Transparent/VertexLit in 0.00s
    vulkan (total internal programs: 24, unique: 8)
Compiling shader "Standard"
  Pass "FORWARD" (vp)
    Target graphics API: vulkan
    Full variant space:         1.328
    After settings filtering:   1.328
    After built-in stripping:   96
    After scriptable stripping: 96
    Processed in 0.00 seconds
  Pass "FORWARD_DELTA" (vp)
    Target graphics API: vulkan
    Full variant space:         376
    After settings filtering:   376
    After built-in stripping:   156
    After scriptable stripping: 156
    Processed in 0.00 seconds
  Pass "ShadowCaster" (vp)
    Target graphics API: vulkan
    Full variant space:         8
    After settings filtering:   8
    After built-in stripping:   24
    After scriptable stripping: 24
    Processed in 0.00 seconds
  Pass "DEFERRED" (vp)
    Target graphics API: vulkan
    Full variant space:         152
    After settings filtering:   152
    After built-in stripping:   48
    After scriptable stripping: 48
    Processed in 0.00 seconds
  Pass "FORWARD" (vp)
    Target graphics API: vulkan
    Full variant space:         416
    After settings filtering:   416
    After built-in stripping:   96
    After scriptable stripping: 96
    Processed in 0.00 seconds
  Pass "FORWARD_DELTA" (vp)
    Target graphics API: vulkan
    Full variant space:         280
    After settings filtering:   280
    After built-in stripping:   120
    After scriptable stripping: 120
    Processed in 0.00 seconds
  Pass "ShadowCaster" (vp)
    Target graphics API: vulkan
    Full variant space:         4
    After settings filtering:   4
    After built-in stripping:   24
    After scriptable stripping: 24
    Processed in 0.00 seconds
  Pass FORWARD (vp, vulkan) finished in 0.00 seconds. Local cache hits 96 (0.04s CPU time), remote cache hits 0 (0.00s CPU time), compiled 0 variants (0.00s CPU time), skipped 0 variants.
    Prepared data for serialisation in 0.00s
  Pass FORWARD_DELTA (vp, vulkan) finished in 0.01 seconds. Local cache hits 156 (0.05s CPU time), remote cache hits 0 (0.00s CPU time), compiled 0 variants (0.00s CPU time), skipped 0 variants.
    Prepared data for serialisation in 0.00s
  Pass ShadowCaster (vp, vulkan) finished in 0.00 seconds. Local cache hits 24 (0.01s CPU time), remote cache hits 0 (0.00s CPU time), compiled 0 variants (0.00s CPU time), skipped 0 variants.
    Prepared data for serialisation in 0.00s
  Pass DEFERRED (vp, vulkan) finished in 0.00 seconds. Local cache hits 48 (0.01s CPU time), remote cache hits 0 (0.00s CPU time), compiled 0 variants (0.00s CPU time), skipped 0 variants.
    Prepared data for serialisation in 0.00s
  Pass FORWARD (vp, vulkan) finished in 0.00 seconds. Local cache hits 96 (0.03s CPU time), remote cache hits 0 (0.00s CPU time), compiled 0 variants (0.00s CPU time), skipped 0 variants.
    Prepared data for serialisation in 0.00s
  Pass FORWARD_DELTA (vp, vulkan) finished in 0.01 seconds. Local cache hits 120 (0.04s CPU time), remote cache hits 0 (0.00s CPU time), compiled 0 variants (0.00s CPU time), skipped 0 variants.
    Prepared data for serialisation in 0.00s
  Pass ShadowCaster (vp, vulkan) finished in 0.00 seconds. Local cache hits 24 (0.01s CPU time), remote cache hits 0 (0.00s CPU time), compiled 0 variants (0.00s CPU time), skipped 0 variants.
    Prepared data for serialisation in 0.00s
Serialized binary data for shader Standard in 0.00s
    vulkan (total internal programs: 564, unique: 218)
Compressed shader 'Standard' on vulkan from 1.37MB to 0.21MB
Compressed shader 'Standard' in 0.01s
Compiling shader "UI/Prerendered Opaque"
  Pass "" (vp)
    Target graphics API: vulkan
    Full variant space:         16
    After settings filtering:   16
    After built-in stripping:   96
    After scriptable stripping: 96
    Processed in 0.00 seconds
  Pass  (vp, vulkan) finished in 0.00 seconds. Local cache hits 96 (0.02s CPU time), remote cache hits 0 (0.00s CPU time), compiled 0 variants (0.00s CPU time), skipped 0 variants.
    Prepared data for serialisation in 0.00s
Serialized binary data for shader UI/Prerendered Opaque in 0.00s
    vulkan (total internal programs: 96, unique: 32)
Compiling compute shader "NMSCompute"
    starting stripping...
    finished in 0.00 seconds. 1 of 1 variants left
    1 variants, starting compilation...
    finished in 0.00 seconds. Local cache hits 1, remote cache hits 0, compiled 0 variants
Compiling shader "Oculus/OVRMRCameraFrame"
  Pass "" (vp)
    Target graphics API: vulkan
    Full variant space:         1
    After settings filtering:   1
    After built-in stripping:   6
    After scriptable stripping: 6
    Processed in 0.00 seconds
  Pass  (vp, vulkan) finished in 0.00 seconds. Local cache hits 6 (0.01s CPU time), remote cache hits 0 (0.00s CPU time), compiled 0 variants (0.00s CPU time), skipped 0 variants.
    Prepared data for serialisation in 0.00s
Serialized binary data for shader Oculus/OVRMRCameraFrame in 0.00s
    vulkan (total internal programs: 6, unique: 2)
Compiling shader "Oculus/UnlitTransparent"
  Pass "" (vp)
    Target graphics API: vulkan
    Full variant space:         4
    After settings filtering:   4
    After built-in stripping:   6
    After scriptable stripping: 6
    Processed in 0.00 seconds
  Pass  (vp, vulkan) finished in 0.00 seconds. Local cache hits 6 (0.00s CPU time), remote cache hits 0 (0.00s CPU time), compiled 0 variants (0.00s CPU time), skipped 0 variants.
    Prepared data for serialisation in 0.00s
Serialized binary data for shader Oculus/UnlitTransparent in 0.00s
    vulkan (total internal programs: 6, unique: 2)
Compiling shader "Oculus/Cubemap Blit"
  Pass "" (vp)
    Target graphics API: vulkan
    Full variant space:         1
    After settings filtering:   1
    After built-in stripping:   6
    After scriptable stripping: 6
    Processed in 0.00 seconds
  Pass  (vp, vulkan) finished in 0.00 seconds. Local cache hits 6 (0.00s CPU time), remote cache hits 0 (0.00s CPU time), compiled 0 variants (0.00s CPU time), skipped 0 variants.
    Prepared data for serialisation in 0.00s
Serialized binary data for shader Oculus/Cubemap Blit in 0.00s
    vulkan (total internal programs: 6, unique: 2)
Compiling shader "TextMeshPro/Distance Field"
  Pass "" (vp)
    Target graphics API: vulkan
    Full variant space:         4
    After settings filtering:   4
    After built-in stripping:   24
    After scriptable stripping: 24
    Processed in 0.00 seconds
  Pass  (vp, vulkan) finished in 0.00 seconds. Local cache hits 24 (0.01s CPU time), remote cache hits 0 (0.00s CPU time), compiled 0 variants (0.00s CPU time), skipped 0 variants.
    Prepared data for serialisation in 0.00s
Serialized binary data for shader TextMeshPro/Distance Field in 0.00s
    vulkan (total internal programs: 24, unique: 8)
Compiling shader "Meta/EnvironmentDepth/DepthMask"
  Pass "Pass 0" (vp)
    Target graphics API: vulkan
    Full variant space:         1
    After settings filtering:   1
    After built-in stripping:   6
    After scriptable stripping: 6
    Processed in 0.00 seconds
  Pass "Pass 1" (vp)
    Target graphics API: vulkan
    Full variant space:         1
    After settings filtering:   1
    After built-in stripping:   6
    After scriptable stripping: 6
    Processed in 0.00 seconds
  Pass Pass 0 (vp, vulkan) finished in 0.00 seconds. Local cache hits 6 (0.00s CPU time), remote cache hits 0 (0.00s CPU time), compiled 0 variants (0.00s CPU time), skipped 0 variants.
    Prepared data for serialisation in 0.00s
  Pass Pass 1 (vp, vulkan) finished in 0.00 seconds. Local cache hits 6 (0.00s CPU time), remote cache hits 0 (0.00s CPU time), compiled 0 variants (0.00s CPU time), skipped 0 variants.
    Prepared data for serialisation in 0.00s
Serialized binary data for shader Meta/EnvironmentDepth/DepthMask in 0.00s
    vulkan (total internal programs: 12, unique: 4)
Compiling shader "UI/IDF Prerendered"
  Pass "" (vp)
    Target graphics API: vulkan
    Full variant space:         2
    After settings filtering:   2
    After built-in stripping:   12
    After scriptable stripping: 12
    Processed in 0.00 seconds
  Pass  (vp, vulkan) finished in 0.00 seconds. Local cache hits 12 (0.00s CPU time), remote cache hits 0 (0.00s CPU time), compiled 0 variants (0.00s CPU time), skipped 0 variants.
    Prepared data for serialisation in 0.00s
Serialized binary data for shader UI/IDF Prerendered in 0.00s
    vulkan (total internal programs: 12, unique: 4)
Compiling shader "Oculus/Unlit"
  Pass "" (vp)
    Target graphics API: vulkan
    Full variant space:         4
    After settings filtering:   4
    After built-in stripping:   6
    After scriptable stripping: 6
    Processed in 0.00 seconds
  Pass  (vp, vulkan) finished in 0.00 seconds. Local cache hits 6 (0.00s CPU time), remote cache hits 0 (0.00s CPU time), compiled 0 variants (0.00s CPU time), skipped 0 variants.
    Prepared data for serialisation in 0.00s
Serialized binary data for shader Oculus/Unlit in 0.00s
    vulkan (total internal programs: 6, unique: 2)
Compiling shader "Oculus/Texture2D Blit"
  Pass "" (vp)
    Target graphics API: vulkan
    Full variant space:         1
    After settings filtering:   1
    After built-in stripping:   6
    After scriptable stripping: 6
    Processed in 0.00 seconds
  Pass  (vp, vulkan) finished in 0.00 seconds. Local cache hits 6 (0.00s CPU time), remote cache hits 0 (0.00s CPU time), compiled 0 variants (0.00s CPU time), skipped 0 variants.
    Prepared data for serialisation in 0.00s
Serialized binary data for shader Oculus/Texture2D Blit in 0.00s
    vulkan (total internal programs: 6, unique: 2)
Compiling shader "Oculus/OVRMRCameraFrameLit"
  Pass "FORWARD" (vp)
    Target graphics API: vulkan
    Full variant space:         152
    After settings filtering:   152
    After built-in stripping:   18
    After scriptable stripping: 18
    Processed in 0.00 seconds
  Pass "FORWARD" (vp)
    Target graphics API: vulkan
    Full variant space:         20
    After settings filtering:   20
    After built-in stripping:   30
    After scriptable stripping: 30
    Processed in 0.00 seconds
  Pass FORWARD (vp, vulkan) finished in 0.00 seconds. Local cache hits 18 (0.01s CPU time), remote cache hits 0 (0.00s CPU time), compiled 0 variants (0.00s CPU time), skipped 0 variants.
    Prepared data for serialisation in 0.00s
  Pass FORWARD (vp, vulkan) finished in 0.00 seconds. Local cache hits 30 (0.01s CPU time), remote cache hits 0 (0.00s CPU time), compiled 0 variants (0.00s CPU time), skipped 0 variants.
    Prepared data for serialisation in 0.00s
Serialized binary data for shader Oculus/OVRMRCameraFrameLit in 0.00s
    vulkan (total internal programs: 48, unique: 16)
Compiling compute shader "CopyDepthTextureIntoNativeArray"
    starting stripping...
    finished in 0.00 seconds. 1 of 1 variants left
    1 variants, starting compilation...
    finished in 0.00 seconds. Local cache hits 1, remote cache hits 0, compiled 0 variants
Compiling shader "Custom/ImmersiveDebugger/PolylineUnlit"
  Pass "" (vp)
    Target graphics API: vulkan
    Full variant space:         8
    After settings filtering:   8
    After built-in stripping:   24
    After scriptable stripping: 24
    Processed in 0.00 seconds
  Pass  (vp, vulkan) finished in 0.00 seconds. Local cache hits 24 (0.01s CPU time), remote cache hits 0 (0.00s CPU time), compiled 0 variants (0.00s CPU time), skipped 0 variants.
    Prepared data for serialisation in 0.00s
Serialized binary data for shader Custom/ImmersiveDebugger/PolylineUnlit in 0.00s
    vulkan (total internal programs: 24, unique: 8)
Compiling shader "Oculus/Unlit Transparent Color"
  Pass "" (vp)
    Target graphics API: vulkan
    Full variant space:         1
    After settings filtering:   1
    After built-in stripping:   6
    After scriptable stripping: 6
    Processed in 0.00 seconds
  Pass  (vp, vulkan) finished in 0.00 seconds. Local cache hits 6 (0.00s CPU time), remote cache hits 0 (0.00s CPU time), compiled 0 variants (0.00s CPU time), skipped 0 variants.
    Prepared data for serialisation in 0.00s
Serialized binary data for shader Oculus/Unlit Transparent Color in 0.00s
    vulkan (total internal programs: 6, unique: 2)
Compiling shader "TextMeshPro/Sprite"
  Pass "Default" (vp)
    Target graphics API: vulkan
    Full variant space:         4
    After settings filtering:   4
    After built-in stripping:   24
    After scriptable stripping: 24
    Processed in 0.00 seconds
  Pass Default (vp, vulkan) finished in 0.00 seconds. Local cache hits 24 (0.00s CPU time), remote cache hits 0 (0.00s CPU time), compiled 0 variants (0.00s CPU time), skipped 0 variants.
    Prepared data for serialisation in 0.00s
Serialized binary data for shader TextMeshPro/Sprite in 0.00s
    vulkan (total internal programs: 24, unique: 8)
Compiling shader "Oculus/Underlay Transparent Occluder"
  Pass "" (vp)
    Target graphics API: vulkan
    Full variant space:         4
    After settings filtering:   4
    After built-in stripping:   6
    After scriptable stripping: 6
    Processed in 0.00 seconds
  Pass "FORWARD" (vp)
    Target graphics API: vulkan
    Full variant space:         664
    After settings filtering:   664
    After built-in stripping:   48
    After scriptable stripping: 48
    Processed in 0.00 seconds
  Pass "FORWARD" (vp)
    Target graphics API: vulkan
    Full variant space:         20
    After settings filtering:   20
    After built-in stripping:   30
    After scriptable stripping: 30
    Processed in 0.00 seconds
  Pass "DEFERRED" (vp)
    Target graphics API: vulkan
    Full variant space:         76
    After settings filtering:   76
    After built-in stripping:   24
    After scriptable stripping: 24
    Processed in 0.00 seconds
  Pass  (vp, vulkan) finished in 0.00 seconds. Local cache hits 6 (0.00s CPU time), remote cache hits 0 (0.00s CPU time), compiled 0 variants (0.00s CPU time), skipped 0 variants.
    Prepared data for serialisation in 0.00s
  Pass FORWARD (vp, vulkan) finished in 0.00 seconds. Local cache hits 48 (0.01s CPU time), remote cache hits 0 (0.00s CPU time), compiled 0 variants (0.00s CPU time), skipped 0 variants.
    Prepared data for serialisation in 0.00s
  Pass FORWARD (vp, vulkan) finished in 0.00 seconds. Local cache hits 30 (0.01s CPU time), remote cache hits 0 (0.00s CPU time), compiled 0 variants (0.00s CPU time), skipped 0 variants.
    Prepared data for serialisation in 0.00s
  Pass DEFERRED (vp, vulkan) finished in 0.00 seconds. Local cache hits 24 (0.01s CPU time), remote cache hits 0 (0.00s CPU time), compiled 0 variants (0.00s CPU time), skipped 0 variants.
    Prepared data for serialisation in 0.00s
Serialized binary data for shader Oculus/Underlay Transparent Occluder in 0.00s
    vulkan (total internal programs: 108, unique: 36)
Compiling compute shader "CopyDepthTexture"
    starting stripping...
    finished in 0.00 seconds. 1 of 1 variants left
    1 variants, starting compilation...
    finished in 0.00 seconds. Local cache hits 1, remote cache hits 0, compiled 0 variants
Compiling shader "Oculus/Underlay Impostor"
  Pass "FORWARD" (vp)
    Target graphics API: vulkan
    Full variant space:         664
    After settings filtering:   664
    After built-in stripping:   48
    After scriptable stripping: 48
    Processed in 0.00 seconds
  Pass "FORWARD" (vp)
    Target graphics API: vulkan
    Full variant space:         188
    After settings filtering:   188
    After built-in stripping:   78
    After scriptable stripping: 78
    Processed in 0.00 seconds
  Pass "DEFERRED" (vp)
    Target graphics API: vulkan
    Full variant space:         76
    After settings filtering:   76
    After built-in stripping:   24
    After scriptable stripping: 24
    Processed in 0.00 seconds
  Pass FORWARD (vp, vulkan) finished in 0.00 seconds. Local cache hits 48 (0.02s CPU time), remote cache hits 0 (0.00s CPU time), compiled 0 variants (0.00s CPU time), skipped 0 variants.
    Prepared data for serialisation in 0.00s
  Pass FORWARD (vp, vulkan) finished in 0.00 seconds. Local cache hits 78 (0.02s CPU time), remote cache hits 0 (0.00s CPU time), compiled 0 variants (0.00s CPU time), skipped 0 variants.
    Prepared data for serialisation in 0.00s
  Pass DEFERRED (vp, vulkan) finished in 0.00 seconds. Local cache hits 24 (0.01s CPU time), remote cache hits 0 (0.00s CPU time), compiled 0 variants (0.00s CPU time), skipped 0 variants.
    Prepared data for serialisation in 0.00s
Serialized binary data for shader Oculus/Underlay Impostor in 0.00s
    vulkan (total internal programs: 150, unique: 92)
Compiling shader "Meta/EnvironmentDepth/Preprocessing"
  Pass "Environment Depth Preprocessing Pass" (vp)
    Target graphics API: vulkan
    Full variant space:         1
    After settings filtering:   1
    After built-in stripping:   6
    After scriptable stripping: 6
    Processed in 0.00 seconds
  Pass Environment Depth Preprocessing Pass (vp, vulkan) finished in 0.00 seconds. Local cache hits 6 (0.00s CPU time), remote cache hits 0 (0.00s CPU time), compiled 0 variants (0.00s CPU time), skipped 0 variants.
    Prepared data for serialisation in 0.00s
Serialized binary data for shader Meta/EnvironmentDepth/Preprocessing in 0.00s
    vulkan (total internal programs: 6, unique: 2)
Compiling shader "TextMeshPro/Mobile/Distance Field"
  Pass "" (vp)
    Target graphics API: vulkan
    Full variant space:         12
    After settings filtering:   12
    After built-in stripping:   72
    After scriptable stripping: 72
    Processed in 0.00 seconds
  Pass  (vp, vulkan) finished in 0.01 seconds. Local cache hits 72 (0.04s CPU time), remote cache hits 0 (0.00s CPU time), compiled 0 variants (0.00s CPU time), skipped 0 variants.
    Prepared data for serialisation in 0.00s
Serialized binary data for shader TextMeshPro/Mobile/Distance Field in 0.00s
    vulkan (total internal programs: 72, unique: 24)
Compiling shader "glTF/Unlit"
  Pass "" (vp)
    Target graphics API: vulkan
    Full variant space:         4
    After settings filtering:   4
    After built-in stripping:   6
    After scriptable stripping: 6
    Processed in 0.00 seconds
  Pass  (vp, vulkan) finished in 0.00 seconds. Local cache hits 6 (0.00s CPU time), remote cache hits 0 (0.00s CPU time), compiled 0 variants (0.00s CPU time), skipped 0 variants.
    Prepared data for serialisation in 0.00s
Serialized binary data for shader glTF/Unlit in 0.00s
    vulkan (total internal programs: 6, unique: 2)
Compiling shader "glTF/PbrMetallicRoughness"
  Pass "FORWARD" (vp)
    Target graphics API: vulkan
    Full variant space:         664
    After settings filtering:   664
    After built-in stripping:   48
    After scriptable stripping: 48
    Processed in 0.00 seconds
  Pass "FORWARD_DELTA" (vp)
    Target graphics API: vulkan
    Full variant space:         188
    After settings filtering:   188
    After built-in stripping:   78
    After scriptable stripping: 78
    Processed in 0.00 seconds
  Pass "ShadowCaster" (vp)
    Target graphics API: vulkan
    Full variant space:         4
    After settings filtering:   4
    After built-in stripping:   12
    After scriptable stripping: 12
    Processed in 0.00 seconds
  Pass "DEFERRED" (vp)
    Target graphics API: vulkan
    Full variant space:         76
    After settings filtering:   76
    After built-in stripping:   24
    After scriptable stripping: 24
    Processed in 0.00 seconds
  Pass "FORWARD" (vp)
    Target graphics API: vulkan
    Full variant space:         208
    After settings filtering:   208
    After built-in stripping:   48
    After scriptable stripping: 48
    Processed in 0.00 seconds
  Pass "FORWARD_DELTA" (vp)
    Target graphics API: vulkan
    Full variant space:         140
    After settings filtering:   140
    After built-in stripping:   60
    After scriptable stripping: 60
    Processed in 0.00 seconds
  Pass "ShadowCaster" (vp)
    Target graphics API: vulkan
    Full variant space:         2
    After settings filtering:   2
    After built-in stripping:   12
    After scriptable stripping: 12
    Processed in 0.00 seconds
  Pass FORWARD (vp, vulkan) finished in 0.00 seconds. Local cache hits 48 (0.02s CPU time), remote cache hits 0 (0.00s CPU time), compiled 0 variants (0.00s CPU time), skipped 0 variants.
    Prepared data for serialisation in 0.00s
  Pass FORWARD_DELTA (vp, vulkan) finished in 0.00 seconds. Local cache hits 78 (0.02s CPU time), remote cache hits 0 (0.00s CPU time), compiled 0 variants (0.00s CPU time), skipped 0 variants.
    Prepared data for serialisation in 0.00s
  Pass ShadowCaster (vp, vulkan) finished in 0.00 seconds. Local cache hits 12 (0.01s CPU time), remote cache hits 0 (0.00s CPU time), compiled 0 variants (0.00s CPU time), skipped 0 variants.
    Prepared data for serialisation in 0.00s
  Pass DEFERRED (vp, vulkan) finished in 0.00 seconds. Local cache hits 24 (0.01s CPU time), remote cache hits 0 (0.00s CPU time), compiled 0 variants (0.00s CPU time), skipped 0 variants.
    Prepared data for serialisation in 0.00s
  Pass FORWARD (vp, vulkan) finished in 0.00 seconds. Local cache hits 48 (0.01s CPU time), remote cache hits 0 (0.00s CPU time), compiled 0 variants (0.00s CPU time), skipped 0 variants.
    Prepared data for serialisation in 0.00s
  Pass FORWARD_DELTA (vp, vulkan) finished in 0.00 seconds. Local cache hits 60 (0.02s CPU time), remote cache hits 0 (0.00s CPU time), compiled 0 variants (0.00s CPU time), skipped 0 variants.
    Prepared data for serialisation in 0.00s
  Pass ShadowCaster (vp, vulkan) finished in 0.00 seconds. Local cache hits 12 (0.01s CPU time), remote cache hits 0 (0.00s CPU time), compiled 0 variants (0.00s CPU time), skipped 0 variants.
    Prepared data for serialisation in 0.00s
Serialized binary data for shader glTF/PbrMetallicRoughness in 0.00s
    vulkan (total internal programs: 282, unique: 108)
Compiling shader "glTF/PbrSpecularGlossiness"
  Pass "FORWARD" (vp)
    Target graphics API: vulkan
    Full variant space:         664
    After settings filtering:   664
    After built-in stripping:   48
    After scriptable stripping: 48
    Processed in 0.00 seconds
  Pass "FORWARD_DELTA" (vp)
    Target graphics API: vulkan
    Full variant space:         188
    After settings filtering:   188
    After built-in stripping:   78
    After scriptable stripping: 78
    Processed in 0.00 seconds
  Pass "ShadowCaster" (vp)
    Target graphics API: vulkan
    Full variant space:         4
    After settings filtering:   4
    After built-in stripping:   12
    After scriptable stripping: 12
    Processed in 0.00 seconds
  Pass "DEFERRED" (vp)
    Target graphics API: vulkan
    Full variant space:         76
    After settings filtering:   76
    After built-in stripping:   24
    After scriptable stripping: 24
    Processed in 0.00 seconds
  Pass "FORWARD" (vp)
    Target graphics API: vulkan
    Full variant space:         136
    After settings filtering:   136
    After built-in stripping:   48
    After scriptable stripping: 48
    Processed in 0.00 seconds
  Pass "FORWARD_DELTA" (vp)
    Target graphics API: vulkan
    Full variant space:         140
    After settings filtering:   140
    After built-in stripping:   60
    After scriptable stripping: 60
    Processed in 0.00 seconds
  Pass "ShadowCaster" (vp)
    Target graphics API: vulkan
    Full variant space:         2
    After settings filtering:   2
    After built-in stripping:   12
    After scriptable stripping: 12
    Processed in 0.00 seconds
  Pass FORWARD (vp, vulkan) finished in 0.00 seconds. Local cache hits 48 (0.02s CPU time), remote cache hits 0 (0.00s CPU time), compiled 0 variants (0.00s CPU time), skipped 0 variants.
    Prepared data for serialisation in 0.00s
  Pass FORWARD_DELTA (vp, vulkan) finished in 0.00 seconds. Local cache hits 78 (0.03s CPU time), remote cache hits 0 (0.00s CPU time), compiled 0 variants (0.00s CPU time), skipped 0 variants.
    Prepared data for serialisation in 0.00s
  Pass ShadowCaster (vp, vulkan) finished in 0.00 seconds. Local cache hits 12 (0.00s CPU time), remote cache hits 0 (0.00s CPU time), compiled 0 variants (0.00s CPU time), skipped 0 variants.
    Prepared data for serialisation in 0.00s
  Pass DEFERRED (vp, vulkan) finished in 0.00 seconds. Local cache hits 24 (0.01s CPU time), remote cache hits 0 (0.00s CPU time), compiled 0 variants (0.00s CPU time), skipped 0 variants.
    Prepared data for serialisation in 0.00s
  Pass FORWARD (vp, vulkan) finished in 0.00 seconds. Local cache hits 48 (0.01s CPU time), remote cache hits 0 (0.00s CPU time), compiled 0 variants (0.00s CPU time), skipped 0 variants.
    Prepared data for serialisation in 0.00s
  Pass FORWARD_DELTA (vp, vulkan) finished in 0.00 seconds. Local cache hits 60 (0.02s CPU time), remote cache hits 0 (0.00s CPU time), compiled 0 variants (0.00s CPU time), skipped 0 variants.
    Prepared data for serialisation in 0.00s
  Pass ShadowCaster (vp, vulkan) finished in 0.00 seconds. Local cache hits 12 (0.01s CPU time), remote cache hits 0 (0.00s CPU time), compiled 0 variants (0.00s CPU time), skipped 0 variants.
    Prepared data for serialisation in 0.00s
Serialized binary data for shader glTF/PbrSpecularGlossiness in 0.00s
    vulkan (total internal programs: 282, unique: 108)
Compiling shader "Skybox/Procedural"
  Pass "" (vp)
    Target graphics API: vulkan
    Full variant space:         3
    After settings filtering:   3
    After built-in stripping:   18
    After scriptable stripping: 18
    Processed in 0.00 seconds
  Pass  (vp, vulkan) finished in 0.00 seconds. Local cache hits 18 (0.01s CPU time), remote cache hits 0 (0.00s CPU time), compiled 0 variants (0.00s CPU time), skipped 0 variants.
    Prepared data for serialisation in 0.00s
Serialized binary data for shader Skybox/Procedural in 0.00s
    vulkan (total internal programs: 18, unique: 6)
Compiling shader "Legacy Shaders/VertexLit"
  Pass "" (vp)
    Target graphics API: vulkan
    Full variant space:         12
    After settings filtering:   12
    After built-in stripping:   18
    After scriptable stripping: 18
    Processed in 0.00 seconds
  Pass "" (vp)
    Target graphics API: vulkan
    Full variant space:         4
    After settings filtering:   4
    After built-in stripping:   6
    After scriptable stripping: 6
    Processed in 0.00 seconds
  Pass "ShadowCaster" (vp)
    Target graphics API: vulkan
    Full variant space:         4
    After settings filtering:   4
    After built-in stripping:   12
    After scriptable stripping: 12
    Processed in 0.00 seconds
  Pass  (vp, vulkan) finished in 0.00 seconds. Local cache hits 18 (0.00s CPU time), remote cache hits 0 (0.00s CPU time), compiled 0 variants (0.00s CPU time), skipped 0 variants.
    Prepared data for serialisation in 0.00s
  Pass  (vp, vulkan) finished in 0.00 seconds. Local cache hits 6 (0.00s CPU time), remote cache hits 0 (0.00s CPU time), compiled 0 variants (0.00s CPU time), skipped 0 variants.
    Prepared data for serialisation in 0.00s
  Pass ShadowCaster (vp, vulkan) finished in 0.00 seconds. Local cache hits 12 (0.00s CPU time), remote cache hits 0 (0.00s CPU time), compiled 0 variants (0.00s CPU time), skipped 0 variants.
    Prepared data for serialisation in 0.00s
Serialized binary data for shader Legacy Shaders/VertexLit in 0.00s
    vulkan (total internal programs: 36, unique: 12)
Compiling shader "Legacy Shaders/Diffuse"
  Pass "FORWARD" (vp)
    Target graphics API: vulkan
    Full variant space:         664
    After settings filtering:   664
    After built-in stripping:   48
    After scriptable stripping: 48
    Processed in 0.00 seconds
  Pass "FORWARD" (vp)
    Target graphics API: vulkan
    Full variant space:         20
    After settings filtering:   20
    After built-in stripping:   30
    After scriptable stripping: 30
    Processed in 0.00 seconds
  Pass "DEFERRED" (vp)
    Target graphics API: vulkan
    Full variant space:         76
    After settings filtering:   76
    After built-in stripping:   24
    After scriptable stripping: 24
    Processed in 0.00 seconds
  Pass FORWARD (vp, vulkan) finished in 0.00 seconds. Local cache hits 48 (0.01s CPU time), remote cache hits 0 (0.00s CPU time), compiled 0 variants (0.00s CPU time), skipped 0 variants.
    Prepared data for serialisation in 0.00s
  Pass FORWARD (vp, vulkan) finished in 0.00 seconds. Local cache hits 30 (0.01s CPU time), remote cache hits 0 (0.00s CPU time), compiled 0 variants (0.00s CPU time), skipped 0 variants.
    Prepared data for serialisation in 0.00s
  Pass DEFERRED (vp, vulkan) finished in 0.00 seconds. Local cache hits 24 (0.00s CPU time), remote cache hits 0 (0.00s CPU time), compiled 0 variants (0.00s CPU time), skipped 0 variants.
    Prepared data for serialisation in 0.00s
Serialized binary data for shader Legacy Shaders/Diffuse in 0.00s
    vulkan (total internal programs: 102, unique: 34)
Compiling shader "Hidden/Internal-StencilWrite"
  Pass "" (vp)
    Target graphics API: vulkan
    Full variant space:         1
    After settings filtering:   1
    After built-in stripping:   6
    After scriptable stripping: 6
    Processed in 0.00 seconds
  Pass  (vp, vulkan) finished in 0.00 seconds. Local cache hits 6 (0.00s CPU time), remote cache hits 0 (0.00s CPU time), compiled 0 variants (0.00s CPU time), skipped 0 variants.
    Prepared data for serialisation in 0.00s
Serialized binary data for shader Hidden/Internal-StencilWrite in 0.00s
    vulkan (total internal programs: 6, unique: 2)
Compiling shader "Hidden/Internal-DepthNormalsTexture"
  Pass "" (vp)
    Target graphics API: vulkan
    Full variant space:         1
    After settings filtering:   1
    After built-in stripping:   6
    After scriptable stripping: 6
    Processed in 0.00 seconds
  Pass "" (vp)
    Target graphics API: vulkan
    Full variant space:         1
    After settings filtering:   1
    After built-in stripping:   6
    After scriptable stripping: 6
    Processed in 0.00 seconds
  Pass "" (vp)
    Target graphics API: vulkan
    Full variant space:         1
    After settings filtering:   1
    After built-in stripping:   6
    After scriptable stripping: 6
    Processed in 0.00 seconds
  Pass "" (vp)
    Target graphics API: vulkan
    Full variant space:         1
    After settings filtering:   1
    After built-in stripping:   6
    After scriptable stripping: 6
    Processed in 0.00 seconds
  Pass "" (vp)
    Target graphics API: vulkan
    Full variant space:         1
    After settings filtering:   1
    After built-in stripping:   6
    After scriptable stripping: 6
    Processed in 0.00 seconds
  Pass "" (vp)
    Target graphics API: vulkan
    Full variant space:         1
    After settings filtering:   1
    After built-in stripping:   6
    After scriptable stripping: 6
    Processed in 0.00 seconds
  Pass "" (vp)
    Target graphics API: vulkan
    Full variant space:         1
    After settings filtering:   1
    After built-in stripping:   6
    After scriptable stripping: 6
    Processed in 0.00 seconds
  Pass "" (vp)
    Target graphics API: vulkan
    Full variant space:         1
    After settings filtering:   1
    After built-in stripping:   6
    After scriptable stripping: 6
    Processed in 0.00 seconds
  Pass "" (vp)
    Target graphics API: vulkan
    Full variant space:         1
    After settings filtering:   1
    After built-in stripping:   6
    After scriptable stripping: 6
    Processed in 0.00 seconds
  Pass "" (vp)
    Target graphics API: vulkan
    Full variant space:         1
    After settings filtering:   1
    After built-in stripping:   6
    After scriptable stripping: 6
    Processed in 0.00 seconds
  Pass  (vp, vulkan) finished in 0.00 seconds. Local cache hits 6 (0.00s CPU time), remote cache hits 0 (0.00s CPU time), compiled 0 variants (0.00s CPU time), skipped 0 variants.
    Prepared data for serialisation in 0.00s
  Pass  (vp, vulkan) finished in 0.00 seconds. Local cache hits 6 (0.00s CPU time), remote cache hits 0 (0.00s CPU time), compiled 0 variants (0.00s CPU time), skipped 0 variants.
    Prepared data for serialisation in 0.00s
  Pass  (vp, vulkan) finished in 0.00 seconds. Local cache hits 6 (0.00s CPU time), remote cache hits 0 (0.00s CPU time), compiled 0 variants (0.00s CPU time), skipped 0 variants.
    Prepared data for serialisation in 0.00s
  Pass  (vp, vulkan) finished in 0.00 seconds. Local cache hits 6 (0.00s CPU time), remote cache hits 0 (0.00s CPU time), compiled 0 variants (0.00s CPU time), skipped 0 variants.
    Prepared data for serialisation in 0.00s
  Pass  (vp, vulkan) finished in 0.00 seconds. Local cache hits 6 (0.00s CPU time), remote cache hits 0 (0.00s CPU time), compiled 0 variants (0.00s CPU time), skipped 0 variants.
    Prepared data for serialisation in 0.00s
  Pass  (vp, vulkan) finished in 0.00 seconds. Local cache hits 6 (0.00s CPU time), remote cache hits 0 (0.00s CPU time), compiled 0 variants (0.00s CPU time), skipped 0 variants.
    Prepared data for serialisation in 0.00s
  Pass  (vp, vulkan) finished in 0.00 seconds. Local cache hits 6 (0.00s CPU time), remote cache hits 0 (0.00s CPU time), compiled 0 variants (0.00s CPU time), skipped 0 variants.
    Prepared data for serialisation in 0.00s
  Pass  (vp, vulkan) finished in 0.00 seconds. Local cache hits 6 (0.00s CPU time), remote cache hits 0 (0.00s CPU time), compiled 0 variants (0.00s CPU time), skipped 0 variants.
    Prepared data for serialisation in 0.00s
  Pass  (vp, vulkan) finished in 0.00 seconds. Local cache hits 6 (0.00s CPU time), remote cache hits 0 (0.00s CPU time), compiled 0 variants (0.00s CPU time), skipped 0 variants.
    Prepared data for serialisation in 0.00s
  Pass  (vp, vulkan) finished in 0.00 seconds. Local cache hits 6 (0.00s CPU time), remote cache hits 0 (0.00s CPU time), compiled 0 variants (0.00s CPU time), skipped 0 variants.
    Prepared data for serialisation in 0.00s
Serialized binary data for shader Hidden/Internal-DepthNormalsTexture in 0.00s
    vulkan (total internal programs: 60, unique: 20)
Compiling shader "Hidden/Internal-ScreenSpaceShadows"
  Pass "" (vp)
    Target graphics API: vulkan
    Full variant space:         4
    After settings filtering:   4
    After built-in stripping:   24
    After scriptable stripping: 24
    Processed in 0.00 seconds
  Pass "" (vp)
    Target graphics API: vulkan
    Full variant space:         4
    After settings filtering:   4
    After built-in stripping:   24
    After scriptable stripping: 24
    Processed in 0.00 seconds
  Pass "" (vp)
    Target graphics API: vulkan
    Full variant space:         4
    After settings filtering:   4
    After built-in stripping:   24
    After scriptable stripping: 24
    Processed in 0.00 seconds
  Pass "" (vp)
    Target graphics API: vulkan
    Full variant space:         4
    After settings filtering:   4
    After built-in stripping:   24
    After scriptable stripping: 24
    Processed in 0.00 seconds
  Pass  (vp, vulkan) finished in 0.00 seconds. Local cache hits 24 (0.01s CPU time), remote cache hits 0 (0.00s CPU time), compiled 0 variants (0.00s CPU time), skipped 0 variants.
    Prepared data for serialisation in 0.00s
  Pass  (vp, vulkan) finished in 0.00 seconds. Local cache hits 24 (0.01s CPU time), remote cache hits 0 (0.00s CPU time), compiled 0 variants (0.00s CPU time), skipped 0 variants.
    Prepared data for serialisation in 0.00s
  Pass  (vp, vulkan) finished in 0.00 seconds. Local cache hits 24 (0.01s CPU time), remote cache hits 0 (0.00s CPU time), compiled 0 variants (0.00s CPU time), skipped 0 variants.
    Prepared data for serialisation in 0.00s
  Pass  (vp, vulkan) finished in 0.00 seconds. Local cache hits 24 (0.01s CPU time), remote cache hits 0 (0.00s CPU time), compiled 0 variants (0.00s CPU time), skipped 0 variants.
    Prepared data for serialisation in 0.00s
Serialized binary data for shader Hidden/Internal-ScreenSpaceShadows in 0.00s
    vulkan (total internal programs: 96, unique: 32)
Compiling shader "Hidden/Internal-CombineDepthNormals"
  Pass "" (vp)
    Target graphics API: vulkan
    Full variant space:         1
    After settings filtering:   1
    After built-in stripping:   6
    After scriptable stripping: 6
    Processed in 0.00 seconds
  Pass  (vp, vulkan) finished in 0.00 seconds. Local cache hits 6 (0.00s CPU time), remote cache hits 0 (0.00s CPU time), compiled 0 variants (0.00s CPU time), skipped 0 variants.
    Prepared data for serialisation in 0.00s
Serialized binary data for shader Hidden/Internal-CombineDepthNormals in 0.00s
    vulkan (total internal programs: 6, unique: 2)
Compiling shader "Hidden/BlitCopy"
  Pass "" (vp)
    Target graphics API: vulkan
    Full variant space:         1
    After settings filtering:   1
    After built-in stripping:   6
    After scriptable stripping: 6
    Processed in 0.00 seconds
  Pass  (vp, vulkan) finished in 0.00 seconds. Local cache hits 6 (0.00s CPU time), remote cache hits 0 (0.00s CPU time), compiled 0 variants (0.00s CPU time), skipped 0 variants.
    Prepared data for serialisation in 0.00s
Serialized binary data for shader Hidden/BlitCopy in 0.00s
    vulkan (total internal programs: 6, unique: 2)
Compiling shader "Hidden/BlitCopyDepth"
  Pass "" (vp)
    Target graphics API: vulkan
    Full variant space:         1
    After settings filtering:   1
    After built-in stripping:   6
    After scriptable stripping: 6
    Processed in 0.00 seconds
  Pass  (vp, vulkan) finished in 0.00 seconds. Local cache hits 6 (0.00s CPU time), remote cache hits 0 (0.00s CPU time), compiled 0 variants (0.00s CPU time), skipped 0 variants.
    Prepared data for serialisation in 0.00s
Serialized binary data for shader Hidden/BlitCopyDepth in 0.00s
    vulkan (total internal programs: 6, unique: 2)
Compiling shader "Hidden/ConvertTexture"
  Pass "" (vp)
    Target graphics API: vulkan
    Full variant space:         1
    After settings filtering:   1
    After built-in stripping:   6
    After scriptable stripping: 6
    Processed in 0.00 seconds
  Pass  (vp, vulkan) finished in 0.00 seconds. Local cache hits 6 (0.00s CPU time), remote cache hits 0 (0.00s CPU time), compiled 0 variants (0.00s CPU time), skipped 0 variants.
    Prepared data for serialisation in 0.00s
Serialized binary data for shader Hidden/ConvertTexture in 0.00s
    vulkan (total internal programs: 6, unique: 2)
Compiling shader "Hidden/Internal-DeferredShading"
  Pass "" (vp)
    Target graphics API: vulkan
    Full variant space:         94
    After settings filtering:   94
    After built-in stripping:   156
    After scriptable stripping: 156
    Processed in 0.00 seconds
  Pass "" (vp)
    Target graphics API: vulkan
    Full variant space:         1
    After settings filtering:   1
    After built-in stripping:   6
    After scriptable stripping: 6
    Processed in 0.00 seconds
  Pass  (vp, vulkan) finished in 0.00 seconds. Local cache hits 156 (0.04s CPU time), remote cache hits 0 (0.00s CPU time), compiled 0 variants (0.00s CPU time), skipped 0 variants.
    Prepared data for serialisation in 0.00s
  Pass  (vp, vulkan) finished in 0.00 seconds. Local cache hits 6 (0.00s CPU time), remote cache hits 0 (0.00s CPU time), compiled 0 variants (0.00s CPU time), skipped 0 variants.
    Prepared data for serialisation in 0.00s
Serialized binary data for shader Hidden/Internal-DeferredShading in 0.00s
    vulkan (total internal programs: 162, unique: 106)
Compiling shader "Hidden/Internal-DeferredReflections"
  Pass "" (vp)
    Target graphics API: vulkan
    Full variant space:         1
    After settings filtering:   1
    After built-in stripping:   6
    After scriptable stripping: 6
    Processed in 0.00 seconds
  Pass "" (vp)
    Target graphics API: vulkan
    Full variant space:         2
    After settings filtering:   2
    After built-in stripping:   12
    After scriptable stripping: 12
    Processed in 0.00 seconds
  Pass  (vp, vulkan) finished in 0.00 seconds. Local cache hits 6 (0.00s CPU time), remote cache hits 0 (0.00s CPU time), compiled 0 variants (0.00s CPU time), skipped 0 variants.
    Prepared data for serialisation in 0.00s
  Pass  (vp, vulkan) finished in 0.00 seconds. Local cache hits 12 (0.01s CPU time), remote cache hits 0 (0.00s CPU time), compiled 0 variants (0.00s CPU time), skipped 0 variants.
    Prepared data for serialisation in 0.00s
Serialized binary data for shader Hidden/Internal-DeferredReflections in 0.00s
    vulkan (total internal programs: 18, unique: 8)
Compiling shader "Hidden/Internal-MotionVectors"
  Pass "" (vp)
    Target graphics API: vulkan
    Full variant space:         1
    After settings filtering:   1
    After built-in stripping:   6
    After scriptable stripping: 6
    Processed in 0.00 seconds
  Pass "" (vp)
    Target graphics API: vulkan
    Full variant space:         1
    After settings filtering:   1
    After built-in stripping:   6
    After scriptable stripping: 6
    Processed in 0.00 seconds
  Pass "" (vp)
    Target graphics API: vulkan
    Full variant space:         1
    After settings filtering:   1
    After built-in stripping:   6
    After scriptable stripping: 6
    Processed in 0.00 seconds
  Pass  (vp, vulkan) finished in 0.00 seconds. Local cache hits 6 (0.00s CPU time), remote cache hits 0 (0.00s CPU time), compiled 0 variants (0.00s CPU time), skipped 0 variants.
    Prepared data for serialisation in 0.00s
  Pass  (vp, vulkan) finished in 0.00 seconds. Local cache hits 6 (0.00s CPU time), remote cache hits 0 (0.00s CPU time), compiled 0 variants (0.00s CPU time), skipped 0 variants.
    Prepared data for serialisation in 0.00s
  Pass  (vp, vulkan) finished in 0.00 seconds. Local cache hits 6 (0.00s CPU time), remote cache hits 0 (0.00s CPU time), compiled 0 variants (0.00s CPU time), skipped 0 variants.
    Prepared data for serialisation in 0.00s
Serialized binary data for shader Hidden/Internal-MotionVectors in 0.00s
    vulkan (total internal programs: 18, unique: 6)
Compiling shader "Hidden/Internal-Flare"
  Pass "" (vp)
    Target graphics API: vulkan
    Full variant space:         1
    After settings filtering:   1
    After built-in stripping:   6
    After scriptable stripping: 6
    Processed in 0.00 seconds
  Pass  (vp, vulkan) finished in 0.00 seconds. Local cache hits 6 (0.00s CPU time), remote cache hits 0 (0.00s CPU time), compiled 0 variants (0.00s CPU time), skipped 0 variants.
    Prepared data for serialisation in 0.00s
Serialized binary data for shader Hidden/Internal-Flare in 0.00s
    vulkan (total internal programs: 6, unique: 2)
Compiling shader "Hidden/Internal-Halo"
  Pass "" (vp)
    Target graphics API: vulkan
    Full variant space:         4
    After settings filtering:   4
    After built-in stripping:   6
    After scriptable stripping: 6
    Processed in 0.00 seconds
  Pass  (vp, vulkan) finished in 0.00 seconds. Local cache hits 6 (0.00s CPU time), remote cache hits 0 (0.00s CPU time), compiled 0 variants (0.00s CPU time), skipped 0 variants.
    Prepared data for serialisation in 0.00s
Serialized binary data for shader Hidden/Internal-Halo in 0.00s
    vulkan (total internal programs: 6, unique: 2)
Compiling shader "Hidden/BlitCopyWithDepth"
  Pass "" (vp)
    Target graphics API: vulkan
    Full variant space:         1
    After settings filtering:   1
    After built-in stripping:   6
    After scriptable stripping: 6
    Processed in 0.00 seconds
  Pass  (vp, vulkan) finished in 0.00 seconds. Local cache hits 6 (0.00s CPU time), remote cache hits 0 (0.00s CPU time), compiled 0 variants (0.00s CPU time), skipped 0 variants.
    Prepared data for serialisation in 0.00s
Serialized binary data for shader Hidden/BlitCopyWithDepth in 0.00s
    vulkan (total internal programs: 6, unique: 2)
Compiling shader "Hidden/BlitToDepth"
  Pass "" (vp)
    Target graphics API: vulkan
    Full variant space:         1
    After settings filtering:   1
    After built-in stripping:   6
    After scriptable stripping: 6
    Processed in 0.00 seconds
  Pass  (vp, vulkan) finished in 0.00 seconds. Local cache hits 6 (0.00s CPU time), remote cache hits 0 (0.00s CPU time), compiled 0 variants (0.00s CPU time), skipped 0 variants.
    Prepared data for serialisation in 0.00s
Serialized binary data for shader Hidden/BlitToDepth in 0.00s
    vulkan (total internal programs: 6, unique: 2)
Compiling shader "Hidden/BlitToDepth_MSAA"
  Pass "" (vp)
    Target graphics API: vulkan
    Full variant space:         1
    After settings filtering:   1
    After built-in stripping:   6
    After scriptable stripping: 6
    Processed in 0.00 seconds
  Pass  (vp, vulkan) finished in 0.00 seconds. Local cache hits 6 (0.00s CPU time), remote cache hits 0 (0.00s CPU time), compiled 0 variants (0.00s CPU time), skipped 0 variants.
    Prepared data for serialisation in 0.00s
Serialized binary data for shader Hidden/BlitToDepth_MSAA in 0.00s
    vulkan (total internal programs: 6, unique: 2)
Compiling shader "Hidden/BlitCopyHDRTonemap"
  Pass "" (vp)
    Target graphics API: vulkan
    Full variant space:         1
    After settings filtering:   1
    After built-in stripping:   6
    After scriptable stripping: 6
    Processed in 0.00 seconds
  Pass  (vp, vulkan) finished in 0.00 seconds. Local cache hits 6 (0.00s CPU time), remote cache hits 0 (0.00s CPU time), compiled 0 variants (0.00s CPU time), skipped 0 variants.
    Prepared data for serialisation in 0.00s
Serialized binary data for shader Hidden/BlitCopyHDRTonemap in 0.00s
    vulkan (total internal programs: 6, unique: 2)
Compiling shader "Hidden/Internal-DebugPattern"
  Pass "Target Color and DepthStencil" (vp)
    Target graphics API: vulkan
    Full variant space:         1
    After settings filtering:   1
    After built-in stripping:   6
    After scriptable stripping: 6
    Processed in 0.00 seconds
  Pass "Target only Color" (vp)
    Target graphics API: vulkan
    Full variant space:         1
    After settings filtering:   1
    After built-in stripping:   6
    After scriptable stripping: 6
    Processed in 0.00 seconds
  Pass "Target only DepthStencil" (vp)
    Target graphics API: vulkan
    Full variant space:         1
    After settings filtering:   1
    After built-in stripping:   6
    After scriptable stripping: 6
    Processed in 0.00 seconds
  Pass Target Color and DepthStencil (vp, vulkan) finished in 0.00 seconds. Local cache hits 6 (0.00s CPU time), remote cache hits 0 (0.00s CPU time), compiled 0 variants (0.00s CPU time), skipped 0 variants.
    Prepared data for serialisation in 0.00s
  Pass Target only Color (vp, vulkan) finished in 0.00 seconds. Local cache hits 6 (0.00s CPU time), remote cache hits 0 (0.00s CPU time), compiled 0 variants (0.00s CPU time), skipped 0 variants.
    Prepared data for serialisation in 0.00s
  Pass Target only DepthStencil (vp, vulkan) finished in 0.00 seconds. Local cache hits 6 (0.00s CPU time), remote cache hits 0 (0.00s CPU time), compiled 0 variants (0.00s CPU time), skipped 0 variants.
    Prepared data for serialisation in 0.00s
Serialized binary data for shader Hidden/Internal-DebugPattern in 0.00s
    vulkan (total internal programs: 18, unique: 6)
Compiling shader "Hidden/Internal-GUITextureClip"
  Pass "" (vp)
    Target graphics API: vulkan
    Full variant space:         1
    After settings filtering:   1
    After built-in stripping:   6
    After scriptable stripping: 6
    Processed in 0.00 seconds
  Pass "" (vp)
    Target graphics API: vulkan
    Full variant space:         1
    After settings filtering:   1
    After built-in stripping:   6
    After scriptable stripping: 6
    Processed in 0.00 seconds
  Pass  (vp, vulkan) finished in 0.00 seconds. Local cache hits 6 (0.00s CPU time), remote cache hits 0 (0.00s CPU time), compiled 0 variants (0.00s CPU time), skipped 0 variants.
    Prepared data for serialisation in 0.00s
  Pass  (vp, vulkan) finished in 0.00 seconds. Local cache hits 6 (0.00s CPU time), remote cache hits 0 (0.00s CPU time), compiled 0 variants (0.00s CPU time), skipped 0 variants.
    Prepared data for serialisation in 0.00s
Serialized binary data for shader Hidden/Internal-GUITextureClip in 0.00s
    vulkan (total internal programs: 12, unique: 2)
Compiling shader "Hidden/Internal-GUITextureClipText"
  Pass "" (vp)
    Target graphics API: vulkan
    Full variant space:         1
    After settings filtering:   1
    After built-in stripping:   6
    After scriptable stripping: 6
    Processed in 0.00 seconds
  Pass "" (vp)
    Target graphics API: vulkan
    Full variant space:         1
    After settings filtering:   1
    After built-in stripping:   6
    After scriptable stripping: 6
    Processed in 0.00 seconds
  Pass  (vp, vulkan) finished in 0.00 seconds. Local cache hits 6 (0.00s CPU time), remote cache hits 0 (0.00s CPU time), compiled 0 variants (0.00s CPU time), skipped 0 variants.
    Prepared data for serialisation in 0.00s
  Pass  (vp, vulkan) finished in 0.00 seconds. Local cache hits 6 (0.00s CPU time), remote cache hits 0 (0.00s CPU time), compiled 0 variants (0.00s CPU time), skipped 0 variants.
    Prepared data for serialisation in 0.00s
Serialized binary data for shader Hidden/Internal-GUITextureClipText in 0.00s
    vulkan (total internal programs: 12, unique: 2)
Compiling shader "Hidden/Internal-GUITexture"
  Pass "" (vp)
    Target graphics API: vulkan
    Full variant space:         1
    After settings filtering:   1
    After built-in stripping:   6
    After scriptable stripping: 6
    Processed in 0.00 seconds
  Pass "" (vp)
    Target graphics API: vulkan
    Full variant space:         1
    After settings filtering:   1
    After built-in stripping:   6
    After scriptable stripping: 6
    Processed in 0.00 seconds
  Pass  (vp, vulkan) finished in 0.00 seconds. Local cache hits 6 (0.00s CPU time), remote cache hits 0 (0.00s CPU time), compiled 0 variants (0.00s CPU time), skipped 0 variants.
    Prepared data for serialisation in 0.00s
  Pass  (vp, vulkan) finished in 0.00 seconds. Local cache hits 6 (0.00s CPU time), remote cache hits 0 (0.00s CPU time), compiled 0 variants (0.00s CPU time), skipped 0 variants.
    Prepared data for serialisation in 0.00s
Serialized binary data for shader Hidden/Internal-GUITexture in 0.00s
    vulkan (total internal programs: 12, unique: 2)
Compiling shader "Hidden/Internal-GUITextureBlit"
  Pass "" (vp)
    Target graphics API: vulkan
    Full variant space:         1
    After settings filtering:   1
    After built-in stripping:   6
    After scriptable stripping: 6
    Processed in 0.00 seconds
  Pass "" (vp)
    Target graphics API: vulkan
    Full variant space:         1
    After settings filtering:   1
    After built-in stripping:   6
    After scriptable stripping: 6
    Processed in 0.00 seconds
  Pass  (vp, vulkan) finished in 0.00 seconds. Local cache hits 6 (0.00s CPU time), remote cache hits 0 (0.00s CPU time), compiled 0 variants (0.00s CPU time), skipped 0 variants.
    Prepared data for serialisation in 0.00s
  Pass  (vp, vulkan) finished in 0.00 seconds. Local cache hits 6 (0.00s CPU time), remote cache hits 0 (0.00s CPU time), compiled 0 variants (0.00s CPU time), skipped 0 variants.
    Prepared data for serialisation in 0.00s
Serialized binary data for shader Hidden/Internal-GUITextureBlit in 0.00s
    vulkan (total internal programs: 12, unique: 2)
Compiling shader "Hidden/Internal-GUIRoundedRect"
  Pass "" (vp)
    Target graphics API: vulkan
    Full variant space:         1
    After settings filtering:   1
    After built-in stripping:   6
    After scriptable stripping: 6
    Processed in 0.00 seconds
  Pass "" (vp)
    Target graphics API: vulkan
    Full variant space:         1
    After settings filtering:   1
    After built-in stripping:   6
    After scriptable stripping: 6
    Processed in 0.00 seconds
  Pass  (vp, vulkan) finished in 0.00 seconds. Local cache hits 6 (0.00s CPU time), remote cache hits 0 (0.00s CPU time), compiled 0 variants (0.00s CPU time), skipped 0 variants.
    Prepared data for serialisation in 0.00s
  Pass  (vp, vulkan) finished in 0.00 seconds. Local cache hits 6 (0.00s CPU time), remote cache hits 0 (0.00s CPU time), compiled 0 variants (0.00s CPU time), skipped 0 variants.
    Prepared data for serialisation in 0.00s
Serialized binary data for shader Hidden/Internal-GUIRoundedRect in 0.00s
    vulkan (total internal programs: 12, unique: 2)
Compiling shader "Hidden/Internal-GUIRoundedRectWithColorPerBorder"
  Pass "" (vp)
    Target graphics API: vulkan
    Full variant space:         1
    After settings filtering:   1
    After built-in stripping:   6
    After scriptable stripping: 6
    Processed in 0.00 seconds
  Pass "" (vp)
    Target graphics API: vulkan
    Full variant space:         1
    After settings filtering:   1
    After built-in stripping:   6
    After scriptable stripping: 6
    Processed in 0.00 seconds
  Pass  (vp, vulkan) finished in 0.00 seconds. Local cache hits 6 (0.00s CPU time), remote cache hits 0 (0.00s CPU time), compiled 0 variants (0.00s CPU time), skipped 0 variants.
    Prepared data for serialisation in 0.00s
  Pass  (vp, vulkan) finished in 0.00 seconds. Local cache hits 6 (0.00s CPU time), remote cache hits 0 (0.00s CPU time), compiled 0 variants (0.00s CPU time), skipped 0 variants.
    Prepared data for serialisation in 0.00s
Serialized binary data for shader Hidden/Internal-GUIRoundedRectWithColorPerBorder in 0.00s
    vulkan (total internal programs: 12, unique: 2)
Compiling shader "Hidden/Internal-UIRDefault"
  Pass "" (vp)
    Target graphics API: vulkan
    Full variant space:         40
    After settings filtering:   40
    After built-in stripping:   240
    After scriptable stripping: 240
    Processed in 0.00 seconds
  Pass  (vp, vulkan) finished in 0.01 seconds. Local cache hits 240 (0.08s CPU time), remote cache hits 0 (0.00s CPU time), compiled 0 variants (0.00s CPU time), skipped 0 variants.
    Prepared data for serialisation in 0.00s
Serialized binary data for shader Hidden/Internal-UIRDefault in 0.00s
    vulkan (total internal programs: 240, unique: 80)
Compiling shader "Hidden/Internal-UIRAtlasBlitCopy"
  Pass "" (vp)
    Target graphics API: vulkan
    Full variant space:         1
    After settings filtering:   1
    After built-in stripping:   6
    After scriptable stripping: 6
    Processed in 0.00 seconds
  Pass  (vp, vulkan) finished in 0.00 seconds. Local cache hits 6 (0.00s CPU time), remote cache hits 0 (0.00s CPU time), compiled 0 variants (0.00s CPU time), skipped 0 variants.
    Prepared data for serialisation in 0.00s
Serialized binary data for shader Hidden/Internal-UIRAtlasBlitCopy in 0.00s
    vulkan (total internal programs: 6, unique: 2)
Compiling shader "Unlit/Texture"
  Pass "" (vp)
    Target graphics API: vulkan
    Full variant space:         4
    After settings filtering:   4
    After built-in stripping:   6
    After scriptable stripping: 6
    Processed in 0.00 seconds
  Pass  (vp, vulkan) finished in 0.00 seconds. Local cache hits 6 (0.00s CPU time), remote cache hits 0 (0.00s CPU time), compiled 0 variants (0.00s CPU time), skipped 0 variants.
    Prepared data for serialisation in 0.00s
Serialized binary data for shader Unlit/Texture in 0.00s
    vulkan (total internal programs: 6, unique: 2)
Compiling shader "Sprites/Default"
  Pass "" (vp)
    Target graphics API: vulkan
    Full variant space:         8
    After settings filtering:   8
    After built-in stripping:   24
    After scriptable stripping: 24
    Processed in 0.00 seconds
  Pass  (vp, vulkan) finished in 0.00 seconds. Local cache hits 24 (0.01s CPU time), remote cache hits 0 (0.00s CPU time), compiled 0 variants (0.00s CPU time), skipped 0 variants.
    Prepared data for serialisation in 0.00s
Serialized binary data for shader Sprites/Default in 0.00s
    vulkan (total internal programs: 24, unique: 8)
Compiling shader "Unlit/Color"
  Pass "" (vp)
    Target graphics API: vulkan
    Full variant space:         4
    After settings filtering:   4
    After built-in stripping:   6
    After scriptable stripping: 6
    Processed in 0.00 seconds
  Pass  (vp, vulkan) finished in 0.00 seconds. Local cache hits 6 (0.00s CPU time), remote cache hits 0 (0.00s CPU time), compiled 0 variants (0.00s CPU time), skipped 0 variants.
    Prepared data for serialisation in 0.00s
Serialized binary data for shader Unlit/Color in 0.00s
    vulkan (total internal programs: 6, unique: 2)
Compiling shader "Sprites/Mask"
  Pass "" (vp)
    Target graphics API: vulkan
    Full variant space:         4
    After settings filtering:   4
    After built-in stripping:   24
    After scriptable stripping: 24
    Processed in 0.00 seconds
  Pass  (vp, vulkan) finished in 0.00 seconds. Local cache hits 24 (0.00s CPU time), remote cache hits 0 (0.00s CPU time), compiled 0 variants (0.00s CPU time), skipped 0 variants.
    Prepared data for serialisation in 0.00s
Serialized binary data for shader Sprites/Mask in 0.00s
    vulkan (total internal programs: 24, unique: 8)
Compiling shader "UI/Default"
  Pass "Default" (vp)
    Target graphics API: vulkan
    Full variant space:         4
    After settings filtering:   4
    After built-in stripping:   24
    After scriptable stripping: 24
    Processed in 0.00 seconds
  Pass Default (vp, vulkan) finished in 0.00 seconds. Local cache hits 24 (0.01s CPU time), remote cache hits 0 (0.00s CPU time), compiled 0 variants (0.00s CPU time), skipped 0 variants.
    Prepared data for serialisation in 0.00s
Serialized binary data for shader UI/Default in 0.00s
    vulkan (total internal programs: 24, unique: 8)
Compiling shader "UI/DefaultETC1"
  Pass "Default" (vp)
    Target graphics API: vulkan
    Full variant space:         4
    After settings filtering:   4
    After built-in stripping:   24
    After scriptable stripping: 24
    Processed in 0.00 seconds
  Pass Default (vp, vulkan) finished in 0.00 seconds. Local cache hits 24 (0.01s CPU time), remote cache hits 0 (0.00s CPU time), compiled 0 variants (0.00s CPU time), skipped 0 variants.
    Prepared data for serialisation in 0.00s
Serialized binary data for shader UI/DefaultETC1 in 0.00s
    vulkan (total internal programs: 24, unique: 8)
Compiling shader "Hidden/CubeBlur"
  Pass "" (vp)
    Target graphics API: vulkan
    Full variant space:         1
    After settings filtering:   1
    After built-in stripping:   6
    After scriptable stripping: 6
    Processed in 0.00 seconds
  Pass "" (vp)
    Target graphics API: vulkan
    Full variant space:         1
    After settings filtering:   1
    After built-in stripping:   6
    After scriptable stripping: 6
    Processed in 0.00 seconds
  Pass  (vp, vulkan) finished in 0.00 seconds. Local cache hits 6 (0.00s CPU time), remote cache hits 0 (0.00s CPU time), compiled 0 variants (0.00s CPU time), skipped 0 variants.
    Prepared data for serialisation in 0.00s
  Pass  (vp, vulkan) finished in 0.00 seconds. Local cache hits 6 (0.01s CPU time), remote cache hits 0 (0.00s CPU time), compiled 0 variants (0.00s CPU time), skipped 0 variants.
    Prepared data for serialisation in 0.00s
Serialized binary data for shader Hidden/CubeBlur in 0.00s
    vulkan (total internal programs: 12, unique: 3)
Compiling shader "Hidden/CubeCopy"
  Pass "" (vp)
    Target graphics API: vulkan
    Full variant space:         1
    After settings filtering:   1
    After built-in stripping:   6
    After scriptable stripping: 6
    Processed in 0.00 seconds
  Pass "" (vp)
    Target graphics API: vulkan
    Full variant space:         1
    After settings filtering:   1
    After built-in stripping:   6
    After scriptable stripping: 6
    Processed in 0.00 seconds
  Pass  (vp, vulkan) finished in 0.00 seconds. Local cache hits 6 (0.00s CPU time), remote cache hits 0 (0.00s CPU time), compiled 0 variants (0.00s CPU time), skipped 0 variants.
    Prepared data for serialisation in 0.00s
  Pass  (vp, vulkan) finished in 0.00 seconds. Local cache hits 6 (0.00s CPU time), remote cache hits 0 (0.00s CPU time), compiled 0 variants (0.00s CPU time), skipped 0 variants.
    Prepared data for serialisation in 0.00s
Serialized binary data for shader Hidden/CubeCopy in 0.00s
    vulkan (total internal programs: 12, unique: 2)
Compiling shader "Hidden/CubeBlend"
  Pass "" (vp)
    Target graphics API: vulkan
    Full variant space:         1
    After settings filtering:   1
    After built-in stripping:   6
    After scriptable stripping: 6
    Processed in 0.00 seconds
  Pass "" (vp)
    Target graphics API: vulkan
    Full variant space:         1
    After settings filtering:   1
    After built-in stripping:   6
    After scriptable stripping: 6
    Processed in 0.00 seconds
  Pass  (vp, vulkan) finished in 0.00 seconds. Local cache hits 6 (0.00s CPU time), remote cache hits 0 (0.00s CPU time), compiled 0 variants (0.00s CPU time), skipped 0 variants.
    Prepared data for serialisation in 0.00s
  Pass  (vp, vulkan) finished in 0.00 seconds. Local cache hits 6 (0.00s CPU time), remote cache hits 0 (0.00s CPU time), compiled 0 variants (0.00s CPU time), skipped 0 variants.
    Prepared data for serialisation in 0.00s
Serialized binary data for shader Hidden/CubeBlend in 0.00s
    vulkan (total internal programs: 12, unique: 2)
Compiling shader "Hidden/VR/BlitTexArraySlice"
  Pass "" (vp)
    Target graphics API: vulkan
    Full variant space:         1
    After settings filtering:   1
    After built-in stripping:   6
    After scriptable stripping: 6
    Processed in 0.00 seconds
  Pass  (vp, vulkan) finished in 0.00 seconds. Local cache hits 6 (0.00s CPU time), remote cache hits 0 (0.00s CPU time), compiled 0 variants (0.00s CPU time), skipped 0 variants.
    Prepared data for serialisation in 0.00s
Serialized binary data for shader Hidden/VR/BlitTexArraySlice in 0.00s
    vulkan (total internal programs: 6, unique: 2)
Compiling shader "Hidden/VR/BlitTexArraySliceToDepth"
  Pass "" (vp)
    Target graphics API: vulkan
    Full variant space:         1
    After settings filtering:   1
    After built-in stripping:   6
    After scriptable stripping: 6
    Processed in 0.00 seconds
  Pass  (vp, vulkan) finished in 0.00 seconds. Local cache hits 6 (0.00s CPU time), remote cache hits 0 (0.00s CPU time), compiled 0 variants (0.00s CPU time), skipped 0 variants.
    Prepared data for serialisation in 0.00s
Serialized binary data for shader Hidden/VR/BlitTexArraySliceToDepth in 0.00s
    vulkan (total internal programs: 6, unique: 2)
Compiling shader "Hidden/VR/BlitTexArraySliceToDepth_MSAA"
  Pass "" (vp)
    Target graphics API: vulkan
    Full variant space:         1
    After settings filtering:   1
    After built-in stripping:   6
    After scriptable stripping: 6
    Processed in 0.00 seconds
  Pass  (vp, vulkan) finished in 0.00 seconds. Local cache hits 6 (0.00s CPU time), remote cache hits 0 (0.00s CPU time), compiled 0 variants (0.00s CPU time), skipped 0 variants.
    Prepared data for serialisation in 0.00s
Serialized binary data for shader Hidden/VR/BlitTexArraySliceToDepth_MSAA in 0.00s
    vulkan (total internal programs: 6, unique: 2)
Compiling shader "Hidden/Internal-ODSWorldTexture"
  Pass "" (vp)
    Target graphics API: vulkan
    Full variant space:         1
    After settings filtering:   1
    After built-in stripping:   6
    After scriptable stripping: 6
    Processed in 0.00 seconds
  Pass "" (vp)
    Target graphics API: vulkan
    Full variant space:         1
    After settings filtering:   1
    After built-in stripping:   6
    After scriptable stripping: 6
    Processed in 0.00 seconds
  Pass "" (vp)
    Target graphics API: vulkan
    Full variant space:         1
    After settings filtering:   1
    After built-in stripping:   6
    After scriptable stripping: 6
    Processed in 0.00 seconds
  Pass "" (vp)
    Target graphics API: vulkan
    Full variant space:         1
    After settings filtering:   1
    After built-in stripping:   6
    After scriptable stripping: 6
    Processed in 0.00 seconds
  Pass "" (vp)
    Target graphics API: vulkan
    Full variant space:         1
    After settings filtering:   1
    After built-in stripping:   6
    After scriptable stripping: 6
    Processed in 0.00 seconds
  Pass "" (vp)
    Target graphics API: vulkan
    Full variant space:         1
    After settings filtering:   1
    After built-in stripping:   6
    After scriptable stripping: 6
    Processed in 0.00 seconds
  Pass "" (vp)
    Target graphics API: vulkan
    Full variant space:         1
    After settings filtering:   1
    After built-in stripping:   6
    After scriptable stripping: 6
    Processed in 0.00 seconds
  Pass "" (vp)
    Target graphics API: vulkan
    Full variant space:         1
    After settings filtering:   1
    After built-in stripping:   6
    After scriptable stripping: 6
    Processed in 0.00 seconds
  Pass "" (vp)
    Target graphics API: vulkan
    Full variant space:         1
    After settings filtering:   1
    After built-in stripping:   6
    After scriptable stripping: 6
    Processed in 0.00 seconds
  Pass "" (vp)
    Target graphics API: vulkan
    Full variant space:         1
    After settings filtering:   1
    After built-in stripping:   6
    After scriptable stripping: 6
    Processed in 0.00 seconds
  Pass  (vp, vulkan) finished in 0.00 seconds. Local cache hits 6 (0.00s CPU time), remote cache hits 0 (0.00s CPU time), compiled 0 variants (0.00s CPU time), skipped 0 variants.
    Prepared data for serialisation in 0.00s
  Pass  (vp, vulkan) finished in 0.00 seconds. Local cache hits 6 (0.00s CPU time), remote cache hits 0 (0.00s CPU time), compiled 0 variants (0.00s CPU time), skipped 0 variants.
    Prepared data for serialisation in 0.00s
  Pass  (vp, vulkan) finished in 0.00 seconds. Local cache hits 6 (0.00s CPU time), remote cache hits 0 (0.00s CPU time), compiled 0 variants (0.00s CPU time), skipped 0 variants.
    Prepared data for serialisation in 0.00s
  Pass  (vp, vulkan) finished in 0.00 seconds. Local cache hits 6 (0.01s CPU time), remote cache hits 0 (0.00s CPU time), compiled 0 variants (0.00s CPU time), skipped 0 variants.
    Prepared data for serialisation in 0.00s
  Pass  (vp, vulkan) finished in 0.00 seconds. Local cache hits 6 (0.00s CPU time), remote cache hits 0 (0.00s CPU time), compiled 0 variants (0.00s CPU time), skipped 0 variants.
    Prepared data for serialisation in 0.00s
  Pass  (vp, vulkan) finished in 0.00 seconds. Local cache hits 6 (0.00s CPU time), remote cache hits 0 (0.00s CPU time), compiled 0 variants (0.00s CPU time), skipped 0 variants.
    Prepared data for serialisation in 0.00s
  Pass  (vp, vulkan) finished in 0.00 seconds. Local cache hits 6 (0.00s CPU time), remote cache hits 0 (0.00s CPU time), compiled 0 variants (0.00s CPU time), skipped 0 variants.
    Prepared data for serialisation in 0.00s
  Pass  (vp, vulkan) finished in 0.00 seconds. Local cache hits 6 (0.00s CPU time), remote cache hits 0 (0.00s CPU time), compiled 0 variants (0.00s CPU time), skipped 0 variants.
    Prepared data for serialisation in 0.00s
  Pass  (vp, vulkan) finished in 0.00 seconds. Local cache hits 6 (0.00s CPU time), remote cache hits 0 (0.00s CPU time), compiled 0 variants (0.00s CPU time), skipped 0 variants.
    Prepared data for serialisation in 0.00s
  Pass  (vp, vulkan) finished in 0.00 seconds. Local cache hits 6 (0.00s CPU time), remote cache hits 0 (0.00s CPU time), compiled 0 variants (0.00s CPU time), skipped 0 variants.
    Prepared data for serialisation in 0.00s
Serialized binary data for shader Hidden/Internal-ODSWorldTexture in 0.00s
    vulkan (total internal programs: 60, unique: 18)
Compiling shader "Hidden/Internal-CubemapToEquirect"
  Pass "" (vp)
    Target graphics API: vulkan
    Full variant space:         1
    After settings filtering:   1
    After built-in stripping:   6
    After scriptable stripping: 6
    Processed in 0.00 seconds
  Pass  (vp, vulkan) finished in 0.00 seconds. Local cache hits 6 (0.00s CPU time), remote cache hits 0 (0.00s CPU time), compiled 0 variants (0.00s CPU time), skipped 0 variants.
    Prepared data for serialisation in 0.00s
Serialized binary data for shader Hidden/Internal-CubemapToEquirect in 0.00s
    vulkan (total internal programs: 6, unique: 2)
Compiling shader "Hidden/VR/BlitFromTex2DToTexArraySlice"
  Pass "" (vp)
  Pass "" (vp)
    Target graphics API: vulkan
    Full variant space:         1
    After settings filtering:   1
    After built-in stripping:   6
    After scriptable stripping: 6
    Processed in 0.00 seconds
    Prepared data for serialisation in 0.00s
  Pass  (vp, vulkan) finished in 0.00 seconds. Local cache hits 6 (0.00s CPU time), remote cache hits 0 (0.00s CPU time), compiled 0 variants (0.00s CPU time), skipped 0 variants.
    Prepared data for serialisation in 0.00s
Serialized binary data for shader Hidden/VR/BlitFromTex2DToTexArraySlice in 0.00s
    vulkan (total internal programs: 6, unique: 2)
Compiling shader "Hidden/VideoComposite"
  Pass "Default" (vp)
    Target graphics API: vulkan
    Full variant space:         1
    After settings filtering:   1
    After built-in stripping:   6
    After scriptable stripping: 6
    Processed in 0.00 seconds
  Pass Default (vp, vulkan) finished in 0.00 seconds. Local cache hits 6 (0.00s CPU time), remote cache hits 0 (0.00s CPU time), compiled 0 variants (0.00s CPU time), skipped 0 variants.
    Prepared data for serialisation in 0.00s
Serialized binary data for shader Hidden/VideoComposite in 0.00s
    vulkan (total internal programs: 6, unique: 2)
Compiling shader "Hidden/VideoDecode"
  Pass "YCbCr_To_RGB1" (vp)
    Target graphics API: vulkan
    Full variant space:         2
    After settings filtering:   2
    After built-in stripping:   12
    After scriptable stripping: 12
    Processed in 0.00 seconds
  Pass "YCbCrA_To_RGBAFull" (vp)
    Target graphics API: vulkan
    Full variant space:         2
    After settings filtering:   2
    After built-in stripping:   12
    After scriptable stripping: 12
    Processed in 0.00 seconds
  Pass "YCbCrA_To_RGBA" (vp)
    Target graphics API: vulkan
    Full variant space:         2
    After settings filtering:   2
    After built-in stripping:   12
    After scriptable stripping: 12
    Processed in 0.00 seconds
  Pass "Flip_RGBA_To_RGBA" (vp)
    Target graphics API: vulkan
    Full variant space:         2
    After settings filtering:   2
    After built-in stripping:   12
    After scriptable stripping: 12
    Processed in 0.00 seconds
  Pass "Flip_RGBASplit_To_RGBA" (vp)
    Target graphics API: vulkan
    Full variant space:         2
    After settings filtering:   2
    After built-in stripping:   12
    After scriptable stripping: 12
    Processed in 0.00 seconds
  Pass "Flip_NV12_To_RGB1" (vp)
    Target graphics API: vulkan
    Full variant space:         2
    After settings filtering:   2
    After built-in stripping:   12
    After scriptable stripping: 12
    Processed in 0.00 seconds
  Pass "Flip_NV12_To_RGBA" (vp)
    Target graphics API: vulkan
    Full variant space:         2
    After settings filtering:   2
    After built-in stripping:   12
    After scriptable stripping: 12
    Processed in 0.00 seconds
  Pass "Flip_P010_To_RGB1" (vp)
    Target graphics API: vulkan
    Full variant space:         1
    After settings filtering:   1
    After built-in stripping:   6
    After scriptable stripping: 6
    Processed in 0.00 seconds
  Pass YCbCr_To_RGB1 (vp, vulkan) finished in 0.00 seconds. Local cache hits 12 (0.00s CPU time), remote cache hits 0 (0.00s CPU time), compiled 0 variants (0.00s CPU time), skipped 0 variants.
    Prepared data for serialisation in 0.00s
  Pass YCbCrA_To_RGBAFull (vp, vulkan) finished in 0.00 seconds. Local cache hits 12 (0.01s CPU time), remote cache hits 0 (0.00s CPU time), compiled 0 variants (0.00s CPU time), skipped 0 variants.
    Prepared data for serialisation in 0.00s
  Pass YCbCrA_To_RGBA (vp, vulkan) finished in 0.00 seconds. Local cache hits 12 (0.00s CPU time), remote cache hits 0 (0.00s CPU time), compiled 0 variants (0.00s CPU time), skipped 0 variants.
    Prepared data for serialisation in 0.00s
  Pass Flip_RGBA_To_RGBA (vp, vulkan) finished in 0.00 seconds. Local cache hits 12 (0.00s CPU time), remote cache hits 0 (0.00s CPU time), compiled 0 variants (0.00s CPU time), skipped 0 variants.
    Prepared data for serialisation in 0.00s
  Pass Flip_RGBASplit_To_RGBA (vp, vulkan) finished in 0.00 seconds. Local cache hits 12 (0.01s CPU time), remote cache hits 0 (0.00s CPU time), compiled 0 variants (0.00s CPU time), skipped 0 variants.
    Prepared data for serialisation in 0.00s
  Pass Flip_NV12_To_RGB1 (vp, vulkan) finished in 0.00 seconds. Local cache hits 12 (0.00s CPU time), remote cache hits 0 (0.00s CPU time), compiled 0 variants (0.00s CPU time), skipped 0 variants.
    Prepared data for serialisation in 0.00s
  Pass Flip_NV12_To_RGBA (vp, vulkan) finished in 0.00 seconds. Local cache hits 12 (0.00s CPU time), remote cache hits 0 (0.00s CPU time), compiled 0 variants (0.00s CPU time), skipped 0 variants.
    Prepared data for serialisation in 0.00s
  Pass Flip_P010_To_RGB1 (vp, vulkan) finished in 0.00 seconds. Local cache hits 6 (0.00s CPU time), remote cache hits 0 (0.00s CPU time), compiled 0 variants (0.00s CPU time), skipped 0 variants.
    Prepared data for serialisation in 0.00s
Serialized binary data for shader Hidden/VideoDecode in 0.00s
    vulkan (total internal programs: 90, unique: 30)
Compiling shader "Hidden/VideoDecodeAndroid"
  Pass "RGBAExternal_To_RGBA" (vp)
  Pass "RGBASplitExternal_To_RGBA" (vp)
    Prepared data for serialisation in 0.00s
    Prepared data for serialisation in 0.00s
Serialized binary data for shader Hidden/VideoDecodeAndroid in 0.00s
    vulkan (total internal programs: 0, unique: 0)
Compiling shader "Hidden/TextCore/Distance Field SSD"
  Pass "" (vp)
    Target graphics API: vulkan
    Full variant space:         1
    After settings filtering:   1
    After built-in stripping:   6
    After scriptable stripping: 6
    Processed in 0.00 seconds
  Pass  (vp, vulkan) finished in 0.00 seconds. Local cache hits 6 (0.00s CPU time), remote cache hits 0 (0.00s CPU time), compiled 0 variants (0.00s CPU time), skipped 0 variants.
    Prepared data for serialisation in 0.00s
Serialized binary data for shader Hidden/TextCore/Distance Field SSD in 0.00s
    vulkan (total internal programs: 6, unique: 2)
Compiling shader "Hidden/Physics2D/SDF_CircleGeometry"
  Pass "" (vp)
    Target graphics API: vulkan
    Full variant space:         2
    After settings filtering:   2
    After built-in stripping:   6
    After scriptable stripping: 6
    Processed in 0.00 seconds
  Pass  (vp, vulkan) finished in 0.00 seconds. Local cache hits 6 (0.00s CPU time), remote cache hits 0 (0.00s CPU time), compiled 0 variants (0.00s CPU time), skipped 0 variants.
    Prepared data for serialisation in 0.00s
Serialized binary data for shader Hidden/Physics2D/SDF_CircleGeometry in 0.00s
    vulkan (total internal programs: 6, unique: 2)
Compiling shader "Hidden/Physics2D/SDF_CapsuleGeometry"
  Pass "" (vp)
    Target graphics API: vulkan
    Full variant space:         2
    After settings filtering:   2
    After built-in stripping:   6
    After scriptable stripping: 6
    Processed in 0.00 seconds
  Pass  (vp, vulkan) finished in 0.00 seconds. Local cache hits 6 (0.00s CPU time), remote cache hits 0 (0.00s CPU time), compiled 0 variants (0.00s CPU time), skipped 0 variants.
    Prepared data for serialisation in 0.00s
Serialized binary data for shader Hidden/Physics2D/SDF_CapsuleGeometry in 0.00s
    vulkan (total internal programs: 6, unique: 2)
Compiling shader "Hidden/Physics2D/SDF_PolygonGeometry"
  Pass "" (vp)
    Target graphics API: vulkan
    Full variant space:         2
    After settings filtering:   2
    After built-in stripping:   6
    After scriptable stripping: 6
    Processed in 0.00 seconds
  Pass  (vp, vulkan) finished in 0.00 seconds. Local cache hits 6 (0.00s CPU time), remote cache hits 0 (0.00s CPU time), compiled 0 variants (0.00s CPU time), skipped 0 variants.
    Prepared data for serialisation in 0.00s
Serialized binary data for shader Hidden/Physics2D/SDF_PolygonGeometry in 0.00s
    vulkan (total internal programs: 6, unique: 2)
Compiling shader "Hidden/Physics2D/SDF_Line"
  Pass "" (vp)
    Target graphics API: vulkan
    Full variant space:         2
    After settings filtering:   2
    After built-in stripping:   6
    After scriptable stripping: 6
    Processed in 0.00 seconds
  Pass  (vp, vulkan) finished in 0.00 seconds. Local cache hits 6 (0.00s CPU time), remote cache hits 0 (0.00s CPU time), compiled 0 variants (0.00s CPU time), skipped 0 variants.
    Prepared data for serialisation in 0.00s
Serialized binary data for shader Hidden/Physics2D/SDF_Line in 0.00s
    vulkan (total internal programs: 6, unique: 2)
Compiling shader "Hidden/Physics2D/SDF_Point"
  Pass "" (vp)
    Target graphics API: vulkan
    Full variant space:         2
    After settings filtering:   2
    After built-in stripping:   6
    After scriptable stripping: 6
    Processed in 0.00 seconds
  Pass  (vp, vulkan) finished in 0.00 seconds. Local cache hits 6 (0.00s CPU time), remote cache hits 0 (0.00s CPU time), compiled 0 variants (0.00s CPU time), skipped 0 variants.
    Prepared data for serialisation in 0.00s
Serialized binary data for shader Hidden/Physics2D/SDF_Point in 0.00s
    vulkan (total internal programs: 6, unique: 2)
Compiling shader "glTF/PbrSpecularGlossiness"
  Pass "FORWARD" (vp)
    Target graphics API: vulkan
    Full variant space:         664
    After settings filtering:   664
    After built-in stripping:   48
    After scriptable stripping: 48
    Processed in 0.00 seconds
  Pass "FORWARD_DELTA" (vp)
    Target graphics API: vulkan
    Full variant space:         188
    After settings filtering:   188
    After built-in stripping:   78
    After scriptable stripping: 78
    Processed in 0.00 seconds
  Pass "ShadowCaster" (vp)
    Target graphics API: vulkan
    Full variant space:         4
    After settings filtering:   4
    After built-in stripping:   12
    After scriptable stripping: 12
    Processed in 0.00 seconds
  Pass "DEFERRED" (vp)
    Target graphics API: vulkan
    Full variant space:         76
    After settings filtering:   76
    After built-in stripping:   24
    After scriptable stripping: 24
    Processed in 0.00 seconds
  Pass "FORWARD" (vp)
    Target graphics API: vulkan
    Full variant space:         136
    After settings filtering:   136
    After built-in stripping:   48
    After scriptable stripping: 48
    Processed in 0.00 seconds
  Pass "FORWARD_DELTA" (vp)
    Target graphics API: vulkan
    Full variant space:         140
    After settings filtering:   140
    After built-in stripping:   60
    After scriptable stripping: 60
    Processed in 0.00 seconds
  Pass "ShadowCaster" (vp)
    Target graphics API: vulkan
    Full variant space:         2
    After settings filtering:   2
    After built-in stripping:   12
    After scriptable stripping: 12
    Processed in 0.00 seconds
  Pass FORWARD (vp, vulkan) finished in 0.00 seconds. Local cache hits 48 (0.00s CPU time), remote cache hits 0 (0.00s CPU time), compiled 0 variants (0.00s CPU time), skipped 0 variants.
    Prepared data for serialisation in 0.00s
  Pass FORWARD_DELTA (vp, vulkan) finished in 0.00 seconds. Local cache hits 78 (0.01s CPU time), remote cache hits 0 (0.00s CPU time), compiled 0 variants (0.00s CPU time), skipped 0 variants.
    Prepared data for serialisation in 0.00s
  Pass ShadowCaster (vp, vulkan) finished in 0.00 seconds. Local cache hits 12 (0.00s CPU time), remote cache hits 0 (0.00s CPU time), compiled 0 variants (0.00s CPU time), skipped 0 variants.
    Prepared data for serialisation in 0.00s
  Pass DEFERRED (vp, vulkan) finished in 0.00 seconds. Local cache hits 24 (0.00s CPU time), remote cache hits 0 (0.00s CPU time), compiled 0 variants (0.00s CPU time), skipped 0 variants.
    Prepared data for serialisation in 0.00s
  Pass FORWARD (vp, vulkan) finished in 0.00 seconds. Local cache hits 48 (0.00s CPU time), remote cache hits 0 (0.00s CPU time), compiled 0 variants (0.00s CPU time), skipped 0 variants.
    Prepared data for serialisation in 0.00s
  Pass FORWARD_DELTA (vp, vulkan) finished in 0.00 seconds. Local cache hits 60 (0.00s CPU time), remote cache hits 0 (0.00s CPU time), compiled 0 variants (0.00s CPU time), skipped 0 variants.
    Prepared data for serialisation in 0.00s
  Pass ShadowCaster (vp, vulkan) finished in 0.00 seconds. Local cache hits 12 (0.00s CPU time), remote cache hits 0 (0.00s CPU time), compiled 0 variants (0.00s CPU time), skipped 0 variants.
    Prepared data for serialisation in 0.00s
Serialized binary data for shader glTF/PbrSpecularGlossiness in 0.00s
    vulkan (total internal programs: 282, unique: 108)
Compiling shader "glTF/PbrMetallicRoughness"
  Pass "FORWARD" (vp)
    Target graphics API: vulkan
    Full variant space:         664
    After settings filtering:   664
    After built-in stripping:   48
    After scriptable stripping: 48
    Processed in 0.00 seconds
  Pass "FORWARD_DELTA" (vp)
    Target graphics API: vulkan
    Full variant space:         188
    After settings filtering:   188
    After built-in stripping:   78
    After scriptable stripping: 78
    Processed in 0.00 seconds
  Pass "ShadowCaster" (vp)
    Target graphics API: vulkan
    Full variant space:         4
    After settings filtering:   4
    After built-in stripping:   12
    After scriptable stripping: 12
    Processed in 0.00 seconds
  Pass "DEFERRED" (vp)
    Target graphics API: vulkan
    Full variant space:         76
    After settings filtering:   76
    After built-in stripping:   24
    After scriptable stripping: 24
    Processed in 0.00 seconds
  Pass "FORWARD" (vp)
    Target graphics API: vulkan
    Full variant space:         208
    After settings filtering:   208
    After built-in stripping:   48
    After scriptable stripping: 48
    Processed in 0.00 seconds
  Pass "FORWARD_DELTA" (vp)
    Target graphics API: vulkan
    Full variant space:         140
    After settings filtering:   140
    After built-in stripping:   60
    After scriptable stripping: 60
    Processed in 0.00 seconds
  Pass "ShadowCaster" (vp)
    Target graphics API: vulkan
    Full variant space:         2
    After settings filtering:   2
    After built-in stripping:   12
    After scriptable stripping: 12
    Processed in 0.00 seconds
  Pass FORWARD (vp, vulkan) finished in 0.00 seconds. Local cache hits 48 (0.00s CPU time), remote cache hits 0 (0.00s CPU time), compiled 0 variants (0.00s CPU time), skipped 0 variants.
    Prepared data for serialisation in 0.00s
  Pass FORWARD_DELTA (vp, vulkan) finished in 0.00 seconds. Local cache hits 78 (0.01s CPU time), remote cache hits 0 (0.00s CPU time), compiled 0 variants (0.00s CPU time), skipped 0 variants.
    Prepared data for serialisation in 0.00s
  Pass ShadowCaster (vp, vulkan) finished in 0.00 seconds. Local cache hits 12 (0.00s CPU time), remote cache hits 0 (0.00s CPU time), compiled 0 variants (0.00s CPU time), skipped 0 variants.
    Prepared data for serialisation in 0.00s
  Pass DEFERRED (vp, vulkan) finished in 0.00 seconds. Local cache hits 24 (0.00s CPU time), remote cache hits 0 (0.00s CPU time), compiled 0 variants (0.00s CPU time), skipped 0 variants.
    Prepared data for serialisation in 0.00s
  Pass FORWARD (vp, vulkan) finished in 0.00 seconds. Local cache hits 48 (0.00s CPU time), remote cache hits 0 (0.00s CPU time), compiled 0 variants (0.00s CPU time), skipped 0 variants.
    Prepared data for serialisation in 0.00s
  Pass FORWARD_DELTA (vp, vulkan) finished in 0.00 seconds. Local cache hits 60 (0.00s CPU time), remote cache hits 0 (0.00s CPU time), compiled 0 variants (0.00s CPU time), skipped 0 variants.
    Prepared data for serialisation in 0.00s
  Pass ShadowCaster (vp, vulkan) finished in 0.00 seconds. Local cache hits 12 (0.00s CPU time), remote cache hits 0 (0.00s CPU time), compiled 0 variants (0.00s CPU time), skipped 0 variants.
    Prepared data for serialisation in 0.00s
Serialized binary data for shader glTF/PbrMetallicRoughness in 0.00s
    vulkan (total internal programs: 282, unique: 108)
Compiling shader "glTF/Unlit"
  Pass "" (vp)
    Target graphics API: vulkan
    Full variant space:         4
    After settings filtering:   4
    After built-in stripping:   6
    After scriptable stripping: 6
    Processed in 0.00 seconds
  Pass  (vp, vulkan) finished in 0.00 seconds. Local cache hits 6 (0.00s CPU time), remote cache hits 0 (0.00s CPU time), compiled 0 variants (0.00s CPU time), skipped 0 variants.
    Prepared data for serialisation in 0.00s
Serialized binary data for shader glTF/Unlit in 0.00s
    vulkan (total internal programs: 6, unique: 2)
SpriteAtlasDatabase::Cleanup
DisplayProgressbar: Initializing
Android PostProcess task "Initializing" took 0,5024 ms
DisplayProgressbar: Check gradle project collisions
Android PostProcess task "Check gradle project collisions" took 0,1407 ms
DisplayProgressbar: Preparing banner
Android PostProcess task "Preparing banner" took 0,2135 ms
[40m[32minfo[39m[22m[49m: Microsoft.AspNetCore.Hosting.Diagnostics[1]
      Request starting HTTP/2 POST http://ilpp/UnityILPP.PostProcessing/Ping application/grpc -
[40m[32minfo[39m[22m[49m: Microsoft.AspNetCore.Routing.EndpointMiddleware[0]
      Executing endpoint 'gRPC - /UnityILPP.PostProcessing/Ping'
[40m[32minfo[39m[22m[49m: Microsoft.AspNetCore.Routing.EndpointMiddleware[1]
      Executed endpoint 'gRPC - /UnityILPP.PostProcessing/Ping'
[40m[32minfo[39m[22m[49m: Microsoft.AspNetCore.Hosting.Diagnostics[2]
      Request finished HTTP/2 POST http://ilpp/UnityILPP.PostProcessing/Ping application/grpc - - 200 - application/grpc 0.2162ms
Starting: /Applications/Unity/Hub/Editor/6000.3.22f1/Unity.app/Contents/Resources/BuildPipeline/bee_backend --ipc --dagfile="Library/Bee/Playerf24407d0.dag" --profile="Library/Bee/backend1.traceevents" Player
WorkingDir: /Users/mziwamadoda/Projects/Binteca/Interactive/milzetvrstudio/Unity
Rebuilding DAG because FileSignature timestamp changed: Library/Bee/Playerf24407d0-inputdata.json
*** Tundra requires additional run (0.04 seconds), 0 items updated, 0 evaluated
Starting: /Applications/Unity/Hub/Editor/6000.3.22f1/Unity.app/Contents/Resources/Scripting/netcorerun/netcorerun "/Applications/Unity/Hub/Editor/6000.3.22f1/PlaybackEngines/AndroidPlayer/AndroidPlayerBuildProgram.exe" "/Applications/Unity/Hub/Editor/6000.3.22f1/PlaybackEngines/AndroidPlayer/Bee:/Applications/Unity/Hub/Editor/6000.3.22f1/Unity.app/Contents/Resources/BuildPipeline" "Library/Bee/Playerf24407d0.dag.json" "Library/Bee/Playerf24407d0-inputdata.json" "Library/Bee/buildprogram0.traceevents"
WorkingDir: /Users/mziwamadoda/Projects/Binteca/Interactive/milzetvrstudio/Unity
DisplayProgressbar: Incremental Player Build
ExitCode: 4 Duration: 0s114ms
ExitCode: 0 Duration: 0s579ms
Starting: /Applications/Unity/Hub/Editor/6000.3.22f1/Unity.app/Contents/Resources/BuildPipeline/bee_backend --ipc --dagfile="Library/Bee/Playerf24407d0.dag" --dagfilejson="Library/Bee/Playerf24407d0.dag.json" --profile="Library/Bee/backend2.traceevents" Player
WorkingDir: /Users/mziwamadoda/Projects/Binteca/Interactive/milzetvrstudio/Unity
Finished compiling graph: 2004 nodes, 5529 flattened edges (5521 ToBuild, 8 ToUse), maximum node priority 2147483647
[           0s] Delete 2 artifact files that are no longer in use. (like /Users/mziwamadoda/Projects/Binteca/Interactive/milzetvrstudio/Unity/Library/Bee/Android/Prj/IL2CPP/Gradle/unityLibrary/src/main/assets/bin/Data/403871c85278449aca19dbcd9acea40c)
[  86/1813  0s] WriteText Library/Bee/artifacts/csharpactions/IntermediateFiles.txt_ri9j.info
[  87/1813  0s] WriteText Library/Bee/artifacts/csharpactions/boot.config_x4e9.info
[  88/1813  0s] WriteText Library/Bee/artifacts/csharpactions/unity_app_guid_tdfy.info
[ 105/1813  0s] CopyFiles /Users/mziwamadoda/Projects/Binteca/Interactive/milzetvrstudio/Unity/Library/Bee/Android/Prj/IL2CPP/Gradle/unityLibrary/xrmanifest.androidlib/AndroidManifest.xml
[ 112/1813  0s] CopyFiles /Users/mziwamadoda/Projects/Binteca/Interactive/milzetvrstudio/Unity/Library/Bee/Android/Prj/IL2CPP/Gradle/unityLibrary/src/main/assets/bin/Data/Resources/unity_builtin_extra
[ 115/1813  0s] CopyFiles /Users/mziwamadoda/Projects/Binteca/Interactive/milzetvrstudio/Unity/Library/Bee/Android/Prj/IL2CPP/Gradle/unityLibrary/src/main/assets/bin/Data/globalgamemanagers
[ 116/1813  0s] CopyFiles /Users/mziwamadoda/Projects/Binteca/Interactive/milzetvrstudio/Unity/Library/Bee/Android/Prj/IL2CPP/Gradle/unityLibrary/src/main/assets/bin/Data/fe4bf5aaf06a4c04eb7d93ef983d9f1d
[ 117/1813  0s] CopyFiles /Users/mziwamadoda/Projects/Binteca/Interactive/milzetvrstudio/Unity/Library/Bee/Android/Prj/IL2CPP/Gradle/unityLibrary/src/main/assets/bin/Data/fe393ace9b354375a9cb14cdbbc28be4
[ 118/1813  0s] CopyFiles /Users/mziwamadoda/Projects/Binteca/Interactive/milzetvrstudio/Unity/Library/Bee/Android/Prj/IL2CPP/Gradle/unityLibrary/src/main/assets/bin/Data/fe23f0b1bc00bc7418f46d06749ce418
[ 119/1813  0s] CopyFiles /Users/mziwamadoda/Projects/Binteca/Interactive/milzetvrstudio/Unity/Library/Bee/Android/Prj/IL2CPP/Gradle/unityLibrary/src/main/assets/bin/Data/fdb8a29b299be024f9d07581d18cfae4
[ 120/1813  0s] CopyFiles /Users/mziwamadoda/Projects/Binteca/Interactive/milzetvrstudio/Unity/Library/Bee/Android/Prj/IL2CPP/Gradle/unityLibrary/src/main/assets/bin/Data/fd41edc4e8aea504f9328eb018e52376
[ 121/1813  0s] CopyFiles /Users/mziwamadoda/Projects/Binteca/Interactive/milzetvrstudio/Unity/Library/Bee/Android/Prj/IL2CPP/Gradle/unityLibrary/src/main/assets/bin/Data/fade42e8bc714b018fac513c043d323b
[ 122/1813  0s] CopyFiles /Users/mziwamadoda/Projects/Binteca/Interactive/milzetvrstudio/Unity/Library/Bee/Android/Prj/IL2CPP/Gradle/unityLibrary/src/main/assets/bin/Data/f952c082cb03451daed3ee968ac6c63e
[ 123/1813  0s] CopyFiles /Users/mziwamadoda/Projects/Binteca/Interactive/milzetvrstudio/Unity/Library/Bee/Android/Prj/IL2CPP/Gradle/unityLibrary/src/main/assets/bin/Data/f72c67f269ed84db085f2e61c57440e4
[ 124/1813  0s] CopyFiles /Users/mziwamadoda/Projects/Binteca/Interactive/milzetvrstudio/Unity/Library/Bee/Android/Prj/IL2CPP/Gradle/unityLibrary/src/main/assets/bin/Data/f66fcb9802ce5ab41a6469acf34a53ca
[ 125/1813  0s] CopyFiles /Users/mziwamadoda/Projects/Binteca/Interactive/milzetvrstudio/Unity/Library/Bee/Android/Prj/IL2CPP/Gradle/unityLibrary/src/main/assets/bin/Data/f61a8ec5c53caa842ac01acee8fba8b3
[ 126/1813  0s] CopyFiles /Users/mziwamadoda/Projects/Binteca/Interactive/milzetvrstudio/Unity/Library/Bee/Android/Prj/IL2CPP/Gradle/unityLibrary/src/main/assets/bin/Data/f3ee8c679c1070f4cbc8eabdabb14584
[ 127/1813  0s] CopyFiles /Users/mziwamadoda/Projects/Binteca/Interactive/milzetvrstudio/Unity/Library/Bee/Android/Prj/IL2CPP/Gradle/unityLibrary/src/main/assets/bin/Data/f370e1e1d6d453944ad4eef495d46a4c
[ 128/1813  0s] CopyFiles /Users/mziwamadoda/Projects/Binteca/Interactive/milzetvrstudio/Unity/Library/Bee/Android/Prj/IL2CPP/Gradle/unityLibrary/src/main/assets/bin/Data/f304d76740531394b8e88c127a34e922
[ 129/1813  0s] CopyFiles /Users/mziwamadoda/Projects/Binteca/Interactive/milzetvrstudio/Unity/Library/Bee/Android/Prj/IL2CPP/Gradle/unityLibrary/src/main/assets/bin/Data/f174f11f6249c25478110c0e685a6499
[ 130/1813  0s] CopyFiles /Users/mziwamadoda/Projects/Binteca/Interactive/milzetvrstudio/Unity/Library/Bee/Android/Prj/IL2CPP/Gradle/unityLibrary/src/main/assets/bin/Data/efe55bc58e44ce0439dc4f47e3266bd6
[ 131/1813  0s] CopyFiles /Users/mziwamadoda/Projects/Binteca/Interactive/milzetvrstudio/Unity/Library/Bee/Android/Prj/IL2CPP/Gradle/unityLibrary/src/main/assets/bin/Data/eaeac9ce83896a04691d2590189776f5
[ 132/1813  0s] CopyFiles /Users/mziwamadoda/Projects/Binteca/Interactive/milzetvrstudio/Unity/Library/Bee/Android/Prj/IL2CPP/Gradle/unityLibrary/src/main/assets/bin/Data/ea01a06de0eb1304faac01aa8b4a1a79
[ 133/1813  0s] CopyFiles /Users/mziwamadoda/Projects/Binteca/Interactive/milzetvrstudio/Unity/Library/Bee/Android/Prj/IL2CPP/Gradle/unityLibrary/src/main/assets/bin/Data/e9e8baa119764114b912fba2c5e00561
[ 134/1813  0s] CopyFiles /Users/mziwamadoda/Projects/Binteca/Interactive/milzetvrstudio/Unity/Library/Bee/Android/Prj/IL2CPP/Gradle/unityLibrary/src/main/assets/bin/Data/e817b962f95e9694c9a2c22c6c3fe710
[ 135/1813  0s] CopyFiles /Users/mziwamadoda/Projects/Binteca/Interactive/milzetvrstudio/Unity/Library/Bee/Android/Prj/IL2CPP/Gradle/unityLibrary/src/main/assets/bin/Data/e73a58f6e2794ae7b1b7e50b7fb811b0
[ 136/1813  0s] CopyFiles /Users/mziwamadoda/Projects/Binteca/Interactive/milzetvrstudio/Unity/Library/Bee/Android/Prj/IL2CPP/Gradle/unityLibrary/src/main/assets/bin/Data/e60bd33cc9b29c14d91e9d97c03ab837
[ 137/1813  0s] CopyFiles /Users/mziwamadoda/Projects/Binteca/Interactive/milzetvrstudio/Unity/Library/Bee/Android/Prj/IL2CPP/Gradle/unityLibrary/src/main/assets/bin/Data/e573049ff9ccfbd42b99cf4d9be67ca0
[ 138/1813  0s] CopyFiles /Users/mziwamadoda/Projects/Binteca/Interactive/milzetvrstudio/Unity/Library/Bee/Android/Prj/IL2CPP/Gradle/unityLibrary/src/main/assets/bin/Data/e44bbb09d003b56438175eac75f2bb02
[ 139/1813  0s] CopyFiles /Users/mziwamadoda/Projects/Binteca/Interactive/milzetvrstudio/Unity/Library/Bee/Android/Prj/IL2CPP/Gradle/unityLibrary/src/main/assets/bin/Data/e434f5a0ea434c04895bbc3ddb875d2a
[ 140/1813  0s] CopyFiles /Users/mziwamadoda/Projects/Binteca/Interactive/milzetvrstudio/Unity/Library/Bee/Android/Prj/IL2CPP/Gradle/unityLibrary/src/main/assets/bin/Data/e3fd51c9b85e4e648869e165e2d055c4
[ 141/1813  0s] CopyFiles /Users/mziwamadoda/Projects/Binteca/Interactive/milzetvrstudio/Unity/Library/Bee/Android/Prj/IL2CPP/Gradle/unityLibrary/src/main/assets/bin/Data/e3265ab4bf004d28a9537516768c1c75
[ 142/1813  0s] CopyFiles /Users/mziwamadoda/Projects/Binteca/Interactive/milzetvrstudio/Unity/Library/Bee/Android/Prj/IL2CPP/Gradle/unityLibrary/src/main/assets/bin/Data/e30dffc674b755c43a47418efdc90868
[ 143/1813  0s] CopyFiles /Users/mziwamadoda/Projects/Binteca/Interactive/milzetvrstudio/Unity/Library/Bee/Android/Prj/IL2CPP/Gradle/unityLibrary/src/main/assets/bin/Data/e2c05bd91fdecba419d8f69c6ce3720e
[ 144/1813  0s] CopyFiles /Users/mziwamadoda/Projects/Binteca/Interactive/milzetvrstudio/Unity/Library/Bee/Android/Prj/IL2CPP/Gradle/unityLibrary/src/main/assets/bin/Data/e2805c643dbe0754fb904b7f6a3755a5
[ 145/1813  0s] CopyFiles /Users/mziwamadoda/Projects/Binteca/Interactive/milzetvrstudio/Unity/Library/Bee/Android/Prj/IL2CPP/Gradle/unityLibrary/src/main/assets/bin/Data/e00971b792adc0f44ab839dfad504f9f
[ 146/1813  0s] CopyFiles /Users/mziwamadoda/Projects/Binteca/Interactive/milzetvrstudio/Unity/Library/Bee/Android/Prj/IL2CPP/Gradle/unityLibrary/src/main/assets/bin/Data/dffef66376be4fa480fb02b19edbe903
[ 147/1813  0s] CopyFiles /Users/mziwamadoda/Projects/Binteca/Interactive/milzetvrstudio/Unity/Library/Bee/Android/Prj/IL2CPP/Gradle/unityLibrary/src/main/assets/bin/Data/df44fb1624687a94198a7555c8120c3d
[ 148/1813  0s] CopyFiles /Users/mziwamadoda/Projects/Binteca/Interactive/milzetvrstudio/Unity/Library/Bee/Android/Prj/IL2CPP/Gradle/unityLibrary/src/main/assets/bin/Data/ddf6cf0da5162514ea4bd7de37fc051a
[ 149/1813  0s] CopyFiles /Users/mziwamadoda/Projects/Binteca/Interactive/milzetvrstudio/Unity/Library/Bee/Android/Prj/IL2CPP/Gradle/unityLibrary/src/main/assets/bin/Data/dd7dc344b935e204bb54ffc198f84f33
[ 150/1813  0s] CopyFiles /Users/mziwamadoda/Projects/Binteca/Interactive/milzetvrstudio/Unity/Library/Bee/Android/Prj/IL2CPP/Gradle/unityLibrary/src/main/assets/bin/Data/d9ea81bb7a916486e9605fab57144e0a
[ 151/1813  0s] CopyFiles /Users/mziwamadoda/Projects/Binteca/Interactive/milzetvrstudio/Unity/Library/Bee/Android/Prj/IL2CPP/Gradle/unityLibrary/src/main/assets/bin/Data/d98f3cc8c5cb5e44780d00ebf4c01169
[ 152/1813  0s] CopyFiles /Users/mziwamadoda/Projects/Binteca/Interactive/milzetvrstudio/Unity/Library/Bee/Android/Prj/IL2CPP/Gradle/unityLibrary/src/main/assets/bin/Data/d93000b3a5544f42808dee914d9768c9
[ 153/1813  0s] CopyFiles /Users/mziwamadoda/Projects/Binteca/Interactive/milzetvrstudio/Unity/Library/Bee/Android/Prj/IL2CPP/Gradle/unityLibrary/src/main/assets/bin/Data/d92fe6a5bdb9c6044a2b9b0326b472ba
[ 154/1813  0s] CopyFiles /Users/mziwamadoda/Projects/Binteca/Interactive/milzetvrstudio/Unity/Library/Bee/Android/Prj/IL2CPP/Gradle/unityLibrary/src/main/assets/bin/Data/d8ae9fb21d28683468f714f6353fbfb0
[ 155/1813  0s] CopyFiles /Users/mziwamadoda/Projects/Binteca/Interactive/milzetvrstudio/Unity/Library/Bee/Android/Prj/IL2CPP/Gradle/unityLibrary/src/main/assets/bin/Data/d8ad05ac94ef0214caf92a3a0f0ffed3
[ 156/1813  0s] CopyFiles /Users/mziwamadoda/Projects/Binteca/Interactive/milzetvrstudio/Unity/Library/Bee/Android/Prj/IL2CPP/Gradle/unityLibrary/src/main/assets/bin/Data/d82c1b31c7e74239bff1220585707d2b
[ 157/1813  0s] CopyFiles /Users/mziwamadoda/Projects/Binteca/Interactive/milzetvrstudio/Unity/Library/Bee/Android/Prj/IL2CPP/Gradle/unityLibrary/src/main/assets/bin/Data/d7b7c71c81d721f439d51761df04d4d6
[ 158/1813  0s] CopyFiles /Users/mziwamadoda/Projects/Binteca/Interactive/milzetvrstudio/Unity/Library/Bee/Android/Prj/IL2CPP/Gradle/unityLibrary/src/main/assets/bin/Data/d7208c116513cfb42be02397e2c5167e
[ 159/1813  0s] CopyFiles /Users/mziwamadoda/Projects/Binteca/Interactive/milzetvrstudio/Unity/Library/Bee/Android/Prj/IL2CPP/Gradle/unityLibrary/src/main/assets/bin/Data/d6d7a15e382e8994386c8b07efcdcbfb
[ 160/1813  0s] CopyFiles /Users/mziwamadoda/Projects/Binteca/Interactive/milzetvrstudio/Unity/Library/Bee/Android/Prj/IL2CPP/Gradle/unityLibrary/src/main/assets/bin/Data/d6708eb99dec8334fb83db57b764097a
[ 161/1813  0s] CopyFiles /Users/mziwamadoda/Projects/Binteca/Interactive/milzetvrstudio/Unity/Library/Bee/Android/Prj/IL2CPP/Gradle/unityLibrary/src/main/assets/bin/Data/d5ad393ef9361de40ac8a477031b72d4
[ 162/1813  0s] CopyFiles /Users/mziwamadoda/Projects/Binteca/Interactive/milzetvrstudio/Unity/Library/Bee/Android/Prj/IL2CPP/Gradle/unityLibrary/src/main/assets/bin/Data/d487bff672149044ea5597fc8ddccce4
[ 163/1813  0s] CopyFiles /Users/mziwamadoda/Projects/Binteca/Interactive/milzetvrstudio/Unity/Library/Bee/Android/Prj/IL2CPP/Gradle/unityLibrary/src/main/assets/bin/Data/d41643656a33c914989fa12938890821
[ 164/1813  0s] CopyFiles /Users/mziwamadoda/Projects/Binteca/Interactive/milzetvrstudio/Unity/Library/Bee/Android/Prj/IL2CPP/Gradle/unityLibrary/src/main/assets/bin/Data/d2c7393e2a7d820499c5582561d4bc0b
[ 165/1813  0s] CopyFiles /Users/mziwamadoda/Projects/Binteca/Interactive/milzetvrstudio/Unity/Library/Bee/Android/Prj/IL2CPP/Gradle/unityLibrary/src/main/assets/bin/Data/d1ce1915b89aa664b9d5cff3403f7e8c
[ 166/1813  0s] CopyFiles /Users/mziwamadoda/Projects/Binteca/Interactive/milzetvrstudio/Unity/Library/Bee/Android/Prj/IL2CPP/Gradle/unityLibrary/src/main/assets/bin/Data/d198f13a14489314390117597cfe632a
[ 167/1813  0s] CopyFiles /Users/mziwamadoda/Projects/Binteca/Interactive/milzetvrstudio/Unity/Library/Bee/Android/Prj/IL2CPP/Gradle/unityLibrary/src/main/assets/bin/Data/d1818ad699c72684b939b7a5c00d9745
[ 168/1813  0s] CopyFiles /Users/mziwamadoda/Projects/Binteca/Interactive/milzetvrstudio/Unity/Library/Bee/Android/Prj/IL2CPP/Gradle/unityLibrary/src/main/assets/bin/Data/cf81c85f95fe47e1a27f6ae460cf182c
[ 169/1813  0s] CopyFiles /Users/mziwamadoda/Projects/Binteca/Interactive/milzetvrstudio/Unity/Library/Bee/Android/Prj/IL2CPP/Gradle/unityLibrary/src/main/assets/bin/Data/ced943c76cb8fb8489bab18c3dfcdcd3
[ 170/1813  0s] CopyFiles /Users/mziwamadoda/Projects/Binteca/Interactive/milzetvrstudio/Unity/Library/Bee/Android/Prj/IL2CPP/Gradle/unityLibrary/src/main/assets/bin/Data/ce91aa271d3b89541b89eb573815ce4e
[ 171/1813  0s] CopyFiles /Users/mziwamadoda/Projects/Binteca/Interactive/milzetvrstudio/Unity/Library/Bee/Android/Prj/IL2CPP/Gradle/unityLibrary/src/main/assets/bin/Data/cdfd0844bd8ad402a87b8c5ee67883ac
[ 172/1813  0s] CopyFiles /Users/mziwamadoda/Projects/Binteca/Interactive/milzetvrstudio/Unity/Library/Bee/Android/Prj/IL2CPP/Gradle/unityLibrary/src/main/assets/bin/Data/cd7bb81df5b74b34dadbf531f381a26b
[ 173/1813  0s] CopyFiles /Users/mziwamadoda/Projects/Binteca/Interactive/milzetvrstudio/Unity/Library/Bee/Android/Prj/IL2CPP/Gradle/unityLibrary/src/main/assets/bin/Data/cd04d67b953674d4ab85f4d35d4f1338
[ 174/1813  0s] CopyFiles /Users/mziwamadoda/Projects/Binteca/Interactive/milzetvrstudio/Unity/Library/Bee/Android/Prj/IL2CPP/Gradle/unityLibrary/src/main/assets/bin/Data/cc9f3aa25fb822143a31c106fcf1754c
[ 175/1813  0s] CopyFiles /Users/mziwamadoda/Projects/Binteca/Interactive/milzetvrstudio/Unity/Library/Bee/Android/Prj/IL2CPP/Gradle/unityLibrary/src/main/assets/bin/Data/ca55f7df6b1cd4d5eb717932a921dc6a
[ 176/1813  0s] CopyFiles /Users/mziwamadoda/Projects/Binteca/Interactive/milzetvrstudio/Unity/Library/Bee/Android/Prj/IL2CPP/Gradle/unityLibrary/src/main/assets/bin/Data/c9cc56988de6c484c819bb4f5b50b200
[ 177/1813  0s] CopyFiles /Users/mziwamadoda/Projects/Binteca/Interactive/milzetvrstudio/Unity/Library/Bee/Android/Prj/IL2CPP/Gradle/unityLibrary/src/main/assets/bin/Data/c968eb14057fb4b7e891e20cff3448c7
[ 178/1813  0s] CopyFiles /Users/mziwamadoda/Projects/Binteca/Interactive/milzetvrstudio/Unity/Library/Bee/Android/Prj/IL2CPP/Gradle/unityLibrary/src/main/assets/bin/Data/c961697d198d60c49a13800fcf897b36
[ 179/1813  0s] CopyFiles /Users/mziwamadoda/Projects/Binteca/Interactive/milzetvrstudio/Unity/Library/Bee/Android/Prj/IL2CPP/Gradle/unityLibrary/src/main/assets/bin/Data/c7a98ee624e845e43bfd4912414de2b5
[ 180/1813  0s] CopyFiles /Users/mziwamadoda/Projects/Binteca/Interactive/milzetvrstudio/Unity/Library/Bee/Android/Prj/IL2CPP/Gradle/unityLibrary/src/main/assets/bin/Data/c6ef555a338fb004ea2e0fe97927eda0
[ 181/1813  0s] CopyFiles /Users/mziwamadoda/Projects/Binteca/Interactive/milzetvrstudio/Unity/Library/Bee/Android/Prj/IL2CPP/Gradle/unityLibrary/src/main/assets/bin/Data/c652d73c0ca0309478aeb69718c5a04c
[ 182/1813  0s] CopyFiles /Users/mziwamadoda/Projects/Binteca/Interactive/milzetvrstudio/Unity/Library/Bee/Android/Prj/IL2CPP/Gradle/unityLibrary/src/main/assets/bin/Data/c5a29661c20760d409015ed830924ce2
[ 183/1813  0s] CopyFiles /Users/mziwamadoda/Projects/Binteca/Interactive/milzetvrstudio/Unity/Library/Bee/Android/Prj/IL2CPP/Gradle/unityLibrary/src/main/assets/bin/Data/c568b08fcbda9d641821d5980bebeeec
[ 184/1813  0s] CopyFiles /Users/mziwamadoda/Projects/Binteca/Interactive/milzetvrstudio/Unity/Library/Bee/Android/Prj/IL2CPP/Gradle/unityLibrary/src/main/assets/bin/Data/c41005c129ba4d66911b75229fd70b45
[ 185/1813  0s] CopyFiles /Users/mziwamadoda/Projects/Binteca/Interactive/milzetvrstudio/Unity/Library/Bee/Android/Prj/IL2CPP/Gradle/unityLibrary/src/main/assets/bin/Data/c2ec5f279a5edb648854dacc33f093c3
[ 186/1813  0s] CopyFiles /Users/mziwamadoda/Projects/Binteca/Interactive/milzetvrstudio/Unity/Library/Bee/Android/Prj/IL2CPP/Gradle/unityLibrary/src/main/assets/bin/Data/c2a53f5d01cef4362a6825d79fe087f7
[ 187/1813  0s] CopyFiles /Users/mziwamadoda/Projects/Binteca/Interactive/milzetvrstudio/Unity/Library/Bee/Android/Prj/IL2CPP/Gradle/unityLibrary/src/main/assets/bin/Data/c2193d45b261d344c81e73d404b51604
[ 188/1813  0s] CopyFiles /Users/mziwamadoda/Projects/Binteca/Interactive/milzetvrstudio/Unity/Library/Bee/Android/Prj/IL2CPP/Gradle/unityLibrary/src/main/assets/bin/Data/c190e168d52f31644a331513b7d4f466
[ 189/1813  0s] CopyFiles /Users/mziwamadoda/Projects/Binteca/Interactive/milzetvrstudio/Unity/Library/Bee/Android/Prj/IL2CPP/Gradle/unityLibrary/src/main/assets/bin/Data/c0a4c3040db7a3644a9e5e810faa15c4
[ 190/1813  0s] CopyFiles /Users/mziwamadoda/Projects/Binteca/Interactive/milzetvrstudio/Unity/Library/Bee/Android/Prj/IL2CPP/Gradle/unityLibrary/src/main/assets/bin/Data/c061a56c261d2f64486afb72e85e11cc
[ 191/1813  0s] CopyFiles /Users/mziwamadoda/Projects/Binteca/Interactive/milzetvrstudio/Unity/Library/Bee/Android/Prj/IL2CPP/Gradle/unityLibrary/src/main/assets/bin/Data/bcba4322bf653794bb4365dacc639ff2
[ 192/1813  0s] CopyFiles /Users/mziwamadoda/Projects/Binteca/Interactive/milzetvrstudio/Unity/Library/Bee/Android/Prj/IL2CPP/Gradle/unityLibrary/src/main/assets/bin/Data/bb55a15fc0b8dd74a8d136ce74c060e3
[ 193/1813  0s] CopyFiles /Users/mziwamadoda/Projects/Binteca/Interactive/milzetvrstudio/Unity/Library/Bee/Android/Prj/IL2CPP/Gradle/unityLibrary/src/main/assets/bin/Data/bab4ec8882962a84a92b5df6ea4a7e4d
[ 194/1813  0s] CopyFiles /Users/mziwamadoda/Projects/Binteca/Interactive/milzetvrstudio/Unity/Library/Bee/Android/Prj/IL2CPP/Gradle/unityLibrary/src/main/assets/bin/Data/b9f4a123506bf497a8461b423bdbf67b
[ 195/1813  0s] CopyFiles /Users/mziwamadoda/Projects/Binteca/Interactive/milzetvrstudio/Unity/Library/Bee/Android/Prj/IL2CPP/Gradle/unityLibrary/src/main/assets/bin/Data/b93114a1e47f7964e90ad709b803e765
[ 196/1813  0s] CopyFiles /Users/mziwamadoda/Projects/Binteca/Interactive/milzetvrstudio/Unity/Library/Bee/Android/Prj/IL2CPP/Gradle/unityLibrary/src/main/assets/bin/Data/b753b18a7e71a2441ad3e7a838e736f2
[ 197/1813  0s] CopyFiles /Users/mziwamadoda/Projects/Binteca/Interactive/milzetvrstudio/Unity/Library/Bee/Android/Prj/IL2CPP/Gradle/unityLibrary/src/main/assets/bin/Data/b56dcea8083354dd3ae2e5700ce711f6
[ 198/1813  0s] CopyFiles /Users/mziwamadoda/Projects/Binteca/Interactive/milzetvrstudio/Unity/Library/Bee/Android/Prj/IL2CPP/Gradle/unityLibrary/src/main/assets/bin/Data/b4cb7ee2f2ba4b84699e1647cf1dcc08
[ 199/1813  0s] CopyFiles /Users/mziwamadoda/Projects/Binteca/Interactive/milzetvrstudio/Unity/Library/Bee/Android/Prj/IL2CPP/Gradle/unityLibrary/src/main/assets/bin/Data/b028b7df44348a645ac25eb1ec401524
[ 200/1813  0s] CopyFiles /Users/mziwamadoda/Projects/Binteca/Interactive/milzetvrstudio/Unity/Library/Bee/Android/Prj/IL2CPP/Gradle/unityLibrary/src/main/assets/bin/Data/af6e401cf42ae7544ba79f31376121ef
[ 201/1813  0s] CopyFiles /Users/mziwamadoda/Projects/Binteca/Interactive/milzetvrstudio/Unity/Library/Bee/Android/Prj/IL2CPP/Gradle/unityLibrary/src/main/assets/bin/Data/aea7043f33c23e84cbcceb8d098692df
[ 202/1813  0s] CopyFiles /Users/mziwamadoda/Projects/Binteca/Interactive/milzetvrstudio/Unity/Library/Bee/Android/Prj/IL2CPP/Gradle/unityLibrary/src/main/assets/bin/Data/ae45425c7286fb84f8a10c53d5b8450d
[ 203/1813  0s] CopyFiles /Users/mziwamadoda/Projects/Binteca/Interactive/milzetvrstudio/Unity/Library/Bee/Android/Prj/IL2CPP/Gradle/unityLibrary/src/main/assets/bin/Data/ade6b3a17ed0a4746817d8cf80732a9a
[ 204/1813  0s] CopyFiles /Users/mziwamadoda/Projects/Binteca/Interactive/milzetvrstudio/Unity/Library/Bee/Android/Prj/IL2CPP/Gradle/unityLibrary/src/main/assets/bin/Data/aa9ba2a2503cf7342ba3646d4840c15e
[ 205/1813  0s] CopyFiles /Users/mziwamadoda/Projects/Binteca/Interactive/milzetvrstudio/Unity/Library/Bee/Android/Prj/IL2CPP/Gradle/unityLibrary/src/main/assets/bin/Data/aa5e2c7f1557f7a4da5bc151f244caca
[ 206/1813  0s] CopyFiles /Users/mziwamadoda/Projects/Binteca/Interactive/milzetvrstudio/Unity/Library/Bee/Android/Prj/IL2CPP/Gradle/unityLibrary/src/main/assets/bin/Data/aa07d14bb6bb11245965a5a57219d12d
[ 207/1813  0s] CopyFiles /Users/mziwamadoda/Projects/Binteca/Interactive/milzetvrstudio/Unity/Library/Bee/Android/Prj/IL2CPP/Gradle/unityLibrary/src/main/assets/bin/Data/a9b8e24808d51054ba251077988b150d
[ 208/1813  0s] CopyFiles /Users/mziwamadoda/Projects/Binteca/Interactive/milzetvrstudio/Unity/Library/Bee/Android/Prj/IL2CPP/Gradle/unityLibrary/src/main/assets/bin/Data/a8577c885e80d8043946ac5b7abcf9a1
[ 209/1813  0s] CopyFiles /Users/mziwamadoda/Projects/Binteca/Interactive/milzetvrstudio/Unity/Library/Bee/Android/Prj/IL2CPP/Gradle/unityLibrary/src/main/assets/bin/Data/a7eda5a725c07314f825ae65a97f41cc
[ 210/1813  0s] CopyFiles /Users/mziwamadoda/Projects/Binteca/Interactive/milzetvrstudio/Unity/Library/Bee/Android/Prj/IL2CPP/Gradle/unityLibrary/src/main/assets/bin/Data/a61d422c346acbe40bfd63eae20b3455
[ 211/1813  0s] CopyFiles /Users/mziwamadoda/Projects/Binteca/Interactive/milzetvrstudio/Unity/Library/Bee/Android/Prj/IL2CPP/Gradle/unityLibrary/src/main/assets/bin/Data/a31796e9e8816c7448b55d584c9417f1
[ 212/1813  0s] CopyFiles /Users/mziwamadoda/Projects/Binteca/Interactive/milzetvrstudio/Unity/Library/Bee/Android/Prj/IL2CPP/Gradle/unityLibrary/src/main/assets/bin/Data/a24132142f230dd47bf9aea98670f86a
[ 213/1813  0s] CopyFiles /Users/mziwamadoda/Projects/Binteca/Interactive/milzetvrstudio/Unity/Library/Bee/Android/Prj/IL2CPP/Gradle/unityLibrary/src/main/assets/bin/Data/a20bb0536e2e9574a859def7c947920a
[ 214/1813  0s] CopyFiles /Users/mziwamadoda/Projects/Binteca/Interactive/milzetvrstudio/Unity/Library/Bee/Android/Prj/IL2CPP/Gradle/unityLibrary/src/main/assets/bin/Data/a1f48d059c0cea9448d04782a5d71e73
[ 215/1813  0s] CopyFiles /Users/mziwamadoda/Projects/Binteca/Interactive/milzetvrstudio/Unity/Library/Bee/Android/Prj/IL2CPP/Gradle/unityLibrary/src/main/assets/bin/Data/a196ffcfb15473049a4dffa9f40d95e7
[ 216/1813  0s] CopyFiles /Users/mziwamadoda/Projects/Binteca/Interactive/milzetvrstudio/Unity/Library/Bee/Android/Prj/IL2CPP/Gradle/unityLibrary/src/main/assets/bin/Data/9ddf178d2c65ecd48849c4cab77ce2a2
[ 217/1813  0s] CopyFiles /Users/mziwamadoda/Projects/Binteca/Interactive/milzetvrstudio/Unity/Library/Bee/Android/Prj/IL2CPP/Gradle/unityLibrary/src/main/assets/bin/Data/9c95eb17bbcc4e545a4e4956c44d50b4
[ 218/1813  0s] SplitFile Library/Bee/artifacts/Android/Split/level0
[ 219/1813  0s] CopyFiles /Users/mziwamadoda/Projects/Binteca/Interactive/milzetvrstudio/Unity/Library/Bee/Android/Prj/IL2CPP/Gradle/unityLibrary/src/main/assets/bin/Data/9c52d3d73ccb640069fea59055414330
[ 220/1813  0s] CopyFiles /Users/mziwamadoda/Projects/Binteca/Interactive/milzetvrstudio/Unity/Library/Bee/Android/Prj/IL2CPP/Gradle/unityLibrary/src/main/assets/bin/Data/9aa46566e1d86644c9a55e3037e935f6
[ 221/1813  0s] CopyFiles /Users/mziwamadoda/Projects/Binteca/Interactive/milzetvrstudio/Unity/Library/Bee/Android/Prj/IL2CPP/Gradle/unityLibrary/src/main/assets/bin/Data/level0
[ 222/1813  0s] CopyFiles /Users/mziwamadoda/Projects/Binteca/Interactive/milzetvrstudio/Unity/Library/Bee/Android/Prj/IL2CPP/Gradle/unityLibrary/src/main/assets/bin/Data/983b2afa82fe6f048ac7540130ee3fed
[ 223/1813  0s] CopyFiles /Users/mziwamadoda/Projects/Binteca/Interactive/milzetvrstudio/Unity/Library/Bee/Android/Prj/IL2CPP/Gradle/unityLibrary/src/main/assets/bin/Data/988f44947b229ae439c8b13ecfc70e5f
[ 224/1813  0s] SplitFile Library/Bee/artifacts/Android/Split/sharedassets0.assets
[ 225/1813  0s] CopyFiles /Users/mziwamadoda/Projects/Binteca/Interactive/milzetvrstudio/Unity/Library/Bee/Android/Prj/IL2CPP/Gradle/unityLibrary/src/main/assets/bin/Data/9683f1d72d28108459e918388eab8449
[ 226/1813  0s] CopyFiles /Users/mziwamadoda/Projects/Binteca/Interactive/milzetvrstudio/Unity/Library/Bee/Android/Prj/IL2CPP/Gradle/unityLibrary/src/main/assets/bin/Data/965543dd68beb43cbadeca6db6c21f5b
[ 227/1813  0s] SplitFile Library/Bee/artifacts/Android/Split/globalgamemanagers.assets
[ 228/1813  0s] CopyFiles /Users/mziwamadoda/Projects/Binteca/Interactive/milzetvrstudio/Unity/Library/Bee/Android/Prj/IL2CPP/Gradle/unityLibrary/src/main/assets/bin/Data/sharedassets0.assets
[ 229/1813  0s] CopyFiles /Users/mziwamadoda/Projects/Binteca/Interactive/milzetvrstudio/Unity/Library/Bee/Android/Prj/IL2CPP/Gradle/unityLibrary/src/main/assets/bin/Data/globalgamemanagers.assets.split2
[ 230/1813  0s] CopyFiles /Users/mziwamadoda/Projects/Binteca/Interactive/milzetvrstudio/Unity/Library/Bee/Android/Prj/IL2CPP/Gradle/unityLibrary/src/main/assets/bin/Data/9291eb9cdba7cdb4a826d5aa5053a6e2
[ 231/1813  0s] CopyFiles /Users/mziwamadoda/Projects/Binteca/Interactive/milzetvrstudio/Unity/Library/Bee/Android/Prj/IL2CPP/Gradle/unityLibrary/src/main/assets/bin/Data/912d3a8ef3ddc0e4fa183d27348911d8
[ 232/1813  0s] CopyFiles /Users/mziwamadoda/Projects/Binteca/Interactive/milzetvrstudio/Unity/Library/Bee/Android/Prj/IL2CPP/Gradle/unityLibrary/src/main/assets/bin/Data/globalgamemanagers.assets.split1
[ 233/1813  0s] CopyFiles /Users/mziwamadoda/Projects/Binteca/Interactive/milzetvrstudio/Unity/Library/Bee/Android/Prj/IL2CPP/Gradle/unityLibrary/src/main/assets/bin/Data/94f16c6a9552e3e4a90f82d2dc362dc1
[ 234/1813  0s] CopyFiles /Users/mziwamadoda/Projects/Binteca/Interactive/milzetvrstudio/Unity/Library/Bee/Android/Prj/IL2CPP/Gradle/unityLibrary/src/main/assets/bin/Data/globalgamemanagers.assets.split3
[ 235/1813  0s] CopyFiles /Users/mziwamadoda/Projects/Binteca/Interactive/milzetvrstudio/Unity/Library/Bee/Android/Prj/IL2CPP/Gradle/unityLibrary/src/main/assets/bin/Data/globalgamemanagers.assets.split0
[ 236/1813  0s] CopyFiles /Users/mziwamadoda/Projects/Binteca/Interactive/milzetvrstudio/Unity/Library/Bee/Android/Prj/IL2CPP/Gradle/unityLibrary/src/main/assets/bin/Data/8aa87b27812afff4c9e5d10be3f1c58d
[ 237/1813  0s] CopyFiles /Users/mziwamadoda/Projects/Binteca/Interactive/milzetvrstudio/Unity/Library/Bee/Android/Prj/IL2CPP/Gradle/unityLibrary/src/main/assets/bin/Data/8b9183c4eccf42742a6837d4cc3aacee
[ 238/1813  0s] CopyFiles /Users/mziwamadoda/Projects/Binteca/Interactive/milzetvrstudio/Unity/Library/Bee/Android/Prj/IL2CPP/Gradle/unityLibrary/src/main/assets/bin/Data/8f43972ae06a0e848a6008e725a1852e
[ 239/1813  0s] CopyFiles /Users/mziwamadoda/Projects/Binteca/Interactive/milzetvrstudio/Unity/Library/Bee/Android/Prj/IL2CPP/Gradle/unityLibrary/src/main/assets/bin/Data/878c55397db099646a570eb89df2014f
[ 240/1813  0s] CopyFiles /Users/mziwamadoda/Projects/Binteca/Interactive/milzetvrstudio/Unity/Library/Bee/Android/Prj/IL2CPP/Gradle/unityLibrary/src/main/assets/bin/Data/8945dc9f414b0a34bb694c49ba833e42
[ 242/1813  0s] CopyFiles /Users/mziwamadoda/Projects/Binteca/Interactive/milzetvrstudio/Unity/Library/Bee/Android/Prj/IL2CPP/Gradle/unityLibrary/src/main/assets/bin/Data/857e68a3b648f2d48bd10f426eb7b413
[ 243/1813  0s] CopyFiles /Users/mziwamadoda/Projects/Binteca/Interactive/milzetvrstudio/Unity/Library/Bee/Android/Prj/IL2CPP/Gradle/unityLibrary/src/main/assets/bin/Data/851b57887c97a574999a49d21718319f
[ 244/1813  0s] CopyFiles /Users/mziwamadoda/Projects/Binteca/Interactive/milzetvrstudio/Unity/Library/Bee/Android/Prj/IL2CPP/Gradle/unityLibrary/src/main/assets/bin/Data/8f586378b4e144a9851e7b34d9b748ee
[ 245/1813  0s] CopyFiles /Users/mziwamadoda/Projects/Binteca/Interactive/milzetvrstudio/Unity/Library/Bee/Android/Prj/IL2CPP/Gradle/unityLibrary/src/main/assets/bin/Data/840371c32bd32be4a853c82a6b368179
[ 246/1813  0s] CopyFiles /Users/mziwamadoda/Projects/Binteca/Interactive/milzetvrstudio/Unity/Library/Bee/Android/Prj/IL2CPP/Gradle/unityLibrary/src/main/assets/bin/Data/881c99ae3ca0ba34284e777c78e8b48c
[ 247/1813  0s] CopyFiles /Users/mziwamadoda/Projects/Binteca/Interactive/milzetvrstudio/Unity/Library/Bee/Android/Prj/IL2CPP/Gradle/unityLibrary/src/main/assets/bin/Data/7f06b07b26ec94549af0d034bf2b75c3
[ 248/1813  0s] CopyFiles /Users/mziwamadoda/Projects/Binteca/Interactive/milzetvrstudio/Unity/Library/Bee/Android/Prj/IL2CPP/Gradle/unityLibrary/src/main/assets/bin/Data/83f37572469000c4bbd4b9c721581a51
[ 249/1813  0s] CopyFiles /Users/mziwamadoda/Projects/Binteca/Interactive/milzetvrstudio/Unity/Library/Bee/Android/Prj/IL2CPP/Gradle/unityLibrary/src/main/assets/bin/Data/7f578c6d561477945ade1af77d8c3bc0
[ 250/1813  0s] CopyFiles /Users/mziwamadoda/Projects/Binteca/Interactive/milzetvrstudio/Unity/Library/Bee/Android/Prj/IL2CPP/Gradle/unityLibrary/src/main/assets/bin/Data/7e5c8b573ea14e5418c81d7bb7331269
[ 251/1813  0s] CopyFiles /Users/mziwamadoda/Projects/Binteca/Interactive/milzetvrstudio/Unity/Library/Bee/Android/Prj/IL2CPP/Gradle/unityLibrary/src/main/assets/bin/Data/811ec4fe9ba454b448cc9754c7a5514d
[ 252/1813  0s] CopyFiles /Users/mziwamadoda/Projects/Binteca/Interactive/milzetvrstudio/Unity/Library/Bee/Android/Prj/IL2CPP/Gradle/unityLibrary/src/main/assets/bin/Data/7cb6da12a3b154de8b6acad301479be4
[ 253/1813  0s] CopyFiles /Users/mziwamadoda/Projects/Binteca/Interactive/milzetvrstudio/Unity/Library/Bee/Android/Prj/IL2CPP/Gradle/unityLibrary/src/main/assets/bin/Data/7ad75aab86db5d146ac4801b894fcdb9
[ 254/1813  0s] CopyFiles /Users/mziwamadoda/Projects/Binteca/Interactive/milzetvrstudio/Unity/Library/Bee/Android/Prj/IL2CPP/Gradle/unityLibrary/src/main/assets/bin/Data/7c0e5721ea9dafd4db94a6478e5b01a2
[ 255/1813  0s] CopyFiles /Users/mziwamadoda/Projects/Binteca/Interactive/milzetvrstudio/Unity/Library/Bee/Android/Prj/IL2CPP/Gradle/unityLibrary/src/main/assets/bin/Data/7bec66853a01d2443acccabf2acd28ae
[ 256/1813  0s] CopyFiles /Users/mziwamadoda/Projects/Binteca/Interactive/milzetvrstudio/Unity/Library/Bee/Android/Prj/IL2CPP/Gradle/unityLibrary/src/main/assets/bin/Data/7bad868405b386c4fa06fed40e02c892
[ 257/1813  0s] CopyFiles /Users/mziwamadoda/Projects/Binteca/Interactive/milzetvrstudio/Unity/Library/Bee/Android/Prj/IL2CPP/Gradle/unityLibrary/src/main/assets/bin/Data/78a6bc0069534964abcdf5cc017ab46f
[ 258/1813  0s] CopyFiles /Users/mziwamadoda/Projects/Binteca/Interactive/milzetvrstudio/Unity/Library/Bee/Android/Prj/IL2CPP/Gradle/unityLibrary/src/main/assets/bin/Data/7a1e00f5c0a8513418c4e461d47770fe
[ 259/1813  0s] CopyFiles /Users/mziwamadoda/Projects/Binteca/Interactive/milzetvrstudio/Unity/Library/Bee/Android/Prj/IL2CPP/Gradle/unityLibrary/src/main/assets/bin/Data/79459efec17a4d00a321bdcc27bbc385
[ 260/1813  0s] CopyFiles /Users/mziwamadoda/Projects/Binteca/Interactive/milzetvrstudio/Unity/Library/Bee/Android/Prj/IL2CPP/Gradle/unityLibrary/src/main/assets/bin/Data/78639c7c2b76e85429f8083b42d1c1e0
[ 261/1813  0s] CopyFiles /Users/mziwamadoda/Projects/Binteca/Interactive/milzetvrstudio/Unity/Library/Bee/Android/Prj/IL2CPP/Gradle/unityLibrary/src/main/assets/bin/Data/766ac1e0b7302524484332ef3a8b3e94
[ 262/1813  0s] CopyFiles /Users/mziwamadoda/Projects/Binteca/Interactive/milzetvrstudio/Unity/Library/Bee/Android/Prj/IL2CPP/Gradle/unityLibrary/src/main/assets/bin/Data/775e2f38067ee8246a3800bb7abd6713
[ 263/1813  0s] CopyFiles /Users/mziwamadoda/Projects/Binteca/Interactive/milzetvrstudio/Unity/Library/Bee/Android/Prj/IL2CPP/Gradle/unityLibrary/src/main/assets/bin/Data/76d626b12360d6f4188cb8eb37f4bcdb
[ 264/1813  0s] CopyFiles /Users/mziwamadoda/Projects/Binteca/Interactive/milzetvrstudio/Unity/Library/Bee/Android/Prj/IL2CPP/Gradle/unityLibrary/src/main/assets/bin/Data/768857b9733d8564384d1b601592ab9e
[ 265/1813  0s] CopyFiles /Users/mziwamadoda/Projects/Binteca/Interactive/milzetvrstudio/Unity/Library/Bee/Android/Prj/IL2CPP/Gradle/unityLibrary/src/main/assets/bin/Data/75906ee28d5099943b4e5125f58c47c9
[ 266/1813  0s] CopyFiles /Users/mziwamadoda/Projects/Binteca/Interactive/milzetvrstudio/Unity/Library/Bee/Android/Prj/IL2CPP/Gradle/unityLibrary/src/main/assets/bin/Data/73b14a507a5586244b105444c7487a42
[ 267/1813  0s] CopyFiles /Users/mziwamadoda/Projects/Binteca/Interactive/milzetvrstudio/Unity/Library/Bee/Android/Prj/IL2CPP/Gradle/unityLibrary/src/main/assets/bin/Data/74aeefe52608ce2478007b4015c87831
[ 268/1813  0s] CopyFiles /Users/mziwamadoda/Projects/Binteca/Interactive/milzetvrstudio/Unity/Library/Bee/Android/Prj/IL2CPP/Gradle/unityLibrary/src/main/assets/bin/Data/73817e6e5c844beaa39419a1f07bbeb0
[ 269/1813  0s] CopyFiles /Users/mziwamadoda/Projects/Binteca/Interactive/milzetvrstudio/Unity/Library/Bee/Android/Prj/IL2CPP/Gradle/unityLibrary/src/main/assets/bin/Data/71ffc4686cef0764eab026ae8c49b282
[ 270/1813  0s] CopyFiles /Users/mziwamadoda/Projects/Binteca/Interactive/milzetvrstudio/Unity/Library/Bee/Android/Prj/IL2CPP/Gradle/unityLibrary/src/main/assets/bin/Data/72173267546bff843a322cc3b0bd7000
[ 271/1813  0s] CopyFiles /Users/mziwamadoda/Projects/Binteca/Interactive/milzetvrstudio/Unity/Library/Bee/Android/Prj/IL2CPP/Gradle/unityLibrary/src/main/assets/bin/Data/6a7fb70d8ca2b4a3db581ebae1d2c81f
[ 272/1813  0s] CopyFiles /Users/mziwamadoda/Projects/Binteca/Interactive/milzetvrstudio/Unity/Library/Bee/Android/Prj/IL2CPP/Gradle/unityLibrary/src/main/assets/bin/Data/6ef46bfbed7e44344863c09a2a2c8f60
[ 273/1813  0s] CopyFiles /Users/mziwamadoda/Projects/Binteca/Interactive/milzetvrstudio/Unity/Library/Bee/Android/Prj/IL2CPP/Gradle/unityLibrary/src/main/assets/bin/Data/6b0a14bcef3f4b44bb9fe4ec7ed7d616
[ 274/1813  0s] CopyFiles /Users/mziwamadoda/Projects/Binteca/Interactive/milzetvrstudio/Unity/Library/Bee/Android/Prj/IL2CPP/Gradle/unityLibrary/src/main/assets/bin/Data/6a6ffa8871348b74d87a78d73ffc37c4
[ 275/1813  0s] CopyFiles /Users/mziwamadoda/Projects/Binteca/Interactive/milzetvrstudio/Unity/Library/Bee/Android/Prj/IL2CPP/Gradle/unityLibrary/src/main/assets/bin/Data/691b7dd79c9bde34f843687f962bba5a
[ 276/1813  0s] CopyFiles /Users/mziwamadoda/Projects/Binteca/Interactive/milzetvrstudio/Unity/Library/Bee/Android/Prj/IL2CPP/Gradle/unityLibrary/src/main/assets/bin/Data/6a3df62fc5123e84aa9d665c37534020
[ 277/1813  0s] CopyFiles /Users/mziwamadoda/Projects/Binteca/Interactive/milzetvrstudio/Unity/Library/Bee/Android/Prj/IL2CPP/Gradle/unityLibrary/src/main/assets/bin/Data/6f3f297cc9d4d1046927744a94c03a22
[ 278/1813  0s] CopyFiles /Users/mziwamadoda/Projects/Binteca/Interactive/milzetvrstudio/Unity/Library/Bee/Android/Prj/IL2CPP/Gradle/unityLibrary/src/main/assets/bin/Data/631d30b2c0e6c2b46824055562134208
[ 279/1813  0s] CopyFiles /Users/mziwamadoda/Projects/Binteca/Interactive/milzetvrstudio/Unity/Library/Bee/Android/Prj/IL2CPP/Gradle/unityLibrary/src/main/assets/bin/Data/5f0ae599de45779409ea214bd557be5a
[ 280/1813  0s] CopyFiles /Users/mziwamadoda/Projects/Binteca/Interactive/milzetvrstudio/Unity/Library/Bee/Android/Prj/IL2CPP/Gradle/unityLibrary/src/main/assets/bin/Data/5f5e9f5cada8bb74fa25eddc0bf63908
[ 281/1813  0s] CopyFiles /Users/mziwamadoda/Projects/Binteca/Interactive/milzetvrstudio/Unity/Library/Bee/Android/Prj/IL2CPP/Gradle/unityLibrary/src/main/assets/bin/Data/6371000d850f05048a9d8ed13b457620
[ 282/1813  0s] CopyFiles /Users/mziwamadoda/Projects/Binteca/Interactive/milzetvrstudio/Unity/Library/Bee/Android/Prj/IL2CPP/Gradle/unityLibrary/src/main/assets/bin/Data/5f03374eaa65dfc4b984e0973b9c7fe1
[ 283/1813  0s] CopyFiles /Users/mziwamadoda/Projects/Binteca/Interactive/milzetvrstudio/Unity/Library/Bee/Android/Prj/IL2CPP/Gradle/unityLibrary/src/main/assets/bin/Data/59451abbb0f92a043a4a6def08f1aa9e
[ 284/1813  0s] CopyFiles /Users/mziwamadoda/Projects/Binteca/Interactive/milzetvrstudio/Unity/Library/Bee/Android/Prj/IL2CPP/Gradle/unityLibrary/src/main/assets/bin/Data/561ccac587275c745aec500620f12fc7
[ 285/1813  0s] CopyFiles /Users/mziwamadoda/Projects/Binteca/Interactive/milzetvrstudio/Unity/Library/Bee/Android/Prj/IL2CPP/Gradle/unityLibrary/src/main/assets/bin/Data/621ef27076a2cba45aa592da96f50fa9
[ 286/1813  0s] CopyFiles /Users/mziwamadoda/Projects/Binteca/Interactive/milzetvrstudio/Unity/Library/Bee/Android/Prj/IL2CPP/Gradle/unityLibrary/src/main/assets/bin/Data/68e6db2ebdc24f95958faec2be5558d6
[ 287/1813  0s] CopyFiles /Users/mziwamadoda/Projects/Binteca/Interactive/milzetvrstudio/Unity/Library/Bee/Android/Prj/IL2CPP/Gradle/unityLibrary/src/main/assets/bin/Data/51e0e92724ea5ad499a3e4412f4b0ffb
[ 288/1813  0s] CopyFiles /Users/mziwamadoda/Projects/Binteca/Interactive/milzetvrstudio/Unity/Library/Bee/Android/Prj/IL2CPP/Gradle/unityLibrary/src/main/assets/bin/Data/5526903be7994124dae39fe89a67ebcc
[ 289/1813  0s] CopyFiles /Users/mziwamadoda/Projects/Binteca/Interactive/milzetvrstudio/Unity/Library/Bee/Android/Prj/IL2CPP/Gradle/unityLibrary/src/main/assets/bin/Data/5307b6417775bcc4b9ca0ffc75a6e125
[ 290/1813  0s] CopyFiles /Users/mziwamadoda/Projects/Binteca/Interactive/milzetvrstudio/Unity/Library/Bee/Android/Prj/IL2CPP/Gradle/unityLibrary/src/main/assets/bin/Data/509dce2f589693a4489d6e64bcd3070a
[ 291/1813  0s] CopyFiles /Users/mziwamadoda/Projects/Binteca/Interactive/milzetvrstudio/Unity/Library/Bee/Android/Prj/IL2CPP/Gradle/unityLibrary/src/main/assets/bin/Data/5a18cd4367f4642319879d29a3dad7db
[ 292/1813  0s] CopyFiles /Users/mziwamadoda/Projects/Binteca/Interactive/milzetvrstudio/Unity/Library/Bee/Android/Prj/IL2CPP/Gradle/unityLibrary/src/main/assets/bin/Data/502ec803763e1e841b7b3f6075bd1da6
[ 293/1813  0s] CopyFiles /Users/mziwamadoda/Projects/Binteca/Interactive/milzetvrstudio/Unity/Library/Bee/Android/Prj/IL2CPP/Gradle/unityLibrary/src/main/assets/bin/Data/4d713e4e8d360442eaa3e5a2d6d1b07d
[ 294/1813  0s] CopyFiles /Users/mziwamadoda/Projects/Binteca/Interactive/milzetvrstudio/Unity/Library/Bee/Android/Prj/IL2CPP/Gradle/unityLibrary/src/main/assets/bin/Data/4c57e437de61db14b93dce251548cc0c
[ 295/1813  0s] CopyFiles /Users/mziwamadoda/Projects/Binteca/Interactive/milzetvrstudio/Unity/Library/Bee/Android/Prj/IL2CPP/Gradle/unityLibrary/src/main/assets/bin/Data/4bc9460a7e0a2cf4688f0507b740209a
[ 296/1813  0s] CopyFiles /Users/mziwamadoda/Projects/Binteca/Interactive/milzetvrstudio/Unity/Library/Bee/Android/Prj/IL2CPP/Gradle/unityLibrary/src/main/assets/bin/Data/4bfc238719a554e4f9c778b95c034053
[ 297/1813  0s] CopyFiles /Users/mziwamadoda/Projects/Binteca/Interactive/milzetvrstudio/Unity/Library/Bee/Android/Prj/IL2CPP/Gradle/unityLibrary/src/main/assets/bin/Data/497ef3520924e3e42a0660de8471727c
[ 298/1813  0s] CopyFiles /Users/mziwamadoda/Projects/Binteca/Interactive/milzetvrstudio/Unity/Library/Bee/Android/Prj/IL2CPP/Gradle/unityLibrary/src/main/assets/bin/Data/4827b635ffeff36449d82b4a5cfdaec7
[ 299/1813  0s] CopyFiles /Users/mziwamadoda/Projects/Binteca/Interactive/milzetvrstudio/Unity/Library/Bee/Android/Prj/IL2CPP/Gradle/unityLibrary/src/main/assets/bin/Data/42921d874eab5a54895565f219901846
[ 300/1813  0s] CopyFiles /Users/mziwamadoda/Projects/Binteca/Interactive/milzetvrstudio/Unity/Library/Bee/Android/Prj/IL2CPP/Gradle/unityLibrary/src/main/assets/bin/Data/464fed9ff0ea5314fb76515df4d3bd23
[ 301/1813  0s] CopyFiles /Users/mziwamadoda/Projects/Binteca/Interactive/milzetvrstudio/Unity/Library/Bee/Android/Prj/IL2CPP/Gradle/unityLibrary/src/main/assets/bin/Data/3f5b5dff67a942289a9defa416b206f3
[ 302/1813  0s] CopyFiles /Users/mziwamadoda/Projects/Binteca/Interactive/milzetvrstudio/Unity/Library/Bee/Android/Prj/IL2CPP/Gradle/unityLibrary/src/main/assets/bin/Data/4238e3bce8f178244a8d1b3be05af945
[ 303/1813  0s] CopyFiles /Users/mziwamadoda/Projects/Binteca/Interactive/milzetvrstudio/Unity/Library/Bee/Android/Prj/IL2CPP/Gradle/unityLibrary/src/main/assets/bin/Data/3ec670a991d71354094cee9f41930ee9
[ 304/1813  0s] CopyFiles /Users/mziwamadoda/Projects/Binteca/Interactive/milzetvrstudio/Unity/Library/Bee/Android/Prj/IL2CPP/Gradle/unityLibrary/src/main/assets/bin/Data/48360662f0b5fac4badef7abc19c62bb
[ 305/1813  0s] CopyFiles /Users/mziwamadoda/Projects/Binteca/Interactive/milzetvrstudio/Unity/Library/Bee/Android/Prj/IL2CPP/Gradle/unityLibrary/src/main/assets/bin/Data/3e14566d20cdda1419ea35cd3a9d68b5
[ 306/1813  0s] CopyFiles /Users/mziwamadoda/Projects/Binteca/Interactive/milzetvrstudio/Unity/Library/Bee/Android/Prj/IL2CPP/Gradle/unityLibrary/src/main/assets/bin/Data/3ec35b7a9db55664f9eaaf932536ed53
[ 307/1813  0s] CopyFiles /Users/mziwamadoda/Projects/Binteca/Interactive/milzetvrstudio/Unity/Library/Bee/Android/Prj/IL2CPP/Gradle/unityLibrary/src/main/assets/bin/Data/37ecabcf89b3cb245809c1a7b47054c9
[ 308/1813  0s] CopyFiles /Users/mziwamadoda/Projects/Binteca/Interactive/milzetvrstudio/Unity/Library/Bee/Android/Prj/IL2CPP/Gradle/unityLibrary/src/main/assets/bin/Data/397b3ea420565624c8a55d1d4477c3f7
[ 309/1813  0s] CopyFiles /Users/mziwamadoda/Projects/Binteca/Interactive/milzetvrstudio/Unity/Library/Bee/Android/Prj/IL2CPP/Gradle/unityLibrary/src/main/assets/bin/Data/3d782505b7e23d049b798228a4a2dbdf
[ 310/1813  0s] CopyFiles /Users/mziwamadoda/Projects/Binteca/Interactive/milzetvrstudio/Unity/Library/Bee/Android/Prj/IL2CPP/Gradle/unityLibrary/src/main/assets/bin/Data/38ad33c152e32ee46a9bbbb0e656f7e1
[ 311/1813  0s] CopyFiles /Users/mziwamadoda/Projects/Binteca/Interactive/milzetvrstudio/Unity/Library/Bee/Android/Prj/IL2CPP/Gradle/unityLibrary/src/main/assets/bin/Data/365e4cb5e6c49dc4cadcc9eb2f3057ed
[ 312/1813  0s] CopyFiles /Users/mziwamadoda/Projects/Binteca/Interactive/milzetvrstudio/Unity/Library/Bee/Android/Prj/IL2CPP/Gradle/unityLibrary/src/main/assets/bin/Data/365a3b4e508fcef42863ed4bedffd3ed
[ 313/1813  0s] CopyFiles /Users/mziwamadoda/Projects/Binteca/Interactive/milzetvrstudio/Unity/Library/Bee/Android/Prj/IL2CPP/Gradle/unityLibrary/src/main/assets/bin/Data/33435f7dc309a430a92481a8b843e9ba
[ 314/1813  0s] CopyFiles /Users/mziwamadoda/Projects/Binteca/Interactive/milzetvrstudio/Unity/Library/Bee/Android/Prj/IL2CPP/Gradle/unityLibrary/src/main/assets/bin/Data/33eeb3a3f1591a5448d6f067a61c4769
[ 315/1813  0s] CopyFiles /Users/mziwamadoda/Projects/Binteca/Interactive/milzetvrstudio/Unity/Library/Bee/Android/Prj/IL2CPP/Gradle/unityLibrary/src/main/assets/bin/Data/36567a5bd7bff6043909dd4fef323cab
[ 316/1813  0s] CopyFiles /Users/mziwamadoda/Projects/Binteca/Interactive/milzetvrstudio/Unity/Library/Bee/Android/Prj/IL2CPP/Gradle/unityLibrary/src/main/assets/bin/Data/32480d79d7cd39b4d90c897f3f36b573
[ 317/1813  0s] CopyFiles /Users/mziwamadoda/Projects/Binteca/Interactive/milzetvrstudio/Unity/Library/Bee/Android/Prj/IL2CPP/Gradle/unityLibrary/src/main/assets/bin/Data/35c481a7e3cc7a64aa47cf08b21438de
[ 318/1813  0s] CopyFiles /Users/mziwamadoda/Projects/Binteca/Interactive/milzetvrstudio/Unity/Library/Bee/Android/Prj/IL2CPP/Gradle/unityLibrary/src/main/assets/bin/Data/3200cbcbddfddc647ba8cc3c65715d0b
[ 319/1813  0s] CopyFiles /Users/mziwamadoda/Projects/Binteca/Interactive/milzetvrstudio/Unity/Library/Bee/Android/Prj/IL2CPP/Gradle/unityLibrary/src/main/assets/bin/Data/351ad3af70b133a42aa343667f1d715c
[ 320/1813  0s] CopyFiles /Users/mziwamadoda/Projects/Binteca/Interactive/milzetvrstudio/Unity/Library/Bee/Android/Prj/IL2CPP/Gradle/unityLibrary/src/main/assets/bin/Data/2e498d1c8094910479dc3e1b768306a4
[ 321/1813  0s] CopyFiles /Users/mziwamadoda/Projects/Binteca/Interactive/milzetvrstudio/Unity/Library/Bee/Android/Prj/IL2CPP/Gradle/unityLibrary/src/main/assets/bin/Data/2df9ef29ef250f246b0c004cf4c2958a
[ 322/1813  0s] CopyFiles /Users/mziwamadoda/Projects/Binteca/Interactive/milzetvrstudio/Unity/Library/Bee/Android/Prj/IL2CPP/Gradle/unityLibrary/src/main/assets/bin/Data/2a542da50cb185745b812b4e160b0446
[ 323/1813  0s] CopyFiles /Users/mziwamadoda/Projects/Binteca/Interactive/milzetvrstudio/Unity/Library/Bee/Android/Prj/IL2CPP/Gradle/unityLibrary/src/main/assets/bin/Data/2bd7618c3fa0e4b4ab8e08dc3fadc376
[ 324/1813  0s] CopyFiles /Users/mziwamadoda/Projects/Binteca/Interactive/milzetvrstudio/Unity/Library/Bee/Android/Prj/IL2CPP/Gradle/unityLibrary/src/main/assets/bin/Data/318c6e99e75e9084ea820dd32291ba98
[ 325/1813  0s] CopyFiles /Users/mziwamadoda/Projects/Binteca/Interactive/milzetvrstudio/Unity/Library/Bee/Android/Prj/IL2CPP/Gradle/unityLibrary/src/main/assets/bin/Data/293a92c673415c54baec8dd490b9c46d
[ 326/1813  0s] CopyFiles /Users/mziwamadoda/Projects/Binteca/Interactive/milzetvrstudio/Unity/Library/Bee/Android/Prj/IL2CPP/Gradle/unityLibrary/src/main/assets/bin/Data/2977fd6de579cd745be3c47a566b7255
[ 327/1813  0s] CopyFiles /Users/mziwamadoda/Projects/Binteca/Interactive/milzetvrstudio/Unity/Library/Bee/Android/Prj/IL2CPP/Gradle/unityLibrary/src/main/assets/bin/Data/292042dfb9a345f47aab2870d08adbe0
[ 328/1813  0s] CopyFiles /Users/mziwamadoda/Projects/Binteca/Interactive/milzetvrstudio/Unity/Library/Bee/Android/Prj/IL2CPP/Gradle/unityLibrary/src/main/assets/bin/Data/28ac39a8e5009184d838d8e8c444bd6d
[ 329/1813  0s] CopyFiles /Users/mziwamadoda/Projects/Binteca/Interactive/milzetvrstudio/Unity/Library/Bee/Android/Prj/IL2CPP/Gradle/unityLibrary/src/main/assets/bin/Data/277c9b54ca4893748af05e0451942021
[ 330/1813  0s] CopyFiles /Users/mziwamadoda/Projects/Binteca/Interactive/milzetvrstudio/Unity/Library/Bee/Android/Prj/IL2CPP/Gradle/unityLibrary/src/main/assets/bin/Data/22c70bd01cccb124196ead2520faef26
[ 331/1813  0s] CopyFiles /Users/mziwamadoda/Projects/Binteca/Interactive/milzetvrstudio/Unity/Library/Bee/Android/Prj/IL2CPP/Gradle/unityLibrary/src/main/assets/bin/Data/205b4500344bafe4c9bce42169f9a5b1
[ 332/1813  0s] CopyFiles /Users/mziwamadoda/Projects/Binteca/Interactive/milzetvrstudio/Unity/Library/Bee/Android/Prj/IL2CPP/Gradle/unityLibrary/src/main/assets/bin/Data/220817b81adb42c4da8aad13f01aca8d
[ 333/1813  0s] CopyFiles /Users/mziwamadoda/Projects/Binteca/Interactive/milzetvrstudio/Unity/Library/Bee/Android/Prj/IL2CPP/Gradle/unityLibrary/src/main/assets/bin/Data/25f195953a5441849b801692dcdeba97
[ 334/1813  0s] CopyFiles /Users/mziwamadoda/Projects/Binteca/Interactive/milzetvrstudio/Unity/Library/Bee/Android/Prj/IL2CPP/Gradle/unityLibrary/src/main/assets/bin/Data/2009be1469403a9498e04cd1bf89bb45
[ 335/1813  0s] CopyFiles /Users/mziwamadoda/Projects/Binteca/Interactive/milzetvrstudio/Unity/Library/Bee/Android/Prj/IL2CPP/Gradle/unityLibrary/src/main/assets/bin/Data/20553fac56ec59645857c0732b787431
[ 336/1813  0s] CopyFiles /Users/mziwamadoda/Projects/Binteca/Interactive/milzetvrstudio/Unity/Library/Bee/Android/Prj/IL2CPP/Gradle/unityLibrary/src/main/assets/bin/Data/1d90b910cd5a4854598ecfe4f74358d1
[ 337/1813  0s] CopyFiles /Users/mziwamadoda/Projects/Binteca/Interactive/milzetvrstudio/Unity/Library/Bee/Android/Prj/IL2CPP/Gradle/unityLibrary/src/main/assets/bin/Data/1ce2db9504eb542e28d5e3f7175511c5
[ 338/1813  0s] CopyFiles /Users/mziwamadoda/Projects/Binteca/Interactive/milzetvrstudio/Unity/Library/Bee/Android/Prj/IL2CPP/Gradle/unityLibrary/src/main/assets/bin/Data/1ae4c685641114b23a62cbca8a3bde73
[ 339/1813  0s] CopyFiles /Users/mziwamadoda/Projects/Binteca/Interactive/milzetvrstudio/Unity/Library/Bee/Android/Prj/IL2CPP/Gradle/unityLibrary/src/main/assets/bin/Data/1afed23e34fad844aa3cb97baa303316
[ 340/1813  0s] CopyFiles /Users/mziwamadoda/Projects/Binteca/Interactive/milzetvrstudio/Unity/Library/Bee/Android/Prj/IL2CPP/Gradle/unityLibrary/src/main/assets/bin/Data/1c3acb827cbbd6548afd85eca833e826
[ 341/1813  0s] CopyFiles /Users/mziwamadoda/Projects/Binteca/Interactive/milzetvrstudio/Unity/Library/Bee/Android/Prj/IL2CPP/Gradle/unityLibrary/src/main/assets/bin/Data/1765075aab1561e4ba556833a673e04e
[ 342/1813  0s] CopyFiles /Users/mziwamadoda/Projects/Binteca/Interactive/milzetvrstudio/Unity/Library/Bee/Android/Prj/IL2CPP/Gradle/unityLibrary/src/main/assets/bin/Data/17f3459c32dc227498a1829f9f790c6b
[ 343/1813  0s] CopyFiles /Users/mziwamadoda/Projects/Binteca/Interactive/milzetvrstudio/Unity/Library/Bee/Android/Prj/IL2CPP/Gradle/unityLibrary/src/main/assets/bin/Data/12d8f34f5d5240844a9a05a03453125c
[ 344/1813  0s] CopyFiles /Users/mziwamadoda/Projects/Binteca/Interactive/milzetvrstudio/Unity/Library/Bee/Android/Prj/IL2CPP/Gradle/unityLibrary/src/main/assets/bin/Data/0f65d09d78bc32c4fa97a1f93c98fd16
[ 345/1813  0s] CopyFiles /Users/mziwamadoda/Projects/Binteca/Interactive/milzetvrstudio/Unity/Library/Bee/Android/Prj/IL2CPP/Gradle/unityLibrary/src/main/assets/bin/Data/0f84f8aa5cbe7d54994a144091998ab5
[ 346/1813  0s] CopyFiles /Users/mziwamadoda/Projects/Binteca/Interactive/milzetvrstudio/Unity/Library/Bee/Android/Prj/IL2CPP/Gradle/unityLibrary/src/main/assets/bin/Data/0b7b31db21cbfe2438ffa6619a73f25d
[ 347/1813  0s] CopyFiles /Users/mziwamadoda/Projects/Binteca/Interactive/milzetvrstudio/Unity/Library/Bee/Android/Prj/IL2CPP/Gradle/unityLibrary/src/main/assets/bin/Data/0fed9dcbe7bc3684ea51ae8f15ec0cbc
[ 348/1813  0s] CopyFiles /Users/mziwamadoda/Projects/Binteca/Interactive/milzetvrstudio/Unity/Library/Bee/Android/Prj/IL2CPP/Gradle/unityLibrary/src/main/assets/bin/Data/0a3899167ef824078bffea6ab3d385a0
[ 349/1813  0s] CopyFiles /Users/mziwamadoda/Projects/Binteca/Interactive/milzetvrstudio/Unity/Library/Bee/Android/Prj/IL2CPP/Gradle/unityLibrary/src/main/assets/bin/Data/0998c00537177a446933b9be7c66e6c1
[ 350/1813  0s] CopyFiles /Users/mziwamadoda/Projects/Binteca/Interactive/milzetvrstudio/Unity/Library/Bee/Android/Prj/IL2CPP/Gradle/unityLibrary/src/main/assets/bin/Data/08e2bf926184d1946932e42684fa95c9
[ 351/1813  0s] CopyFiles /Users/mziwamadoda/Projects/Binteca/Interactive/milzetvrstudio/Unity/Library/Bee/Android/Prj/IL2CPP/Gradle/unityLibrary/src/main/assets/bin/Data/086c3ae38455b6f41b5146489d8b356a
[ 352/1813  0s] CopyFiles /Users/mziwamadoda/Projects/Binteca/Interactive/milzetvrstudio/Unity/Library/Bee/Android/Prj/IL2CPP/Gradle/unityLibrary/src/main/assets/bin/Data/089532af84b4a104abd5ee312d1fdf32
[ 353/1813  0s] CopyFiles /Users/mziwamadoda/Projects/Binteca/Interactive/milzetvrstudio/Unity/Library/Bee/Android/Prj/IL2CPP/Gradle/unityLibrary/src/main/assets/bin/Data/07b0bfeb71a9979478d56ab8ff444325
[ 354/1813  0s] CopyFiles /Users/mziwamadoda/Projects/Binteca/Interactive/milzetvrstudio/Unity/Library/Bee/Android/Prj/IL2CPP/Gradle/unityLibrary/src/main/assets/bin/Data/0704a9fbbeee2dd4ba7f239e1249dd97
[ 355/1813  0s] CopyFiles /Users/mziwamadoda/Projects/Binteca/Interactive/milzetvrstudio/Unity/Library/Bee/Android/Prj/IL2CPP/Gradle/unityLibrary/src/main/assets/bin/Data/065f54777bfd86d40a04e0ac5c2732b8
[ 356/1813  0s] CopyFiles /Users/mziwamadoda/Projects/Binteca/Interactive/milzetvrstudio/Unity/Library/Bee/Android/Prj/IL2CPP/Gradle/unityLibrary/src/main/assets/bin/Data/06d3b08a534b775429fbabd0f1e2a7a3
[ 357/1813  0s] CopyFiles /Users/mziwamadoda/Projects/Binteca/Interactive/milzetvrstudio/Unity/Library/Bee/Android/Prj/IL2CPP/Gradle/unityLibrary/src/main/assets/bin/Data/0104bcdf786829a4db051983c25db03b
[ 358/1813  0s] CopyFiles /Users/mziwamadoda/Projects/Binteca/Interactive/milzetvrstudio/Unity/Library/Bee/Android/Prj/IL2CPP/Gradle/unityLibrary/src/main/assets/bin/Data/040cec7a13fa36c47bc7f06246a841b7
[ 359/1813  0s] CopyFiles /Users/mziwamadoda/Projects/Binteca/Interactive/milzetvrstudio/Unity/Library/Bee/Android/Prj/IL2CPP/Gradle/unityLibrary/src/main/assets/bin/Data/01b2fa7e15d7fcd47aecaaf527aa76cb
[ 360/1813  0s] CopyFiles /Users/mziwamadoda/Projects/Binteca/Interactive/milzetvrstudio/Unity/Library/Bee/Android/Prj/IL2CPP/Gradle/unityLibrary/src/main/assets/bin/Data/056e1087010c14410a1bb90f747b69de
[ 361/1813  0s] CopyFiles /Users/mziwamadoda/Projects/Binteca/Interactive/milzetvrstudio/Unity/Library/Bee/Android/Prj/IL2CPP/Gradle/unityLibrary/src/main/assets/bin/Data/006a37b79bff05142be800c60f763300
[ 362/1813  0s] CopyFiles /Users/mziwamadoda/Projects/Binteca/Interactive/milzetvrstudio/Unity/Library/Bee/Android/Prj/IL2CPP/Gradle/unityLibrary/src/main/assets/bin/Data/0362b595f17eb0b478c5cf077b4a143f
[ 363/1813  0s] CopyFiles /Users/mziwamadoda/Projects/Binteca/Interactive/milzetvrstudio/Unity/Library/Bee/Android/Prj/IL2CPP/Gradle/unityLibrary/src/main/assets/bin/Data/0000000000000000f000000000000000
[ 364/1813  0s] AddBootConfigGUID Library/Bee/artifacts/Android/boot.config
[ 365/1813  0s] ActionGenerateProjectFiles Library/Bee/artifacts/Android/IntermediateFiles.txt (+49 others)
[ 366/1813  0s] CopyFiles /Users/mziwamadoda/Projects/Binteca/Interactive/milzetvrstudio/Unity/Library/Bee/Android/Prj/IL2CPP/Gradle/unityLibrary/src/main/assets/bin/Data/boot.config
[ 367/1813  5s] UnityLinker /Users/mziwamadoda/Projects/Binteca/Interactive/milzetvrstudio/Unity/Library/Bee/artifacts/unitylinker_xy1a.traceevents
/Applications/Unity/Hub/Editor/6000.3.22f1/Unity.app/Contents/Resources/Scripting/il2cpp/build/deploy/UnityLinker --allowed-assembly=/Applications/Unity/Hub/Editor/6000.3.22f1/PlaybackEngines/AndroidPlayer/Variations/il2cpp/Managed/UnityEngine.AIModule.dll --allowed-assembly=/Applications/Unity/Hub/Editor/6000.3.22f1/PlaybackEngines/AndroidPlayer/Variations/il2cpp/Managed/UnityEngine.ARModule.dll --allowed-assembly=/Applications/Unity/Hub/Editor/6000.3.22f1/PlaybackEngines/AndroidPlayer/Variations/il2cpp/Managed/UnityEngine.AccessibilityModule.dll --allowed-assembly=/Applications/Unity/Hub/Editor/6000.3.22f1/PlaybackEngines/AndroidPlayer/Variations/il2cpp/Managed/UnityEngine.AdaptivePerformanceModule.dll --allowed-assembly=/Applications/Unity/Hub/Editor/6000.3.22f1/PlaybackEngines/AndroidPlayer/Variations/il2cpp/Managed/UnityEngine.AndroidJNIModule.dll --allowed-assembly=/Applications/Unity/Hub/Editor/6000.3.22f1/PlaybackEngines/AndroidPlayer/Variations/il2cpp/Managed/UnityEngine.AnimationModule.dll --allowed-assembly=/Applications/Unity/Hub/Editor/6000.3.22f1/PlaybackEngines/AndroidPlayer/Variations/il2cpp/Managed/UnityEngine.AssetBundleModule.dll --allowed-assembly=/Applications/Unity/Hub/Editor/6000.3.22f1/PlaybackEngines/AndroidPlayer/Variations/il2cpp/Managed/UnityEngine.AudioModule.dll --allowed-assembly=/Applications/Unity/Hub/Editor/6000.3.22f1/PlaybackEngines/AndroidPlayer/Variations/il2cpp/Managed/UnityEngine.ClothModule.dll --allowed-assembly=/Applications/Unity/Hub/Editor/6000.3.22f1/PlaybackEngines/AndroidPlayer/Variations/il2cpp/Managed/UnityEngine.ContentLoadModule.dll --allowed-assembly=/Applications/Unity/Hub/Editor/6000.3.22f1/PlaybackEngines/AndroidPlayer/Variations/il2cpp/Managed/UnityEngine.CoreModule.dll --allowed-assembly=/Applications/Unity/Hub/Editor/6000.3.22f1/PlaybackEngines/AndroidPlayer/Variations/il2cpp/Managed/UnityEngine.CrashReportingModule.dll --allowed-assembly=/Applications/Unity/Hub/Editor/6000.3.22f1/PlaybackEngines/AndroidPlayer/Variations/il2cpp/Managed/UnityEngine.DSPGraphModule.dll --allowed-assembly=/Applications/Unity/Hub/Editor/6000.3.22f1/PlaybackEngines/AndroidPlayer/Variations/il2cpp/Managed/UnityEngine.DirectorModule.dll --allowed-assembly=/Applications/Unity/Hub/Editor/6000.3.22f1/PlaybackEngines/AndroidPlayer/Variations/il2cpp/Managed/UnityEngine.GIModule.dll --allowed-assembly=/Applications/Unity/Hub/Editor/6000.3.22f1/PlaybackEngines/AndroidPlayer/Variations/il2cpp/Managed/UnityEngine.GameCenterModule.dll --allowed-assembly=/Applications/Unity/Hub/Editor/6000.3.22f1/PlaybackEngines/AndroidPlayer/Variations/il2cpp/Managed/UnityEngine.GraphicsStateCollectionSerializerModule.dll --allowed-assembly=/Applications/Unity/Hub/Editor/6000.3.22f1/PlaybackEngines/AndroidPlayer/Variations/il2cpp/Managed/UnityEngine.GridModule.dll --allowed-assembly=/Applications/Unity/Hub/Editor/6000.3.22f1/PlaybackEngines/AndroidPlayer/Variations/il2cpp/Managed/UnityEngine.HierarchyCoreModule.dll --allowed-assembly=/Applications/Unity/Hub/Editor/6000.3.22f1/PlaybackEngines/AndroidPlayer/Variations/il2cpp/Managed/UnityEngine.HierarchyModule.dll --allowed-assembly=/Applications/Unity/Hub/Editor/6000.3.22f1/PlaybackEngines/AndroidPlayer/Variations/il2cpp/Managed/UnityEngine.HotReloadModule.dll --allowed-assembly=/Applications/Unity/Hub/Editor/6000.3.22f1/PlaybackEngines/AndroidPlayer/Variations/il2cpp/Managed/UnityEngine.IMGUIModule.dll --allowed-assembly=/Applications/Unity/Hub/Editor/6000.3.22f1/PlaybackEngines/AndroidPlayer/Variations/il2cpp/Managed/UnityEngine.IdentifiersModule.dll --allowed-assembly=/Applications/Unity/Hub/Editor/6000.3.22f1/PlaybackEngines/AndroidPlayer/Variations/il2cpp/Managed/UnityEngine.ImageConversionModule.dll --allowed-assembly=/Applications/Unity/Hub/Editor/6000.3.22f1/PlaybackEngines/AndroidPlayer/Variations/il2cpp/Managed/UnityEngine.InputForUIModule.dll --allowed-assembly=/Applications/Unity/Hub/Editor/6000.3.22f1/PlaybackEngines/AndroidPlayer/Variations/il2cpp/Managed/UnityEngine.InputLegacyModule.dll --allowed-assembly=/Applications/Unity/Hub/Editor/6000.3.22f1/PlaybackEngines/AndroidPlayer/Variations/il2cpp/Managed/UnityEngine.InputModule.dll --allowed-assembly=/Applications/Unity/Hub/Editor/6000.3.22f1/PlaybackEngines/AndroidPlayer/Variations/il2cpp/Managed/UnityEngine.InsightsModule.dll --allowed-assembly=/Applications/Unity/Hub/Editor/6000.3.22f1/PlaybackEngines/AndroidPlayer/Variations/il2cpp/Managed/UnityEngine.JSONSerializeModule.dll --allowed-assembly=/Applications/Unity/Hub/Editor/6000.3.22f1/PlaybackEngines/AndroidPlayer/Variations/il2cpp/Managed/UnityEngine.LocalizationModule.dll --allowed-assembly=/Applications/Unity/Hub/Editor/6000.3.22f1/PlaybackEngines/AndroidPlayer/Variations/il2cpp/Managed/UnityEngine.MarshallingModule.dll --allowed-assembly=/Applications/Unity/Hub/Editor/6000.3.22f1/PlaybackEngines/AndroidPlayer/Variations/il2cpp/Managed/UnityEngine.MultiplayerModule.dll --allowed-assembly=/Applications/Unity/Hub/Editor/6000.3.22f1/PlaybackEngines/AndroidPlayer/Variations/il2cpp/Managed/UnityEngine.ParticleSystemModule.dll --allowed-assembly=/Applications/Unity/Hub/Editor/6000.3.22f1/PlaybackEngines/AndroidPlayer/Variations/il2cpp/Managed/UnityEngine.PerformanceReportingModule.dll --allowed-assembly=/Applications/Unity/Hub/Editor/6000.3.22f1/PlaybackEngines/AndroidPlayer/Variations/il2cpp/Managed/UnityEngine.Physics2DModule.dll --allowed-assembly=/Applications/Unity/Hub/Editor/6000.3.22f1/PlaybackEngines/AndroidPlayer/Variations/il2cpp/Managed/UnityEngine.PhysicsBackendPhysXModule.dll --allowed-assembly=/Applications/Unity/Hub/Editor/6000.3.22f1/PlaybackEngines/AndroidPlayer/Variations/il2cpp/Managed/UnityEngine.PhysicsModule.dll --allowed-assembly=/Applications/Unity/Hub/Editor/6000.3.22f1/PlaybackEngines/AndroidPlayer/Variations/il2cpp/Managed/UnityEngine.PropertiesModule.dll --allowed-assembly=/Applications/Unity/Hub/Editor/6000.3.22f1/PlaybackEngines/AndroidPlayer/Variations/il2cpp/Managed/UnityEngine.RenderAs2DModule.dll --allowed-assembly=/Applications/Unity/Hub/Editor/6000.3.22f1/PlaybackEngines/AndroidPlayer/Variations/il2cpp/Managed/UnityEngine.RuntimeInitializeOnLoadManagerInitializerModule.dll --allowed-assembly=/Applications/Unity/Hub/Editor/6000.3.22f1/PlaybackEngines/AndroidPlayer/Variations/il2cpp/Managed/UnityEngine.ScreenCaptureModule.dll --allowed-assembly=/Applications/Unity/Hub/Editor/6000.3.22f1/PlaybackEngines/AndroidPlayer/Variations/il2cpp/Managed/UnityEngine.ShaderRuntimeModule.dll --allowed-assembly=/Applications/Unity/Hub/Editor/6000.3.22f1/PlaybackEngines/AndroidPlayer/Variations/il2cpp/Managed/UnityEngine.ShaderVariantAnalyticsModule.dll --allowed-assembly=/Applications/Unity/Hub/Editor/6000.3.22f1/PlaybackEngines/AndroidPlayer/Variations/il2cpp/Managed/UnityEngine.SharedInternalsModule.dll --allowed-assembly=/Applications/Unity/Hub/Editor/6000.3.22f1/PlaybackEngines/AndroidPlayer/Variations/il2cpp/Managed/UnityEngine.SpriteMaskModule.dll --allowed-assembly=/Applications/Unity/Hub/Editor/6000.3.22f1/PlaybackEngines/AndroidPlayer/Variations/il2cpp/Managed/UnityEngine.SpriteShapeModule.dll --allowed-assembly=/Applications/Unity/Hub/Editor/6000.3.22f1/PlaybackEngines/AndroidPlayer/Variations/il2cpp/Managed/UnityEngine.StreamingModule.dll --allowed-assembly=/Applications/Unity/Hub/Editor/6000.3.22f1/PlaybackEngines/AndroidPlayer/Variations/il2cpp/Managed/UnityEngine.SubstanceModule.dll --allowed-assembly=/Applications/Unity/Hub/Editor/6000.3.22f1/PlaybackEngines/AndroidPlayer/Variations/il2cpp/Managed/UnityEngine.SubsystemsModule.dll --allowed-assembly=/Applications/Unity/Hub/Editor/6000.3.22f1/PlaybackEngines/AndroidPlayer/Variations/il2cpp/Managed/UnityEngine.TLSModule.dll --allowed-assembly=/Applications/Unity/Hub/Editor/6000.3.22f1/PlaybackEngines/AndroidPlayer/Variations/il2cpp/Managed/UnityEngine.TerrainModule.dll --allowed-assembly=/Applications/Unity/Hub/Editor/6000.3.22f1/PlaybackEngines/AndroidPlayer/Variations/il2cpp/Managed/UnityEngine.TerrainPhysicsModule.dll --allowed-assembly=/Applications/Unity/Hub/Editor/6000.3.22f1/PlaybackEngines/AndroidPlayer/Variations/il2cpp/Managed/UnityEngine.TextCoreFontEngineModule.dll --allowed-assembly=/Applications/Unity/Hub/Editor/6000.3.22f1/PlaybackEngines/AndroidPlayer/Variations/il2cpp/Managed/UnityEngine.TextCoreTextEngineModule.dll --allowed-assembly=/Applications/Unity/Hub/Editor/6000.3.22f1/PlaybackEngines/AndroidPlayer/Variations/il2cpp/Managed/UnityEngine.TextRenderingModule.dll --allowed-assembly=/Applications/Unity/Hub/Editor/6000.3.22f1/PlaybackEngines/AndroidPlayer/Variations/il2cpp/Managed/UnityEngine.TilemapModule.dll --allowed-assembly=/Applications/Unity/Hub/Editor/6000.3.22f1/PlaybackEngines/AndroidPlayer/Variations/il2cpp/Managed/UnityEngine.UIElementsModule.dll --allowed-assembly=/Applications/Unity/Hub/Editor/6000.3.22f1/PlaybackEngines/AndroidPlayer/Variations/il2cpp/Managed/UnityEngine.UIModule.dll --allowed-assembly=/Applications/Unity/Hub/Editor/6000.3.22f1/PlaybackEngines/AndroidPlayer/Variations/il2cpp/Managed/UnityEngine.UmbraModule.dll --allowed-assembly=/Applications/Unity/Hub/Editor/6000.3.22f1/PlaybackEngines/AndroidPlayer/Variations/il2cpp/Managed/UnityEngine.UnityAnalyticsCommonModule.dll --allowed-assembly=/Applications/Unity/Hub/Editor/6000.3.22f1/PlaybackEngines/AndroidPlayer/Variations/il2cpp/Managed/UnityEngine.UnityAnalyticsModule.dll --allowed-assembly=/Applications/Unity/Hub/Editor/6000.3.22f1/PlaybackEngines/AndroidPlayer/Variations/il2cpp/Managed/UnityEngine.UnityConnectModule.dll --allowed-assembly=/Applications/Unity/Hub/Editor/6000.3.22f1/PlaybackEngines/AndroidPlayer/Variations/il2cpp/Managed/UnityEngine.UnityConsentModule.dll --allowed-assembly=/Applications/Unity/Hub/Editor/6000.3.22f1/PlaybackEngines/AndroidPlayer/Variations/il2cpp/Managed/UnityEngine.UnityCurlModule.dll --allowed-assembly=/Applications/Unity/Hub/Editor/6000.3.22f1/PlaybackEngines/AndroidPlayer/Variations/il2cpp/Managed/UnityEngine.UnityWebRequestAssetBundleModule.dll --allowed-assembly=/Applications/Unity/Hub/Editor/6000.3.22f1/PlaybackEngines/AndroidPlayer/Variations/il2cpp/Managed/UnityEngine.UnityWebRequestAudioModule.dll --allowed-assembly=/Applications/Unity/Hub/Editor/6000.3.22f1/PlaybackEngines/AndroidPlayer/Variations/il2cpp/Managed/UnityEngine.UnityWebRequestModule.dll --allowed-assembly=/Applications/Unity/Hub/Editor/6000.3.22f1/PlaybackEngines/AndroidPlayer/Variations/il2cpp/Managed/UnityEngine.UnityWebRequestTextureModule.dll --allowed-assembly=/Applications/Unity/Hub/Editor/6000.3.22f1/PlaybackEngines/AndroidPlayer/Variations/il2cpp/Managed/UnityEngine.UnityWebRequestWWWModule.dll --allowed-assembly=/Applications/Unity/Hub/Editor/6000.3.22f1/PlaybackEngines/AndroidPlayer/Variations/il2cpp/Managed/UnityEngine.VFXModule.dll --allowed-assembly=/Applications/Unity/Hub/Editor/6000.3.22f1/PlaybackEngines/AndroidPlayer/Variations/il2cpp/Managed/UnityEngine.VRModule.dll --allowed-assembly=/Applications/Unity/Hub/Editor/6000.3.22f1/PlaybackEngines/AndroidPlayer/Variations/il2cpp/Managed/UnityEngine.VectorGraphicsModule.dll --allowed-assembly=/Applications/Unity/Hub/Editor/6000.3.22f1/PlaybackEngines/AndroidPlayer/Variations/il2cpp/Managed/UnityEngine.VehiclesModule.dll --allowed-assembly=/Applications/Unity/Hub/Editor/6000.3.22f1/PlaybackEngines/AndroidPlayer/Variations/il2cpp/Managed/UnityEngine.VideoModule.dll --allowed-assembly=/Applications/Unity/Hub/Editor/6000.3.22f1/PlaybackEngines/AndroidPlayer/Variations/il2cpp/Managed/UnityEngine.WindModule.dll --allowed-assembly=/Applications/Unity/Hub/Editor/6000.3.22f1/PlaybackEngines/AndroidPlayer/Variations/il2cpp/Managed/UnityEngine.XRModule.dll --allowed-assembly=/Applications/Unity/Hub/Editor/6000.3.22f1/PlaybackEngines/AndroidPlayer/Variations/il2cpp/Managed/UnityEngine.dll --allowed-assembly=/Users/mziwamadoda/Projects/Binteca/Interactive/milzetvrstudio/Unity/Library/Bee/PlayerScriptAssemblies/Assembly-CSharp.dll --allowed-assembly=/Users/mziwamadoda/Projects/Binteca/Interactive/milzetvrstudio/Unity/Library/Bee/PlayerScriptAssemblies/glTFast.dll --allowed-assembly=/Users/mziwamadoda/Projects/Binteca/Interactive/milzetvrstudio/Unity/Library/Bee/PlayerScriptAssemblies/glTFast.Documentation.Examples.dll --allowed-assembly=/Users/mziwamadoda/Projects/Binteca/Interactive/milzetvrstudio/Unity/Library/Bee/PlayerScriptAssemblies/glTFast.dots.dll --allowed-assembly=/Users/mziwamadoda/Projects/Binteca/Interactive/milzetvrstudio/Unity/Library/Bee/PlayerScriptAssemblies/glTFast.Export.dll --allowed-assembly=/Users/mziwamadoda/Projects/Binteca/Interactive/milzetvrstudio/Unity/Library/Bee/PlayerScriptAssemblies/glTFast.Newtonsoft.dll --allowed-assembly=/Users/mziwamadoda/Projects/Binteca/Interactive/milzetvrstudio/Unity/Library/Bee/PlayerScriptAssemblies/Meta.XR.BuildingBlocks.AIBlocks.dll --allowed-assembly=/Users/mziwamadoda/Projects/Binteca/Interactive/milzetvrstudio/Unity/Library/Bee/PlayerScriptAssemblies/Meta.XR.BuildingBlocks.DepthAPI.dll --allowed-assembly=/Users/mziwamadoda/Projects/Binteca/Interactive/milzetvrstudio/Unity/Library/Bee/PlayerScriptAssemblies/Meta.XR.BuildingBlocks.dll --allowed-assembly=/Users/mziwamadoda/Projects/Binteca/Interactive/milzetvrstudio/Unity/Library/Bee/PlayerScriptAssemblies/Meta.XR.EnvironmentDepth.dll --allowed-assembly=/Users/mziwamadoda/Projects/Binteca/Interactive/milzetvrstudio/Unity/Library/Bee/PlayerScriptAssemblies/Meta.XR.ImmersiveDebugger.dll --allowed-assembly=/Users/mziwamadoda/Projects/Binteca/Interactive/milzetvrstudio/Unity/Library/Bee/PlayerScriptAssemblies/Meta.XR.ImmersiveDebugger.Interface.dll --allowed-assembly=/Users/mziwamadoda/Projects/Binteca/Interactive/milzetvrstudio/Unity/Library/Bee/PlayerScriptAssemblies/meta.xr.mrutilitykit.dll --allowed-assembly=/Users/mziwamadoda/Projects/Binteca/Interactive/milzetvrstudio/Unity/Library/Bee/PlayerScriptAssemblies/Meta.XR.MultiplayerBlocks.Shared.dll --allowed-assembly=/Users/mziwamadoda/Projects/Binteca/Interactive/milzetvrstudio/Unity/Library/Bee/PlayerScriptAssemblies/Oculus.VR.dll --allowed-assembly=/Users/mziwamadoda/Projects/Binteca/Interactive/milzetvrstudio/Unity/Library/Bee/PlayerScriptAssemblies/Unity.AI.Navigation.dll --allowed-assembly=/Users/mziwamadoda/Projects/Binteca/Interactive/milzetvrstudio/Unity/Library/Bee/PlayerScriptAssemblies/Unity.Burst.dll --allowed-assembly=/Users/mziwamadoda/Projects/Binteca/Interactive/milzetvrstudio/Unity/Library/Bee/PlayerScriptAssemblies/Unity.Collections.dll --allowed-assembly=/Users/mziwamadoda/Projects/Binteca/Interactive/milzetvrstudio/Unity/Library/Bee/PlayerScriptAssemblies/Unity.InputSystem.dll --allowed-assembly=/Users/mziwamadoda/Projects/Binteca/Interactive/milzetvrstudio/Unity/Library/Bee/PlayerScriptAssemblies/Unity.InputSystem.ForUI.dll --allowed-assembly=/Users/mziwamadoda/Projects/Binteca/Interactive/milzetvrstudio/Unity/Library/Bee/PlayerScriptAssemblies/Unity.InternalAPIEngineBridge.004.dll --allowed-assembly=/Users/mziwamadoda/Projects/Binteca/Interactive/milzetvrstudio/Unity/Library/Bee/PlayerScriptAssemblies/Unity.Mathematics.dll --allowed-assembly=/Users/mziwamadoda/Projects/Binteca/Interactive/milzetvrstudio/Unity/Library/Bee/PlayerScriptAssemblies/Unity.TextMeshPro.dll --allowed-assembly=/Users/mziwamadoda/Projects/Binteca/Interactive/milzetvrstudio/Unity/Library/Bee/PlayerScriptAssemblies/Unity.Timeline.dll --allowed-assembly=/Users/mziwamadoda/Projects/Binteca/Interactive/milzetvrstudio/Unity/Library/Bee/PlayerScriptAssemblies/Unity.XR.CoreUtils.dll --allowed-assembly=/Users/mziwamadoda/Projects/Binteca/Interactive/milzetvrstudio/Unity/Library/Bee/PlayerScriptAssemblies/Unity.XR.Management.dll --allowed-assembly=/Users/mziwamadoda/Projects/Binteca/Interactive/milzetvrstudio/Unity/Library/Bee/PlayerScriptAssemblies/Unity.XR.OpenXR.dll --allowed-assembly=/Users/mziwamadoda/Projects/Binteca/Interactive/milzetvrstudio/Unity/Library/Bee/PlayerScriptAssemblies/Unity.XR.OpenXR.Features.ConformanceAutomation.dll --allowed-assembly=/Users/mziwamadoda/Projects/Binteca/Interactive/milzetvrstudio/Unity/Library/Bee/PlayerScriptAssemblies/Unity.XR.OpenXR.Features.MetaQuestSupport.dll --allowed-assembly=/Users/mziwamadoda/Projects/Binteca/Interactive/milzetvrstudio/Unity/Library/Bee/PlayerScriptAssemblies/Unity.XR.OpenXR.Features.MockRuntime.dll --allowed-assembly=/Users/mziwamadoda/Projects/Binteca/Interactive/milzetvrstudio/Unity/Library/Bee/PlayerScriptAssemblies/Unity.XR.OpenXR.Features.OculusQuestSupport.dll --allowed-assembly=/Users/mziwamadoda/Projects/Binteca/Interactive/milzetvrstudio/Unity/Library/Bee/PlayerScriptAssemblies/Unity.XR.OpenXR.Features.RuntimeDebugger.dll --allowed-assembly=/Users/mziwamadoda/Projects/Binteca/Interactive/milzetvrstudio/Unity/Library/Bee/PlayerScriptAssemblies/UnityEngine.SpatialTracking.dll --allowed-assembly=/Users/mziwamadoda/Projects/Binteca/Interactive/milzetvrstudio/Unity/Library/Bee/PlayerScriptAssemblies/UnityEngine.UI.dll --allowed-assembly=/Users/mziwamadoda/Projects/Binteca/Interactive/milzetvrstudio/Unity/Library/Bee/PlayerScriptAssemblies/UnityEngine.XR.LegacyInputHelpers.dll --allowed-assembly=/Users/mziwamadoda/Projects/Binteca/Interactive/milzetvrstudio/Unity/Library/PackageCache/com.unity.collections@84e8eb3fc12e/Unity.Collections.LowLevel.ILSupport/Unity.Collections.LowLevel.ILSupport.dll --allowed-assembly=/Users/mziwamadoda/Projects/Binteca/Interactive/milzetvrstudio/Unity/Library/PackageCache/com.unity.burst@2f3d916873ea/Unity.Burst.Unsafe.dll --allowed-assembly=/Users/mziwamadoda/Projects/Binteca/Interactive/milzetvrstudio/Unity/Library/PackageCache/com.unity.nuget.newtonsoft-json@4dfd81071c64/Runtime/AOT/Newtonsoft.Json.dll --allowed-assembly=/Applications/Unity/Hub/Editor/6000.3.22f1/Unity.app/Contents/Resources/Scripting/MonoBleedingEdge/lib/mono/unityaot-linux/Accessibility.dll --allowed-assembly=/Applications/Unity/Hub/Editor/6000.3.22f1/Unity.app/Contents/Resources/Scripting/MonoBleedingEdge/lib/mono/unityaot-linux/Facades/Microsoft.Win32.Primitives.dll --allowed-assembly=/Applications/Unity/Hub/Editor/6000.3.22f1/Unity.app/Contents/Resources/Scripting/MonoBleedingEdge/lib/mono/unityaot-linux/Facades/Microsoft.Win32.Registry.AccessControl.dll --allowed-assembly=/Applications/Unity/Hub/Editor/6000.3.22f1/Unity.app/Contents/Resources/Scripting/MonoBleedingEdge/lib/mono/unityaot-linux/Facades/Microsoft.Win32.Registry.dll --allowed-assembly=/Applications/Unity/Hub/Editor/6000.3.22f1/Unity.app/Contents/Resources/Scripting/MonoBleedingEdge/lib/mono/unityaot-linux/Facades/System.AppContext.dll --allowed-assembly=/Applications/Unity/Hub/Editor/6000.3.22f1/Unity.app/Contents/Resources/Scripting/MonoBleedingEdge/lib/mono/unityaot-linux/Facades/System.Buffers.dll --allowed-assembly=/Applications/Unity/Hub/Editor/6000.3.22f1/Unity.app/Contents/Resources/Scripting/MonoBleedingEdge/lib/mono/unityaot-linux/Facades/System.Collections.Concurrent.dll --allowed-assembly=/Applications/Unity/Hub/Editor/6000.3.22f1/Unity.app/Contents/Resources/Scripting/MonoBleedingEdge/lib/mono/unityaot-linux/Facades/System.Collections.NonGeneric.dll --allowed-assembly=/Applications/Unity/Hub/Editor/6000.3.22f1/Unity.app/Contents/Resources/Scripting/MonoBleedingEdge/lib/mono/unityaot-linux/Facades/System.Collections.Specialized.dll --allowed-assembly=/Applications/Unity/Hub/Editor/6000.3.22f1/Unity.app/Contents/Resources/Scripting/MonoBleedingEdge/lib/mono/unityaot-linux/Facades/System.Collections.dll --allowed-assembly=/Applications/Unity/Hub/Editor/6000.3.22f1/Unity.app/Contents/Resources/Scripting/MonoBleedingEdge/lib/mono/unityaot-linux/Facades/System.ComponentModel.Annotations.dll --allowed-assembly=/Applications/Unity/Hub/Editor/6000.3.22f1/Unity.app/Contents/Resources/Scripting/MonoBleedingEdge/lib/mono/unityaot-linux/Facades/System.ComponentModel.EventBasedAsync.dll --allowed-assembly=/Applications/Unity/Hub/Editor/6000.3.22f1/Unity.app/Contents/Resources/Scripting/MonoBleedingEdge/lib/mono/unityaot-linux/Facades/System.ComponentModel.Primitives.dll --allowed-assembly=/Applications/Unity/Hub/Editor/6000.3.22f1/Unity.app/Contents/Resources/Scripting/MonoBleedingEdge/lib/mono/unityaot-linux/Facades/System.ComponentModel.TypeConverter.dll --allowed-assembly=/Applications/Unity/Hub/Editor/6000.3.22f1/Unity.app/Contents/Resources/Scripting/MonoBleedingEdge/lib/mono/unityaot-linux/Facades/System.ComponentModel.dll --allowed-assembly=/Applications/Unity/Hub/Editor/6000.3.22f1/Unity.app/Contents/Resources/Scripting/MonoBleedingEdge/lib/mono/unityaot-linux/Facades/System.Console.dll --allowed-assembly=/Applications/Unity/Hub/Editor/6000.3.22f1/Unity.app/Contents/Resources/Scripting/MonoBleedingEdge/lib/mono/unityaot-linux/Facades/System.Data.Common.dll --allowed-assembly=/Applications/Unity/Hub/Editor/6000.3.22f1/Unity.app/Contents/Resources/Scripting/MonoBleedingEdge/lib/mono/unityaot-linux/Facades/System.Data.SqlClient.dll --allowed-assembly=/Applications/Unity/Hub/Editor/6000.3.22f1/Unity.app/Contents/Resources/Scripting/MonoBleedingEdge/lib/mono/unityaot-linux/Facades/System.Diagnostics.Contracts.dll --allowed-assembly=/Applications/Unity/Hub/Editor/6000.3.22f1/Unity.app/Contents/Resources/Scripting/MonoBleedingEdge/lib/mono/unityaot-linux/Facades/System.Diagnostics.Debug.dll --allowed-assembly=/Applications/Unity/Hub/Editor/6000.3.22f1/Unity.app/Contents/Resources/Scripting/MonoBleedingEdge/lib/mono/unityaot-linux/Facades/System.Diagnostics.FileVersionInfo.dll --allowed-assembly=/Applications/Unity/Hub/Editor/6000.3.22f1/Unity.app/Contents/Resources/Scripting/MonoBleedingEdge/lib/mono/unityaot-linux/Facades/System.Diagnostics.Process.dll --allowed-assembly=/Applications/Unity/Hub/Editor/6000.3.22f1/Unity.app/Contents/Resources/Scripting/MonoBleedingEdge/lib/mono/unityaot-linux/Facades/System.Diagnostics.StackTrace.dll --allowed-assembly=/Applications/Unity/Hub/Editor/6000.3.22f1/Unity.app/Contents/Resources/Scripting/MonoBleedingEdge/lib/mono/unityaot-linux/Facades/System.Diagnostics.TextWriterTraceListener.dll --allowed-assembly=/Applications/Unity/Hub/Editor/6000.3.22f1/Unity.app/Contents/Resources/Scripting/MonoBleedingEdge/lib/mono/unityaot-linux/Facades/System.Diagnostics.Tools.dll --allowed-assembly=/Applications/Unity/Hub/Editor/6000.3.22f1/Unity.app/Contents/Resources/Scripting/MonoBleedingEdge/lib/mono/unityaot-linux/Facades/System.Diagnostics.TraceEvent.dll --allowed-assembly=/Applications/Unity/Hub/Editor/6000.3.22f1/Unity.app/Contents/Resources/Scripting/MonoBleedingEdge/lib/mono/unityaot-linux/Facades/System.Diagnostics.TraceSource.dll --allowed-assembly=/Applications/Unity/Hub/Editor/6000.3.22f1/Unity.app/Contents/Resources/Scripting/MonoBleedingEdge/lib/mono/unityaot-linux/Facades/System.Diagnostics.Tracing.dll --allowed-assembly=/Applications/Unity/Hub/Editor/6000.3.22f1/Unity.app/Contents/Resources/Scripting/MonoBleedingEdge/lib/mono/unityaot-linux/Facades/System.Drawing.Primitives.dll --allowed-assembly=/Applications/Unity/Hub/Editor/6000.3.22f1/Unity.app/Contents/Resources/Scripting/MonoBleedingEdge/lib/mono/unityaot-linux/Facades/System.Dynamic.Runtime.dll --allowed-assembly=/Applications/Unity/Hub/Editor/6000.3.22f1/Unity.app/Contents/Resources/Scripting/MonoBleedingEdge/lib/mono/unityaot-linux/Facades/System.Globalization.Calendars.dll --allowed-assembly=/Applications/Unity/Hub/Editor/6000.3.22f1/Unity.app/Contents/Resources/Scripting/MonoBleedingEdge/lib/mono/unityaot-linux/Facades/System.Globalization.Extensions.dll --allowed-assembly=/Applications/Unity/Hub/Editor/6000.3.22f1/Unity.app/Contents/Resources/Scripting/MonoBleedingEdge/lib/mono/unityaot-linux/Facades/System.Globalization.dll --allowed-assembly=/Applications/Unity/Hub/Editor/6000.3.22f1/Unity.app/Contents/Resources/Scripting/MonoBleedingEdge/lib/mono/unityaot-linux/Facades/System.IO.Compression.ZipFile.dll --allowed-assembly=/Applications/Unity/Hub/Editor/6000.3.22f1/Unity.app/Contents/Resources/Scripting/MonoBleedingEdge/lib/mono/unityaot-linux/Facades/System.IO.FileSystem.AccessControl.dll --allowed-assembly=/Applications/Unity/Hub/Editor/6000.3.22f1/Unity.app/Contents/Resources/Scripting/MonoBleedingEdge/lib/mono/unityaot-linux/Facades/System.IO.FileSystem.DriveInfo.dll --allowed-assembly=/Applications/Unity/Hub/Editor/6000.3.22f1/Unity.app/Contents/Resources/Scripting/MonoBleedingEdge/lib/mono/unityaot-linux/Facades/System.IO.FileSystem.Primitives.dll --allowed-assembly=/Applications/Unity/Hub/Editor/6000.3.22f1/Unity.app/Contents/Resources/Scripting/MonoBleedingEdge/lib/mono/unityaot-linux/Facades/System.IO.FileSystem.Watcher.dll --allowed-assembly=/Applications/Unity/Hub/Editor/6000.3.22f1/Unity.app/Contents/Resources/Scripting/MonoBleedingEdge/lib/mono/unityaot-linux/Facades/System.IO.FileSystem.dll --allowed-assembly=/Applications/Unity/Hub/Editor/6000.3.22f1/Unity.app/Contents/Resources/Scripting/MonoBleedingEdge/lib/mono/unityaot-linux/Facades/System.IO.IsolatedStorage.dll --allowed-assembly=/Applications/Unity/Hub/Editor/6000.3.22f1/Unity.app/Contents/Resources/Scripting/MonoBleedingEdge/lib/mono/unityaot-linux/Facades/System.IO.MemoryMappedFiles.dll --allowed-assembly=/Applications/Unity/Hub/Editor/6000.3.22f1/Unity.app/Contents/Resources/Scripting/MonoBleedingEdge/lib/mono/unityaot-linux/Facades/System.IO.Pipes.dll --allowed-assembly=/Applications/Unity/Hub/Editor/6000.3.22f1/Unity.app/Contents/Resources/Scripting/MonoBleedingEdge/lib/mono/unityaot-linux/Facades/System.IO.UnmanagedMemoryStream.dll --allowed-assembly=/Applications/Unity/Hub/Editor/6000.3.22f1/Unity.app/Contents/Resources/Scripting/MonoBleedingEdge/lib/mono/unityaot-linux/Facades/System.IO.dll --allowed-assembly=/Applications/Unity/Hub/Editor/6000.3.22f1/Unity.app/Contents/Resources/Scripting/MonoBleedingEdge/lib/mono/unityaot-linux/Facades/System.Linq.Expressions.dll --allowed-assembly=/Applications/Unity/Hub/Editor/6000.3.22f1/Unity.app/Contents/Resources/Scripting/MonoBleedingEdge/lib/mono/unityaot-linux/Facades/System.Linq.Parallel.dll --allowed-assembly=/Applications/Unity/Hub/Editor/6000.3.22f1/Unity.app/Contents/Resources/Scripting/MonoBleedingEdge/lib/mono/unityaot-linux/Facades/System.Linq.Queryable.dll --allowed-assembly=/Applications/Unity/Hub/Editor/6000.3.22f1/Unity.app/Contents/Resources/Scripting/MonoBleedingEdge/lib/mono/unityaot-linux/Facades/System.Linq.dll --allowed-assembly=/Applications/Unity/Hub/Editor/6000.3.22f1/Unity.app/Contents/Resources/Scripting/MonoBleedingEdge/lib/mono/unityaot-linux/Facades/System.Memory.dll --allowed-assembly=/Applications/Unity/Hub/Editor/6000.3.22f1/Unity.app/Contents/Resources/Scripting/MonoBleedingEdge/lib/mono/unityaot-linux/Facades/System.Net.AuthenticationManager.dll --allowed-assembly=/Applications/Unity/Hub/Editor/6000.3.22f1/Unity.app/Contents/Resources/Scripting/MonoBleedingEdge/lib/mono/unityaot-linux/Facades/System.Net.Cache.dll --allowed-assembly=/Applications/Unity/Hub/Editor/6000.3.22f1/Unity.app/Contents/Resources/Scripting/MonoBleedingEdge/lib/mono/unityaot-linux/Facades/System.Net.HttpListener.dll --allowed-assembly=/Applications/Unity/Hub/Editor/6000.3.22f1/Unity.app/Contents/Resources/Scripting/MonoBleedingEdge/lib/mono/unityaot-linux/Facades/System.Net.Mail.dll --allowed-assembly=/Applications/Unity/Hub/Editor/6000.3.22f1/Unity.app/Contents/Resources/Scripting/MonoBleedingEdge/lib/mono/unityaot-linux/Facades/System.Net.NameResolution.dll --allowed-assembly=/Applications/Unity/Hub/Editor/6000.3.22f1/Unity.app/Contents/Resources/Scripting/MonoBleedingEdge/lib/mono/unityaot-linux/Facades/System.Net.NetworkInformation.dll --allowed-assembly=/Applications/Unity/Hub/Editor/6000.3.22f1/Unity.app/Contents/Resources/Scripting/MonoBleedingEdge/lib/mono/unityaot-linux/Facades/System.Net.Ping.dll --allowed-assembly=/Applications/Unity/Hub/Editor/6000.3.22f1/Unity.app/Contents/Resources/Scripting/MonoBleedingEdge/lib/mono/unityaot-linux/Facades/System.Net.Primitives.dll --allowed-assembly=/Applications/Unity/Hub/Editor/6000.3.22f1/Unity.app/Contents/Resources/Scripting/MonoBleedingEdge/lib/mono/unityaot-linux/Facades/System.Net.Requests.dll --allowed-assembly=/Applications/Unity/Hub/Editor/6000.3.22f1/Unity.app/Contents/Resources/Scripting/MonoBleedingEdge/lib/mono/unityaot-linux/Facades/System.Net.Security.dll --allowed-assembly=/Applications/Unity/Hub/Editor/6000.3.22f1/Unity.app/Contents/Resources/Scripting/MonoBleedingEdge/lib/mono/unityaot-linux/Facades/System.Net.ServicePoint.dll --allowed-assembly=/Applications/Unity/Hub/Editor/6000.3.22f1/Unity.app/Contents/Resources/Scripting/MonoBleedingEdge/lib/mono/unityaot-linux/Facades/System.Net.Sockets.dll --allowed-assembly=/Applications/Unity/Hub/Editor/6000.3.22f1/Unity.app/Contents/Resources/Scripting/MonoBleedingEdge/lib/mono/unityaot-linux/Facades/System.Net.Utilities.dll --allowed-assembly=/Applications/Unity/Hub/Editor/6000.3.22f1/Unity.app/Contents/Resources/Scripting/MonoBleedingEdge/lib/mono/unityaot-linux/Facades/System.Net.WebHeaderCollection.dll --allowed-assembly=/Applications/Unity/Hub/Editor/6000.3.22f1/Unity.app/Contents/Resources/Scripting/MonoBleedingEdge/lib/mono/unityaot-linux/Facades/System.Net.WebSockets.Client.dll --allowed-assembly=/Applications/Unity/Hub/Editor/6000.3.22f1/Unity.app/Contents/Resources/Scripting/MonoBleedingEdge/lib/mono/unityaot-linux/Facades/System.Net.WebSockets.dll --allowed-assembly=/Applications/Unity/Hub/Editor/6000.3.22f1/Unity.app/Contents/Resources/Scripting/MonoBleedingEdge/lib/mono/unityaot-linux/Facades/System.ObjectModel.dll --allowed-assembly=/Applications/Unity/Hub/Editor/6000.3.22f1/Unity.app/Contents/Resources/Scripting/MonoBleedingEdge/lib/mono/unityaot-linux/Facades/System.Reflection.DispatchProxy.dll --allowed-assembly=/Applications/Unity/Hub/Editor/6000.3.22f1/Unity.app/Contents/Resources/Scripting/MonoBleedingEdge/lib/mono/unityaot-linux/Facades/System.Reflection.Emit.ILGeneration.dll --allowed-assembly=/Applications/Unity/Hub/Editor/6000.3.22f1/Unity.app/Contents/Resources/Scripting/MonoBleedingEdge/lib/mono/unityaot-linux/Facades/System.Reflection.Emit.Lightweight.dll --allowed-assembly=/Applications/Unity/Hub/Editor/6000.3.22f1/Unity.app/Contents/Resources/Scripting/MonoBleedingEdge/lib/mono/unityaot-linux/Facades/System.Reflection.Emit.dll --allowed-assembly=/Applications/Unity/Hub/Editor/6000.3.22f1/Unity.app/Contents/Resources/Scripting/MonoBleedingEdge/lib/mono/unityaot-linux/Facades/System.Reflection.Extensions.dll --allowed-assembly=/Applications/Unity/Hub/Editor/6000.3.22f1/Unity.app/Contents/Resources/Scripting/MonoBleedingEdge/lib/mono/unityaot-linux/Facades/System.Reflection.Primitives.dll --allowed-assembly=/Applications/Unity/Hub/Editor/6000.3.22f1/Unity.app/Contents/Resources/Scripting/MonoBleedingEdge/lib/mono/unityaot-linux/Facades/System.Reflection.TypeExtensions.dll --allowed-assembly=/Applications/Unity/Hub/Editor/6000.3.22f1/Unity.app/Contents/Resources/Scripting/MonoBleedingEdge/lib/mono/unityaot-linux/Facades/System.Reflection.dll --allowed-assembly=/Applications/Unity/Hub/Editor/6000.3.22f1/Unity.app/Contents/Resources/Scripting/MonoBleedingEdge/lib/mono/unityaot-linux/Facades/System.Resources.Reader.dll --allowed-assembly=/Applications/Unity/Hub/Editor/6000.3.22f1/Unity.app/Contents/Resources/Scripting/MonoBleedingEdge/lib/mono/unityaot-linux/Facades/System.Resources.ReaderWriter.dll --allowed-assembly=/Applications/Unity/Hub/Editor/6000.3.22f1/Unity.app/Contents/Resources/Scripting/MonoBleedingEdge/lib/mono/unityaot-linux/Facades/System.Resources.ResourceManager.dll --allowed-assembly=/Applications/Unity/Hub/Editor/6000.3.22f1/Unity.app/Contents/Resources/Scripting/MonoBleedingEdge/lib/mono/unityaot-linux/Facades/System.Resources.Writer.dll --allowed-assembly=/Applications/Unity/Hub/Editor/6000.3.22f1/Unity.app/Contents/Resources/Scripting/MonoBleedingEdge/lib/mono/unityaot-linux/Facades/System.Runtime.CompilerServices.VisualC.dll --allowed-assembly=/Applications/Unity/Hub/Editor/6000.3.22f1/Unity.app/Contents/Resources/Scripting/MonoBleedingEdge/lib/mono/unityaot-linux/Facades/System.Runtime.Extensions.dll --allowed-assembly=/Applications/Unity/Hub/Editor/6000.3.22f1/Unity.app/Contents/Resources/Scripting/MonoBleedingEdge/lib/mono/unityaot-linux/Facades/System.Runtime.Handles.dll --allowed-assembly=/Applications/Unity/Hub/Editor/6000.3.22f1/Unity.app/Contents/Resources/Scripting/MonoBleedingEdge/lib/mono/unityaot-linux/Facades/System.Runtime.InteropServices.RuntimeInformation.dll --allowed-assembly=/Applications/Unity/Hub/Editor/6000.3.22f1/Unity.app/Contents/Resources/Scripting/MonoBleedingEdge/lib/mono/unityaot-linux/Facades/System.Runtime.InteropServices.WindowsRuntime.dll --allowed-assembly=/Applications/Unity/Hub/Editor/6000.3.22f1/Unity.app/Contents/Resources/Scripting/MonoBleedingEdge/lib/mono/unityaot-linux/Facades/System.Runtime.InteropServices.dll --allowed-assembly=/Applications/Unity/Hub/Editor/6000.3.22f1/Unity.app/Contents/Resources/Scripting/MonoBleedingEdge/lib/mono/unityaot-linux/Facades/System.Runtime.Loader.dll --allowed-assembly=/Applications/Unity/Hub/Editor/6000.3.22f1/Unity.app/Contents/Resources/Scripting/MonoBleedingEdge/lib/mono/unityaot-linux/Facades/System.Runtime.Numerics.dll --allowed-assembly=/Applications/Unity/Hub/Editor/6000.3.22f1/Unity.app/Contents/Resources/Scripting/MonoBleedingEdge/lib/mono/unityaot-linux/Facades/System.Runtime.Serialization.Formatters.dll --allowed-assembly=/Applications/Unity/Hub/Editor/6000.3.22f1/Unity.app/Contents/Resources/Scripting/MonoBleedingEdge/lib/mono/unityaot-linux/Facades/System.Runtime.Serialization.Json.dll --allowed-assembly=/Applications/Unity/Hub/Editor/6000.3.22f1/Unity.app/Contents/Resources/Scripting/MonoBleedingEdge/lib/mono/unityaot-linux/Facades/System.Runtime.Serialization.Primitives.dll --allowed-assembly=/Applications/Unity/Hub/Editor/6000.3.22f1/Unity.app/Contents/Resources/Scripting/MonoBleedingEdge/lib/mono/unityaot-linux/Facades/System.Runtime.Serialization.Xml.dll --allowed-assembly=/Applications/Unity/Hub/Editor/6000.3.22f1/Unity.app/Contents/Resources/Scripting/MonoBleedingEdge/lib/mono/unityaot-linux/Facades/System.Runtime.dll --allowed-assembly=/Applications/Unity/Hub/Editor/6000.3.22f1/Unity.app/Contents/Resources/Scripting/MonoBleedingEdge/lib/mono/unityaot-linux/Facades/System.Security.AccessControl.dll --allowed-assembly=/Applications/Unity/Hub/Editor/6000.3.22f1/Unity.app/Contents/Resources/Scripting/MonoBleedingEdge/lib/mono/unityaot-linux/Facades/System.Security.Claims.dll --allowed-assembly=/Applications/Unity/Hub/Editor/6000.3.22f1/Unity.app/Contents/Resources/Scripting/MonoBleedingEdge/lib/mono/unityaot-linux/Facades/System.Security.Cryptography.Algorithms.dll --allowed-assembly=/Applications/Unity/Hub/Editor/6000.3.22f1/Unity.app/Contents/Resources/Scripting/MonoBleedingEdge/lib/mono/unityaot-linux/Facades/System.Security.Cryptography.Cng.dll --allowed-assembly=/Applications/Unity/Hub/Editor/6000.3.22f1/Unity.app/Contents/Resources/Scripting/MonoBleedingEdge/lib/mono/unityaot-linux/Facades/System.Security.Cryptography.Csp.dll --allowed-assembly=/Applications/Unity/Hub/Editor/6000.3.22f1/Unity.app/Contents/Resources/Scripting/MonoBleedingEdge/lib/mono/unityaot-linux/Facades/System.Security.Cryptography.DeriveBytes.dll --allowed-assembly=/Applications/Unity/Hub/Editor/6000.3.22f1/Unity.app/Contents/Resources/Scripting/MonoBleedingEdge/lib/mono/unityaot-linux/Facades/System.Security.Cryptography.Encoding.dll --allowed-assembly=/Applications/Unity/Hub/Editor/6000.3.22f1/Unity.app/Contents/Resources/Scripting/MonoBleedingEdge/lib/mono/unityaot-linux/Facades/System.Security.Cryptography.Encryption.Aes.dll --allowed-assembly=/Applications/Unity/Hub/Editor/6000.3.22f1/Unity.app/Contents/Resources/Scripting/MonoBleedingEdge/lib/mono/unityaot-linux/Facades/System.Security.Cryptography.Encryption.ECDiffieHellman.dll --allowed-assembly=/Applications/Unity/Hub/Editor/6000.3.22f1/Unity.app/Contents/Resources/Scripting/MonoBleedingEdge/lib/mono/unityaot-linux/Facades/System.Security.Cryptography.Encryption.ECDsa.dll --allowed-assembly=/Applications/Unity/Hub/Editor/6000.3.22f1/Unity.app/Contents/Resources/Scripting/MonoBleedingEdge/lib/mono/unityaot-linux/Facades/System.Security.Cryptography.Encryption.dll --allowed-assembly=/Applications/Unity/Hub/Editor/6000.3.22f1/Unity.app/Contents/Resources/Scripting/MonoBleedingEdge/lib/mono/unityaot-linux/Facades/System.Security.Cryptography.Hashing.Algorithms.dll --allowed-assembly=/Applications/Unity/Hub/Editor/6000.3.22f1/Unity.app/Contents/Resources/Scripting/MonoBleedingEdge/lib/mono/unityaot-linux/Facades/System.Security.Cryptography.Hashing.dll --allowed-assembly=/Applications/Unity/Hub/Editor/6000.3.22f1/Unity.app/Contents/Resources/Scripting/MonoBleedingEdge/lib/mono/unityaot-linux/Facades/System.Security.Cryptography.OpenSsl.dll --allowed-assembly=/Applications/Unity/Hub/Editor/6000.3.22f1/Unity.app/Contents/Resources/Scripting/MonoBleedingEdge/lib/mono/unityaot-linux/Facades/System.Security.Cryptography.Pkcs.dll --allowed-assembly=/Applications/Unity/Hub/Editor/6000.3.22f1/Unity.app/Contents/Resources/Scripting/MonoBleedingEdge/lib/mono/unityaot-linux/Facades/System.Security.Cryptography.Primitives.dll --allowed-assembly=/Applications/Unity/Hub/Editor/6000.3.22f1/Unity.app/Contents/Resources/Scripting/MonoBleedingEdge/lib/mono/unityaot-linux/Facades/System.Security.Cryptography.ProtectedData.dll --allowed-assembly=/Applications/Unity/Hub/Editor/6000.3.22f1/Unity.app/Contents/Resources/Scripting/MonoBleedingEdge/lib/mono/unityaot-linux/Facades/System.Security.Cryptography.RSA.dll --allowed-assembly=/Applications/Unity/Hub/Editor/6000.3.22f1/Unity.app/Contents/Resources/Scripting/MonoBleedingEdge/lib/mono/unityaot-linux/Facades/System.Security.Cryptography.RandomNumberGenerator.dll --allowed-assembly=/Applications/Unity/Hub/Editor/6000.3.22f1/Unity.app/Contents/Resources/Scripting/MonoBleedingEdge/lib/mono/unityaot-linux/Facades/System.Security.Cryptography.X509Certificates.dll --allowed-assembly=/Applications/Unity/Hub/Editor/6000.3.22f1/Unity.app/Contents/Resources/Scripting/MonoBleedingEdge/lib/mono/unityaot-linux/Facades/System.Security.Principal.Windows.dll --allowed-assembly=/Applications/Unity/Hub/Editor/6000.3.22f1/Unity.app/Contents/Resources/Scripting/MonoBleedingEdge/lib/mono/unityaot-linux/Facades/System.Security.Principal.dll --allowed-assembly=/Applications/Unity/Hub/Editor/6000.3.22f1/Unity.app/Contents/Resources/Scripting/MonoBleedingEdge/lib/mono/unityaot-linux/Facades/System.Security.SecureString.dll --allowed-assembly=/Applications/Unity/Hub/Editor/6000.3.22f1/Unity.app/Contents/Resources/Scripting/MonoBleedingEdge/lib/mono/unityaot-linux/Facades/System.ServiceModel.Duplex.dll --allowed-assembly=/Applications/Unity/Hub/Editor/6000.3.22f1/Unity.app/Contents/Resources/Scripting/MonoBleedingEdge/lib/mono/unityaot-linux/Facades/System.ServiceModel.Http.dll --allowed-assembly=/Applications/Unity/Hub/Editor/6000.3.22f1/Unity.app/Contents/Resources/Scripting/MonoBleedingEdge/lib/mono/unityaot-linux/Facades/System.ServiceModel.NetTcp.dll --allowed-assembly=/Applications/Unity/Hub/Editor/6000.3.22f1/Unity.app/Contents/Resources/Scripting/MonoBleedingEdge/lib/mono/unityaot-linux/Facades/System.ServiceModel.Primitives.dll --allowed-assembly=/Applications/Unity/Hub/Editor/6000.3.22f1/Unity.app/Contents/Resources/Scripting/MonoBleedingEdge/lib/mono/unityaot-linux/Facades/System.ServiceModel.Security.dll --allowed-assembly=/Applications/Unity/Hub/Editor/6000.3.22f1/Unity.app/Contents/Resources/Scripting/MonoBleedingEdge/lib/mono/unityaot-linux/Facades/System.ServiceProcess.ServiceController.dll --allowed-assembly=/Applications/Unity/Hub/Editor/6000.3.22f1/Unity.app/Contents/Resources/Scripting/MonoBleedingEdge/lib/mono/unityaot-linux/Facades/System.Text.Encoding.CodePages.dll --allowed-assembly=/Applications/Unity/Hub/Editor/6000.3.22f1/Unity.app/Contents/Resources/Scripting/MonoBleedingEdge/lib/mono/unityaot-linux/Facades/System.Text.Encoding.Extensions.dll --allowed-assembly=/Applications/Unity/Hub/Editor/6000.3.22f1/Unity.app/Contents/Resources/Scripting/MonoBleedingEdge/lib/mono/unityaot-linux/Facades/System.Text.Encoding.dll --allowed-assembly=/Applications/Unity/Hub/Editor/6000.3.22f1/Unity.app/Contents/Resources/Scripting/MonoBleedingEdge/lib/mono/unityaot-linux/Facades/System.Text.RegularExpressions.dll --allowed-assembly=/Applications/Unity/Hub/Editor/6000.3.22f1/Unity.app/Contents/Resources/Scripting/MonoBleedingEdge/lib/mono/unityaot-linux/Facades/System.Threading.AccessControl.dll --allowed-assembly=/Applications/Unity/Hub/Editor/6000.3.22f1/Unity.app/Contents/Resources/Scripting/MonoBleedingEdge/lib/mono/unityaot-linux/Facades/System.Threading.Overlapped.dll --allowed-assembly=/Applications/Unity/Hub/Editor/6000.3.22f1/Unity.app/Contents/Resources/Scripting/MonoBleedingEdge/lib/mono/unityaot-linux/Facades/System.Threading.Tasks.Extensions.dll --allowed-assembly=/Applications/Unity/Hub/Editor/6000.3.22f1/Unity.app/Contents/Resources/Scripting/MonoBleedingEdge/lib/mono/unityaot-linux/Facades/System.Threading.Tasks.Parallel.dll --allowed-assembly=/Applications/Unity/Hub/Editor/6000.3.22f1/Unity.app/Contents/Resources/Scripting/MonoBleedingEdge/lib/mono/unityaot-linux/Facades/System.Threading.Tasks.dll --allowed-assembly=/Applications/Unity/Hub/Editor/6000.3.22f1/Unity.app/Contents/Resources/Scripting/MonoBleedingEdge/lib/mono/unityaot-linux/Facades/System.Threading.Thread.dll --allowed-assembly=/Applications/Unity/Hub/Editor/6000.3.22f1/Unity.app/Contents/Resources/Scripting/MonoBleedingEdge/lib/mono/unityaot-linux/Facades/System.Threading.ThreadPool.dll --allowed-assembly=/Applications/Unity/Hub/Editor/6000.3.22f1/Unity.app/Contents/Resources/Scripting/MonoBleedingEdge/lib/mono/unityaot-linux/Facades/System.Threading.Timer.dll --allowed-assembly=/Applications/Unity/Hub/Editor/6000.3.22f1/Unity.app/Contents/Resources/Scripting/MonoBleedingEdge/lib/mono/unityaot-linux/Facades/System.Threading.dll --allowed-assembly=/Applications/Unity/Hub/Editor/6000.3.22f1/Unity.app/Contents/Resources/Scripting/MonoBleedingEdge/lib/mono/unityaot-linux/Facades/System.ValueTuple.dll --allowed-assembly=/Applications/Unity/Hub/Editor/6000.3.22f1/Unity.app/Contents/Resources/Scripting/MonoBleedingEdge/lib/mono/unityaot-linux/Facades/System.Xml.ReaderWriter.dll --allowed-assembly=/Applications/Unity/Hub/Editor/6000.3.22f1/Unity.app/Contents/Resources/Scripting/MonoBleedingEdge/lib/mono/unityaot-linux/Facades/System.Xml.XDocument.dll --allowed-assembly=/Applications/Unity/Hub/Editor/6000.3.22f1/Unity.app/Contents/Resources/Scripting/MonoBleedingEdge/lib/mono/unityaot-linux/Facades/System.Xml.XPath.XDocument.dll --allowed-assembly=/Applications/Unity/Hub/Editor/6000.3.22f1/Unity.app/Contents/Resources/Scripting/MonoBleedingEdge/lib/mono/unityaot-linux/Facades/System.Xml.XPath.XmlDocument.dll --allowed-assembly=/Applications/Unity/Hub/Editor/6000.3.22f1/Unity.app/Contents/Resources/Scripting/MonoBleedingEdge/lib/mono/unityaot-linux/Facades/System.Xml.XPath.dll --allowed-assembly=/Applications/Unity/Hub/Editor/6000.3.22f1/Unity.app/Contents/Resources/Scripting/MonoBleedingEdge/lib/mono/unityaot-linux/Facades/System.Xml.XmlDocument.dll --allowed-assembly=/Applications/Unity/Hub/Editor/6000.3.22f1/Unity.app/Contents/Resources/Scripting/MonoBleedingEdge/lib/mono/unityaot-linux/Facades/System.Xml.XmlSerializer.dll --allowed-assembly=/Applications/Unity/Hub/Editor/6000.3.22f1/Unity.app/Contents/Resources/Scripting/MonoBleedingEdge/lib/mono/unityaot-linux/Facades/System.Xml.Xsl.Primitives.dll --allowed-assembly=/Applications/Unity/Hub/Editor/6000.3.22f1/Unity.app/Contents/Resources/Scripting/MonoBleedingEdge/lib/mono/unityaot-linux/Facades/netstandard.dll --allowed-assembly=/Applications/Unity/Hub/Editor/6000.3.22f1/Unity.app/Contents/Resources/Scripting/MonoBleedingEdge/lib/mono/unityaot-linux/I18N.CJK.dll --allowed-assembly=/Applications/Unity/Hub/Editor/6000.3.22f1/Unity.app/Contents/Resources/Scripting/MonoBleedingEdge/lib/mono/unityaot-linux/I18N.MidEast.dll --allowed-assembly=/Applications/Unity/Hub/Editor/6000.3.22f1/Unity.app/Contents/Resources/Scripting/MonoBleedingEdge/lib/mono/unityaot-linux/I18N.Other.dll --allowed-assembly=/Applications/Unity/Hub/Editor/6000.3.22f1/Unity.app/Contents/Resources/Scripting/MonoBleedingEdge/lib/mono/unityaot-linux/I18N.Rare.dll --allowed-assembly=/Applications/Unity/Hub/Editor/6000.3.22f1/Unity.app/Contents/Resources/Scripting/MonoBleedingEdge/lib/mono/unityaot-linux/I18N.West.dll --allowed-assembly=/Applications/Unity/Hub/Editor/6000.3.22f1/Unity.app/Contents/Resources/Scripting/MonoBleedingEdge/lib/mono/unityaot-linux/I18N.dll --allowed-assembly=/Applications/Unity/Hub/Editor/6000.3.22f1/Unity.app/Contents/Resources/Scripting/MonoBleedingEdge/lib/mono/unityaot-linux/Microsoft.CSharp.dll --allowed-assembly=/Applications/Unity/Hub/Editor/6000.3.22f1/Unity.app/Contents/Resources/Scripting/MonoBleedingEdge/lib/mono/unityaot-linux/Mono.Data.Sqlite.dll --allowed-assembly=/Applications/Unity/Hub/Editor/6000.3.22f1/Unity.app/Contents/Resources/Scripting/MonoBleedingEdge/lib/mono/unityaot-linux/Mono.Data.Tds.dll --allowed-assembly=/Applications/Unity/Hub/Editor/6000.3.22f1/Unity.app/Contents/Resources/Scripting/MonoBleedingEdge/lib/mono/unityaot-linux/Mono.Security.dll --allowed-assembly=/Applications/Unity/Hub/Editor/6000.3.22f1/Unity.app/Contents/Resources/Scripting/MonoBleedingEdge/lib/mono/unityaot-linux/System.ComponentModel.Composition.dll --allowed-assembly=/Applications/Unity/Hub/Editor/6000.3.22f1/Unity.app/Contents/Resources/Scripting/MonoBleedingEdge/lib/mono/unityaot-linux/System.ComponentModel.DataAnnotations.dll --allowed-assembly=/Applications/Unity/Hub/Editor/6000.3.22f1/Unity.app/Contents/Resources/Scripting/MonoBleedingEdge/lib/mono/unityaot-linux/System.Configuration.Install.dll --allowed-assembly=/Applications/Unity/Hub/Editor/6000.3.22f1/Unity.app/Contents/Resources/Scripting/MonoBleedingEdge/lib/mono/unityaot-linux/System.Configuration.dll --allowed-assembly=/Applications/Unity/Hub/Editor/6000.3.22f1/Unity.app/Contents/Resources/Scripting/MonoBleedingEdge/lib/mono/unityaot-linux/System.Core.dll --allowed-assembly=/Applications/Unity/Hub/Editor/6000.3.22f1/Unity.app/Contents/Resources/Scripting/MonoBleedingEdge/lib/mono/unityaot-linux/System.Data.DataSetExtensions.dll --allowed-assembly=/Applications/Unity/Hub/Editor/6000.3.22f1/Unity.app/Contents/Resources/Scripting/MonoBleedingEdge/lib/mono/unityaot-linux/System.Data.Entity.dll --allowed-assembly=/Applications/Unity/Hub/Editor/6000.3.22f1/Unity.app/Contents/Resources/Scripting/MonoBleedingEdge/lib/mono/unityaot-linux/System.Data.Linq.dll --allowed-assembly=/Applications/Unity/Hub/Editor/6000.3.22f1/Unity.app/Contents/Resources/Scripting/MonoBleedingEdge/lib/mono/unityaot-linux/System.Data.OracleClient.dll --allowed-assembly=/Applications/Unity/Hub/Editor/6000.3.22f1/Unity.app/Contents/Resources/Scripting/MonoBleedingEdge/lib/mono/unityaot-linux/System.Data.Services.Client.dll --allowed-assembly=/Applications/Unity/Hub/Editor/6000.3.22f1/Unity.app/Contents/Resources/Scripting/MonoBleedingEdge/lib/mono/unityaot-linux/System.Data.Services.dll --allowed-assembly=/Applications/Unity/Hub/Editor/6000.3.22f1/Unity.app/Contents/Resources/Scripting/MonoBleedingEdge/lib/mono/unityaot-linux/System.Data.dll --allowed-assembly=/Applications/Unity/Hub/Editor/6000.3.22f1/Unity.app/Contents/Resources/Scripting/MonoBleedingEdge/lib/mono/unityaot-linux/System.Design.dll --allowed-assembly=/Applications/Unity/Hub/Editor/6000.3.22f1/Unity.app/Contents/Resources/Scripting/MonoBleedingEdge/lib/mono/unityaot-linux/System.DirectoryServices.Protocols.dll --allowed-assembly=/Applications/Unity/Hub/Editor/6000.3.22f1/Unity.app/Contents/Resources/Scripting/MonoBleedingEdge/lib/mono/unityaot-linux/System.DirectoryServices.dll --allowed-assembly=/Applications/Unity/Hub/Editor/6000.3.22f1/Unity.app/Contents/Resources/Scripting/MonoBleedingEdge/lib/mono/unityaot-linux/System.Drawing.Design.dll --allowed-assembly=/Applications/Unity/Hub/Editor/6000.3.22f1/Unity.app/Contents/Resources/Scripting/MonoBleedingEdge/lib/mono/unityaot-linux/System.Drawing.dll --allowed-assembly=/Applications/Unity/Hub/Editor/6000.3.22f1/Unity.app/Contents/Resources/Scripting/MonoBleedingEdge/lib/mono/unityaot-linux/System.EnterpriseServices.dll --allowed-assembly=/Applications/Unity/Hub/Editor/6000.3.22f1/Unity.app/Contents/Resources/Scripting/MonoBleedingEdge/lib/mono/unityaot-linux/System.IO.Compression.FileSystem.dll --allowed-assembly=/Applications/Unity/Hub/Editor/6000.3.22f1/Unity.app/Contents/Resources/Scripting/MonoBleedingEdge/lib/mono/unityaot-linux/System.IO.Compression.dll --allowed-assembly=/Applications/Unity/Hub/Editor/6000.3.22f1/Unity.app/Contents/Resources/Scripting/MonoBleedingEdge/lib/mono/unityaot-linux/System.IdentityModel.Selectors.dll --allowed-assembly=/Applications/Unity/Hub/Editor/6000.3.22f1/Unity.app/Contents/Resources/Scripting/MonoBleedingEdge/lib/mono/unityaot-linux/System.IdentityModel.dll --allowed-assembly=/Applications/Unity/Hub/Editor/6000.3.22f1/Unity.app/Contents/Resources/Scripting/MonoBleedingEdge/lib/mono/unityaot-linux/System.Json.dll --allowed-assembly=/Applications/Unity/Hub/Editor/6000.3.22f1/Unity.app/Contents/Resources/Scripting/MonoBleedingEdge/lib/mono/unityaot-linux/System.Management.dll --allowed-assembly=/Applications/Unity/Hub/Editor/6000.3.22f1/Unity.app/Contents/Resources/Scripting/MonoBleedingEdge/lib/mono/unityaot-linux/System.Messaging.dll --allowed-assembly=/Applications/Unity/Hub/Editor/6000.3.22f1/Unity.app/Contents/Resources/Scripting/MonoBleedingEdge/lib/mono/unityaot-linux/System.Net.Http.WebRequest.dll --allowed-assembly=/Applications/Unity/Hub/Editor/6000.3.22f1/Unity.app/Contents/Resources/Scripting/MonoBleedingEdge/lib/mono/unityaot-linux/System.Net.Http.dll --allowed-assembly=/Applications/Unity/Hub/Editor/6000.3.22f1/Unity.app/Contents/Resources/Scripting/MonoBleedingEdge/lib/mono/unityaot-linux/System.Net.dll --allowed-assembly=/Applications/Unity/Hub/Editor/6000.3.22f1/Unity.app/Contents/Resources/Scripting/MonoBleedingEdge/lib/mono/unityaot-linux/System.Numerics.Vectors.dll --allowed-assembly=/Applications/Unity/Hub/Editor/6000.3.22f1/Unity.app/Contents/Resources/Scripting/MonoBleedingEdge/lib/mono/unityaot-linux/System.Numerics.dll --allowed-assembly=/Applications/Unity/Hub/Editor/6000.3.22f1/Unity.app/Contents/Resources/Scripting/MonoBleedingEdge/lib/mono/unityaot-linux/System.Reflection.Context.dll --allowed-assembly=/Applications/Unity/Hub/Editor/6000.3.22f1/Unity.app/Contents/Resources/Scripting/MonoBleedingEdge/lib/mono/unityaot-linux/System.Runtime.Caching.dll --allowed-assembly=/Applications/Unity/Hub/Editor/6000.3.22f1/Unity.app/Contents/Resources/Scripting/MonoBleedingEdge/lib/mono/unityaot-linux/System.Runtime.DurableInstancing.dll --allowed-assembly=/Applications/Unity/Hub/Editor/6000.3.22f1/Unity.app/Contents/Resources/Scripting/MonoBleedingEdge/lib/mono/unityaot-linux/System.Runtime.Remoting.dll --allowed-assembly=/Applications/Unity/Hub/Editor/6000.3.22f1/Unity.app/Contents/Resources/Scripting/MonoBleedingEdge/lib/mono/unityaot-linux/System.Runtime.Serialization.Formatters.Soap.dll --allowed-assembly=/Applications/Unity/Hub/Editor/6000.3.22f1/Unity.app/Contents/Resources/Scripting/MonoBleedingEdge/lib/mono/unityaot-linux/System.Runtime.Serialization.dll --allowed-assembly=/Applications/Unity/Hub/Editor/6000.3.22f1/Unity.app/Contents/Resources/Scripting/MonoBleedingEdge/lib/mono/unityaot-linux/System.Security.dll --allowed-assembly=/Applications/Unity/Hub/Editor/6000.3.22f1/Unity.app/Contents/Resources/Scripting/MonoBleedingEdge/lib/mono/unityaot-linux/System.ServiceModel.Activation.dll --allowed-assembly=/Applications/Unity/Hub/Editor/6000.3.22f1/Unity.app/Contents/Resources/Scripting/MonoBleedingEdge/lib/mono/unityaot-linux/System.ServiceModel.Discovery.dll --allowed-assembly=/Applications/Unity/Hub/Editor/6000.3.22f1/Unity.app/Contents/Resources/Scripting/MonoBleedingEdge/lib/mono/unityaot-linux/System.ServiceModel.Internals.dll --allowed-assembly=/Applications/Unity/Hub/Editor/6000.3.22f1/Unity.app/Contents/Resources/Scripting/MonoBleedingEdge/lib/mono/unityaot-linux/System.ServiceModel.Routing.dll --allowed-assembly=/Applications/Unity/Hub/Editor/6000.3.22f1/Unity.app/Contents/Resources/Scripting/MonoBleedingEdge/lib/mono/unityaot-linux/System.ServiceModel.Web.dll --allowed-assembly=/Applications/Unity/Hub/Editor/6000.3.22f1/Unity.app/Contents/Resources/Scripting/MonoBleedingEdge/lib/mono/unityaot-linux/System.ServiceModel.dll --allowed-assembly=/Applications/Unity/Hub/Editor/6000.3.22f1/Unity.app/Contents/Resources/Scripting/MonoBleedingEdge/lib/mono/unityaot-linux/System.ServiceProcess.dll --allowed-assembly=/Applications/Unity/Hub/Editor/6000.3.22f1/Unity.app/Contents/Resources/Scripting/MonoBleedingEdge/lib/mono/unityaot-linux/System.Transactions.dll --allowed-assembly=/Applications/Unity/Hub/Editor/6000.3.22f1/Unity.app/Contents/Resources/Scripting/MonoBleedingEdge/lib/mono/unityaot-linux/System.Web.ApplicationServices.dll --allowed-assembly=/Applications/Unity/Hub/Editor/6000.3.22f1/Unity.app/Contents/Resources/Scripting/MonoBleedingEdge/lib/mono/unityaot-linux/System.Web.DynamicData.dll --allowed-assembly=/Applications/Unity/Hub/Editor/6000.3.22f1/Unity.app/Contents/Resources/Scripting/MonoBleedingEdge/lib/mono/unityaot-linux/System.Web.Extensions.Design.dll --allowed-assembly=/Applications/Unity/Hub/Editor/6000.3.22f1/Unity.app/Contents/Resources/Scripting/MonoBleedingEdge/lib/mono/unityaot-linux/System.Web.Extensions.dll --allowed-assembly=/Applications/Unity/Hub/Editor/6000.3.22f1/Unity.app/Contents/Resources/Scripting/MonoBleedingEdge/lib/mono/unityaot-linux/System.Web.RegularExpressions.dll --allowed-assembly=/Applications/Unity/Hub/Editor/6000.3.22f1/Unity.app/Contents/Resources/Scripting/MonoBleedingEdge/lib/mono/unityaot-linux/System.Web.Services.dll --allowed-assembly=/Applications/Unity/Hub/Editor/6000.3.22f1/Unity.app/Contents/Resources/Scripting/MonoBleedingEdge/lib/mono/unityaot-linux/System.Web.dll --allowed-assembly=/Applications/Unity/Hub/Editor/6000.3.22f1/Unity.app/Contents/Resources/Scripting/MonoBleedingEdge/lib/mono/unityaot-linux/System.Windows.Forms.DataVisualization.dll --allowed-assembly=/Applications/Unity/Hub/Editor/6000.3.22f1/Unity.app/Contents/Resources/Scripting/MonoBleedingEdge/lib/mono/unityaot-linux/System.Windows.Forms.dll --allowed-assembly=/Applications/Unity/Hub/Editor/6000.3.22f1/Unity.app/Contents/Resources/Scripting/MonoBleedingEdge/lib/mono/unityaot-linux/System.Windows.dll --allowed-assembly=/Applications/Unity/Hub/Editor/6000.3.22f1/Unity.app/Contents/Resources/Scripting/MonoBleedingEdge/lib/mono/unityaot-linux/System.Xaml.dll --allowed-assembly=/Applications/Unity/Hub/Editor/6000.3.22f1/Unity.app/Contents/Resources/Scripting/MonoBleedingEdge/lib/mono/unityaot-linux/System.Xml.Linq.dll --allowed-assembly=/Applications/Unity/Hub/Editor/6000.3.22f1/Unity.app/Contents/Resources/Scripting/MonoBleedingEdge/lib/mono/unityaot-linux/System.Xml.Serialization.dll --allowed-assembly=/Applications/Unity/Hub/Editor/6000.3.22f1/Unity.app/Contents/Resources/Scripting/MonoBleedingEdge/lib/mono/unityaot-linux/System.Xml.dll --allowed-assembly=/Applications/Unity/Hub/Editor/6000.3.22f1/Unity.app/Contents/Resources/Scripting/MonoBleedingEdge/lib/mono/unityaot-linux/System.dll --allowed-assembly=/Applications/Unity/Hub/Editor/6000.3.22f1/Unity.app/Contents/Resources/Scripting/MonoBleedingEdge/lib/mono/unityaot-linux/mscorlib.dll --out=Library/Bee/artifacts/Android/ManagedStripped --include-link-xml=/Users/mziwamadoda/Projects/Binteca/Interactive/milzetvrstudio/Unity/Library/Bee/artifacts/UnityLinkerInputs/TypesInScenes.xml --include-link-xml=/Users/mziwamadoda/Projects/Binteca/Interactive/milzetvrstudio/Unity/Library/Bee/artifacts/UnityLinkerInputs/SerializedTypes.xml --include-link-xml=/Users/mziwamadoda/Projects/Binteca/Interactive/milzetvrstudio/Unity/Library/InputSystem/AndroidLink.xml --include-link-xml=/Users/mziwamadoda/Projects/Binteca/Interactive/milzetvrstudio/Unity/Assets/Milzet/link.xml --include-link-xml=/Applications/Unity/Hub/Editor/6000.3.22f1/PlaybackEngines/AndroidPlayer/Tools/AndroidNativeLink.xml --include-directory=/Users/mziwamadoda/Projects/Binteca/Interactive/milzetvrstudio/Unity/Library/Bee/PlayerScriptAssemblies --include-directory=/Applications/Unity/Hub/Editor/6000.3.22f1/PlaybackEngines/AndroidPlayer/Variations/il2cpp/Managed --include-directory=/Users/mziwamadoda/Projects/Binteca/Interactive/milzetvrstudio/Unity/Library/PackageCache/com.unity.collections@84e8eb3fc12e/Unity.Collections.LowLevel.ILSupport --include-directory=/Users/mziwamadoda/Projects/Binteca/Interactive/milzetvrstudio/Unity/Library/PackageCache/com.unity.burst@2f3d916873ea --include-directory=/Users/mziwamadoda/Projects/Binteca/Interactive/milzetvrstudio/Unity/Library/PackageCache/com.unity.nuget.newtonsoft-json@4dfd81071c64/Runtime/AOT --include-directory=/Applications/Unity/Hub/Editor/6000.3.22f1/Unity.app/Contents/Resources/Scripting/MonoBleedingEdge/lib/mono/unityaot-linux --include-directory=/Applications/Unity/Hub/Editor/6000.3.22f1/Unity.app/Contents/Resources/Scripting/MonoBleedingEdge/lib/mono/unityaot-linux/Facades --profiler-report --profiler-output-file=/Users/mziwamadoda/Projects/Binteca/Interactive/milzetvrstudio/Unity/Library/Bee/artifacts/unitylinker_xy1a.traceevents --dotnetprofile=unityaot-linux --dotnetruntime=Il2Cpp --platform=Android --use-editor-options --editor-settings-flag=Development --enable-engine-module-stripping --engine-modules-asset-file=/Applications/Unity/Hub/Editor/6000.3.22f1/PlaybackEngines/AndroidPlayer/modules.asset --editor-data-file=/Users/mziwamadoda/Projects/Binteca/Interactive/milzetvrstudio/Unity/Library/Bee/artifacts/UnityLinkerInputs/EditorToUnityLinkerData.json --include-unity-root-assembly=/Users/mziwamadoda/Projects/Binteca/Interactive/milzetvrstudio/Unity/Library/Bee/PlayerScriptAssemblies/Assembly-CSharp.dll --include-unity-root-assembly=/Users/mziwamadoda/Projects/Binteca/Interactive/milzetvrstudio/Unity/Library/Bee/PlayerScriptAssemblies/Meta.XR.BuildingBlocks.dll --include-unity-root-assembly=/Users/mziwamadoda/Projects/Binteca/Interactive/milzetvrstudio/Unity/Library/Bee/PlayerScriptAssemblies/Meta.XR.EnvironmentDepth.dll --include-unity-root-assembly=/Users/mziwamadoda/Projects/Binteca/Interactive/milzetvrstudio/Unity/Library/Bee/PlayerScriptAssemblies/Meta.XR.ImmersiveDebugger.dll --include-unity-root-assembly=/Users/mziwamadoda/Projects/Binteca/Interactive/milzetvrstudio/Unity/Library/Bee/PlayerScriptAssemblies/meta.xr.mrutilitykit.dll --include-unity-root-assembly=/Users/mziwamadoda/Projects/Binteca/Interactive/milzetvrstudio/Unity/Library/Bee/PlayerScriptAssemblies/Oculus.VR.dll --include-unity-root-assembly=/Users/mziwamadoda/Projects/Binteca/Interactive/milzetvrstudio/Unity/Library/Bee/PlayerScriptAssemblies/Unity.InputSystem.dll --include-unity-root-assembly=/Users/mziwamadoda/Projects/Binteca/Interactive/milzetvrstudio/Unity/Library/Bee/PlayerScriptAssemblies/Unity.TextMeshPro.dll --include-unity-root-assembly=/Users/mziwamadoda/Projects/Binteca/Interactive/milzetvrstudio/Unity/Library/Bee/PlayerScriptAssemblies/Unity.Timeline.dll --include-unity-root-assembly=/Users/mziwamadoda/Projects/Binteca/Interactive/milzetvrstudio/Unity/Library/Bee/PlayerScriptAssemblies/Unity.XR.Management.dll --include-unity-root-assembly=/Users/mziwamadoda/Projects/Binteca/Interactive/milzetvrstudio/Unity/Library/Bee/PlayerScriptAssemblies/Unity.XR.OpenXR.dll --include-unity-root-assembly=/Users/mziwamadoda/Projects/Binteca/Interactive/milzetvrstudio/Unity/Library/Bee/PlayerScriptAssemblies/Unity.XR.OpenXR.Features.ConformanceAutomation.dll --include-unity-root-assembly=/Users/mziwamadoda/Projects/Binteca/Interactive/milzetvrstudio/Unity/Library/Bee/PlayerScriptAssemblies/Unity.XR.OpenXR.Features.MetaQuestSupport.dll --include-unity-root-assembly=/Users/mziwamadoda/Projects/Binteca/Interactive/milzetvrstudio/Unity/Library/Bee/PlayerScriptAssemblies/Unity.XR.OpenXR.Features.MockRuntime.dll --include-unity-root-assembly=/Users/mziwamadoda/Projects/Binteca/Interactive/milzetvrstudio/Unity/Library/Bee/PlayerScriptAssemblies/Unity.XR.OpenXR.Features.OculusQuestSupport.dll --include-unity-root-assembly=/Users/mziwamadoda/Projects/Binteca/Interactive/milzetvrstudio/Unity/Library/Bee/PlayerScriptAssemblies/Unity.XR.OpenXR.Features.RuntimeDebugger.dll --include-unity-root-assembly=/Users/mziwamadoda/Projects/Binteca/Interactive/milzetvrstudio/Unity/Library/Bee/PlayerScriptAssemblies/UnityEngine.UI.dll --print-command-line --enable-analytics
*** Tundra requires additional run (5.52 seconds), 257 items updated, 1813 evaluated
*** Additional run caused by: contents change of Library/Bee/artifacts/Android/ManagedStripped
Starting: /Applications/Unity/Hub/Editor/6000.3.22f1/Unity.app/Contents/Resources/Scripting/netcorerun/netcorerun "/Applications/Unity/Hub/Editor/6000.3.22f1/PlaybackEngines/AndroidPlayer/AndroidPlayerBuildProgram.exe" "/Applications/Unity/Hub/Editor/6000.3.22f1/PlaybackEngines/AndroidPlayer/Bee:/Applications/Unity/Hub/Editor/6000.3.22f1/Unity.app/Contents/Resources/BuildPipeline" "Library/Bee/Playerf24407d0.dag.json" "Library/Bee/Playerf24407d0-inputdata.json" "Library/Bee/buildprogram1.traceevents"
WorkingDir: /Users/mziwamadoda/Projects/Binteca/Interactive/milzetvrstudio/Unity
ExitCode: 4 Duration: 5s590ms
ExitCode: 0 Duration: 1s32ms
Starting: /Applications/Unity/Hub/Editor/6000.3.22f1/Unity.app/Contents/Resources/BuildPipeline/bee_backend --ipc --dagfile="Library/Bee/Playerf24407d0.dag" --dagfilejson="Library/Bee/Playerf24407d0.dag.json" --profile="Library/Bee/backend3.traceevents" Player
WorkingDir: /Users/mziwamadoda/Projects/Binteca/Interactive/milzetvrstudio/Unity
Finished compiling graph: 2003 nodes, 5526 flattened edges (5518 ToBuild, 8 ToUse), maximum node priority 2147483647
[           0s] Delete 1 artifact files that are no longer in use. (like /Users/mziwamadoda/Projects/Binteca/Interactive/milzetvrstudio/Unity/Library/Bee/Android/Prj/IL2CPP/Il2CppBackup/Managed/icallsummary.txt)
[ 464/1812  0s] CopyFiles /Users/mziwamadoda/Projects/Binteca/Interactive/milzetvrstudio/Unity/Library/Bee/Android/Prj/IL2CPP/Il2CppBackup/Managed/UnityEngine.CoreModule.pdb
[ 569/1812  0s] CopyFiles /Users/mziwamadoda/Projects/Binteca/Interactive/milzetvrstudio/Unity/Library/Bee/Android/Prj/IL2CPP/Il2CppBackup/Managed/Assembly-CSharp.dll
[ 572/1812  0s] CopyFiles /Users/mziwamadoda/Projects/Binteca/Interactive/milzetvrstudio/Unity/Library/Bee/Android/Prj/IL2CPP/Il2CppBackup/Managed/Assembly-CSharp.pdb
[ 583/1812  0s] CopyFiles /Users/mziwamadoda/Projects/Binteca/Interactive/milzetvrstudio/Unity/Library/Bee/Android/Prj/IL2CPP/Il2CppBackup/Managed/UnityEngine.CoreModule.dll
[ 586/1812  0s] ExtractUsedFeatures Library/Bee/artifacts/Android/Features/UnityEngine.CoreModule-FeaturesChecked.txt
[ 587/1812  0s] ExtractUsedFeatures Library/Bee/artifacts/Android/Features/Assembly-CSharp-FeaturesChecked.txt
[ 588/1812  0s] ICallRegistrationGenerator /Users/mziwamadoda/Projects/Binteca/Interactive/milzetvrstudio/Unity/Library/Bee/artifacts/Android/il2cppOutput/UnityICallRegistration.cpp
[BUSY       6s] IL2CPP_CodeGen /Users/mziwamadoda/Projects/Binteca/Interactive/milzetvrstudio/Unity/Library/Bee/artifacts/il2cpp_conv_kb6o.traceevents
[BUSY      16s] IL2CPP_CodeGen /Users/mziwamadoda/Projects/Binteca/Interactive/milzetvrstudio/Unity/Library/Bee/artifacts/il2cpp_conv_kb6o.traceevents
[W] opendir() failed: /Users/mziwamadoda/Projects/Binteca/Interactive/milzetvrstudio/Unity/Library/Bee/artifacts/Android/il2cppOutput/cpp/Symbols
[ 595/1812 17s] IL2CPP_CodeGen /Users/mziwamadoda/Projects/Binteca/Interactive/milzetvrstudio/Unity/Library/Bee/artifacts/il2cpp_conv_kb6o.traceevents
/Applications/Unity/Hub/Editor/6000.3.22f1/Unity.app/Contents/Resources/Scripting/il2cpp/build/deploy/il2cpp --convert-to-cpp --assembly=Library/Bee/artifacts/Android/ManagedStripped/Assembly-CSharp.dll --assembly=Library/Bee/artifacts/Android/ManagedStripped/glTFast.dll --assembly=Library/Bee/artifacts/Android/ManagedStripped/Meta.XR.BuildingBlocks.dll --assembly=Library/Bee/artifacts/Android/ManagedStripped/Meta.XR.EnvironmentDepth.dll --assembly=Library/Bee/artifacts/Android/ManagedStripped/Meta.XR.ImmersiveDebugger.dll --assembly=Library/Bee/artifacts/Android/ManagedStripped/Meta.XR.ImmersiveDebugger.Interface.dll --assembly=Library/Bee/artifacts/Android/ManagedStripped/meta.xr.mrutilitykit.dll --assembly=Library/Bee/artifacts/Android/ManagedStripped/Mono.Security.dll --assembly=Library/Bee/artifacts/Android/ManagedStripped/mscorlib.dll --assembly=Library/Bee/artifacts/Android/ManagedStripped/Newtonsoft.Json.dll --assembly=Library/Bee/artifacts/Android/ManagedStripped/Oculus.VR.dll --assembly=Library/Bee/artifacts/Android/ManagedStripped/System.Configuration.dll --assembly=Library/Bee/artifacts/Android/ManagedStripped/System.Core.dll --assembly=Library/Bee/artifacts/Android/ManagedStripped/System.Data.dll --assembly=Library/Bee/artifacts/Android/ManagedStripped/System.dll --assembly=Library/Bee/artifacts/Android/ManagedStripped/System.Drawing.dll --assembly=Library/Bee/artifacts/Android/ManagedStripped/System.Numerics.dll --assembly=Library/Bee/artifacts/Android/ManagedStripped/System.Runtime.Serialization.dll --assembly=Library/Bee/artifacts/Android/ManagedStripped/System.ServiceModel.Internals.dll --assembly=Library/Bee/artifacts/Android/ManagedStripped/System.Xml.dll --assembly=Library/Bee/artifacts/Android/ManagedStripped/System.Xml.Linq.dll --assembly=Library/Bee/artifacts/Android/ManagedStripped/Unity.AI.Navigation.dll --assembly=Library/Bee/artifacts/Android/ManagedStripped/Unity.Burst.dll --assembly=Library/Bee/artifacts/Android/ManagedStripped/Unity.Burst.Unsafe.dll --assembly=Library/Bee/artifacts/Android/ManagedStripped/Unity.Collections.dll --assembly=Library/Bee/artifacts/Android/ManagedStripped/Unity.Collections.LowLevel.ILSupport.dll --assembly=Library/Bee/artifacts/Android/ManagedStripped/Unity.InputSystem.dll --assembly=Library/Bee/artifacts/Android/ManagedStripped/Unity.InputSystem.ForUI.dll --assembly=Library/Bee/artifacts/Android/ManagedStripped/Unity.InternalAPIEngineBridge.004.dll --assembly=Library/Bee/artifacts/Android/ManagedStripped/Unity.Mathematics.dll --assembly=Library/Bee/artifacts/Android/ManagedStripped/Unity.TextMeshPro.dll --assembly=Library/Bee/artifacts/Android/ManagedStripped/Unity.Timeline.dll --assembly=Library/Bee/artifacts/Android/ManagedStripped/Unity.XR.CoreUtils.dll --assembly=Library/Bee/artifacts/Android/ManagedStripped/Unity.XR.Management.dll --assembly=Library/Bee/artifacts/Android/ManagedStripped/Unity.XR.OpenXR.dll --assembly=Library/Bee/artifacts/Android/ManagedStripped/Unity.XR.OpenXR.Features.ConformanceAutomation.dll --assembly=Library/Bee/artifacts/Android/ManagedStripped/Unity.XR.OpenXR.Features.MetaQuestSupport.dll --assembly=Library/Bee/artifacts/Android/ManagedStripped/Unity.XR.OpenXR.Features.MockRuntime.dll --assembly=Library/Bee/artifacts/Android/ManagedStripped/Unity.XR.OpenXR.Features.OculusQuestSupport.dll --assembly=Library/Bee/artifacts/Android/ManagedStripped/Unity.XR.OpenXR.Features.RuntimeDebugger.dll --assembly=Library/Bee/artifacts/Android/ManagedStripped/UnityEngine.AIModule.dll --assembly=Library/Bee/artifacts/Android/ManagedStripped/UnityEngine.AndroidJNIModule.dll --assembly=Library/Bee/artifacts/Android/ManagedStripped/UnityEngine.AnimationModule.dll --assembly=Library/Bee/artifacts/Android/ManagedStripped/UnityEngine.AssetBundleModule.dll --assembly=Library/Bee/artifacts/Android/ManagedStripped/UnityEngine.AudioModule.dll --assembly=Library/Bee/artifacts/Android/ManagedStripped/UnityEngine.CoreModule.dll --assembly=Library/Bee/artifacts/Android/ManagedStripped/UnityEngine.DirectorModule.dll --assembly=Library/Bee/artifacts/Android/ManagedStripped/UnityEngine.dll --assembly=Library/Bee/artifacts/Android/ManagedStripped/UnityEngine.HierarchyCoreModule.dll --assembly=Library/Bee/artifacts/Android/ManagedStripped/UnityEngine.ImageConversionModule.dll --assembly=Library/Bee/artifacts/Android/ManagedStripped/UnityEngine.IMGUIModule.dll --assembly=Library/Bee/artifacts/Android/ManagedStripped/UnityEngine.InputForUIModule.dll --assembly=Library/Bee/artifacts/Android/ManagedStripped/UnityEngine.InputLegacyModule.dll --assembly=Library/Bee/artifacts/Android/ManagedStripped/UnityEngine.InputModule.dll --assembly=Library/Bee/artifacts/Android/ManagedStripped/UnityEngine.JSONSerializeModule.dll --assembly=Library/Bee/artifacts/Android/ManagedStripped/UnityEngine.MultiplayerModule.dll --assembly=Library/Bee/artifacts/Android/ManagedStripped/UnityEngine.ParticleSystemModule.dll --assembly=Library/Bee/artifacts/Android/ManagedStripped/UnityEngine.Physics2DModule.dll --assembly=Library/Bee/artifacts/Android/ManagedStripped/UnityEngine.PhysicsModule.dll --assembly=Library/Bee/artifacts/Android/ManagedStripped/UnityEngine.PropertiesModule.dll --assembly=Library/Bee/artifacts/Android/ManagedStripped/UnityEngine.SharedInternalsModule.dll --assembly=Library/Bee/artifacts/Android/ManagedStripped/UnityEngine.SpatialTracking.dll --assembly=Library/Bee/artifacts/Android/ManagedStripped/UnityEngine.SpriteShapeModule.dll --assembly=Library/Bee/artifacts/Android/ManagedStripped/UnityEngine.SubsystemsModule.dll --assembly=Library/Bee/artifacts/Android/ManagedStripped/UnityEngine.TerrainModule.dll --assembly=Library/Bee/artifacts/Android/ManagedStripped/UnityEngine.TextCoreFontEngineModule.dll --assembly=Library/Bee/artifacts/Android/ManagedStripped/UnityEngine.TextCoreTextEngineModule.dll --assembly=Library/Bee/artifacts/Android/ManagedStripped/UnityEngine.TextRenderingModule.dll --assembly=Library/Bee/artifacts/Android/ManagedStripped/UnityEngine.UI.dll --assembly=Library/Bee/artifacts/Android/ManagedStripped/UnityEngine.UIElementsModule.dll --assembly=Library/Bee/artifacts/Android/ManagedStripped/UnityEngine.UIModule.dll --assembly=Library/Bee/artifacts/Android/ManagedStripped/UnityEngine.UnityAnalyticsCommonModule.dll --assembly=Library/Bee/artifacts/Android/ManagedStripped/UnityEngine.UnityWebRequestModule.dll --assembly=Library/Bee/artifacts/Android/ManagedStripped/UnityEngine.UnityWebRequestTextureModule.dll --assembly=Library/Bee/artifacts/Android/ManagedStripped/UnityEngine.VideoModule.dll --assembly=Library/Bee/artifacts/Android/ManagedStripped/UnityEngine.VRModule.dll --assembly=Library/Bee/artifacts/Android/ManagedStripped/UnityEngine.XRModule.dll --generatedcppdir=/Users/mziwamadoda/Projects/Binteca/Interactive/milzetvrstudio/Unity/Library/Bee/artifacts/Android/il2cppOutput/cpp --symbols-folder=/Users/mziwamadoda/Projects/Binteca/Interactive/milzetvrstudio/Unity/Library/Bee/artifacts/Android/il2cppOutput/cpp/Symbols --enable-analytics --emit-null-checks --enable-array-bounds-check --dotnetprofile=unityaot-linux --usymtool-path=/Applications/Unity/Hub/Editor/6000.3.22f1/Unity.app/Contents/Helpers/usymtool --profiler-report --profiler-output-file=/Users/mziwamadoda/Projects/Binteca/Interactive/milzetvrstudio/Unity/Library/Bee/artifacts/il2cpp_conv_kb6o.traceevents --print-command-line --static-lib-il2-cpp --data-folder=/Users/mziwamadoda/Projects/Binteca/Interactive/milzetvrstudio/Unity/Library/Bee/artifacts/Android/il2cppOutput/data
Warning: [Unity.TextMeshPro] - System.Void TMPro.TMP_TextParsingUtilities::.cctor() - Method was given it's own cpp file because it is large and costly to compile
Warning: [Unity.TextMeshPro] - System.Void TMPro.TextMeshPro::GenerateTextMesh() - Method was given it's own cpp file because it is large and costly to compile
Warning: [Unity.TextMeshPro] - System.Void TMPro.TextMeshProUGUI::GenerateTextMesh() - Method was given it's own cpp file because it is large and costly to compile
[ 609/1812  0s] C_Android_arm64 Library/Bee/artifacts/Android/d8kzr/jzb84cbkj6v2.o
[ 610/1812  0s] C_Android_arm64 Library/Bee/artifacts/Android/d8kzr/owk3xyz9cu1k.o
[ 611/1812  0s] C_Android_arm64 Library/Bee/artifacts/Android/d8kzr/kaoxj0ywbp02.o
[ 615/1812  0s] C_Android_arm64 Library/Bee/artifacts/Android/d8kzr/rr7o723y0rhx.o
[ 620/1812  0s] C_Android_arm64 Library/Bee/artifacts/Android/d8kzr/lz4dgvt4k5sr.o
[ 621/1812  0s] C_Android_arm64 Library/Bee/artifacts/Android/d8kzr/05dgg2l3kfkp.o
[ 624/1812  0s] C_Android_arm64 Library/Bee/artifacts/Android/d8kzr/ndjyw9wnqoju.o
[ 631/1812  0s] C_Android_arm64 Library/Bee/artifacts/Android/d8kzr/ymyyd9ojjspi.o
[ 637/1812  0s] C_Android_arm64 Library/Bee/artifacts/Android/d8kzr/q5ycwq3rufcx.o
[ 642/1812  0s] C_Android_arm64 Library/Bee/artifacts/Android/d8kzr/sqn75jbfoap0.o
[ 645/1812  0s] C_Android_arm64 Library/Bee/artifacts/Android/d8kzr/ipyei6yq70sj.o
[ 666/1812  0s] C_Android_arm64 Library/Bee/artifacts/Android/d8kzr/x8evnrrhkejy.o
[ 674/1812  0s] C_Android_arm64 Library/Bee/artifacts/Android/d8kzr/nnisq2gsdbwq.o
[ 701/1812  0s] C_Android_arm64 Library/Bee/artifacts/Android/d8kzr/hytwod3exs2o.o
[ 704/1812  0s] C_Android_arm64 Library/Bee/artifacts/Android/d8kzr/iugky2n5puiz.o
[ 707/1812  0s] C_Android_arm64 Library/Bee/artifacts/Android/d8kzr/qzpnzocvwm4d.o
[ 709/1812  0s] C_Android_arm64 Library/Bee/artifacts/Android/d8kzr/c15vtlfijq0k.o
[ 710/1812  0s] C_Android_arm64 Library/Bee/artifacts/Android/d8kzr/q015w2qa3osz.o
[ 716/1812  0s] C_Android_arm64 Library/Bee/artifacts/Android/d8kzr/01pgshxd42v4.o
[ 721/1812  0s] C_Android_arm64 Library/Bee/artifacts/Android/d8kzr/raqsaz7hui2s.o
[ 737/1812  0s] C_Android_arm64 Library/Bee/artifacts/Android/d8kzr/78cbrbww9qow.o
[ 748/1812  0s] C_Android_arm64 Library/Bee/artifacts/Android/d8kzr/n9ex01u4rj59.o
[ 751/1812  1s] C_Android_arm64 Library/Bee/artifacts/Android/d8kzr/245vbdcql9vp.o
[ 767/1812  0s] C_Android_arm64 Library/Bee/artifacts/Android/d8kzr/jlcfl97j3e9i.o
[ 776/1812  0s] C_Android_arm64 Library/Bee/artifacts/Android/d8kzr/hhmfqe7dcwz7.o
[ 778/1812  0s] C_Android_arm64 Library/Bee/artifacts/Android/d8kzr/k2blrpd2etzs.o
[ 784/1812  0s] C_Android_arm64 Library/Bee/artifacts/Android/d8kzr/hhydfbdlk8nz.o
[ 787/1812  0s] C_Android_arm64 Library/Bee/artifacts/Android/d8kzr/zilqr968cwbb.o
[ 797/1812  0s] C_Android_arm64 Library/Bee/artifacts/Android/d8kzr/9hk22o5cri2q.o
[ 814/1812  0s] C_Android_arm64 Library/Bee/artifacts/Android/d8kzr/qi8a3eh8rc6a.o
[ 820/1812  0s] C_Android_arm64 Library/Bee/artifacts/Android/d8kzr/4ngnbs5e7dex.o
[ 821/1812  0s] C_Android_arm64 Library/Bee/artifacts/Android/d8kzr/wxrdsb11pscl.o
[ 823/1812  0s] C_Android_arm64 Library/Bee/artifacts/Android/d8kzr/3cqcwssopbd5.o
[ 824/1812  0s] C_Android_arm64 Library/Bee/artifacts/Android/d8kzr/tiozhmla0hf7.o
[ 840/1812  0s] C_Android_arm64 Library/Bee/artifacts/Android/d8kzr/en9y9pa2ee5m.o
[ 841/1812  0s] C_Android_arm64 Library/Bee/artifacts/Android/d8kzr/2k156oc6i4hj.o
[ 842/1812  0s] C_Android_arm64 Library/Bee/artifacts/Android/d8kzr/nlqq9i9v58np.o
[ 845/1812  0s] C_Android_arm64 Library/Bee/artifacts/Android/d8kzr/riyaiaidvivx.o
[ 852/1812  0s] C_Android_arm64 Library/Bee/artifacts/Android/d8kzr/gu63u2yktb25.o
[ 864/1812  0s] C_Android_arm64 Library/Bee/artifacts/Android/d8kzr/99oeig4g6n03.o
[ 865/1812  0s] C_Android_arm64 Library/Bee/artifacts/Android/d8kzr/frv13wqs5yn4.o
[ 872/1812  0s] C_Android_arm64 Library/Bee/artifacts/Android/d8kzr/fkgn6ufq0b71.o
[ 895/1812  0s] C_Android_arm64 Library/Bee/artifacts/Android/d8kzr/rfl5mybm49x6.o
[ 896/1812  0s] C_Android_arm64 Library/Bee/artifacts/Android/d8kzr/2ggxjonprkd5.o
[ 897/1812  0s] C_Android_arm64 Library/Bee/artifacts/Android/d8kzr/b6t9nbr7eofz.o
[ 901/1812  0s] C_Android_arm64 Library/Bee/artifacts/Android/d8kzr/rg5po5jwmolx.o
[ 906/1812  0s] C_Android_arm64 Library/Bee/artifacts/Android/d8kzr/9bt4nk35z98p.o
[ 907/1812  0s] C_Android_arm64 Library/Bee/artifacts/Android/d8kzr/e9dp6hrckdk0.o
[ 908/1812  0s] C_Android_arm64 Library/Bee/artifacts/Android/d8kzr/342tbu3vyx4q.o
[ 914/1812  0s] C_Android_arm64 Library/Bee/artifacts/Android/d8kzr/edtn0cmdzpwc.o
[ 916/1812  0s] C_Android_arm64 Library/Bee/artifacts/Android/d8kzr/rx5pyp6tq1h5.o
[ 920/1812  0s] C_Android_arm64 Library/Bee/artifacts/Android/d8kzr/8rpuwafj9i6d.o
[ 928/1812  0s] C_Android_arm64 Library/Bee/artifacts/Android/d8kzr/q8h4e1x52kz5.o
[ 930/1812  1s] C_Android_arm64 Library/Bee/artifacts/Android/d8kzr/2uju70t690cl.o
[ 932/1812  1s] C_Android_arm64 Library/Bee/artifacts/Android/d8kzr/8dj9kellra3i.o
[ 945/1812  0s] C_Android_arm64 Library/Bee/artifacts/Android/d8kzr/xty8qjs7gn7t.o
[ 952/1812  2s] C_Android_arm64 Library/Bee/artifacts/Android/d8kzr/84vxgp4pxxx1.o
[ 963/1812  0s] C_Android_arm64 Library/Bee/artifacts/Android/d8kzr/gxvsaplojfi4.o
[ 971/1812  0s] C_Android_arm64 Library/Bee/artifacts/Android/d8kzr/b2a34a0vqo0d.o
[ 973/1812  0s] C_Android_arm64 Library/Bee/artifacts/Android/d8kzr/bj3pi01t2qe3.o
[ 982/1812  0s] C_Android_arm64 Library/Bee/artifacts/Android/d8kzr/rqfjg2pli48p.o
[ 984/1812  0s] C_Android_arm64 Library/Bee/artifacts/Android/d8kzr/e5xzu4g0l79c.o
[ 988/1812  0s] C_Android_arm64 Library/Bee/artifacts/Android/d8kzr/7qtlo39j4a59.o
[ 989/1812  0s] C_Android_arm64 Library/Bee/artifacts/Android/d8kzr/2a1zmpfpf69h.o
[ 993/1812  0s] C_Android_arm64 Library/Bee/artifacts/Android/d8kzr/zpm3fkn9dco9.o
[ 995/1812  0s] C_Android_arm64 Library/Bee/artifacts/Android/d8kzr/0gzuzuofr56s.o
[1027/1812  0s] C_Android_arm64 Library/Bee/artifacts/Android/d8kzr/jf6tcrzjar3i.o
[1030/1812  0s] C_Android_arm64 Library/Bee/artifacts/Android/d8kzr/hu7uaca9t79m.o
[1038/1812  0s] C_Android_arm64 Library/Bee/artifacts/Android/d8kzr/lh1kz206n6wr.o
[1041/1812  0s] C_Android_arm64 Library/Bee/artifacts/Android/d8kzr/uex8807gnzg7.o
[1051/1812  0s] C_Android_arm64 Library/Bee/artifacts/Android/d8kzr/gh4zh4b56zp7.o
[1054/1812  0s] C_Android_arm64 Library/Bee/artifacts/Android/d8kzr/y9338s1rtxxa.o
[1057/1812  0s] C_Android_arm64 Library/Bee/artifacts/Android/d8kzr/uu8e1re46l4m.o
[1060/1812  0s] C_Android_arm64 Library/Bee/artifacts/Android/d8kzr/djgcb4g2wgf1.o
[1072/1812  0s] C_Android_arm64 Library/Bee/artifacts/Android/d8kzr/nl1isuxbt0q5.o
[1097/1812  0s] C_Android_arm64 Library/Bee/artifacts/Android/d8kzr/2j27pq54670m.o
[1098/1812  3s] C_Android_arm64 Library/Bee/artifacts/Android/d8kzr/nps90fqsu9li.o
[1103/1812  0s] C_Android_arm64 Library/Bee/artifacts/Android/d8kzr/t2bp34c1kb9k.o
[1134/1812  0s] C_Android_arm64 Library/Bee/artifacts/Android/d8kzr/8j777mbgzeme.o
[1142/1812  0s] C_Android_arm64 Library/Bee/artifacts/Android/d8kzr/z8do38wpud73.o
[1153/1812  0s] C_Android_arm64 Library/Bee/artifacts/Android/d8kzr/vxp9krbzinnu.o
[1159/1812  0s] C_Android_arm64 Library/Bee/artifacts/Android/d8kzr/q1ftrmu1hrg5.o
[1170/1812  0s] C_Android_arm64 Library/Bee/artifacts/Android/d8kzr/o769djb5qw4y.o
[1184/1812  0s] C_Android_arm64 Library/Bee/artifacts/Android/d8kzr/75h977h732kr.o
[1185/1812  0s] CopyFiles /Users/mziwamadoda/Projects/Binteca/Interactive/milzetvrstudio/Unity/Library/Bee/artifacts/Android/il2cppOutput/build/arm64-v8a/Data/Metadata/global-metadata.dat
[1204/1812  0s] CopyFiles /Users/mziwamadoda/Projects/Binteca/Interactive/milzetvrstudio/Unity/Library/Bee/Android/Prj/IL2CPP/Il2CppBackup/il2cppOutput/UnityEngine.VideoModule_CodeGen.c
[1211/1812  0s] CopyFiles /Users/mziwamadoda/Projects/Binteca/Interactive/milzetvrstudio/Unity/Library/Bee/Android/Prj/IL2CPP/Il2CppBackup/il2cppOutput/UnityEngine.UnityWebRequestModule_CodeGen.c
[1214/1812  0s] CopyFiles /Users/mziwamadoda/Projects/Binteca/Interactive/milzetvrstudio/Unity/Library/Bee/Android/Prj/IL2CPP/Il2CppBackup/il2cppOutput/UnityEngine.UnityWebRequestTextureModule_CodeGen.c
[1216/1812  0s] CopyFiles /Users/mziwamadoda/Projects/Binteca/Interactive/milzetvrstudio/Unity/Library/Bee/Android/Prj/IL2CPP/Il2CppBackup/il2cppOutput/Il2CppCCalculateTypeValues2.cpp
[1223/1812  0s] CopyFiles /Users/mziwamadoda/Projects/Binteca/Interactive/milzetvrstudio/Unity/Library/Bee/Android/Prj/IL2CPP/Il2CppBackup/il2cppOutput/UnityEngine.SpatialTracking_CodeGen.c
[1231/1812  0s] CopyFiles /Users/mziwamadoda/Projects/Binteca/Interactive/milzetvrstudio/Unity/Library/Bee/Android/Prj/IL2CPP/Il2CppBackup/il2cppOutput/Assembly-CSharp__2.cpp
[1242/1812  0s] CopyFiles /Users/mziwamadoda/Projects/Binteca/Interactive/milzetvrstudio/Unity/Library/Bee/Android/Prj/IL2CPP/Il2CppBackup/il2cppOutput/UnityEngine.InputModule_CodeGen.c
[1245/1812  0s] CopyFiles /Users/mziwamadoda/Projects/Binteca/Interactive/milzetvrstudio/Unity/Library/Bee/Android/Prj/IL2CPP/Il2CppBackup/il2cppOutput/Il2CppMetadataUsage.c
[1246/1812  0s] CopyFiles /Users/mziwamadoda/Projects/Binteca/Interactive/milzetvrstudio/Unity/Library/Bee/Android/Prj/IL2CPP/Il2CppBackup/il2cppOutput/System_CodeGen.c
[1248/1812  0s] CopyFiles /Users/mziwamadoda/Projects/Binteca/Interactive/milzetvrstudio/Unity/Library/Bee/Android/Prj/IL2CPP/Il2CppBackup/il2cppOutput/System.Numerics_CodeGen.c
[1269/1812  0s] CopyFiles /Users/mziwamadoda/Projects/Binteca/Interactive/milzetvrstudio/Unity/Library/Bee/Android/Prj/IL2CPP/Il2CppBackup/il2cppOutput/Il2CppInvokerTable.cpp
[1274/1812  0s] CopyFiles /Users/mziwamadoda/Projects/Binteca/Interactive/milzetvrstudio/Unity/Library/Bee/Android/Prj/IL2CPP/Il2CppBackup/il2cppOutput/UnityEngine.UIElementsModule_CodeGen.c
[1298/1812  0s] CopyFiles /Users/mziwamadoda/Projects/Binteca/Interactive/milzetvrstudio/Unity/Library/Bee/Android/Prj/IL2CPP/Gradle/unityLibrary/src/main/assets/bin/Data/Managed/Resources/Newtonsoft.Json.dll-resources.dat
[1308/1812  0s] CopyFiles /Users/mziwamadoda/Projects/Binteca/Interactive/milzetvrstudio/Unity/Library/Bee/Android/Prj/IL2CPP/Il2CppBackup/il2cppOutput/Unity.Burst_CodeGen.c
[1322/1812  0s] CopyFiles /Users/mziwamadoda/Projects/Binteca/Interactive/milzetvrstudio/Unity/Library/Bee/Android/Prj/IL2CPP/Il2CppBackup/il2cppOutput/UnityEngine.PropertiesModule_CodeGen.c
[1329/1812  0s] CopyFiles /Users/mziwamadoda/Projects/Binteca/Interactive/milzetvrstudio/Unity/Library/Bee/Android/Prj/IL2CPP/Il2CppBackup/il2cppOutput/System.ServiceModel.Internals_CodeGen.c
[1333/1812  0s] CopyFiles /Users/mziwamadoda/Projects/Binteca/Interactive/milzetvrstudio/Unity/Library/Bee/Android/Prj/IL2CPP/Il2CppBackup/il2cppOutput/Il2CppGenericMethodTable.c
[1342/1812  0s] CopyFiles /Users/mziwamadoda/Projects/Binteca/Interactive/milzetvrstudio/Unity/Library/Bee/Android/Prj/IL2CPP/Il2CppBackup/il2cppOutput/mscorlib_CodeGen.c
[1345/1812  0s] CopyFiles /Users/mziwamadoda/Projects/Binteca/Interactive/milzetvrstudio/Unity/Library/Bee/Android/Prj/IL2CPP/Il2CppBackup/il2cppOutput/Meta.XR.EnvironmentDepth_CodeGen.c
[1346/1812  0s] CopyFiles /Users/mziwamadoda/Projects/Binteca/Interactive/milzetvrstudio/Unity/Library/Bee/Android/Prj/IL2CPP/Il2CppBackup/il2cppOutput/Unity.Timeline_CodeGen.c
[1350/1812  0s] CopyFiles /Users/mziwamadoda/Projects/Binteca/Interactive/milzetvrstudio/Unity/Library/Bee/Android/Prj/IL2CPP/Il2CppBackup/il2cppOutput/System.Core_CodeGen.c
[1352/1812  0s] CopyFiles /Users/mziwamadoda/Projects/Binteca/Interactive/milzetvrstudio/Unity/Library/Bee/Android/Prj/IL2CPP/Il2CppBackup/il2cppOutput/Unity.XR.Management_CodeGen.c
[1357/1812  0s] CopyFiles /Users/mziwamadoda/Projects/Binteca/Interactive/milzetvrstudio/Unity/Library/Bee/Android/Prj/IL2CPP/Il2CppBackup/il2cppOutput/Il2CppCCFieldValuesTable.c
[1361/1812  0s] CopyFiles /Users/mziwamadoda/Projects/Binteca/Interactive/milzetvrstudio/Unity/Library/Bee/Android/Prj/IL2CPP/Il2CppBackup/il2cppOutput/UnityEngine.TextCoreFontEngineModule_CodeGen.c
[1366/1812  0s] CopyFiles /Users/mziwamadoda/Projects/Binteca/Interactive/milzetvrstudio/Unity/Library/Bee/Android/Prj/IL2CPP/Il2CppBackup/il2cppOutput/Il2CppMetadataRegistration.c
[1369/1812  0s] CopyFiles /Users/mziwamadoda/Projects/Binteca/Interactive/milzetvrstudio/Unity/Library/Bee/Android/Prj/IL2CPP/Il2CppBackup/il2cppOutput/UnityEngine.SubsystemsModule_CodeGen.c
[1372/1812  0s] CopyFiles /Users/mziwamadoda/Projects/Binteca/Interactive/milzetvrstudio/Unity/Library/Bee/Android/Prj/IL2CPP/Il2CppBackup/il2cppOutput/Unity.InputSystem.ForUI_CodeGen.c
[1379/1812  0s] CopyFiles /Users/mziwamadoda/Projects/Binteca/Interactive/milzetvrstudio/Unity/Library/Bee/Android/Prj/IL2CPP/Gradle/unityLibrary/src/main/assets/bin/Data/Managed/Resources/System.Drawing.dll-resources.dat
[1380/1812  0s] CopyFiles /Users/mziwamadoda/Projects/Binteca/Interactive/milzetvrstudio/Unity/Library/Bee/artifacts/Android/il2cppOutput/build/arm64-v8a/Data/Resources/mscorlib.dll-resources.dat
[1381/1812  0s] CopyFiles /Users/mziwamadoda/Projects/Binteca/Interactive/milzetvrstudio/Unity/Library/Bee/Android/Prj/IL2CPP/Il2CppBackup/il2cppOutput/Assembly-CSharp.cpp
[1382/1812  0s] CopyFiles /Users/mziwamadoda/Projects/Binteca/Interactive/milzetvrstudio/Unity/Library/Bee/Android/Prj/IL2CPP/Il2CppBackup/il2cppOutput/UnityEngine.Physics2DModule_CodeGen.c
[1389/1812  0s] CopyFiles /Users/mziwamadoda/Projects/Binteca/Interactive/milzetvrstudio/Unity/Library/Bee/Android/Prj/IL2CPP/Il2CppBackup/il2cppOutput/Meta.XR.BuildingBlocks_CodeGen.c
[1390/1812  0s] CopyFiles /Users/mziwamadoda/Projects/Binteca/Interactive/milzetvrstudio/Unity/Library/Bee/Android/Prj/IL2CPP/Gradle/unityLibrary/src/main/assets/bin/Data/Managed/Resources/System.Data.dll-resources.dat
[1396/1812  0s] CopyFiles /Users/mziwamadoda/Projects/Binteca/Interactive/milzetvrstudio/Unity/Library/Bee/Android/Prj/IL2CPP/Il2CppBackup/il2cppOutput/Il2CppCCalculateFieldValues3.cpp
[1398/1812  0s] CopyFiles /Users/mziwamadoda/Projects/Binteca/Interactive/milzetvrstudio/Unity/Library/Bee/Android/Prj/IL2CPP/Il2CppBackup/il2cppOutput/Il2CppCCalculateFieldValues4.cpp
[1403/1812  0s] CopyFiles /Users/mziwamadoda/Projects/Binteca/Interactive/milzetvrstudio/Unity/Library/Bee/Android/Prj/IL2CPP/Il2CppBackup/il2cppOutput/Unity.TextMeshPro_CodeGen.c
[1409/1812  0s] GuidGenerator /Users/mziwamadoda/Projects/Binteca/Interactive/milzetvrstudio/Unity/Library/Bee/Android/Prj/IL2CPP/Gradle/unityLibrary/src/main/assets/bin/Data/unity_app_guid
[1414/1812  0s] CopyFiles /Users/mziwamadoda/Projects/Binteca/Interactive/milzetvrstudio/Unity/Library/Bee/Android/Prj/IL2CPP/Il2CppBackup/il2cppOutput/UnityEngine.AndroidJNIModule_CodeGen.c
[1432/1812  0s] CopyFiles /Users/mziwamadoda/Projects/Binteca/Interactive/milzetvrstudio/Unity/Library/Bee/Android/Prj/IL2CPP/Il2CppBackup/il2cppOutput/Unity.XR.OpenXR.Features.RuntimeDebugger_CodeGen.c
[1434/1812  0s] CopyFiles /Users/mziwamadoda/Projects/Binteca/Interactive/milzetvrstudio/Unity/Library/Bee/Android/Prj/IL2CPP/Il2CppBackup/il2cppOutput/Unity.XR.OpenXR.Features.MockRuntime_CodeGen.c
[1441/1812  0s] CopyFiles /Users/mziwamadoda/Projects/Binteca/Interactive/milzetvrstudio/Unity/Library/Bee/Android/Prj/IL2CPP/Il2CppBackup/il2cppOutput/UnityEngine.AudioModule_CodeGen.c
[1462/1812  0s] CopyFiles /Users/mziwamadoda/Projects/Binteca/Interactive/milzetvrstudio/Unity/Library/Bee/Android/Prj/IL2CPP/Il2CppBackup/il2cppOutput/Meta.XR.ImmersiveDebugger_CodeGen.c
[1463/1812  0s] CopyFiles /Users/mziwamadoda/Projects/Binteca/Interactive/milzetvrstudio/Unity/Library/Bee/Android/Prj/IL2CPP/Il2CppBackup/il2cppOutput/Meta.XR.ImmersiveDebugger.Interface_CodeGen.c
[1472/1812  0s] CopyFiles /Users/mziwamadoda/Projects/Binteca/Interactive/milzetvrstudio/Unity/Library/Bee/Android/Prj/IL2CPP/Il2CppBackup/il2cppOutput/UnityEngine.VRModule_CodeGen.c
[1478/1812  0s] CopyFiles /Users/mziwamadoda/Projects/Binteca/Interactive/milzetvrstudio/Unity/Library/Bee/Android/Prj/IL2CPP/Il2CppBackup/il2cppOutput/Oculus.VR_CodeGen.c
[1482/1812  0s] CopyFiles /Users/mziwamadoda/Projects/Binteca/Interactive/milzetvrstudio/Unity/Library/Bee/Android/Prj/IL2CPP/Il2CppBackup/il2cppOutput/Unity.AI.Navigation_CodeGen.c
[1485/1812  0s] CopyFiles /Users/mziwamadoda/Projects/Binteca/Interactive/milzetvrstudio/Unity/Library/Bee/Android/Prj/IL2CPP/Il2CppBackup/il2cppOutput/UnityEngine.DirectorModule_CodeGen.c
[1492/1812  0s] CopyFiles /Users/mziwamadoda/Projects/Binteca/Interactive/milzetvrstudio/Unity/Library/Bee/Android/Prj/IL2CPP/Il2CppBackup/il2cppOutput/Il2CppGenericInstDefinitions.c
[1500/1812  0s] CopyFiles /Users/mziwamadoda/Projects/Binteca/Interactive/milzetvrstudio/Unity/Library/Bee/Android/Prj/IL2CPP/Il2CppBackup/il2cppOutput/Il2CppTypeDefinitions.c
[1501/1812  0s] CopyFiles /Users/mziwamadoda/Projects/Binteca/Interactive/milzetvrstudio/Unity/Library/Bee/Android/Prj/IL2CPP/Gradle/unityLibrary/src/main/assets/bin/Data/Managed/Resources/mscorlib.dll-resources.dat
[1502/1812  0s] CopyFiles /Users/mziwamadoda/Projects/Binteca/Interactive/milzetvrstudio/Unity/Library/Bee/Android/Prj/IL2CPP/Il2CppBackup/il2cppOutput/UnityEngine.MultiplayerModule_CodeGen.c
[1507/1812  0s] CopyFiles /Users/mziwamadoda/Projects/Binteca/Interactive/milzetvrstudio/Unity/Library/Bee/Android/Prj/IL2CPP/Il2CppBackup/il2cppOutput/UnityEngine.TextRenderingModule_CodeGen.c
[1515/1812  0s] CopyFiles /Users/mziwamadoda/Projects/Binteca/Interactive/milzetvrstudio/Unity/Library/Bee/Android/Prj/IL2CPP/Il2CppBackup/il2cppOutput/Assembly-CSharp__1.cpp
[1517/1812  0s] CopyFiles /Users/mziwamadoda/Projects/Binteca/Interactive/milzetvrstudio/Unity/Library/Bee/Android/Prj/IL2CPP/Il2CppBackup/il2cppOutput/System.Data_CodeGen.c
[1544/1812  0s] CopyFiles /Users/mziwamadoda/Projects/Binteca/Interactive/milzetvrstudio/Unity/Library/Bee/Android/Prj/IL2CPP/Il2CppBackup/il2cppOutput/Assembly-CSharp_CodeGen.c
[1548/1812  0s] CopyFiles /Users/mziwamadoda/Projects/Binteca/Interactive/milzetvrstudio/Unity/Library/Bee/Android/Prj/IL2CPP/Il2CppBackup/il2cppOutput/Unity.InternalAPIEngineBridge.004_CodeGen.c
[1557/1812  0s] CopyFiles /Users/mziwamadoda/Projects/Binteca/Interactive/milzetvrstudio/Unity/Library/Bee/Android/Prj/IL2CPP/Il2CppBackup/il2cppOutput/UnityEngine.UI_CodeGen.c
[1583/1812  0s] CopyFiles /Users/mziwamadoda/Projects/Binteca/Interactive/milzetvrstudio/Unity/Library/Bee/Android/Prj/IL2CPP/Il2CppBackup/il2cppOutput/System.Configuration_CodeGen.c
[1590/1812  0s] CopyFiles /Users/mziwamadoda/Projects/Binteca/Interactive/milzetvrstudio/Unity/Library/Bee/Android/Prj/IL2CPP/Il2CppBackup/il2cppOutput/UnityEngine.ImageConversionModule_CodeGen.c
[1592/1812  0s] CopyFiles /Users/mziwamadoda/Projects/Binteca/Interactive/milzetvrstudio/Unity/Library/Bee/Android/Prj/IL2CPP/Il2CppBackup/il2cppOutput/UnityEngine.JSONSerializeModule_CodeGen.c
[1599/1812  0s] CopyFiles /Users/mziwamadoda/Projects/Binteca/Interactive/milzetvrstudio/Unity/Library/Bee/Android/Prj/IL2CPP/Il2CppBackup/il2cppOutput/Newtonsoft.Json_CodeGen.c
[1615/1812  0s] CopyFiles /Users/mziwamadoda/Projects/Binteca/Interactive/milzetvrstudio/Unity/Library/Bee/Android/Prj/IL2CPP/Il2CppBackup/il2cppOutput/Unity.XR.CoreUtils_CodeGen.c
[1617/1812  0s] CopyFiles /Users/mziwamadoda/Projects/Binteca/Interactive/milzetvrstudio/Unity/Library/Bee/Android/Prj/IL2CPP/Il2CppBackup/il2cppOutput/UnityEngine.PhysicsModule_CodeGen.c
[1624/1812  0s] CopyFiles /Users/mziwamadoda/Projects/Binteca/Interactive/milzetvrstudio/Unity/Library/Bee/Android/Prj/IL2CPP/Il2CppBackup/il2cppOutput/UnityEngine.TerrainModule_CodeGen.c
[1638/1812  0s] CopyFiles /Users/mziwamadoda/Projects/Binteca/Interactive/milzetvrstudio/Unity/Library/Bee/Android/Prj/IL2CPP/Il2CppBackup/il2cppOutput/UnityEngine.TextCoreTextEngineModule_CodeGen.c
[1640/1812  0s] CopyFiles /Users/mziwamadoda/Projects/Binteca/Interactive/milzetvrstudio/Unity/Library/Bee/Android/Prj/IL2CPP/Il2CppBackup/il2cppOutput/System.Runtime.Serialization_CodeGen.c
[1652/1812  0s] CopyFiles /Users/mziwamadoda/Projects/Binteca/Interactive/milzetvrstudio/Unity/Library/Bee/Android/Prj/IL2CPP/Il2CppBackup/il2cppOutput/UnityEngine.IMGUIModule_CodeGen.c
[1656/1812  0s] CopyFiles /Users/mziwamadoda/Projects/Binteca/Interactive/milzetvrstudio/Unity/Library/Bee/Android/Prj/IL2CPP/Il2CppBackup/il2cppOutput/System.Drawing_CodeGen.c
[1657/1812  0s] CopyFiles /Users/mziwamadoda/Projects/Binteca/Interactive/milzetvrstudio/Unity/Library/Bee/Android/Prj/IL2CPP/Gradle/unityLibrary/src/main/assets/bin/Data/Managed/Metadata/global-metadata.dat
[1662/1812  0s] CopyFiles /Users/mziwamadoda/Projects/Binteca/Interactive/milzetvrstudio/Unity/Library/Bee/Android/Prj/IL2CPP/Il2CppBackup/il2cppOutput/Unity.Collections.LowLevel.ILSupport_CodeGen.c
[1668/1812  0s] CopyFiles /Users/mziwamadoda/Projects/Binteca/Interactive/milzetvrstudio/Unity/Library/Bee/Android/Prj/IL2CPP/Il2CppBackup/il2cppOutput/Il2CppCCTypeValuesTable.c
[1672/1812  0s] CopyFiles /Users/mziwamadoda/Projects/Binteca/Interactive/milzetvrstudio/Unity/Library/Bee/Android/Prj/IL2CPP/Il2CppBackup/il2cppOutput/System.Xml.Linq_CodeGen.c
[1673/1812  0s] CopyFiles /Users/mziwamadoda/Projects/Binteca/Interactive/milzetvrstudio/Unity/Library/Bee/Android/Prj/IL2CPP/Il2CppBackup/il2cppOutput/System.Xml_CodeGen.c
[1674/1812  0s] CopyFiles /Users/mziwamadoda/Projects/Binteca/Interactive/milzetvrstudio/Unity/Library/Bee/Android/Prj/IL2CPP/Il2CppBackup/il2cppOutput/UnityEngine.XRModule_CodeGen.c
[1678/1812  0s] C_Android_arm64 Library/Bee/artifacts/Android/d8kzr/xpdiftawozm9.o
[1680/1812  0s] CopyFiles /Users/mziwamadoda/Projects/Binteca/Interactive/milzetvrstudio/Unity/Library/Bee/Android/Prj/IL2CPP/Il2CppBackup/il2cppOutput/Il2CppGenericMethodDefinitions.c
[1681/1812  0s] CopyFiles /Users/mziwamadoda/Projects/Binteca/Interactive/milzetvrstudio/Unity/Library/Bee/Android/Prj/IL2CPP/Il2CppBackup/il2cppOutput/UnityEngine.CoreModule_CodeGen.c
[1687/1812  0s] CopyFiles /Users/mziwamadoda/Projects/Binteca/Interactive/milzetvrstudio/Unity/Library/Bee/Android/Prj/IL2CPP/Il2CppBackup/il2cppOutput/UnityEngine.UIModule_CodeGen.c
[1692/1812  0s] CopyFiles /Users/mziwamadoda/Projects/Binteca/Interactive/milzetvrstudio/Unity/Library/Bee/Android/Prj/IL2CPP/Il2CppBackup/il2cppOutput/Mono.Security_CodeGen.c
[1702/1812  0s] CopyFiles /Users/mziwamadoda/Projects/Binteca/Interactive/milzetvrstudio/Unity/Library/Bee/Android/Prj/IL2CPP/Il2CppBackup/il2cppOutput/Unity.XR.OpenXR_CodeGen.c
[1704/1812  0s] CopyFiles /Users/mziwamadoda/Projects/Binteca/Interactive/milzetvrstudio/Unity/Library/Bee/Android/Prj/IL2CPP/Il2CppBackup/il2cppOutput/UnityEngine.HierarchyCoreModule_CodeGen.c
[1710/1812  0s] CopyFiles /Users/mziwamadoda/Projects/Binteca/Interactive/milzetvrstudio/Unity/Library/Bee/Android/Prj/IL2CPP/Il2CppBackup/il2cppOutput/Unity.InputSystem_CodeGen.c
[1713/1812  0s] CopyFiles /Users/mziwamadoda/Projects/Binteca/Interactive/milzetvrstudio/Unity/Library/Bee/Android/Prj/IL2CPP/Il2CppBackup/il2cppOutput/UnityEngine.CoreModule__2.cpp
[1715/1812  0s] CopyFiles /Users/mziwamadoda/Projects/Binteca/Interactive/milzetvrstudio/Unity/Library/Bee/Android/Prj/IL2CPP/Il2CppBackup/il2cppOutput/Unity.Mathematics_CodeGen.c
[1720/1812  0s] CopyFiles /Users/mziwamadoda/Projects/Binteca/Interactive/milzetvrstudio/Unity/Library/Bee/Android/Prj/IL2CPP/Il2CppBackup/il2cppOutput/Unity.Collections_CodeGen.c
[1721/1812  0s] CopyFiles /Users/mziwamadoda/Projects/Binteca/Interactive/milzetvrstudio/Unity/Library/Bee/Android/Prj/IL2CPP/Il2CppBackup/il2cppOutput/UnityEngine.UnityAnalyticsCommonModule_CodeGen.c
[1725/1812  0s] CopyFiles /Users/mziwamadoda/Projects/Binteca/Interactive/milzetvrstudio/Unity/Library/Bee/Android/Prj/IL2CPP/Il2CppBackup/il2cppOutput/UnityEngine.AIModule_CodeGen.c
[1729/1812  0s] CopyFiles /Users/mziwamadoda/Projects/Binteca/Interactive/milzetvrstudio/Unity/Library/Bee/Android/Prj/IL2CPP/Il2CppBackup/il2cppOutput/UnityEngine.ParticleSystemModule_CodeGen.c
[1737/1812  0s] CopyFiles /Users/mziwamadoda/Projects/Binteca/Interactive/milzetvrstudio/Unity/Library/Bee/Android/Prj/IL2CPP/Il2CppBackup/il2cppOutput/Il2CppRgctxTable.c
[1739/1812  0s] CopyFiles /Users/mziwamadoda/Projects/Binteca/Interactive/milzetvrstudio/Unity/Library/Bee/Android/Prj/IL2CPP/Il2CppBackup/il2cppOutput/glTFast_CodeGen.c
[1755/1812  0s] CopyFiles /Users/mziwamadoda/Projects/Binteca/Interactive/milzetvrstudio/Unity/Library/Bee/Android/Prj/IL2CPP/Il2CppBackup/il2cppOutput/Il2CppCodeRegistration.cpp
[1756/1812  0s] CopyFiles /Users/mziwamadoda/Projects/Binteca/Interactive/milzetvrstudio/Unity/Library/Bee/Android/Prj/IL2CPP/Il2CppBackup/il2cppOutput/Unity.XR.OpenXR.Features.ConformanceAutomation_CodeGen.c
[1760/1812  0s] CopyFiles /Users/mziwamadoda/Projects/Binteca/Interactive/milzetvrstudio/Unity/Library/Bee/artifacts/Android/il2cppOutput/build/arm64-v8a/Data/Resources/Newtonsoft.Json.dll-resources.dat
[1761/1812  0s] CopyFiles /Users/mziwamadoda/Projects/Binteca/Interactive/milzetvrstudio/Unity/Library/Bee/Android/Prj/IL2CPP/Il2CppBackup/il2cppOutput/UnityEngine.I/Users/mziwamadoda/Projects/Binteca/Interactive/milzetvrstudio/Unity/Library/PackageCache/com.unity.burst@2f3d916873ea/.Runtime/bcl.exe exited after 6624 ms.
stdout:
Starting 1 library requests
Done
stderr:

nputLegacyModule_CodeGen.c
[1770/1812  0s] CopyFiles /Users/mziwamadoda/Projects/Binteca/Interactive/milzetvrstudio/Unity/Library/Bee/Android/Prj/IL2CPP/Il2CppBackup/il2cppOutput/meta.xr.mrutilitykit_CodeGen.c
[1776/1812  0s] CopyFiles /Users/mziwamadoda/Projects/Binteca/Interactive/milzetvrstudio/Unity/Library/Bee/Android/Prj/IL2CPP/Il2CppBackup/il2cppOutput/Il2CppGenericClassTable.c
[1780/1812  0s] CopyFiles /Users/mziwamadoda/Projects/Binteca/Interactive/milzetvrstudio/Unity/Library/Bee/Android/Prj/IL2CPP/Il2CppBackup/il2cppOutput/UnityEngine.AssetBundleModule_CodeGen.c
[1785/1812  0s] CopyFiles /Users/mziwamadoda/Projects/Binteca/Interactive/milzetvrstudio/Unity/Library/Bee/artifacts/Android/il2cppOutput/build/arm64-v8a/Data/Resources/System.Drawing.dll-resources.dat
[1788/1812  0s] CopyFiles /Users/mziwamadoda/Projects/Binteca/Interactive/milzetvrstudio/Unity/Library/Bee/artifacts/Android/il2cppOutput/build/arm64-v8a/Data/Resources/System.Data.dll-resources.dat
[1790/1812  0s] CopyFiles /Users/mziwamadoda/Projects/Binteca/Interactive/milzetvrstudio/Unity/Library/Bee/Android/Prj/IL2CPP/Il2CppBackup/il2cppOutput/UnityEngine.InputForUIModule_CodeGen.c
[1793/1812  0s] CopyFiles /Users/mziwamadoda/Projects/Binteca/Interactive/milzetvrstudio/Unity/Library/Bee/Android/Prj/IL2CPP/Il2CppBackup/il2cppOutput/UnityEngine.AnimationModule_CodeGen.c
[1794/1812  3s] C_Android_arm64 Library/Bee/artifacts/Android/d8kzr/8fzozzufgaxh.o
[1795/1812  1s] C_Android_arm64 Library/Bee/artifacts/Android/d8kzr/g1k3qm6orx4q.o
[1796/1812  3s] C_Android_arm64 Library/Bee/artifacts/Android/d8kzr/mwv5vdthmm5v.o
[1797/1812  6s] GenerateNativePluginsForAssemblies Library/Bee/artifacts/Android/AsyncPluginsFromLinker
[1798/1812  0s] CopyFiles /Users/mziwamadoda/Projects/Binteca/Interactive/milzetvrstudio/Unity/Library/Bee/Android/Prj/IL2CPP/Gradle/unityLibrary/src/main/jniLibs/arm64-v8a/lib_burst_generated.so
[1799/1812  3s] C_Android_arm64 Library/Bee/artifacts/Android/d8kzr/k45ea34fwzac.o
[BUSY       9s] C_Android_arm64 Library/Bee/artifacts/Android/d8kzr/07ub8z33gmix.o
[1800/1812 17s] C_Android_arm64 Library/Bee/artifacts/Android/d8kzr/07ub8z33gmix.o
[1801/1812  3s] Link_Android_arm64 Library/Bee/artifacts/Android/d8kzr/libil2cpp.so
[1802/1812  0s] CopyFiles /Users/mziwamadoda/Projects/Binteca/Interactive/milzetvrstudio/Unity/Library/Bee/artifacts/Android/il2cppOutput/build/arm64-v8a/libil2cpp.dbg.so
[1803/1812  0s] CopyFiles Library/Bee/artifacts/objcopy_5lmi/libil2cpp.dbg.so
[1804/1812  0s] NdkObjCopy Library/Bee/artifacts/objcopy_5lmi/stripped/libil2cpp.so
[1805/1812  0s] NdkObjCopy Library/Bee/artifacts/objcopy_5lmi/libil2cpp.sym.so
[1806/1812  0s] CopyFiles /Users/mziwamadoda/Projects/Binteca/Interactive/milzetvrstudio/Unity/Library/Bee/artifacts/Android/il2cppOutput/build/arm64-v8a/libil2cpp.sym.so
[1807/1812  0s] NdkObjCopy Library/Bee/artifacts/objcopy_5lmi/libil2cpp.so
[1808/1812  0s] CopyFiles /Users/mziwamadoda/Projects/Binteca/Interactive/milzetvrstudio/Unity/Library/Bee/artifacts/Android/il2cppOutput/build/arm64-v8a/libil2cpp.so
[1809/1812  0s] CopyFiles /Users/mziwamadoda/Projects/Binteca/Interactive/milzetvrstudio/Unity/Library/Bee/Android/Prj/IL2CPP/Gradle/unityLibrary/src/main/jniLibs/arm64-v8a/libil2cpp.so
*** Tundra requires additional run (43.12 seconds), 210 items updated, 1812 evaluated
*** Additional run caused by: timestamp change of Library/Bee/artifacts/Android/Features/UnityEngine.CoreModule-FeaturesChecked.txt
Starting: /Applications/Unity/Hub/Editor/6000.3.22f1/Unity.app/Contents/Resources/Scripting/netcorerun/netcorerun "/Applications/Unity/Hub/Editor/6000.3.22f1/PlaybackEngines/AndroidPlayer/AndroidPlayerBuildProgram.exe" "/Applications/Unity/Hub/Editor/6000.3.22f1/PlaybackEngines/AndroidPlayer/Bee:/Applications/Unity/Hub/Editor/6000.3.22f1/Unity.app/Contents/Resources/BuildPipeline" "Library/Bee/Playerf24407d0.dag.json" "Library/Bee/Playerf24407d0-inputdata.json" "Library/Bee/buildprogram2.traceevents"
WorkingDir: /Users/mziwamadoda/Projects/Binteca/Interactive/milzetvrstudio/Unity
ExitCode: 4 Duration: 43s
ExitCode: 0 Duration: 0s943ms
Starting: /Applications/Unity/Hub/Editor/6000.3.22f1/Unity.app/Contents/Resources/BuildPipeline/bee_backend --ipc --dagfile="Library/Bee/Playerf24407d0.dag" --dagfilejson="Library/Bee/Playerf24407d0.dag.json" --profile="Library/Bee/backend4.traceevents" Player
WorkingDir: /Users/mziwamadoda/Projects/Binteca/Interactive/milzetvrstudio/Unity
Finished compiling graph: 2004 nodes, 5529 flattened edges (5521 ToBuild, 8 ToUse), maximum node priority 2147483647
[ 595/1813  0s] CopyFiles /Users/mziwamadoda/Projects/Binteca/Interactive/milzetvrstudio/Unity/Library/Bee/Android/Prj/IL2CPP/Il2CppBackup/Managed/icallsummary.txt
[1811/1813  0s] Generate Manifests Library/Bee/artifacts/Android/Manifest/IntermediateLauncherManifestDiag.txt (+3 others)
[1812/1813  0s] ModifyAndroidProjectCallback /Users/mziwamadoda/Projects/Binteca/Interactive/milzetvrstudio/Unity/Library/Bee/Android/Prj/IL2CPP/Gradle/launcher/src/main/AndroidManifest.xml (+8 others)
*** Tundra build success (0.38 seconds), 3 items updated, 1813 evaluated
ExitCode: 0 Duration: 0s502ms
DisplayProgressbar: Calling IPostGenerateGradleAndroidProject callbacks
Calling IPostGenerateGradleAndroidProject callbacks on '/Users/mziwamadoda/Projects/Binteca/Interactive/milzetvrstudio/Unity/Library/Bee/Android/Prj/IL2CPP/Gradle/unityLibrary':
    Call "Meta.XR.Samples.Editor.UpdateManifestWithCodeSample.OnPostGenerateGradleAndroidProject" from assembly 'Oculus.VR.Editor'
Total cache size 267381837
Total cache size after purge 267381837, took 00:00:00.0763969
    Call "UnityEditor.XR.OpenXR.Features.OculusQuestSupport.ModifyAndroidManifestOculus.OnPostGenerateGradleAndroidProject" from assembly 'Unity.XR.OpenXR.Features.OculusQuestSupport.Editor'
    Call "UnityEditor.XR.OpenXR.Features.MetaQuestSupport.ModifyAndroidManifestMeta.OnPostGenerateGradleAndroidProject" from assembly 'Unity.XR.OpenXR.Features.MetaQuestSupport.Editor'
    Call "Unity.XR.Management.AndroidManifest.Editor.AndroidManifestBuildEventReceiver.OnPostGenerateGradleAndroidProject" from assembly 'Unity.XR.Management.Editor'
    Call "Meta.XR.MetaXRBootConfig.OnPostGenerateGradleAndroidProject" from assembly 'Oculus.VR'
    Call "UnityEditor.XR.OpenXR.Features.MetaQuestSupport.MetaQuestFeatureBuildHooks.OnPostGenerateGradleAndroidProject" from assembly 'Unity.XR.OpenXR.Features.MetaQuestSupport.Editor'
    Call "UnityEditor.XR.OpenXR.Features.SpaceWarpFeatureBuildHooks.OnPostGenerateGradleAndroidProject" from assembly 'Unity.XR.OpenXR.Editor'
    Call "OVRGradleGeneration.OnPostGenerateGradleAndroidProject" from assembly 'Oculus.VR.Editor'
OVRGradleGeneration triggered.
UnityEngine.Debug:ExtractStackTraceNoAlloc (byte*,int,string)
UnityEngine.StackTraceUtility:ExtractStackTrace () (at /Users/bokken/build/output/unity/unity/Runtime/Export/Scripting/StackTrace.cs:35)
UnityEngine.DebugLogHandler:Internal_Log (UnityEngine.LogType,UnityEngine.LogOption,string,UnityEngine.Object)
UnityEngine.DebugLogHandler:LogFormat (UnityEngine.LogType,UnityEngine.Object,string,object[])
UnityEngine.Logger:Log (UnityEngine.LogType,object)
UnityEngine.Debug:Log (object)
OVRGradleGeneration:OnPostGenerateGradleAndroidProject (string) (at ./Library/PackageCache/com.meta.xr.sdk.core@f8b4cfb2789f/Editor/OVRGradleGeneration.cs:301)
UnityEditor.Android.PostProcessor.Tasks.ProcessGenerateProjectCallbacks:OnGeneratePlatformProjectPostprocess (string,bool) (at /home/bokken/build/output/unity/unity/PlatformDependent/AndroidPlayer/Editor/Managed/PostProcessor/Tasks/ProcessGenerateProjectCallbacks.cs:41)
UnityEditor.Android.PostProcessor.Tasks.ProcessGenerateProjectCallbacks:Execute (UnityEditor.Android.PostProcessor.PostProcessorContext) (at /home/bokken/build/output/unity/unity/PlatformDependent/AndroidPlayer/Editor/Managed/PostProcessor/Tasks/ProcessGenerateProjectCallbacks.cs:67)
UnityEditor.Android.PostProcessor.PostProcessRunner:RunAllTasks (UnityEditor.Android.PostProcessor.PostProcessorContext) (at /home/bokken/build/output/unity/unity/PlatformDependent/AndroidPlayer/Editor/Managed/PostProcessor/AndroidPostProcessor.cs:112)
UnityEditor.Android.PostProcessAndroidPlayer:PostProcess (UnityEditor.Modules.BuildPostProcessArgs,AndroidPlayerBuildProgram.Data.AndroidPlayerBuildProgramOutput) (at /home/bokken/build/output/unity/unity/PlatformDependent/AndroidPlayer/Editor/Managed/PostProcessAndroidPlayer.cs:353)
UnityEditor.Android.AndroidBuildPostprocessor:PostProcess (UnityEditor.Modules.BuildPostProcessArgs,UnityEditor.BuildProperties&) (at /home/bokken/build/output/unity/unity/PlatformDependent/AndroidPlayer/Editor/Managed/ExtensionModule.cs:408)
UnityEditor.PostprocessBuildPlayer:Postprocess (UnityEditor.BuildTarget,int,string,string,string,UnityEditor.BuildOptions,UnityEditor.RuntimeClassRegistry,UnityEditor.Build.Reporting.BuildReport) (at /Users/bokken/build/output/unity/unity/Editor/Mono/BuildPipeline/PostprocessBuildPlayer.cs:315)
UnityEditor.BuildPipeline:BuildPlayerInternalNoCheck (string[],string,string,UnityEditor.BuildTargetGroup,UnityEditor.BuildTarget,int,UnityEditor.BuildOptions,string[],bool)
UnityEditor.BuildPipeline:BuildPlayerInternal (string[],string,string,UnityEditor.BuildTargetGroup,UnityEditor.BuildTarget,int,UnityEditor.BuildOptions,string[]) (at /Users/bokken/build/output/unity/unity/Editor/Mono/BuildPipeline.bindings.cs:494)
UnityEditor.BuildPipeline:BuildPlayer (string[],string,string,UnityEditor.BuildTargetGroup,UnityEditor.BuildTarget,int,UnityEditor.BuildOptions,string[]) (at /Users/bokken/build/output/unity/unity/Editor/Mono/BuildPipeline.bindings.cs:410)
UnityEditor.BuildPipeline:BuildPlayer (UnityEditor.BuildPlayerOptions) (at /Users/bokken/build/output/unity/unity/Editor/Mono/BuildPipeline.bindings.cs:356)
Milzet.Editor.BuildViewer:Build (UnityEditor.BuildTarget,string) (at Assets/Milzet/Editor/BuildViewer.cs:36)
Milzet.Editor.BuildViewer:Android () (at Assets/Milzet/Editor/BuildViewer.cs:33)
Milzet.Editor.BuildViewer:StartupBuild (string,int) (at Assets/Milzet/Editor/BuildViewer.cs:31)
Milzet.Editor.BuildViewer:InteractionRepair () (at Assets/Milzet/Editor/BuildViewer.cs:30)

(Filename: ./Library/PackageCache/com.meta.xr.sdk.core@f8b4cfb2789f/Editor/OVRGradleGeneration.cs Line: 301)

QuestFamily = True: Quest = False, Quest2 = True
UnityEngine.Debug:ExtractStackTraceNoAlloc (byte*,int,string)
UnityEngine.StackTraceUtility:ExtractStackTrace () (at /Users/bokken/build/output/unity/unity/Runtime/Export/Scripting/StackTrace.cs:35)
UnityEngine.DebugLogHandler:Internal_Log (UnityEngine.LogType,UnityEngine.LogOption,string,UnityEngine.Object)
UnityEngine.DebugLogHandler:LogFormat (UnityEngine.LogType,UnityEngine.Object,string,object[])
UnityEngine.Logger:LogFormat (UnityEngine.LogType,string,object[])
UnityEngine.Debug:LogFormat (string,object[])
OVRGradleGeneration:OnPostGenerateGradleAndroidProject (string) (at ./Library/PackageCache/com.meta.xr.sdk.core@f8b4cfb2789f/Editor/OVRGradleGeneration.cs:309)
UnityEditor.Android.PostProcessor.Tasks.ProcessGenerateProjectCallbacks:OnGeneratePlatformProjectPostprocess (string,bool) (at /home/bokken/build/output/unity/unity/PlatformDependent/AndroidPlayer/Editor/Managed/PostProcessor/Tasks/ProcessGenerateProjectCallbacks.cs:41)
UnityEditor.Android.PostProcessor.Tasks.ProcessGenerateProjectCallbacks:Execute (UnityEditor.Android.PostProcessor.PostProcessorContext) (at /home/bokken/build/output/unity/unity/PlatformDependent/AndroidPlayer/Editor/Managed/PostProcessor/Tasks/ProcessGenerateProjectCallbacks.cs:67)
UnityEditor.Android.PostProcessor.PostProcessRunner:RunAllTasks (UnityEditor.Android.PostProcessor.PostProcessorContext) (at /home/bokken/build/output/unity/unity/PlatformDependent/AndroidPlayer/Editor/Managed/PostProcessor/AndroidPostProcessor.cs:112)
UnityEditor.Android.PostProcessAndroidPlayer:PostProcess (UnityEditor.Modules.BuildPostProcessArgs,AndroidPlayerBuildProgram.Data.AndroidPlayerBuildProgramOutput) (at /home/bokken/build/output/unity/unity/PlatformDependent/AndroidPlayer/Editor/Managed/PostProcessAndroidPlayer.cs:353)
UnityEditor.Android.AndroidBuildPostprocessor:PostProcess (UnityEditor.Modules.BuildPostProcessArgs,UnityEditor.BuildProperties&) (at /home/bokken/build/output/unity/unity/PlatformDependent/AndroidPlayer/Editor/Managed/ExtensionModule.cs:408)
UnityEditor.PostprocessBuildPlayer:Postprocess (UnityEditor.BuildTarget,int,string,string,string,UnityEditor.BuildOptions,UnityEditor.RuntimeClassRegistry,UnityEditor.Build.Reporting.BuildReport) (at /Users/bokken/build/output/unity/unity/Editor/Mono/BuildPipeline/PostprocessBuildPlayer.cs:315)
UnityEditor.BuildPipeline:BuildPlayerInternalNoCheck (string[],string,string,UnityEditor.BuildTargetGroup,UnityEditor.BuildTarget,int,UnityEditor.BuildOptions,string[],bool)
UnityEditor.BuildPipeline:BuildPlayerInternal (string[],string,string,UnityEditor.BuildTargetGroup,UnityEditor.BuildTarget,int,UnityEditor.BuildOptions,string[]) (at /Users/bokken/build/output/unity/unity/Editor/Mono/BuildPipeline.bindings.cs:494)
UnityEditor.BuildPipeline:BuildPlayer (string[],string,string,UnityEditor.BuildTargetGroup,UnityEditor.BuildTarget,int,UnityEditor.BuildOptions,string[]) (at /Users/bokken/build/output/unity/unity/Editor/Mono/BuildPipeline.bindings.cs:410)
UnityEditor.BuildPipeline:BuildPlayer (UnityEditor.BuildPlayerOptions) (at /Users/bokken/build/output/unity/unity/Editor/Mono/BuildPipeline.bindings.cs:356)
Milzet.Editor.BuildViewer:Build (UnityEditor.BuildTarget,string) (at Assets/Milzet/Editor/BuildViewer.cs:36)
Milzet.Editor.BuildViewer:Android () (at Assets/Milzet/Editor/BuildViewer.cs:33)
Milzet.Editor.BuildViewer:StartupBuild (string,int) (at Assets/Milzet/Editor/BuildViewer.cs:31)
Milzet.Editor.BuildViewer:InteractionRepair () (at Assets/Milzet/Editor/BuildViewer.cs:30)

(Filename: ./Library/PackageCache/com.meta.xr.sdk.core@f8b4cfb2789f/Editor/OVRGradleGeneration.cs Line: 309)

Android PostProcess task "Calling IPostGenerateGradleAndroidProject callbacks" took 156,2188 ms
DisplayProgressbar: Validate Gradle Project
Android PostProcess task "Validate Gradle Project" took 0,3341 ms
Android PostProcess task "Unity Services Symbol Upload" took 1,6375 ms
DisplayProgressbar: Building Gradle project
Starting: /Applications/Unity/Hub/Editor/6000.3.22f1/PlaybackEngines/AndroidPlayer/OpenJDK/bin/java -classpath "/Applications/Unity/Hub/Editor/6000.3.22f1/PlaybackEngines/AndroidPlayer/Tools/gradle/lib/gradle-launcher-9.1.0.jar" org.gradle.launcher.GradleMain "-Dorg.gradle.jvmargs=-Xmx4096m" "assembleDebug" 
WorkingDir: /Users/mziwamadoda/Projects/Binteca/Interactive/milzetvrstudio/Unity/Library/Bee/Android/Prj/IL2CPP/Gradle/launcher
Android PostProcess task "Building Gradle project" took 12902,9704 ms
DisplayProgressbar: Building Gradle Symbols
Android PostProcess task "Building Gradle Symbols" took 0,2026 ms
DisplayProgressbar: Processing Mapping File
Android PostProcess task "Processing Mapping File" took 0,2734 ms
DisplayProgressbar: Moving output package(s)
Deleting file '/Users/mziwamadoda/Projects/Binteca/Interactive/milzetvrstudio/Artifacts/Builds/milzetvrstudio.apk'
Copy '/Users/mziwamadoda/Projects/Binteca/Interactive/milzetvrstudio/Unity/Library/Bee/Android/Prj/IL2CPP/Gradle/launcher/build/outputs/apk/debug/launcher-debug.apk' -> 
 '/Users/mziwamadoda/Projects/Binteca/Interactive/milzetvrstudio/Artifacts/Builds/milzetvrstudio.apk'
Android PostProcess task "Moving output package(s)" took 23,9968 ms
Android PostProcess task "Checking Symbols size" took 5,172 ms
[Licensing::Client] Successfully resolved entitlement details
[Licensing::Module] License group:
  Id: F4-AZ6T-383H-7KTU-RM2U-XXXX
  Product: Unity Personal
  Type: ULF
  Expiration: Unlimited
[Licensing::Module] License group:
  Id: 11270701585829-UnityPersXXXX
  Product: Unity Personal
  Type: Assigned
  Expiration: Unlimited
[Licensing::Client] Successfully resolved entitlement details
[Licensing::Module] License group:
  Id: F4-AZ6T-383H-7KTU-RM2U-XXXX
  Product: Unity Personal
  Type: ULF
  Expiration: Unlimited
[Licensing::Module] License group:
  Id: 11270701585829-UnityPersXXXX
  Product: Unity Personal
  Type: Assigned
  Expiration: Unlimited
Refreshing native plugins compatible for Editor in 7.23 ms, found 9 plugins.
Preloading 0 native plugins for Editor in 0.00 ms.
Asset Pipeline Refresh (id=1f049c0c39ff3417693a899f5e03e4c0): Total: 0.238 seconds - Initiated by RefreshV2(NoUpdateAssetOptions)
Start importing ProjectSettings/ProjectSettings.asset using Guid(00000000000000004000000000000000) (LibraryAssetImporter) -> (artifact id: '6d917a9f3ac1c1464a1d027b739cbb30') in 0.017942 seconds
Refreshing native plugins compatible for Editor in 2.20 ms, found 9 plugins.
Preloading 0 native plugins for Editor in 0.00 ms.
Asset Pipeline Refresh (id=9d1ee180f0d064376a9549a8d1ba6adc): Total: 0.029 seconds - Initiated by StopAssetImportingV2(NoUpdateAssetOptions)
Asset Pipeline Refresh (id=854fc368eb84b4ae385581fe2cfca674): Total: 0.052 seconds - Initiated by RefreshV2(NoUpdateAssetOptions)
Start importing ProjectSettings/ProjectSettings.asset using Guid(00000000000000004000000000000000) (LibraryAssetImporter) -> (artifact id: '6d917a9f3ac1c1464a1d027b739cbb30') in 0.000877292 seconds
Refreshing native plugins compatible for Editor in 2.93 ms, found 9 plugins.
Preloading 0 native plugins for Editor in 0.00 ms.
Asset Pipeline Refresh (id=ef4b7f38fe1fe4bd58a447d1bb576ad7): Total: 0.010 seconds - Initiated by StopAssetImportingV2(NoUpdateAssetOptions)
Asset Pipeline Refresh (id=09e039e4c71c2459daa037fd3a0871b2): Total: 0.004 seconds - Initiated by StopAssetImportingV2(NoUpdateAssetOptions)
Refreshing native plugins compatible for Editor in 2.78 ms, found 9 plugins.
Preloading 0 native plugins for Editor in 0.00 ms.

-------------------------------------------------------------------------------
Build Report
Uncompressed usage by category (Percentages based on user generated assets only):
Textures               18.7 mb	 87.8% 
Meshes                 286.9 kb	 1.3% 
Animations             33.0 kb	 0.2% 
Sounds                 0.0 kb	 0.0% 
Shaders                892.6 kb	 4.1% 
Other Assets           1.1 mb	 5.3% 
Levels                 0.7 kb	 0.0% 
File headers           106.7 kb	 0.5% 
Total User Assets      21.3 mb	 100.0% 
Complete build size    1.0 gb
Used Assets and files from the Resources folder, sorted by uncompressed size:
 2.7 mb	 0.3% Built-in Texture2D: Splash Screen Unity Logo
 2.1 mb	 0.2% Assets/Milzet/StartupSource/Project/UI/Fonts/Chinese/ArialTC-Regular SDF.asset
 1.1 mb	 0.1% Assets/Milzet/StartupSource/Project/UI/Fonts/Korean/NotoSansKR-Fallback SDF.asset
 1.0 mb	 0.1% Assets/TextMesh Pro/Resources/Fonts & Materials/LiberationSans SDF.asset
 1.0 mb	 0.1% Packages/com.meta.xr.sdk.core/Textures/bar_background_semi_rounded.png
 1.0 mb	 0.1% Packages/com.meta.xr.sdk.core/Textures/bar_background.png
 1.0 mb	 0.1% Packages/com.meta.xr.sdk.core/Scripts/ImmersiveDebugger/UserInterface/Resources/Textures/panel_background.png
 806.2 kb	 0.1% Resources/unity_builtin_extra
 555.7 kb	 0.1% Assets/Milzet/StartupSource/Project/UI/Fonts/Japanese/ArialJP-Regular SDF 1.asset
 352.6 kb	 0.0% Assets/Milzet/StartupSource/Project/PresencePlatformBrand/UI/MetaPresencePlatform.png
 344.5 kb	 0.0% Assets/TextMesh Pro/Fonts/LiberationSans.ttf
 341.5 kb	 0.0% Assets/TextMesh Pro/Sprites/EmojiOne.png
 341.5 kb	 0.0% Packages/com.meta.xr.sdk.core/Scripts/ImmersiveDebugger/UserInterface/Resources/Textures/toggle_on.png
 341.5 kb	 0.0% Packages/com.meta.xr.sdk.core/Scripts/ImmersiveDebugger/UserInterface/Resources/Textures/toggle_off.png
 302.9 kb	 0.0% Assets/Milzet/StartupSource/Project/PresencePlatformBrand/Models/MetaLogo3dAnimated.fbx
 278.5 kb	 0.0% Assets/Milzet/StartupSource/Project/PresencePlatformBrand/UI/Optimistic_Text_Bd SDF.asset
 278.1 kb	 0.0% Assets/Milzet/StartupSource/Project/PresencePlatformBrand/UI/Optimistic_Text_Md SDF.asset
 265.2 kb	 0.0% Assets/Milzet/StartupSource/Project/UI/Fonts/Russian/ArialRU-Regular SDF.asset
 265.1 kb	 0.0% Assets/Milzet/StartupSource/Project/UI/Fonts/Greek/ArialGR-Regular SDF.asset
 263.7 kb	 0.0% Assets/Milzet/StartupSource/Project/UI/Fonts/LatinOutliers/ArialLO-Regular SDF.asset
 259.0 kb	 0.0% Packages/com.meta.xr.sdk.core/Scripts/BuildingBlocks/AIBlocks/Resources/NMSCompute.compute
 258.8 kb	 0.0% Assets/Milzet/StartupSource/Project/UI/Fonts/ArialFontFallback-Regular SDF.asset
 256.6 kb	 0.0% Packages/com.meta.xr.sdk.core/Scripts/ImmersiveDebugger/UserInterface/Resources/Textures/icon_background.png
 256.1 kb	 0.0% Packages/com.meta.xr.sdk.core/Scripts/ImmersiveDebugger/UserInterface/Resources/Textures/minimize_icon.png
 256.1 kb	 0.0% Packages/com.meta.xr.sdk.core/Scripts/ImmersiveDebugger/UserInterface/Resources/Textures/inspectors_icon.png
 256.1 kb	 0.0% Packages/com.meta.xr.sdk.core/Scripts/ImmersiveDebugger/UserInterface/Resources/Textures/hierarchy_icon.png
 256.1 kb	 0.0% Packages/com.meta.xr.sdk.core/Scripts/ImmersiveDebugger/UserInterface/Resources/Textures/compress_icon.png
 256.1 kb	 0.0% Packages/com.meta.xr.sdk.core/Scripts/ImmersiveDebugger/UserInterface/Resources/Textures/categories_icon.png
 256.1 kb	 0.0% Packages/com.meta.xr.sdk.core/Scripts/ImmersiveDebugger/UserInterface/Resources/Textures/warning_icon.png
 256.1 kb	 0.0% Packages/com.meta.xr.sdk.core/Scripts/ImmersiveDebugger/UserInterface/Resources/Textures/shift_icon.png
 256.1 kb	 0.0% Packages/com.meta.xr.sdk.core/Scripts/ImmersiveDebugger/UserInterface/Resources/Textures/rotate_icon.png
 256.1 kb	 0.0% Packages/com.meta.xr.sdk.core/Scripts/ImmersiveDebugger/UserInterface/Resources/Textures/opacity_icon.png
 256.1 kb	 0.0% Packages/com.meta.xr.sdk.core/Scripts/ImmersiveDebugger/UserInterface/Resources/Textures/notice_icon.png
 256.1 kb	 0.0% Packages/com.meta.xr.sdk.core/Scripts/ImmersiveDebugger/UserInterface/Resources/Textures/move_icon.png
 256.1 kb	 0.0% Packages/com.meta.xr.sdk.core/Scripts/ImmersiveDebugger/UserInterface/Resources/Textures/expand_icon.png
 256.1 kb	 0.0% Packages/com.meta.xr.sdk.core/Scripts/ImmersiveDebugger/UserInterface/Resources/Textures/error_icon.png
 256.1 kb	 0.0% Packages/com.meta.xr.sdk.core/Scripts/ImmersiveDebugger/UserInterface/Resources/Textures/down_icon.png
 256.1 kb	 0.0% Packages/com.meta.xr.sdk.core/Scripts/ImmersiveDebugger/UserInterface/Resources/Textures/console_icon.png
 256.1 kb	 0.0% Packages/com.meta.xr.sdk.core/Scripts/ImmersiveDebugger/UserInterface/Resources/Textures/close_icon.png
 256.1 kb	 0.0% Packages/com.meta.xr.sdk.core/Scripts/ImmersiveDebugger/UserInterface/Resources/Textures/pointer.png
 256.1 kb	 0.0% Packages/com.meta.xr.sdk.core/Scripts/ImmersiveDebugger/UserInterface/Resources/Textures/eye_icon.png
 256.1 kb	 0.0% Packages/com.meta.xr.sdk.core/Scripts/ImmersiveDebugger/UserInterface/Resources/Textures/bin_icon.png
 178.3 kb	 0.0% Packages/com.meta.xr.sdk.core/Scripts/ImmersiveDebugger/UserInterface/Resources/Fonts/RobotoMono-VariableFont_wght.ttf
 145.2 kb	 0.0% Packages/com.unity.cloud.gltfast/Runtime/Shader/Built-In/glTFPbrMetallicRoughness.shader
 143.8 kb	 0.0% Packages/com.unity.cloud.gltfast/Runtime/Shader/Built-In/glTFPbrSpecularGlossiness.shader
 118.4 kb	 0.0% Packages/com.meta.xr.sdk.core/Resources/Underlay Impostor.shader
 64.6 kb	 0.0% Packages/com.meta.xr.sdk.core/Scripts/ImmersiveDebugger/UserInterface/Resources/Textures/icon_background_02.png
 64.1 kb	 0.0% Packages/com.meta.xr.sdk.core/Scripts/ImmersiveDebugger/UserInterface/Resources/Textures/caret_right_icon.png
 64.1 kb	 0.0% Packages/com.meta.xr.sdk.core/Scripts/ImmersiveDebugger/UserInterface/Resources/Textures/caret_down_icon.png
 33.8 kb	 0.0% Packages/com.meta.xr.sdk.core/Resources/Underlay Transparent Occluder.shader
 29.8 kb	 0.0% Packages/com.meta.xr.sdk.core/Resources/OVRMRCameraFrameLit.shader
 26.2 kb	 0.0% Assets/TextMesh Pro/Shaders/TMP_SDF-Mobile.shader
 17.7 kb	 0.0% Assets/TextMesh Pro/Shaders/TMP_SDF.shader
 14.7 kb	 0.0% Assets/Milzet/StartupSource/Project/PresencePlatformBrand/Timelines/MetaLogoTimeline.playable
 12.8 kb	 0.0% Packages/com.meta.xr.sdk.core/Shaders/UI Prerendered Opaque.shader
 9.7 kb	 0.0% Packages/com.meta.xr.sdk.core/Scripts/ImmersiveDebugger/Gizmos/DebugGizmos/Resources/PolylineUnlit.shader
 9.4 kb	 0.0% Assets/TextMesh Pro/Shaders/TMP_Sprite.shader
 7.9 kb	 0.0% Assets/Milzet/Resources/StudioStartup.prefab
 7.9 kb	 0.0% Assets/XR/Settings/OpenXR Package Settings.asset
 7.3 kb	 0.0% Packages/com.meta.xr.sdk.core/Shaders/EnvironmentDepth/Resources/DepthMask.shader
 6.8 kb	 0.0% Packages/com.meta.xr.sdk.core/Resources/OVRMRCameraFrame.shader
 5.8 kb	 0.0% Packages/com.meta.xr.sdk.core/Resources/Cubemap Blit.shader
 5.7 kb	 0.0% Packages/com.meta.xr.sdk.core/Shaders/EnvironmentDepth/Resources/DepthPreprocessing.shader
 5.6 kb	 0.0% Packages/com.unity.cloud.gltfast/Runtime/Shader/Built-In/glTFUnlit.shader
 5.5 kb	 0.0% Packages/com.meta.xr.mrutilitykit/Core/Resources/CopyDepthTexture.compute
 5.4 kb	 0.0% Packages/com.meta.xr.sdk.core/Scripts/BuildingBlocks/AIBlocks/Resources/CopyDepthTextureIntoNativeArray.compute
 5.1 kb	 0.0% Packages/com.meta.xr.sdk.core/Resources/Texture2D Blit.shader
 5.1 kb	 0.0% Assets/Milzet/StartupSource/Project/PresencePlatformBrand/Timelines/MetaLogoAndTitleTimeline.playable
 5.0 kb	 0.0% Packages/com.meta.xr.sdk.core/Scripts/ImmersiveDebugger/UserInterface/Resources/Shaders/idf_prerendered.shader
 4.6 kb	 0.0% Packages/com.meta.xr.sdk.core/Resources/OVRMRUnlitTransparent.shader
 4.4 kb	 0.0% Packages/com.meta.xr.sdk.core/Resources/Unlit Transparent Color.shader
 4.3 kb	 0.0% Packages/com.meta.xr.sdk.core/Resources/OVRMRUnlit.shader
 3.3 kb	 0.0% Assets/TextMesh Pro/Resources/Fonts & Materials/LiberationSans SDF - Fallback.asset
 3.2 kb	 0.0% Assets/TextMesh Pro/Resources/Sprite Assets/EmojiOne.asset
 2.7 kb	 0.0% Assets/Milzet/StartupSource/Project/PresencePlatformBrand/Animations/MetaLogo3dTransitionClip.anim
 2.7 kb	 0.0% Assets/Milzet/StartupSource/Project/UI/Menus/NewChapterBannerAnim.anim
 2.4 kb	 0.0% Assets/Resources/PerformanceTestRunInfo.json
 2.4 kb	 0.0% Assets/Milzet/StartupSource/Project/PresencePlatformBrand/Animations/MetaLogo3dTextClip.anim
 2.3 kb	 0.0% Assets/TextMesh Pro/Resources/Style Sheets/Default Style Sheet.asset
 1.6 kb	 0.0% Assets/TextMesh Pro/Resources/Fonts & Materials/LiberationSans SDF - Drop Shadow.mat
 1.6 kb	 0.0% Assets/TextMesh Pro/Resources/Fonts & Materials/LiberationSans SDF - Outline.mat
 1.2 kb	 0.0% Packages/com.meta.xr.sdk.core/Scripts/ImmersiveDebugger/UserInterface/Resources/Materials/TextureDiffused.mat
 0.9 kb	 0.0% Assets/Milzet/StartupSource/Project/PresencePlatformBrand/Models/Materials/MetaTextMat.mat
 0.9 kb	 0.0% Assets/Milzet/StartupSource/Project/PresencePlatformBrand/Models/Materials/MetaTubeStartMat.mat
 0.9 kb	 0.0% Assets/Milzet/StartupSource/Project/PresencePlatformBrand/Models/Materials/MetaLogoMat.mat
 0.5 kb	 0.0% Packages/com.meta.xr.sdk.core/Scripts/SystemHaptics/Resources/SystemHapticsPatternClips/Error.systemhaptic
 0.4 kb	 0.0% Built-in Sprite: 
 0.4 kb	 0.0% Packages/com.meta.xr.sdk.core/Scripts/SystemHaptics/Resources/SystemHapticsPatternClips/Grab.systemhaptic
 0.4 kb	 0.0% Packages/com.meta.xr.sdk.core/Scripts/SystemHaptics/Resources/SystemHapticsPatternClips/Press.systemhaptic
 0.3 kb	 0.0% Packages/com.meta.xr.sdk.core/Scripts/SystemHaptics/Resources/SystemHapticsPatternClips/Warning.systemhaptic
 0.3 kb	 0.0% Assets/TextMesh Pro/Resources/LineBreaking Following Characters.txt
 0.3 kb	 0.0% Assets/TextMesh Pro/Resources/TMP Settings.asset
 0.3 kb	 0.0% Packages/com.meta.xr.sdk.core/Scripts/SystemHaptics/Resources/SystemHapticsPatternClips/Success.systemhaptic
 0.2 kb	 0.0% Packages/com.meta.xr.sdk.core/Scripts/SystemHaptics/Resources/SystemHapticsPatternClips/Hover.systemhaptic
 0.2 kb	 0.0% Packages/com.meta.xr.sdk.core/Scripts/SystemHaptics/Resources/SystemHapticsPatternClips/Select.systemhaptic
 0.2 kb	 0.0% Packages/com.meta.xr.sdk.core/Scripts/SystemHaptics/Resources/SystemHapticsPatternClips/Deselect.systemhaptic
 0.2 kb	 0.0% Packages/com.meta.xr.sdk.core/Scripts/SystemHaptics/Resources/SystemHapticsPatternClips/Release.systemhaptic
 0.2 kb	 0.0% Packages/com.unity.xr.openxr/Runtime/ConformanceAutomation/ConformanceAutomationFeature.cs
 0.2 kb	 0.0% Packages/com.unity.xr.openxr/Runtime/RuntimeDebugger/RuntimeDebuggerOpenXRFeature.cs
 0.2 kb	 0.0% Packages/com.meta.xr.sdk.core/Scripts/BuildingBlocks/SampleSpatialAnchorControllerScripts/SpatialAnchorLocalStorageManagerBuildingBlock.cs
 0.2 kb	 0.0% Packages/com.unity.xr.openxr/Runtime/Features/Extensions/XrPerformanceSettingsTypes.cs
 0.2 kb	 0.0% Packages/com.unity.mathematics/Unity.Mathematics/Il2CppEagerStaticClassConstructionAttribute.cs
 0.2 kb	 0.0% Assets/Resources/ImmersiveDebuggerSettings.asset
 0.2 kb	 0.0% Packages/com.unity.xr.openxr/Runtime/OculusQuest/OculusQuestFeature.cs
 0.2 kb	 0.0% Packages/com.unity.xr.openxr/Runtime/Features/Extensions/XrPerformanceSettingsFeature.cs
 0.2 kb	 0.0% Packages/com.meta.xr.sdk.core/Scripts/ImmersiveDebugger/Utils/Resources/Values/PanelPositionConstants.asset
 0.2 kb	 0.0% Packages/com.meta.xr.sdk.core/Scripts/BuildingBlocks/PassthroughProjectionSurfaceBuildingBlock.cs
 0.2 kb	 0.0% Packages/com.unity.xr.openxr/Runtime/Features/Interactions/MetaQuestTouchProControllerProfile.cs
 0.2 kb	 0.0% Packages/com.unity.xr.openxr/Runtime/Features/Interactions/MetaQuestTouchPlusControllerProfile.cs
 0.2 kb	 0.0% Packages/com.unity.xr.core-utils/Runtime/ARTrackablesParentTransformChangedEventArgs.cs
 0.2 kb	 0.0% Packages/com.unity.collections/Unity.Collections/GenerateTestsForBurstCompatibilityAttribute.cs
 0.2 kb	 0.0% Packages/com.meta.xr.sdk.core/Scripts/BuildingBlocks/MultiplayerBlocks/Shared/Colocation/Scripts/ColocationSessionEventHandler.cs
 0.2 kb	 0.0% Packages/com.unity.xr.openxr/Runtime/MetaQuest/MetaQuestFeature.cs
 0.2 kb	 0.0% Packages/com.unity.xr.openxr/Runtime/Features/Interactions/MicrosoftMotionControllerProfile.cs
 0.2 kb	 0.0% Packages/com.unity.inputsystem/InputSystem/Runtime/Devices/Commands/QueryEditorWindowCoordinatesCommand.cs
 0.2 kb	 0.0% Packages/com.unity.inputsystem/InputSystem/Runtime/Devices/Commands/InitiateUserAccountPairingCommand.cs
 0.2 kb	 0.0% Packages/com.unity.inputsystem/InputSystem/Editor/UITKAssetEditor/Views/CompositePartBindingPropertiesView.cs
 0.2 kb	 0.0% Packages/com.unity.inputsystem/InputSystem/Editor/UITKAssetEditor/Views/CollectionViewSelectionChangeFilter.cs
 0.2 kb	 0.0% Packages/com.unity.inputsystem/InputSystem/Editor/UITKAssetEditor/InputActionsEditorSettingsProvider.cs
 0.2 kb	 0.0% Packages/com.unity.inputsystem/InputSystem/Editor/PropertyDrawers/InputActionReferenceSearchProviders.cs
 0.2 kb	 0.0% Packages/com.unity.inputsystem/InputSystem/Editor/PropertyDrawers/InputActionReferencePropertyDrawer.cs
 0.2 kb	 0.0% Packages/com.unity.inputsystem/InputSystem/Editor/Devices/Remote/RemoteInputPlayerConnectionEditor.cs
 0.2 kb	 0.0% Packages/com.unity.inputsystem/InputSystem/Editor/Analytics/InputActionsEditorSessionAnalytic.cs
 0.2 kb	 0.0% Packages/com.unity.inputsystem/InputSystem/Editor/Actions/InputControlSchemeEditorExtensions.cs
 0.2 kb	 0.0% Packages/com.meta.xr.sdk.core/Scripts/ImmersiveDebugger/UserInterface/Generic/Controllers/InteractableController.cs
 0.2 kb	 0.0% Packages/com.meta.xr.sdk.core/Scripts/BuildingBlocks/MultiplayerBlocks/Shared/Colocation/ColocationPackage/Runtime/AutomaticColocationLauncher.cs
 0.2 kb	 0.0% Packages/com.unity.xr.openxr/Runtime/RuntimeDebugger/DebuggerState.cs
 0.2 kb	 0.0% Packages/com.unity.inputsystem/InputSystem/Editor/Plugins/UI/StandaloneInputModuleEditor.cs
 0.2 kb	 0.0% Packages/com.unity.inputsystem/InputSystem/Editor/Plugins/UI/InputSystemUIInputModuleEditor.cs
 0.2 kb	 0.0% Packages/com.meta.xr.sdk.core/Scripts/ImmersiveDebugger/UsageExample/ExampleCustomIntegrationConfig.cs
 0.2 kb	 0.0% Packages/com.meta.xr.sdk.core/Scripts/BuildingBlocks/SampleSpatialAnchorControllerScripts/SpatialAnchorSpawnerBuildingBlock.cs
 0.2 kb	 0.0% Packages/com.meta.xr.sdk.core/Scripts/BuildingBlocks/MultiplayerBlocks/Shared/NetworkGrabbableObject/Scripts/TransferOwnershipOnSelect.cs
 0.2 kb	 0.0% Packages/com.meta.xr.sdk.core/Scripts/BuildingBlocks/AIBlocks/Providers/UnityInferenceEngineProvider.cs
 0.2 kb	 0.0% Packages/com.meta.xr.sdk.core/Scripts/BuildingBlocks/AIBlocks/Agents/ObjectDetectionVisualizer.cs
 0.2 kb	 0.0% Packages/com.meta.xr.mrutilitykit/Core/Scripts/SceneDecorator/Modifier/KeepUprightWithSurfaceModifier.cs
 0.2 kb	 0.0% Packages/com.meta.xr.mrutilitykit/Core/Scripts/SceneDecorator/Modifier/KeepUprightWithAnchorModifier.cs
 0.2 kb	 0.0% Packages/com.meta.xr.mrutilitykit/Core/Scripts/SceneDecorator/Distributions/StaggeredConcentricDistribution.cs
 0.1 kb	 0.0% Packages/com.unity.xr.openxr/Runtime/Features/Interactions/ValveIndexControllerProfile.cs
 0.1 kb	 0.0% Packages/com.unity.xr.openxr/Runtime/Features/Interactions/OculusTouchControllerProfile.cs
 0.1 kb	 0.0% Packages/com.unity.xr.openxr/Runtime/Features/Interactions/KHRSimpleControllerProfile.cs
 0.1 kb	 0.0% Packages/com.unity.xr.openxr/Runtime/Features/Interactions/HandCommonPosesInteraction.cs
 0.1 kb	 0.0% Packages/com.unity.xr.openxr/Runtime/Features/Interactions/HPReverbG2ControllerProfile.cs
 0.1 kb	 0.0% Packages/com.unity.inputsystem/InputSystem/Runtime/Devices/Commands/QuerySamplingFrequencyCommand.cs
 0.1 kb	 0.0% Packages/com.unity.inputsystem/InputSystem/Runtime/Devices/Commands/QueryPairedUserAccountCommand.cs
 0.1 kb	 0.0% Packages/com.unity.inputsystem/InputSystem/Editor/UITKAssetEditor/Views/CompositeBindingPropertiesView.cs
 0.1 kb	 0.0% Packages/com.unity.inputsystem/InputSystem/Editor/UITKAssetEditor/InputActionsEditorWindowUtils.cs
 0.1 kb	 0.0% Packages/com.unity.inputsystem/InputSystem/Editor/PropertyDrawers/InputActionAssetSearchProvider.cs
 0.1 kb	 0.0% Packages/com.unity.inputsystem/InputSystem/Editor/ProjectWideActions/ProjectWideActionsBuildProvider.cs
 0.1 kb	 0.0% Packages/com.unity.inputsystem/InputSystem/Editor/Plugins/OnScreen/UGUIOnScreenControlEditorUtils.cs
 0.1 kb	 0.0% Packages/com.unity.inputsystem/InputSystem/Editor/Internal/SerializedPropertyLinqExtensions.cs
 0.1 kb	 0.0% Packages/com.unity.inputsystem/InputSystem/Editor/Internal/InputActionSerializationHelpers.cs
 0.1 kb	 0.0% Packages/com.unity.inputsystem/InputSystem/Editor/EditorInputControlLayoutCache.cs
 0.1 kb	 0.0% Packages/com.unity.inputsystem/InputSystem/Editor/ControlPicker/Layouts/TouchscreenControlPickerLayout.cs
 0.1 kb	 0.0% Packages/com.unity.inputsystem/InputSystem/Editor/ControlPicker/Layouts/DefaultInputControlPickerLayout.cs
 0.1 kb	 0.0% Packages/com.unity.inputsystem/InputSystem/Editor/Analytics/VirtualMouseInputEditorAnalytic.cs
 0.1 kb	 0.0% Packages/com.unity.inputsystem/InputSystem/Editor/Analytics/PlayerInputManagerEditorAnalytic.cs
 0.1 kb	 0.0% Packages/com.unity.cloud.gltfast/Runtime/Scripts/Animations/AnimationModuleDataInstanceApplierFactory.cs
 0.1 kb	 0.0% Packages/com.meta.xr.sdk.core/Scripts/ImmersiveDebugger/UserInterface/Generic/Controllers/Implementations/OverlayCanvasPanel.cs
 0.1 kb	 0.0% Packages/com.meta.xr.sdk.core/Scripts/BuildingBlocks/MultiplayerBlocks/Shared/Colocation/ColocationPackage/Runtime/NetworkImpl/ShareAndLocalizeParams.cs
 0.1 kb	 0.0% Packages/com.unity.xr.legacyinputhelpers/Runtime/ArmModels/TransitionArmModel.cs
 0.1 kb	 0.0% Packages/com.unity.inputsystem/InputSystem/Runtime/Utilities/DisplayStringFormatAttribute.cs
 0.1 kb	 0.0% Packages/com.unity.inputsystem/InputSystem/Runtime/Plugins/XR/Haptics/SendBufferedHapticsCommand.cs
 0.1 kb	 0.0% Packages/com.unity.inputsystem/InputSystem/Runtime/Plugins/XR/Haptics/GetHapticCapabilitiesCommand.cs
 0.1 kb	 0.0% Packages/com.unity.inputsystem/InputSystem/Runtime/Plugins/XR/Haptics/GetCurrentHapticStateCommand.cs
 0.1 kb	 0.0% Packages/com.unity.inputsystem/InputSystem/Runtime/Plugins/UI/ExtendedSubmitCancelEventData.cs
 0.1 kb	 0.0% Packages/com.unity.inputsystem/InputSystem/Runtime/Plugins/Android/AndroidGameController.cs
 0.1 kb	 0.0% Packages/com.unity.inputsystem/InputSystem/Runtime/Controls/Processors/NormalizeVector3Processor.cs
 0.1 kb	 0.0% Packages/com.unity.inputsystem/InputSystem/Runtime/Controls/Processors/NormalizeVector2Processor.cs
 0.1 kb	 0.0% Packages/com.unity.inputsystem/InputSystem/Runtime/Controls/Processors/EditorWindowSpaceProcessor.cs
 0.1 kb	 0.0% Packages/com.unity.inputsystem/InputSystem/Runtime/Controls/Processors/CompensateRotationProcessor.cs
 0.1 kb	 0.0% Packages/com.unity.inputsystem/InputSystem/Runtime/Controls/Processors/CompensateDirectionProcessor.cs
 0.1 kb	 0.0% Packages/com.unity.inputsystem/InputSystem/Editor/Plugins/HID/HIDSupportEditorInitializer.cs
 0.1 kb	 0.0% Packages/com.unity.inputsystem/InputSystem/Editor/Controls/Processors/StickDeadzoneProcessorEditor.cs
 0.1 kb	 0.0% Packages/com.unity.inputsystem/InputSystem/Editor/Controls/Processors/AxisDeadzoneProcessorEditor.cs
 0.1 kb	 0.0% Packages/com.unity.inputsystem/InputSystem/Editor/Actions/Interactions/MultiTapInteractionEditor.cs
 0.1 kb	 0.0% Packages/com.unity.collections/Unity.Collections/UnsafeParallelHashSetExtensions.gen.cs
 0.1 kb	 0.0% Packages/com.unity.collections/Unity.Collections/UnsafeParallelHashMap.cs
 0.1 kb	 0.0% Packages/com.meta.xr.sdk.core/Scripts/ImmersiveDebugger/Interface/CustomIntegrationConfig.cs
 0.1 kb	 0.0% Packages/com.meta.xr.sdk.core/Scripts/BuildingBlocks/Variants/InstallationRoutineCheckpoint.cs
 0.1 kb	 0.0% Packages/com.meta.xr.sdk.core/Scripts/BuildingBlocks/SpatialAnchorManagerBlockScripts/SpatialAnchorCoreBuildingBlock.cs
 0.1 kb	 0.0% Packages/com.meta.xr.sdk.core/Scripts/BuildingBlocks/SampleSpatialAnchorControllerScripts/SpatialAnchorLoaderBuildingBlock.cs
 0.1 kb	 0.0% Packages/com.meta.xr.sdk.core/Scripts/BuildingBlocks/MultiplayerBlocks/Shared/CustomMatchmaking/CustomMatchmakingUtils.cs
 0.1 kb	 0.0% Packages/com.meta.xr.sdk.core/Scripts/BuildingBlocks/MultiplayerBlocks/Shared/Colocation/Scripts/NetworkBootstrapperUtils.cs
 0.1 kb	 0.0% Packages/com.meta.xr.mrutilitykit/Core/Scripts/SceneDecorator/Modifier/DontDestroyOnLoadModifier.cs
 0.1 kb	 0.0% Packages/com.meta.xr.mrutilitykit/Core/Scripts/SceneDecorator/Masks/AnchorComponentDistanceMask.cs
 0.1 kb	 0.0% Packages/com.unity.xr.openxr/Runtime/Features/Interactions/MicrosoftHandInteraction.cs
 0.1 kb	 0.0% Packages/com.unity.xr.openxr/Runtime/Features/Interactions/HandInteractionProfile.cs
 0.1 kb	 0.0% Packages/com.unity.xr.openxr/Runtime/Features/Interactions/HTCViveControllerProfile.cs
 0.1 kb	 0.0% Packages/com.unity.xr.core-utils/Runtime/CapabilityProfile/Dictionary/CustomCapabilityKeyAttribute.cs
 0.1 kb	 0.0% Packages/com.unity.inputsystem/InputSystem/Runtime/State/IInputStateCallbackReceiver.cs
 0.1 kb	 0.0% Packages/com.unity.inputsystem/InputSystem/Runtime/Plugins/InputForUI/InputSystemProvider.cs
 0.1 kb	 0.0% Packages/com.unity.inputsystem/InputSystem/Runtime/Plugins/DualShock/DualShockGamepadHID.cs
 0.1 kb	 0.0% Packages/com.unity.inputsystem/InputSystem/Runtime/Devices/IInputUpdateCallbackReceiver.cs
 0.1 kb	 0.0% Packages/com.unity.inputsystem/InputSystem/Runtime/Devices/Commands/SetSamplingFrequencyCommand.cs
 0.1 kb	 0.0% Packages/com.unity.inputsystem/InputSystem/Runtime/Devices/Commands/SetIMECursorPositionCommand.cs
 0.1 kb	 0.0% Packages/com.unity.inputsystem/InputSystem/Runtime/Devices/Commands/QueryKeyboardLayoutCommand.cs
 0.1 kb	 0.0% Packages/com.unity.inputsystem/InputSystem/Runtime/Devices/Commands/EnableIMECompositionCommand.cs
 0.1 kb	 0.0% Packages/com.unity.inputsystem/InputSystem/Runtime/Controls/InputControlLayoutAttribute.cs
 0.1 kb	 0.0% Packages/com.unity.inputsystem/InputSystem/Runtime/Actions/InputActionRebindingExtensions.cs
 0.1 kb	 0.0% Packages/com.unity.inputsystem/InputSystem/Runtime/Actions/DeferBindingResolutionContext.cs
 0.1 kb	 0.0% Packages/com.unity.inputsystem/InputSystem/Editor/UITKAssetEditor/Views/NameAndParametersListView.cs
 0.1 kb	 0.0% Packages/com.unity.inputsystem/InputSystem/Editor/UITKAssetEditor/Views/InputActionMapsTreeViewItem.cs
 0.1 kb	 0.0% Packages/com.unity.inputsystem/InputSystem/Editor/UITKAssetEditor/InputActionsEditorConstants.cs
 0.1 kb	 0.0% Packages/com.unity.inputsystem/InputSystem/Editor/Settings/InputSettingsBuildProvider.cs
 0.1 kb	 0.0% Packages/com.unity.inputsystem/InputSystem/Editor/Settings/EditorPlayerSettingHelpers.cs
 0.1 kb	 0.0% Packages/com.unity.inputsystem/InputSystem/Editor/PropertyDrawers/InputActionPropertyDrawer.cs
 0.1 kb	 0.0% Packages/com.unity.inputsystem/InputSystem/Editor/PropertyDrawers/GamepadButtonPropertyDrawer.cs
 0.1 kb	 0.0% Packages/com.unity.inputsystem/InputSystem/Editor/Internal/SerializedPropertyHelpers.cs
 0.1 kb	 0.0% Packages/com.unity.inputsystem/InputSystem/Editor/Internal/AdvancedDropdown/AdvancedDropdownDataSource.cs
 0.1 kb	 0.0% Packages/com.unity.inputsystem/InputSystem/Editor/InputSystemPackageControl.cs
 0.1 kb	 0.0% Packages/com.unity.inputsystem/InputSystem/Editor/InputSystemEditorInitializer.cs
 0.1 kb	 0.0% Packages/com.unity.inputsystem/InputSystem/Editor/Debugger/SampleFrequencyCalculator.cs
 0.1 kb	 0.0% Packages/com.unity.inputsystem/InputSystem/Editor/Debugger/InputDeviceDebuggerWindow.cs
 0.1 kb	 0.0% Packages/com.unity.inputsystem/InputSystem/Editor/Debugger/InputActionDebuggerWindow.cs
 0.1 kb	 0.0% Packages/com.unity.inputsystem/InputSystem/Editor/ControlPicker/InputControlPickerDropdown.cs
 0.1 kb	 0.0% Packages/com.unity.inputsystem/InputSystem/Editor/ControlPicker/IInputControlPickerLayout.cs
 0.1 kb	 0.0% Packages/com.unity.inputsystem/InputSystem/Editor/AssetImporter/InputActionImporterEditor.cs
 0.1 kb	 0.0% Packages/com.unity.inputsystem/InputSystem/Editor/AssetImporter/InputActionAssetIconLoader.cs
 0.1 kb	 0.0% Packages/com.unity.inputsystem/InputSystem/Editor/AssetEditor/InputBindingPropertiesView.cs
 0.1 kb	 0.0% Packages/com.unity.inputsystem/InputSystem/Editor/AssetEditor/InputActionPropertiesView.cs
 0.1 kb	 0.0% Packages/com.unity.inputsystem/InputSystem/Editor/Analytics/PlayerInputEditorAnalytic.cs
 0.1 kb	 0.0% Packages/com.unity.inputsystem/InputSystem/Editor/Analytics/OnScreenStickEditorAnalytic.cs
 0.1 kb	 0.0% Packages/com.unity.inputsystem/InputSystem/Editor/Analytics/InputExitPlayModeAnalytic.cs
 0.1 kb	 0.0% Packages/com.unity.inputsystem/InputSystem/Editor/Analytics/InputComponentEditorAnalytic.cs
 0.1 kb	 0.0% Packages/com.unity.collections/Unity.Collections/UnsafeNotBurstCompatible.cs
 0.1 kb	 0.0% Packages/com.meta.xr.sdk.core/Scripts/ImmersiveDebugger/UserInterface/ToggleForGizmo.cs
 0.1 kb	 0.0% Packages/com.meta.xr.sdk.core/Scripts/ImmersiveDebugger/UserInterface/HierarchyItemButton.cs
 0.1 kb	 0.0% Packages/com.meta.xr.sdk.core/Scripts/ImmersiveDebugger/UserInterface/Generic/MonoBehaviours/PointerHandler.cs
 0.1 kb	 0.0% Packages/com.meta.xr.sdk.core/Scripts/ImmersiveDebugger/UserInterface/Generic/MonoBehaviours/OverlayCanvas.cs
 0.1 kb	 0.0% Packages/com.meta.xr.sdk.core/Scripts/ImmersiveDebugger/UserInterface/Generic/Controllers/Implementations/ToggleWithLabel.cs
 0.1 kb	 0.0% Packages/com.meta.xr.sdk.core/Scripts/ImmersiveDebugger/UserInterface/Generic/Controllers/Implementations/ScrollViewport.cs
 0.1 kb	 0.0% Packages/com.meta.xr.sdk.core/Scripts/ImmersiveDebugger/UserInterface/Generic/Controllers/Implementations/DropdownMenuItem.cs
 0.1 kb	 0.0% Packages/com.meta.xr.sdk.core/Scripts/ImmersiveDebugger/UserInterface/Generic/Controllers/Implementations/ButtonWithLabel.cs
 0.1 kb	 0.0% Packages/com.meta.xr.sdk.core/Scripts/ImmersiveDebugger/UserInterface/Generic/Controllers/Implementations/ButtonWithIcon.cs
 0.1 kb	 0.0% Packages/com.meta.xr.sdk.core/Scripts/ImmersiveDebugger/UserInterface/ButtonForAction.cs
 0.1 kb	 0.0% Packages/com.meta.xr.sdk.core/Scripts/ImmersiveDebugger/UsageExample/RuntimeAPIExample.cs
 0.1 kb	 0.0% Packages/com.meta.xr.sdk.core/Scripts/BuildingBlocks/MultiplayerBlocks/Shared/Colocation/ColocationPackage/Runtime/Utils/AnchorDebugVisual.cs
 0.1 kb	 0.0% Packages/com.meta.xr.sdk.core/Scripts/BuildingBlocks/MultiplayerBlocks/Shared/Colocation/ColocationPackage/Runtime/SharedAnchorManager.cs
 0.1 kb	 0.0% Packages/com.meta.xr.sdk.core/Scripts/BuildingBlocks/MultiplayerBlocks/Shared/Colocation/ColocationPackage/Runtime/NetworkImpl/INetworkMessenger.cs
 0.1 kb	 0.0% Packages/com.meta.xr.sdk.core/Scripts/BuildingBlocks/MultiplayerBlocks/Shared/Colocation/ColocationPackage/Runtime/AlignCameraToAnchor.cs
 0.1 kb	 0.0% Packages/com.meta.xr.mrutilitykit/Core/Scripts/EnvironmentDepthManagerRaycastExtensions.cs
 0.1 kb	 0.0% Assets/XR/XRGeneralSettingsPerBuildTarget.asset
 0.1 kb	 0.0% Packages/com.unity.xr.legacyinputhelpers/Runtime/ArmModels/SwingArmModel.cs
 0.1 kb	 0.0% Packages/com.unity.xr.core-utils/Runtime/Datums/AnimationCurveDatumProperty.cs
 0.1 kb	 0.0% Packages/com.unity.xr.core-utils/Runtime/Attributes/ScriptableSettingsPathAttribute.cs
 0.1 kb	 0.0% Packages/com.unity.ugui/Runtime/UGUI/EventSystem/UIElements/UIToolkitInteroperabilityBridge.cs
 0.1 kb	 0.0% Packages/com.unity.inputsystem/InputSystem/Runtime/Utilities/Observables/ForDeviceEventObservable.cs
 0.1 kb	 0.0% Packages/com.unity.inputsystem/InputSystem/Runtime/Plugins/XR/Haptics/SendHapticImpulseCommand.cs
 0.1 kb	 0.0% Packages/com.unity.inputsystem/InputSystem/Runtime/Plugins/Android/AndroidSensors.cs
 0.1 kb	 0.0% Packages/com.unity.inputsystem/InputSystem/Runtime/Controls/Processors/StickDeadzoneProcessor.cs
 0.1 kb	 0.0% Packages/com.unity.inputsystem/InputSystem/Runtime/Controls/Processors/ScaleVector3Processor.cs
 0.1 kb	 0.0% Packages/com.unity.inputsystem/InputSystem/Runtime/Controls/Processors/ScaleVector2Processor.cs
 0.1 kb	 0.0% Packages/com.unity.inputsystem/InputSystem/Runtime/Controls/Processors/InvertVector3Processor.cs
 0.1 kb	 0.0% Packages/com.unity.inputsystem/InputSystem/Runtime/Controls/Processors/InvertVector2Processor.cs
 0.1 kb	 0.0% Packages/com.unity.inputsystem/InputSystem/Runtime/Controls/Processors/AxisDeadzoneProcessor.cs
 0.1 kb	 0.0% Packages/com.unity.inputsystem/InputSystem/Runtime/Actions/Composites/TwoModifiersComposite.cs
 0.1 kb	 0.0% Packages/com.unity.inputsystem/InputSystem/Runtime/Actions/Composites/ButtonWithTwoModifiers.cs
 0.1 kb	 0.0% Packages/com.unity.inputsystem/InputSystem/Runtime/Actions/Composites/ButtonWithOneModifier.cs
 0.1 kb	 0.0% Packages/com.unity.inputsystem/InputSystem/Editor/AssetEditor/NameAndParameterListView.cs
 0.1 kb	 0.0% Packages/com.unity.inputsystem/InputSystem/Editor/Actions/Interactions/SlowTapInteractionEditor.cs
 0.1 kb	 0.0% Packages/com.unity.inputsystem/InputSystem/Editor/Actions/Interactions/PressInteractionEditor.cs
 0.1 kb	 0.0% Packages/com.unity.inputsystem/InputSystem/Editor/Actions/Interactions/HoldInteractionEditor.cs
 0.1 kb	 0.0% Packages/com.unity.inputsystem/InputSystem/Editor/Actions/Composites/Vector3CompositeEditor.cs
 0.1 kb	 0.0% Packages/com.unity.inputsystem/InputSystem/Editor/Actions/Composites/Vector2CompositeEditor.cs
 0.1 kb	 0.0% Packages/com.unity.collections/Unity.Collections/UnsafeScratchAllocator.cs
 0.1 kb	 0.0% Packages/com.unity.collections/Unity.Collections/NativeParallelHashMapExtensions.cs
 0.1 kb	 0.0% Packages/com.unity.cloud.gltfast/Runtime/Scripts/Export/GltfBuiltInShaderMaterialExporter.cs
 0.1 kb	 0.0% Packages/com.unity.cloud.gltfast/Runtime/DocExamples/TextureAddOnExample.cs
 0.1 kb	 0.0% Packages/com.unity.cloud.gltfast/Runtime/DocExamples/MultipleInstances.cs
 0.1 kb	 0.0% Packages/com.unity.cloud.gltfast/Runtime/DocExamples/LoadGltfFromMemory.cs
 0.1 kb	 0.0% Packages/com.meta.xr.sdk.core/Scripts/ImmersiveDebugger/UserInterface/Resources/Styles/ImageStyles/MemberDescriptionBackground.asset
 0.1 kb	 0.0% Packages/com.meta.xr.sdk.core/Scripts/ImmersiveDebugger/UserInterface/Resources/Styles/ImageStyles/DropdownValueBackgroundRoot.asset
 0.1 kb	 0.0% Packages/com.meta.xr.sdk.core/Scripts/ImmersiveDebugger/RuntimeAPIResults.cs
 0.1 kb	 0.0% Packages/com.meta.xr.sdk.core/Scripts/ImmersiveDebugger/Managers/SubManagersForAddon.cs
 0.1 kb	 0.0% Packages/com.meta.xr.sdk.core/Scripts/ImmersiveDebugger/InspectedData/SerializableInspectedItems.cs
 0.1 kb	 0.0% Packages/com.meta.xr.sdk.core/Scripts/ImmersiveDebugger/DebugInspector/RuntimeInspectorManager.cs
 0.1 kb	 0.0% Packages/com.meta.xr.sdk.core/Scripts/ImmersiveDebugger/DebugInspector/DebugInspectorManager.cs
 0.1 kb	 0.0% Packages/com.meta.xr.sdk.core/Scripts/BuildingBlocks/MultiplayerBlocks/Shared/PlayerNameTag/Scripts/PlayerNameTagSpawner.cs
 0.1 kb	 0.0% Packages/com.meta.xr.sdk.core/Scripts/BuildingBlocks/MultiplayerBlocks/Shared/NetworkedAvatar/Scripts/IAvatarStreamConfig.cs
 0.1 kb	 0.0% Packages/com.meta.xr.sdk.core/Scripts/BuildingBlocks/MultiplayerBlocks/Shared/CustomMatchmaking/CustomMatchmaking.cs
 0.1 kb	 0.0% Packages/com.meta.xr.sdk.core/Scripts/BuildingBlocks/MultiplayerBlocks/Shared/Colocation/Scripts/ColocationController.cs
 0.1 kb	 0.0% Packages/com.meta.xr.sdk.core/Scripts/BuildingBlocks/MultiplayerBlocks/Shared/Colocation/Scripts/ColocationConstants.cs
 0.1 kb	 0.0% Packages/com.meta.xr.sdk.core/Scripts/BuildingBlocks/AIBlocks/UnityInferenceEngine/TextOnlyLLMRunner.cs
 0.1 kb	 0.0% Packages/com.meta.xr.sdk.core/Scripts/BuildingBlocks/AIBlocks/UnityInferenceEngine/OnDeviceLLMConfig.cs
 0.1 kb	 0.0% Packages/com.meta.xr.sdk.core/Scripts/BuildingBlocks/AIBlocks/Tasks/ITextToSpeechTask.cs
 0.1 kb	 0.0% Packages/com.meta.xr.sdk.core/Scripts/BuildingBlocks/AIBlocks/Tasks/ISpeechToTextTask.cs
 0.1 kb	 0.0% Packages/com.meta.xr.sdk.core/Scripts/BuildingBlocks/AIBlocks/Tasks/IObjectDetectionTask.cs
 0.1 kb	 0.0% Packages/com.meta.xr.sdk.core/Scripts/BuildingBlocks/AIBlocks/Providers/ReplicateProvider.cs
 0.1 kb	 0.0% Packages/com.meta.xr.sdk.core/Scripts/BuildingBlocks/AIBlocks/Providers/HuggingFaceProvider.cs
 0.1 kb	 0.0% Packages/com.meta.xr.sdk.core/Scripts/BuildingBlocks/AIBlocks/Providers/ElevenLabsProvider.cs
 0.1 kb	 0.0% Packages/com.meta.xr.sdk.core/Scripts/BuildingBlocks/AIBlocks/Providers/CredentialStorage.cs
 0.1 kb	 0.0% Packages/com.meta.xr.sdk.core/Scripts/BuildingBlocks/AIBlocks/DepthTools/DepthTextureAccess.cs
 0.1 kb	 0.0% Packages/com.meta.xr.sdk.core/Scripts/BuildingBlocks/AIBlocks/Agents/TextToSpeechAgent.cs
 0.1 kb	 0.0% Packages/com.meta.xr.sdk.core/Scripts/BuildingBlocks/AIBlocks/Agents/SpeechToTextAgent.cs
 0.1 kb	 0.0% Packages/com.meta.xr.sdk.core/Scripts/BuildingBlocks/AIBlocks/Agents/ObjectDetectionAgent.cs
 0.1 kb	 0.0% Packages/com.meta.xr.mrutilitykit/Core/Scripts/SceneDecorator/Pool/SingletonMonoBehavior.cs
 0.1 kb	 0.0% Packages/com.meta.xr.mrutilitykit/Core/Scripts/SceneDecorator/Modifier/RotationModifierSpaceMap.cs
 0.1 kb	 0.0% Packages/com.meta.xr.mrutilitykit/Core/Scripts/SceneDecorator/Masks/InsideCurrentRoomMask.cs
 0.1 kb	 0.0% Packages/com.meta.xr.mrutilitykit/Core/Scripts/SceneDecorator/Editor/SceneDecorationEditor.cs
 0.1 kb	 0.0% Packages/com.meta.xr.mrutilitykit/Core/Scripts/DestructibleGlobalMeshSpawner.cs
 0.1 kb	 0.0% Assets/Milzet/StartupSource/Project/Scripts/Timeline/Tracks/UICanvas/UICanvasMixerBehaviour.cs
 0.1 kb	 0.0% Assets/Milzet/Runtime/StartupPoseExtensions.cs
 0.1 kb	 0.0% Packages/com.unity.xr.openxr/Runtime/Features/Interactions/PalmPoseInteraction.cs
 0.1 kb	 0.0% Packages/com.unity.xr.openxr/Runtime/Features/Interactions/EyeGazeInteraction.cs
 0.1 kb	 0.0% Packages/com.unity.xr.legacyinputhelpers/Runtime/TrackedPoseDriver/BasePoseProvider.cs
 0.1 kb	 0.0% Packages/com.unity.xr.core-utils/Runtime/CapabilityProfile/Dictionary/StandardCapabilityKeys.cs
 0.1 kb	 0.0% Packages/com.unity.ugui/Runtime/TMP/TMP_SpriteAssetImportFormats.cs
 0.1 kb	 0.0% Packages/com.unity.timeline/Runtime/Animation/AnimationPreviewUpdateCallback.cs
 0.1 kb	 0.0% Packages/com.unity.timeline/Runtime/Animation/AnimationOutputWeightProcessor.cs
 0.1 kb	 0.0% Packages/com.unity.inputsystem/InputSystem/Runtime/State/IInputStateChangeMonitor.cs
 0.1 kb	 0.0% Packages/com.unity.inputsystem/InputSystem/Runtime/Plugins/iOS/IOSGameController.cs
 0.1 kb	 0.0% Packages/com.unity.inputsystem/InputSystem/Runtime/Plugins/Users/InputUserAccountHandle.cs
 0.1 kb	 0.0% Packages/com.unity.inputsystem/InputSystem/Runtime/Plugins/Switch/SwitchProControllerHID.cs
 0.1 kb	 0.0% Packages/com.unity.inputsystem/InputSystem/Runtime/Plugins/OSX/OSXGameController.cs
 0.1 kb	 0.0% Packages/com.unity.inputsystem/InputSystem/Runtime/Plugins/EnhancedTouch/EnhancedTouchSupport.cs
 0.1 kb	 0.0% Packages/com.unity.inputsystem/InputSystem/Runtime/InputManagerStateMonitors.cs
 0.1 kb	 0.0% Packages/com.unity.inputsystem/InputSystem/Runtime/Events/DeviceConfigurationEvent.cs
 0.1 kb	 0.0% Packages/com.unity.inputsystem/InputSystem/Runtime/Devices/Remote/RemoteInputPlayerConnection.cs
 0.1 kb	 0.0% Packages/com.unity.inputsystem/InputSystem/Runtime/Devices/InputDeviceDescription.cs
 0.1 kb	 0.0% Packages/com.unity.inputsystem/InputSystem/Runtime/Devices/Haptics/DualMotorRumbleCommand.cs
 0.1 kb	 0.0% Packages/com.unity.inputsystem/InputSystem/Runtime/Devices/Commands/WarpMousePositionCommand.cs
 0.1 kb	 0.0% Packages/com.unity.inputsystem/InputSystem/Runtime/Devices/Commands/QueryEnabledStateCommand.cs
 0.1 kb	 0.0% Packages/com.unity.inputsystem/InputSystem/Runtime/Devices/Commands/QueryDimensionsCommand.cs
 0.1 kb	 0.0% Packages/com.unity.inputsystem/InputSystem/Runtime/Devices/Commands/QueryCanRunInBackground.cs
 0.1 kb	 0.0% Packages/com.unity.inputsystem/InputSystem/Runtime/Devices/Commands/IInputDeviceCommandInfo.cs
 0.1 kb	 0.0% Packages/com.unity.inputsystem/InputSystem/Runtime/Controls/InputControlAttribute.cs
 0.1 kb	 0.0% Packages/com.unity.inputsystem/InputSystem/Runtime/Controls/DiscreteButtonControl.cs
 0.1 kb	 0.0% Packages/com.unity.inputsystem/InputSystem/Runtime/Actions/InputBindingCompositeContext.cs
 0.1 kb	 0.0% Packages/com.unity.inputsystem/InputSystem/Runtime/Actions/InputActionSetupExtensions.cs
 0.1 kb	 0.0% Packages/com.unity.inputsystem/InputSystem/Runtime/Actions/InputActionParameters.cs
 0.1 kb	 0.0% Packages/com.unity.inputsystem/InputSystem/Editor/UITKAssetEditor/Views/VisualElementExtensions.cs
 0.1 kb	 0.0% Packages/com.unity.inputsystem/InputSystem/Editor/UITKAssetEditor/Views/InputActionsTreeViewItem.cs
 0.1 kb	 0.0% Packages/com.unity.inputsystem/InputSystem/Editor/UITKAssetEditor/Views/InputActionsEditorView.cs
 0.1 kb	 0.0% Packages/com.unity.inputsystem/InputSystem/Editor/UITKAssetEditor/Views/BindingPropertiesView.cs
 0.1 kb	 0.0% Packages/com.unity.inputsystem/InputSystem/Editor/UITKAssetEditor/SerializedInputBinding.cs
 0.1 kb	 0.0% Packages/com.unity.inputsystem/InputSystem/Editor/UITKAssetEditor/SerializedInputActionMap.cs
 0.1 kb	 0.0% Packages/com.unity.inputsystem/InputSystem/Editor/UITKAssetEditor/SerializedInputAction.cs
 0.1 kb	 0.0% Packages/com.unity.inputsystem/InputSystem/Editor/UITKAssetEditor/InputActionsEditorWindow.cs
 0.1 kb	 0.0% Packages/com.unity.inputsystem/InputSystem/Editor/UITKAssetEditor/InputActionsEditorState.cs
 0.1 kb	 0.0% Packages/com.unity.inputsystem/InputSystem/Editor/UITKAssetEditor/Commands/ControlSchemeCommands.cs
 0.1 kb	 0.0% Packages/com.unity.inputsystem/InputSystem/Editor/Settings/InputSettingsProvider.cs
 0.1 kb	 0.0% Packages/com.unity.inputsystem/InputSystem/Editor/PropertyDrawers/InputControlPathDrawer.cs
 0.1 kb	 0.0% Packages/com.unity.inputsystem/InputSystem/Editor/PropertyDrawers/InputActionDrawerBase.cs
 0.1 kb	 0.0% Packages/com.unity.inputsystem/InputSystem/Editor/PropertyDrawers/InputActionAssetDrawer.cs
 0.1 kb	 0.0% Packages/com.unity.inputsystem/InputSystem/Editor/ProjectWideActions/ProjectWideActionsAsset.cs
 0.1 kb	 0.0% Packages/com.unity.inputsystem/InputSystem/Editor/Plugins/PlayerInput/PlayerInputManagerEditor.cs
 0.1 kb	 0.0% Packages/com.unity.inputsystem/InputSystem/Editor/Plugins/EnhancedTouch/TouchSimulationEditor.cs
 0.1 kb	 0.0% Packages/com.unity.inputsystem/InputSystem/Editor/Internal/AdvancedDropdown/AdvancedDropdownWindow.cs
 0.1 kb	 0.0% Packages/com.unity.inputsystem/InputSystem/Editor/Internal/AdvancedDropdown/AdvancedDropdownState.cs
 0.1 kb	 0.0% Packages/com.unity.inputsystem/InputSystem/Editor/InputSystemPluginControl.cs
 0.1 kb	 0.0% Packages/com.unity.inputsystem/InputSystem/Editor/InputLayoutCodeGenerator.cs
 0.1 kb	 0.0% Packages/com.unity.inputsystem/InputSystem/Editor/InputAssetEditorUtils.cs
 0.1 kb	 0.0% Packages/com.unity.inputsystem/InputSystem/Editor/Debugger/InputLatencyCalculator.cs
 0.1 kb	 0.0% Packages/com.unity.inputsystem/InputSystem/Editor/ControlPicker/InputControlPickerState.cs
 0.1 kb	 0.0% Packages/com.unity.inputsystem/InputSystem/Editor/ControlPicker/InputControlPathEditor.cs
 0.1 kb	 0.0% Packages/com.unity.inputsystem/InputSystem/Editor/ControlPicker/InputControlDropdownItem.cs
 0.1 kb	 0.0% Packages/com.unity.inputsystem/InputSystem/Editor/AssetImporter/InputActionCodeGenerator.cs
 0.1 kb	 0.0% Packages/com.unity.inputsystem/InputSystem/Editor/AssetImporter/InputActionAssetEditor.cs
 0.1 kb	 0.0% Packages/com.unity.inputsystem/InputSystem/Editor/AssetImporter/IInputActionAssetEditor.cs
 0.1 kb	 0.0% Packages/com.unity.inputsystem/InputSystem/Editor/AssetEditor/InputActionAssetManager.cs
 0.1 kb	 0.0% Packages/com.unity.inputsystem/InputSystem/Actions/InputActionStateMonitorIndex.cs
 0.1 kb	 0.0% Packages/com.unity.collections/Unity.Collections/UnsafeAtomicCounter.cs
 0.1 kb	 0.0% Packages/com.meta.xr.sdk.core/Scripts/ImmersiveDebugger/Utils/MemberInfoExtensions.cs
 0.1 kb	 0.0% Packages/com.meta.xr.sdk.core/Scripts/ImmersiveDebugger/UserInterface/Utils/ProxyInputModule.cs
 0.1 kb	 0.0% Packages/com.meta.xr.sdk.core/Scripts/ImmersiveDebugger/UserInterface/Utils/ProxyCameraRig.cs
 0.1 kb	 0.0% Packages/com.meta.xr.sdk.core/Scripts/ImmersiveDebugger/UserInterface/Utils/PanelScrollRect.cs
 0.1 kb	 0.0% Packages/com.meta.xr.sdk.core/Scripts/ImmersiveDebugger/UserInterface/Utils/PanelRaycaster.cs
 0.1 kb	 0.0% Packages/com.meta.xr.sdk.core/Scripts/ImmersiveDebugger/UserInterface/Utils/PanelInputModule.cs
 0.1 kb	 0.0% Packages/com.meta.xr.sdk.core/Scripts/ImmersiveDebugger/UserInterface/Resources/Styles/LayoutStyles/ConsoleLineLogDetailsLabel.asset
 0.1 kb	 0.0% Packages/com.meta.xr.sdk.core/Scripts/ImmersiveDebugger/UserInterface/Resources/Styles/ImageStyles/PanelButtonBackground.asset
 0.1 kb	 0.0% Packages/com.meta.xr.sdk.core/Scripts/ImmersiveDebugger/UserInterface/Resources/Styles/ImageStyles/MemberValueBackground.asset
 0.1 kb	 0.0% Packages/com.meta.xr.sdk.core/Scripts/ImmersiveDebugger/UserInterface/Resources/Styles/ImageStyles/MemberActionBackground.asset
 0.1 kb	 0.0% Packages/com.meta.xr.sdk.core/Scripts/ImmersiveDebugger/UserInterface/Resources/Styles/ImageStyles/LogDetailPaneCloseButton.asset
 0.1 kb	 0.0% Packages/com.meta.xr.sdk.core/Scripts/ImmersiveDebugger/UserInterface/Resources/Styles/ImageStyles/LogDetailPaneBackground.asset
 0.1 kb	 0.0% Packages/com.meta.xr.sdk.core/Scripts/ImmersiveDebugger/UserInterface/Resources/Styles/ImageStyles/InspectorTitleBackground.asset
 0.1 kb	 0.0% Packages/com.meta.xr.sdk.core/Scripts/ImmersiveDebugger/UserInterface/Resources/Styles/ImageStyles/HierarchyItemBackground.asset
 0.1 kb	 0.0% Packages/com.meta.xr.sdk.core/Scripts/ImmersiveDebugger/UserInterface/Resources/Styles/ImageStyles/HierarchyDivBackground.asset
 0.1 kb	 0.0% Packages/com.meta.xr.sdk.core/Scripts/ImmersiveDebugger/UserInterface/Resources/Styles/ImageStyles/DropdownValueBackground.asset
 0.1 kb	 0.0% Packages/com.meta.xr.sdk.core/Scripts/ImmersiveDebugger/UserInterface/Resources/Styles/ImageStyles/ConsoleLineBackground.asset
 0.1 kb	 0.0% Packages/com.meta.xr.sdk.core/Scripts/ImmersiveDebugger/UserInterface/Resources/Styles/ImageStyles/CloseButtonBackground.asset
 0.1 kb	 0.0% Packages/com.meta.xr.sdk.core/Scripts/ImmersiveDebugger/UserInterface/Resources/Styles/ImageStyles/CategoryButtonBackground.asset
 0.1 kb	 0.0% Packages/com.meta.xr.sdk.core/Scripts/ImmersiveDebugger/UserInterface/Resources/Styles/ImageStyles/CategoriesDivBackground.asset
 0.1 kb	 0.0% Packages/com.meta.xr.sdk.core/Scripts/ImmersiveDebugger/UserInterface/InspectorPanel.cs
 0.1 kb	 0.0% Packages/com.meta.xr.sdk.core/Scripts/ImmersiveDebugger/UserInterface/IPanelRegistrar.cs
 0.1 kb	 0.0% Packages/com.meta.xr.sdk.core/Scripts/ImmersiveDebugger/UserInterface/IDebugUIPanel.cs
 0.1 kb	 0.0% Packages/com.meta.xr.sdk.core/Scripts/ImmersiveDebugger/UserInterface/Generic/Styles/Implementations/TextStyle.cs
 0.1 kb	 0.0% Packages/com.meta.xr.sdk.core/Scripts/ImmersiveDebugger/UserInterface/Generic/Styles/Implementations/LayoutStyle.cs
 0.1 kb	 0.0% Packages/com.meta.xr.sdk.core/Scripts/ImmersiveDebugger/UserInterface/Generic/Styles/Implementations/ImageStyle.cs
 0.1 kb	 0.0% Packages/com.meta.xr.sdk.core/Scripts/ImmersiveDebugger/UserInterface/Generic/Controllers/Interface.cs
 0.1 kb	 0.0% Packages/com.meta.xr.sdk.core/Scripts/ImmersiveDebugger/UserInterface/Generic/Controllers/Implementations/ScrollView.cs
 0.1 kb	 0.0% Packages/com.meta.xr.sdk.core/Scripts/ImmersiveDebugger/UserInterface/Generic/Controllers/Implementations/Background.cs
 0.1 kb	 0.0% Packages/com.meta.xr.sdk.core/Scripts/ImmersiveDebugger/UserInterface/Generic/Controllers/Controller.cs
 0.1 kb	 0.0% Packages/com.meta.xr.sdk.core/Scripts/ImmersiveDebugger/UserInterface/DebugInterface.cs
 0.1 kb	 0.0% Packages/com.meta.xr.sdk.core/Scripts/ImmersiveDebugger/UserInterface/CategoryButton.cs
 0.1 kb	 0.0% Packages/com.meta.xr.sdk.core/Scripts/ImmersiveDebugger/Interface/DebugAttributes.cs
 0.1 kb	 0.0% Packages/com.meta.xr.sdk.core/Scripts/ImmersiveDebugger/Gizmos/GizmoTypesRegistry.cs
 0.1 kb	 0.0% Packages/com.meta.xr.sdk.core/Scripts/ImmersiveDebugger/Gizmos/GizmoRendererManager.cs
 0.1 kb	 0.0% Packages/com.meta.xr.sdk.core/Scripts/BuildingBlocks/MultiplayerBlocks/Shared/Colocation/ColocationPackage/Runtime/NetworkImpl/NetworkDataUtils.cs
 0.1 kb	 0.0% Packages/com.meta.xr.sdk.core/Scripts/BuildingBlocks/MultiplayerBlocks/Shared/Colocation/ColocationPackage/Runtime/NetworkImpl/NetworkAdapter.cs
 0.1 kb	 0.0% Assets/TextMesh Pro/Resources/LineBreaking Leading Characters.txt
 0.1 kb	 0.0% Packages/com.unity.xr.openxr/Runtime/MockRuntime/MockRuntime.cs
 0.1 kb	 0.0% Packages/com.unity.xr.openxr/Runtime/Features/OpenXRInteractionFeature.cs
 0.1 kb	 0.0% Packages/com.unity.xr.openxr/Runtime/Features/OpenXRFeatureAttribute.cs
 0.1 kb	 0.0% Packages/com.unity.xr.openxr/Runtime/Features/FoveatedRenderingFeature.cs
 0.1 kb	 0.0% Packages/com.unity.xr.management/Runtime/XRManagementAnalytics.cs
 0.1 kb	 0.0% Packages/com.unity.xr.management/Runtime/XRConfigurationData.cs
 0.1 kb	 0.0% Packages/com.unity.xr.legacyinputhelpers/Runtime/TrackedPoseDriver/TrackedPoseDriver.cs
 0.1 kb	 0.0% Packages/com.unity.xr.legacyinputhelpers/Runtime/CameraOffset.cs
 0.1 kb	 0.0% Packages/com.unity.ugui/Runtime/UGUI/UI/Core/Layout/HorizontalOrVerticalLayoutGroup.cs
 0.1 kb	 0.0% Packages/com.unity.inputsystem/InputSystem/Runtime/Utilities/NameAndParameters.cs
 0.1 kb	 0.0% Packages/com.unity.inputsystem/InputSystem/Runtime/Utilities/CSharpCodeHelpers.cs
 0.1 kb	 0.0% Packages/com.unity.inputsystem/InputSystem/Runtime/Plugins/UI/TrackedDeviceRaycaster.cs
 0.1 kb	 0.0% Packages/com.unity.inputsystem/InputSystem/Runtime/Plugins/UI/MultiplayerEventSystem.cs
 0.1 kb	 0.0% Packages/com.unity.inputsystem/InputSystem/Runtime/Plugins/UI/InputSystemUIInputModule.cs
 0.1 kb	 0.0% Packages/com.unity.inputsystem/InputSystem/Runtime/Plugins/UI/ExtendedPointerEventData.cs
 0.1 kb	 0.0% Packages/com.unity.inputsystem/InputSystem/Runtime/Plugins/UI/ExtendedAxisEventData.cs
 0.1 kb	 0.0% Packages/com.unity.inputsystem/InputSystem/Runtime/Plugins/DualShock/IDualShockHaptics.cs
 0.1 kb	 0.0% Packages/com.unity.inputsystem/InputSystem/Runtime/Controls/Processors/NormalizeProcessor.cs
 0.1 kb	 0.0% Packages/com.unity.inputsystem/InputSystem/Runtime/Actions/Interactions/SlowTapInteraction.cs
 0.1 kb	 0.0% Packages/com.unity.inputsystem/InputSystem/Runtime/Actions/Interactions/MultiTapInteraction.cs
 0.1 kb	 0.0% Packages/com.unity.inputsystem/InputSystem/Runtime/Actions/Composites/OneModifierComposite.cs
 0.1 kb	 0.0% Packages/com.unity.inputsystem/InputSystem/Editor/Utilities/DirtyAssetTracker.cs
 0.1 kb	 0.0% Packages/com.unity.inputsystem/InputSystem/Editor/Plugins/HID/HIDDescriptorWindow.cs
 0.1 kb	 0.0% Packages/com.unity.inputsystem/InputSystem/Editor/AssetEditor/ParameterListView.cs
 0.1 kb	 0.0% Packages/com.unity.inputsystem/InputSystem/Editor/AssetEditor/InputActionTreeViewItems.cs
 0.1 kb	 0.0% Packages/com.unity.inputsystem/InputSystem/Editor/Actions/Interactions/TapInteractionEditor.cs
 0.1 kb	 0.0% Packages/com.unity.inputsystem/InputSystem/Editor/Actions/Composites/AxisCompositeEditor.cs
 0.1 kb	 0.0% Packages/com.unity.collections/Unity.Collections/UnsafeUtilityEx.cs
 0.1 kb	 0.0% Packages/com.unity.collections/Unity.Collections/UnsafeAppendBuffer.cs
 0.1 kb	 0.0% Packages/com.unity.collections/Unity.Collections/NativeParallelHashSetExtensions.gen.cs
 0.1 kb	 0.0% Packages/com.unity.collections/Unity.Collections/Jobs/RegisterGenericJobTypeAttribute.cs
 0.1 kb	 0.0% Packages/com.unity.collections/Unity.Collections/DoubleRewindableAllocators.cs
 0.1 kb	 0.0% Packages/com.unity.collections/Unity.Collections/DataStreamExtensions.cs
 0.1 kb	 0.0% Packages/com.unity.cloud.gltfast/Runtime/Scripts/Newtonsoft/Schema/TextureInfoExtensions.cs
 0.1 kb	 0.0% Packages/com.unity.cloud.gltfast/Runtime/Scripts/Newtonsoft/Schema/MeshPrimitiveExtensions.cs
 0.1 kb	 0.0% Packages/com.unity.cloud.gltfast/Runtime/Scripts/Newtonsoft/Schema/AnimationChannelTarget.cs
 0.1 kb	 0.0% Packages/com.unity.cloud.gltfast/Runtime/Scripts/Newtonsoft/Schema/AccessorSparseIndices.cs
 0.1 kb	 0.0% Packages/com.unity.cloud.gltfast/Runtime/Scripts/Export/BuiltInStandardMaterialExport.cs
 0.1 kb	 0.0% Packages/com.unity.cloud.gltfast/Runtime/DocExamples/WebpTextureAddon.cs
 0.1 kb	 0.0% Packages/com.unity.cloud.gltfast/Runtime/DocExamples/PngTextureAddon.cs
 0.1 kb	 0.0% Packages/com.unity.cloud.gltfast/Runtime/DocExamples/ExportSamples.cs
 0.1 kb	 0.0% Packages/com.unity.cloud.gltfast/Runtime/DocExamples/CustomGltfImport.cs
 0.1 kb	 0.0% Packages/com.meta.xr.sdk.core/Scripts/ImmersiveDebugger/UserInterface/Resources/Styles/LayoutStyles/LogDetailsPaneBackground.asset
 0.1 kb	 0.0% Packages/com.meta.xr.sdk.core/Scripts/ImmersiveDebugger/UserInterface/Resources/Styles/LayoutStyles/LogDetailPaneCloseButton.asset
 0.1 kb	 0.0% Packages/com.meta.xr.sdk.core/Scripts/ImmersiveDebugger/UserInterface/Resources/Styles/LayoutStyles/InspectorTitleBackground.asset
 0.1 kb	 0.0% Packages/com.meta.xr.sdk.core/Scripts/ImmersiveDebugger/UserInterface/Resources/Styles/LayoutStyles/InspectorCategoryFlex.asset
 0.1 kb	 0.0% Packages/com.meta.xr.sdk.core/Scripts/ImmersiveDebugger/UserInterface/Resources/Styles/LayoutStyles/HierarchyItemLabelInner.asset
 0.1 kb	 0.0% Packages/com.meta.xr.sdk.core/Scripts/ImmersiveDebugger/UserInterface/Resources/Styles/LayoutStyles/CategoriesDivBackground.asset
 0.1 kb	 0.0% Packages/com.meta.xr.sdk.core/Scripts/ImmersiveDebugger/UserInterface/Resources/Styles/ImageStyles/InspectorModeIcon.asset
 0.1 kb	 0.0% Packages/com.meta.xr.sdk.core/Scripts/ImmersiveDebugger/UserInterface/Resources/Styles/ImageStyles/InspectorFoldoutIcon.asset
 0.1 kb	 0.0% Packages/com.meta.xr.sdk.core/Scripts/ImmersiveDebugger/UserInterface/Resources/Styles/ImageStyles/InspectorBackground.asset
 0.1 kb	 0.0% Packages/com.meta.xr.sdk.core/Scripts/ImmersiveDebugger/UserInterface/Resources/Styles/ImageStyles/DropdownBackground.asset
 0.1 kb	 0.0% Packages/com.meta.xr.sdk.core/Scripts/ImmersiveDebugger/Managers/IDebugManager.cs
 0.1 kb	 0.0% Packages/com.meta.xr.sdk.core/Scripts/ImmersiveDebugger/Managers/ActionManager.cs
 0.1 kb	 0.0% Packages/com.meta.xr.sdk.core/Scripts/EnvironmentDepth/EnvironmentDepthUtils.cs
 0.1 kb	 0.0% Packages/com.meta.xr.sdk.core/Scripts/EnvironmentDepth/EnvironmentDepthManager.cs
 0.1 kb	 0.0% Packages/com.meta.xr.sdk.core/Scripts/BuildingBlocks/SharedSpatialAnchorCore/SharedSpatialAnchorCoreBuildingBlock.cs
 0.1 kb	 0.0% Packages/com.meta.xr.sdk.core/Scripts/BuildingBlocks/SharedSpatialAnchorCore/SharedSpatialAnchorCore.cs
 0.1 kb	 0.0% Packages/com.meta.xr.sdk.core/Scripts/BuildingBlocks/MultiplayerBlocks/Shared/NetworkedAvatar/Scripts/IAvatarBehaviour.cs
 0.1 kb	 0.0% Packages/com.meta.xr.sdk.core/Scripts/BuildingBlocks/MultiplayerBlocks/Shared/LocalMatchmaking/LocalMatchmaking.cs
 0.1 kb	 0.0% Packages/com.meta.xr.sdk.core/Scripts/BuildingBlocks/ControllerButtonsMapperScripts/ControllerButtonsMapper.cs
 0.1 kb	 0.0% Packages/com.meta.xr.sdk.core/Scripts/BuildingBlocks/AIBlocks/UnityInferenceEngine/GPT2Tokenizer.cs
 0.1 kb	 0.0% Packages/com.meta.xr.sdk.core/Scripts/BuildingBlocks/AIBlocks/Transport/HttpTransport.cs
 0.1 kb	 0.0% Packages/com.meta.xr.sdk.core/Scripts/BuildingBlocks/AIBlocks/Providers/OpenAIProvider.cs
 0.1 kb	 0.0% Packages/com.meta.xr.sdk.core/Scripts/BuildingBlocks/AIBlocks/Providers/OllamaProvider.cs
 0.1 kb	 0.0% Packages/com.meta.xr.sdk.core/Scripts/BuildingBlocks/AIBlocks/Providers/LlamaApiProvider.cs
 0.1 kb	 0.0% Packages/com.meta.xr.sdk.core/Scripts/BuildingBlocks/AIBlocks/Providers/AIProviderBase.cs
 0.1 kb	 0.0% Packages/com.meta.xr.sdk.core/Scripts/BuildingBlocks/AIBlocks/Agents/LlmAgentHelper.cs
 0.1 kb	 0.0% Packages/com.meta.xr.mrutilitykit/Core/Scripts/SceneDecorator/Pool/PoolManagerSingleton.cs
 0.1 kb	 0.0% Packages/com.meta.xr.mrutilitykit/Core/Scripts/SceneDecorator/Pool/PoolManagerComponent.cs
 0.1 kb	 0.0% Packages/com.meta.xr.mrutilitykit/Core/Scripts/SceneDecorator/Modifier/ScaleUniformModifier.cs
 0.1 kb	 0.0% Packages/com.meta.xr.mrutilitykit/Core/Scripts/SceneDecorator/Masks/CellularNoiseMask.cs
 0.1 kb	 0.0% Packages/com.meta.xr.mrutilitykit/Core/Scripts/SceneDecorator/Masks/AnchorDistanceMask.cs
 0.1 kb	 0.0% Packages/com.meta.xr.mrutilitykit/Core/Scripts/SceneDecorator/Distributions/SimplexDistribution.cs
 0.1 kb	 0.0% Packages/com.meta.xr.mrutilitykit/Core/Scripts/SceneDecorator/Distributions/RandomDistribution.cs
 0.1 kb	 0.0% Packages/com.meta.xr.mrutilitykit/Core/Scripts/ICustomAnchorPrefabSpawner.cs
 0.1 kb	 0.0% Packages/com.meta.xr.mrutilitykit/Core/Scripts/DestructibleMeshComponent.cs
 0.1 kb	 0.0% Packages/com.meta.xr.mrutilitykit/Core/Scripts/BuildingBlocks/InstantContentPlacement/Scripts/VisualizeEnvRaycast.cs
 0.1 kb	 0.0% Packages/com.meta.xr.mrutilitykit/Core/Scripts/AnchorPrefabSpawnerUtilities.cs
 0.1 kb	 0.0% Assets/Resources/OculusRuntimeSettings.asset
 0.1 kb	 0.0% Assets/Milzet/StartupSource/Project/Scripts/Timeline/Tracks/UICanvas/UICanvasBehaviour.cs
 0.1 kb	 0.0% Assets/Milzet/StartupSource/Project/Scripts/Localization/IgnoreLocalization.cs
 0.1 kb	 0.0% Packages/com.unity.xr.openxr/Runtime/OpenXRNativeTypes.cs
 0.1 kb	 0.0% Packages/com.unity.xr.openxr/Runtime/OpenXRColorSubmissonModeList.cs
 0.1 kb	 0.0% Packages/com.unity.xr.openxr/Runtime/Features/Interactions/DPadInteraction.cs
 0.1 kb	 0.0% Packages/com.unity.xr.core-utils/Runtime/CapabilityProfile/Dictionary/ICapabilityModifier.cs
 0.1 kb	 0.0% Packages/com.unity.xr.core-utils/Runtime/CapabilityProfile/Dictionary/CapabilityDictionary.cs
 0.1 kb	 0.0% Packages/com.unity.xr.core-utils/Runtime/CapabilityProfile/CapabilityProfile.cs
 0.1 kb	 0.0% Packages/com.unity.xr.core-utils/Runtime/Attributes/FlagsPropertyAttribute.cs
 0.1 kb	 0.0% Packages/com.unity.ugui/Runtime/TMP/TMP_DynamicFontAssetUtilities.cs
 0.1 kb	 0.0% Packages/com.unity.timeline/Runtime/Utilities/AnimationPreviewUtilities.cs
 0.1 kb	 0.0% Packages/com.unity.timeline/Runtime/Playables/TimeNotificationBehaviour.cs
 0.1 kb	 0.0% Packages/com.unity.timeline/Runtime/Playables/ActivationControlPlayable.cs
 0.1 kb	 0.0% Packages/com.unity.timeline/Runtime/Events/INotificationOptionProvider.cs
 0.1 kb	 0.0% Packages/com.unity.inputsystem/InputSystem/Runtime/Utilities/Comparers.cs
 0.1 kb	 0.0% Packages/com.unity.inputsystem/InputSystem/Runtime/State/InputStateHistory.cs
 0.1 kb	 0.0% Packages/com.unity.inputsystem/InputSystem/Runtime/State/InputStateBuffers.cs
 0.1 kb	 0.0% Packages/com.unity.inputsystem/InputSystem/Runtime/State/IInputStateTypeInfo.cs
 0.1 kb	 0.0% Packages/com.unity.inputsystem/InputSystem/Runtime/Plugins/Users/InputUserSettings.cs
 0.1 kb	 0.0% Packages/com.unity.inputsystem/InputSystem/Runtime/Plugins/Switch/SwitchProController.cs
 0.1 kb	 0.0% Packages/com.unity.inputsystem/InputSystem/Runtime/Plugins/EnhancedTouch/TouchSimulation.cs
 0.1 kb	 0.0% Packages/com.unity.inputsystem/InputSystem/Runtime/NativeInputRuntime.cs
 0.1 kb	 0.0% Packages/com.unity.inputsystem/InputSystem/Runtime/InputEditorUserSettings.cs
 0.1 kb	 0.0% Packages/com.unity.inputsystem/InputSystem/Runtime/Events/InputEventListener.cs
 0.1 kb	 0.0% Packages/com.unity.inputsystem/InputSystem/Runtime/Events/IMECompositionEvent.cs
 0.1 kb	 0.0% Packages/com.unity.inputsystem/InputSystem/Runtime/Events/IInputEventTypeInfo.cs
 0.1 kb	 0.0% Packages/com.unity.inputsystem/InputSystem/Runtime/Events/DeviceRemoveEvent.cs
 0.1 kb	 0.0% Packages/com.unity.inputsystem/InputSystem/Runtime/Devices/InputDeviceMatcher.cs
 0.1 kb	 0.0% Packages/com.unity.inputsystem/InputSystem/Runtime/Devices/InputDeviceBuilder.cs
 0.1 kb	 0.0% Packages/com.unity.inputsystem/InputSystem/Runtime/Devices/ITextInputReceiver.cs
 0.1 kb	 0.0% Packages/com.unity.inputsystem/InputSystem/Runtime/Devices/IEventPreProcessor.cs
 0.1 kb	 0.0% Packages/com.unity.inputsystem/InputSystem/Runtime/Devices/ICustomDeviceReset.cs
 0.1 kb	 0.0% Packages/com.unity.inputsystem/InputSystem/Runtime/Devices/Commands/RequestSyncCommand.cs
 0.1 kb	 0.0% Packages/com.unity.inputsystem/InputSystem/Runtime/Devices/Commands/RequestResetCommand.cs
 0.1 kb	 0.0% Packages/com.unity.inputsystem/InputSystem/Runtime/Devices/Commands/QueryUserIdCommand.cs
 0.1 kb	 0.0% Packages/com.unity.inputsystem/InputSystem/Runtime/Devices/Commands/QueryKeyNameCommand.cs
 0.1 kb	 0.0% Packages/com.unity.inputsystem/InputSystem/Runtime/Devices/Commands/InputDeviceCommand.cs
 0.1 kb	 0.0% Packages/com.unity.inputsystem/InputSystem/Runtime/Devices/Commands/EnableDeviceCommand.cs
 0.1 kb	 0.0% Packages/com.unity.inputsystem/InputSystem/Runtime/Devices/Commands/DisableDeviceCommand.cs
 0.1 kb	 0.0% Packages/com.unity.inputsystem/InputSystem/Runtime/Controls/TouchPressControl.cs
 0.1 kb	 0.0% Packages/com.unity.inputsystem/InputSystem/Runtime/Controls/TouchPhaseControl.cs
 0.1 kb	 0.0% Packages/com.unity.inputsystem/InputSystem/Runtime/Controls/QuaternionControl.cs
 0.1 kb	 0.0% Packages/com.unity.inputsystem/InputSystem/Runtime/Controls/InputControlLayout.cs
 0.1 kb	 0.0% Packages/com.unity.inputsystem/InputSystem/Runtime/Controls/InputControlExtensions.cs
 0.1 kb	 0.0% Packages/com.unity.inputsystem/InputSystem/Runtime/Actions/InputInteractionContext.cs
 0.1 kb	 0.0% Packages/com.unity.inputsystem/InputSystem/Runtime/Actions/InputBindingComposite.cs
 0.1 kb	 0.0% Packages/com.unity.inputsystem/InputSystem/Runtime/Actions/IInputActionCollection.cs
 0.1 kb	 0.0% Packages/com.unity.inputsystem/InputSystem/Editor/VirtualMouseInputEditor.cs
 0.1 kb	 0.0% Packages/com.unity.inputsystem/InputSystem/Editor/UITKAssetEditor/Views/MatchingControlPaths.cs
 0.1 kb	 0.0% Packages/com.unity.inputsystem/InputSystem/Editor/UITKAssetEditor/Views/IViewStateCollection.cs
 0.1 kb	 0.0% Packages/com.unity.inputsystem/InputSystem/Editor/UITKAssetEditor/Views/ControlSchemesView.cs
 0.1 kb	 0.0% Packages/com.unity.inputsystem/InputSystem/Editor/UITKAssetEditor/Views/ActionPropertiesView.cs
 0.1 kb	 0.0% Packages/com.unity.inputsystem/InputSystem/Editor/UITKAssetEditor/EnumerableExtensions.cs
 0.1 kb	 0.0% Packages/com.unity.inputsystem/InputSystem/Editor/PropertyDrawers/InputActionMapDrawer.cs
 0.1 kb	 0.0% Packages/com.unity.inputsystem/InputSystem/Editor/PropertyDrawers/InputActionDrawer.cs
 0.1 kb	 0.0% Packages/com.unity.inputsystem/InputSystem/Editor/Plugins/iOS/InputSettingsiOSProvider.cs
 0.1 kb	 0.0% Packages/com.unity.inputsystem/InputSystem/Editor/Plugins/PlayerInput/PlayerInputEditor.cs
 0.1 kb	 0.0% Packages/com.unity.inputsystem/InputSystem/Editor/Plugins/OnScreen/OnScreenStickEditor.cs
 0.1 kb	 0.0% Packages/com.unity.inputsystem/InputSystem/Editor/Plugins/OnScreen/OnScreenButtonEditor.cs
 0.1 kb	 0.0% Packages/com.unity.inputsystem/InputSystem/Editor/Internal/InputEventTreeView.cs
 0.1 kb	 0.0% Packages/com.unity.inputsystem/InputSystem/Editor/Internal/InputControlTreeView.cs
 0.1 kb	 0.0% Packages/com.unity.inputsystem/InputSystem/Editor/Internal/BuildProviderHelpers.cs
 0.1 kb	 0.0% Packages/com.unity.inputsystem/InputSystem/Editor/Internal/AdvancedDropdown/MultiLevelDataSource.cs
 0.1 kb	 0.0% Packages/com.unity.inputsystem/InputSystem/Editor/Internal/AdvancedDropdown/CallbackDataSource.cs
 0.1 kb	 0.0% Packages/com.unity.inputsystem/InputSystem/Editor/Internal/AdvancedDropdown/AdvancedDropdownItem.cs
 0.1 kb	 0.0% Packages/com.unity.inputsystem/InputSystem/Editor/Internal/AdvancedDropdown/AdvancedDropdownGUI.cs
 0.1 kb	 0.0% Packages/com.unity.inputsystem/InputSystem/Editor/InputSystemStateManager.cs
 0.1 kb	 0.0% Packages/com.unity.inputsystem/InputSystem/Editor/InputParameterEditor.cs
 0.1 kb	 0.0% Packages/com.unity.inputsystem/InputSystem/Editor/DeviceSimulator/InputSystemPlugin.cs
 0.1 kb	 0.0% Packages/com.unity.inputsystem/InputSystem/Editor/Debugger/InputDebuggerWindow.cs
 0.1 kb	 0.0% Packages/com.unity.inputsystem/InputSystem/Editor/ControlPicker/InputControlPicker.cs
 0.1 kb	 0.0% Packages/com.unity.inputsystem/InputSystem/Editor/BuildPipeline/LinkFileGenerator.cs
 0.1 kb	 0.0% Packages/com.unity.inputsystem/InputSystem/Editor/AssetImporter/InputActionImporter.cs
 0.1 kb	 0.0% Packages/com.unity.inputsystem/InputSystem/Editor/AssetEditor/PropertiesViewBase.cs
 0.1 kb	 0.0% Packages/com.unity.inputsystem/InputSystem/Editor/AssetEditor/InputActionTreeView.cs
 0.1 kb	 0.0% Packages/com.unity.inputsystem/InputSystem/Editor/Analytics/InputEditorAnalytics.cs
 0.1 kb	 0.0% Packages/com.unity.inputsystem/InputSystem/Editor/Analytics/InputBuildAnalytic.cs
 0.1 kb	 0.0% Packages/com.unity.collections/Unity.Collections/NativeNotBurstCompatible.cs
 0.1 kb	 0.0% Packages/com.unity.cloud.gltfast/Runtime/Scripts/Animations/AnimationModuleProcessorFactory.cs
 0.1 kb	 0.0% Packages/com.meta.xr.sdk.core/Scripts/OVRVirtualKeyboard/OVRVirtualKeyboardInputFieldTextHandler.cs
 0.1 kb	 0.0% Packages/com.meta.xr.sdk.core/Scripts/OVRVirtualKeyboard/OVRVirtualKeyboardControllerInputHandler.cs
 0.1 kb	 0.0% Packages/com.meta.xr.sdk.core/Scripts/OVRGLTFAnimationNodeMorphTargetHandler.cs
 0.1 kb	 0.0% Packages/com.meta.xr.sdk.core/Scripts/ImmersiveDebugger/Utils/ValueContainer/Implementations/Vector3Container.cs
 0.1 kb	 0.0% Packages/com.meta.xr.sdk.core/Scripts/ImmersiveDebugger/Utils/ValueContainer/Implementations/Vector2Container.cs
 0.1 kb	 0.0% Packages/com.meta.xr.sdk.core/Scripts/ImmersiveDebugger/Utils/ValueContainer/Implementations/IntegerContainer.cs
 0.1 kb	 0.0% Packages/com.meta.xr.sdk.core/Scripts/ImmersiveDebugger/Utils/ValueContainer/Implementations/FloatContainer.cs
 0.1 kb	 0.0% Packages/com.meta.xr.sdk.core/Scripts/ImmersiveDebugger/Utils/InstanceHandle.cs
 0.1 kb	 0.0% Packages/com.meta.xr.sdk.core/Scripts/ImmersiveDebugger/Utils/InstanceCache.cs
 0.1 kb	 0.0% Packages/com.meta.xr.sdk.core/Scripts/ImmersiveDebugger/Utils/ConsoleLogsCache.cs
 0.1 kb	 0.0% Packages/com.meta.xr.sdk.core/Scripts/ImmersiveDebugger/Utils/AssemblyParser.cs
 0.1 kb	 0.0% Packages/com.meta.xr.sdk.core/Scripts/ImmersiveDebugger/UserInterface/Resources/Styles/LayoutStyles/VerticalValueFlex.asset
 0.1 kb	 0.0% Packages/com.meta.xr.sdk.core/Scripts/ImmersiveDebugger/UserInterface/Resources/Styles/LayoutStyles/MemberValueDynamic.asset
 0.1 kb	 0.0% Packages/com.meta.xr.sdk.core/Scripts/ImmersiveDebugger/UserInterface/Resources/Styles/LayoutStyles/MemberButtonToggle.asset
 0.1 kb	 0.0% Packages/com.meta.xr.sdk.core/Scripts/ImmersiveDebugger/UserInterface/Resources/Styles/LayoutStyles/LogDetailsScrollView.asset
 0.1 kb	 0.0% Packages/com.meta.xr.sdk.core/Scripts/ImmersiveDebugger/UserInterface/Resources/Styles/LayoutStyles/InspectorModeTitle.asset
 0.1 kb	 0.0% Packages/com.meta.xr.sdk.core/Scripts/ImmersiveDebugger/UserInterface/Resources/Styles/LayoutStyles/InspectorMainFlex.asset
 0.1 kb	 0.0% Packages/com.meta.xr.sdk.core/Scripts/ImmersiveDebugger/UserInterface/Resources/Styles/LayoutStyles/InspectorFlexFold.asset
 0.1 kb	 0.0% Packages/com.meta.xr.sdk.core/Scripts/ImmersiveDebugger/UserInterface/Resources/Styles/LayoutStyles/HierarchyItemLabel.asset
 0.1 kb	 0.0% Packages/com.meta.xr.sdk.core/Scripts/ImmersiveDebugger/UserInterface/Resources/Styles/LayoutStyles/HierarchyItemButton.asset
 0.1 kb	 0.0% Packages/com.meta.xr.sdk.core/Scripts/ImmersiveDebugger/UserInterface/Resources/Styles/LayoutStyles/DropdownValuesFlex.asset
 0.1 kb	 0.0% Packages/com.meta.xr.sdk.core/Scripts/ImmersiveDebugger/UserInterface/Resources/Styles/LayoutStyles/DropdownValueItem.asset
 0.1 kb	 0.0% Packages/com.meta.xr.sdk.core/Scripts/ImmersiveDebugger/UserInterface/Resources/Styles/LayoutStyles/DropdownMemberValue.asset
 0.1 kb	 0.0% Packages/com.meta.xr.sdk.core/Scripts/ImmersiveDebugger/UserInterface/Resources/Styles/LayoutStyles/DropdownBackground.asset
 0.1 kb	 0.0% Packages/com.meta.xr.sdk.core/Scripts/ImmersiveDebugger/UserInterface/Resources/Styles/LayoutStyles/DropdownArrowIcon.asset
 0.1 kb	 0.0% Packages/com.meta.xr.sdk.core/Scripts/ImmersiveDebugger/UserInterface/Resources/Styles/LayoutStyles/ConsoleLogDetails.asset
 0.1 kb	 0.0% Packages/com.meta.xr.sdk.core/Scripts/ImmersiveDebugger/UserInterface/Resources/Styles/LayoutStyles/ConsoleButtonCount.asset
 0.1 kb	 0.0% Packages/com.meta.xr.sdk.core/Scripts/ImmersiveDebugger/UserInterface/Resources/Styles/LayoutStyles/CategoryButtonFlex.asset
 0.1 kb	 0.0% Packages/com.meta.xr.sdk.core/Scripts/ImmersiveDebugger/UserInterface/Resources/Styles/LayoutStyles/CategoriesScrollView.asset
 0.1 kb	 0.0% Packages/com.meta.xr.sdk.core/Scripts/ImmersiveDebugger/UserInterface/Resources/Styles/ImageStyles/ToggleButtonIcon.asset
 0.1 kb	 0.0% Packages/com.meta.xr.sdk.core/Scripts/ImmersiveDebugger/UserInterface/Resources/Styles/ImageStyles/PanelButtonIcon.asset
 0.1 kb	 0.0% Packages/com.meta.xr.sdk.core/Scripts/ImmersiveDebugger/UserInterface/Resources/Styles/ImageStyles/PanelBackground.asset
 0.1 kb	 0.0% Packages/com.meta.xr.sdk.core/Scripts/ImmersiveDebugger/UserInterface/Resources/Styles/ImageStyles/MiniButtonIcon.asset
 0.1 kb	 0.0% Packages/com.meta.xr.sdk.core/Scripts/ImmersiveDebugger/UserInterface/Resources/Styles/ImageStyles/LogCollapseIcon.asset
 0.1 kb	 0.0% Packages/com.meta.xr.sdk.core/Scripts/ImmersiveDebugger/UserInterface/Resources/Styles/ImageStyles/DownArrowIcon.asset
 0.1 kb	 0.0% Packages/com.meta.xr.sdk.core/Scripts/ImmersiveDebugger/UserInterface/Resources/Styles/ImageStyles/CloseButtonIcon.asset
 0.1 kb	 0.0% Packages/com.meta.xr.sdk.core/Scripts/ImmersiveDebugger/UserInterface/Resources/Styles/ImageStyles/BarBackground.asset
 0.1 kb	 0.0% Packages/com.meta.xr.sdk.core/Scripts/ImmersiveDebugger/UserInterface/Inspector.cs
 0.1 kb	 0.0% Packages/com.meta.xr.sdk.core/Scripts/ImmersiveDebugger/UserInterface/Generic/Styles/Style.cs
 0.1 kb	 0.0% Packages/com.meta.xr.sdk.core/Scripts/ImmersiveDebugger/UserInterface/Generic/MonoBehaviours/Cursor.cs
 0.1 kb	 0.0% Packages/com.meta.xr.sdk.core/Scripts/ImmersiveDebugger/UserInterface/Generic/Controllers/Implementations/Toggle.cs
 0.1 kb	 0.0% Packages/com.meta.xr.sdk.core/Scripts/ImmersiveDebugger/UserInterface/Generic/Controllers/Implementations/TextArea.cs
 0.1 kb	 0.0% Packages/com.meta.xr.sdk.core/Scripts/ImmersiveDebugger/UserInterface/Generic/Controllers/Implementations/Switch.cs
 0.1 kb	 0.0% Packages/com.meta.xr.sdk.core/Scripts/ImmersiveDebugger/UserInterface/Generic/Controllers/Implementations/Slider.cs
 0.1 kb	 0.0% Packages/com.meta.xr.sdk.core/Scripts/ImmersiveDebugger/UserInterface/Generic/Controllers/Implementations/Panel.cs
 0.1 kb	 0.0% Packages/com.meta.xr.sdk.core/Scripts/ImmersiveDebugger/UserInterface/Generic/Controllers/Implementations/Label.cs
 0.1 kb	 0.0% Packages/com.meta.xr.sdk.core/Scripts/ImmersiveDebugger/UserInterface/Generic/Controllers/Implementations/Image.cs
 0.1 kb	 0.0% Packages/com.meta.xr.sdk.core/Scripts/ImmersiveDebugger/UserInterface/Generic/Controllers/Implementations/Dropdown.cs
 0.1 kb	 0.0% Packages/com.meta.xr.sdk.core/Scripts/ImmersiveDebugger/UserInterface/Generic/Controllers/Implementations/Button.cs
 0.1 kb	 0.0% Packages/com.meta.xr.sdk.core/Scripts/ImmersiveDebugger/UserInterface/DebugPanel.cs
 0.1 kb	 0.0% Packages/com.meta.xr.sdk.core/Scripts/ImmersiveDebugger/UserInterface/ConsoleLine.cs
 0.1 kb	 0.0% Packages/com.meta.xr.sdk.core/Scripts/ImmersiveDebugger/Gizmos/GizmoRenderer.cs
 0.1 kb	 0.0% Packages/com.meta.xr.sdk.core/Scripts/ImmersiveDebugger/Gizmos/DebugGizmos/PolylineRenderer.cs
 0.1 kb	 0.0% Packages/com.meta.xr.sdk.core/Scripts/BuildingBlocks/MultiplayerBlocks/Shared/Colocation/ColocationPackage/Runtime/NetworkImpl/INetworkData.cs
 0.1 kb	 0.0% Packages/com.meta.xr.mrutilitykit/Core/Scripts/Extensions/Vector3Extensions.cs
 0.1 kb	 0.0% Packages/com.meta.xr.mrutilitykit/Core/Scripts/Extensions/Vector2Extensions.cs
 0.1 kb	 0.0% Packages/com.unity.xr.openxr/Runtime/OpenXRProjectValidation.cs
 0.1 kb	 0.0% Packages/com.unity.xr.openxr/Runtime/OpenXRLoaderNoPreInit.cs
 0.1 kb	 0.0% Packages/com.unity.xr.management/Runtime/XRManagerSettings.cs
 0.1 kb	 0.0% Packages/com.unity.xr.management/Runtime/XRGeneralSettings.cs
 0.1 kb	 0.0% Packages/com.unity.xr.legacyinputhelpers/Runtime/ArmModels/ArmModel.cs
 0.1 kb	 0.0% Packages/com.unity.xr.core-utils/Runtime/ScriptableSettingsBase.cs
 0.1 kb	 0.0% Packages/com.unity.xr.core-utils/Runtime/Extensions/MonoBehaviourExtensions.cs
 0.1 kb	 0.0% Packages/com.unity.xr.core-utils/Runtime/Datums/StringDatumProperty.cs
 0.1 kb	 0.0% Packages/com.unity.xr.core-utils/Runtime/Datums/FloatDatumProperty.cs
 0.1 kb	 0.0% Packages/com.unity.xr.core-utils/Runtime/Datums/AnimationCurveDatum.cs
 0.1 kb	 0.0% Packages/com.unity.ugui/Runtime/UGUI/EventSystem/UIElements/WorldDocumentRaycaster.cs
 0.1 kb	 0.0% Packages/com.unity.ugui/Runtime/UGUI/EventSystem/InputModules/StandaloneInputModule.cs
 0.1 kb	 0.0% Packages/com.unity.inputsystem/InputSystem/Runtime/Utilities/StringHelpers.cs
 0.1 kb	 0.0% Packages/com.unity.inputsystem/InputSystem/Runtime/Utilities/SpriteUtilities.cs
 0.1 kb	 0.0% Packages/com.unity.inputsystem/InputSystem/Runtime/Utilities/PrimitiveValue.cs
 0.1 kb	 0.0% Packages/com.unity.inputsystem/InputSystem/Runtime/Utilities/PredictiveParser.cs
 0.1 kb	 0.0% Packages/com.unity.inputsystem/InputSystem/Runtime/Utilities/NumberHelpers.cs
 0.1 kb	 0.0% Packages/com.unity.inputsystem/InputSystem/Runtime/Utilities/MemoryHelpers.cs
 0.1 kb	 0.0% Packages/com.unity.inputsystem/InputSystem/Runtime/Utilities/InternedString.cs
 0.1 kb	 0.0% Packages/com.unity.inputsystem/InputSystem/Runtime/Utilities/ExceptionHelpers.cs
 0.1 kb	 0.0% Packages/com.unity.inputsystem/InputSystem/Runtime/Utilities/DelegateHelpers.cs
 0.1 kb	 0.0% Packages/com.unity.inputsystem/InputSystem/Runtime/Plugins/iOS/iOSStepCounter.cs
 0.1 kb	 0.0% Packages/com.unity.inputsystem/InputSystem/Runtime/Plugins/XR/TrackedPoseDriver.cs
 0.1 kb	 0.0% Packages/com.unity.inputsystem/InputSystem/Runtime/Plugins/XR/Haptics/BufferedRumble.cs
 0.1 kb	 0.0% Packages/com.unity.inputsystem/InputSystem/Runtime/Plugins/UI/VirtualMouseInput.cs
 0.1 kb	 0.0% Packages/com.unity.inputsystem/InputSystem/Runtime/Plugins/UI/INavigationEventData.cs
 0.1 kb	 0.0% Packages/com.unity.inputsystem/InputSystem/Runtime/Plugins/UI/BaseInputOverride.cs
 0.1 kb	 0.0% Packages/com.unity.inputsystem/InputSystem/Runtime/Plugins/DualShock/DualShockSupport.cs
 0.1 kb	 0.0% Packages/com.unity.inputsystem/InputSystem/Runtime/Plugins/DualShock/DualShockGamepad.cs
 0.1 kb	 0.0% Packages/com.unity.inputsystem/InputSystem/Runtime/InputManager.LegacyFocusHandling.cs
 0.1 kb	 0.0% Packages/com.unity.inputsystem/InputSystem/Runtime/Controls/Processors/ScaleProcessor.cs
 0.1 kb	 0.0% Packages/com.unity.inputsystem/InputSystem/Runtime/Controls/Processors/InvertProcessor.cs
 0.1 kb	 0.0% Packages/com.unity.inputsystem/InputSystem/Runtime/Controls/Processors/ClampProcessor.cs
 0.1 kb	 0.0% Packages/com.unity.inputsystem/InputSystem/Runtime/Actions/Interactions/TapInteraction.cs
 0.1 kb	 0.0% Packages/com.unity.inputsystem/InputSystem/Runtime/Actions/Interactions/PressInteraction.cs
 0.1 kb	 0.0% Packages/com.unity.inputsystem/InputSystem/Runtime/Actions/Interactions/HoldInteraction.cs
 0.1 kb	 0.0% Packages/com.unity.inputsystem/InputSystem/Runtime/Actions/InputActionTrace.cs
 0.1 kb	 0.0% Packages/com.unity.inputsystem/InputSystem/Runtime/Actions/Composites/Vector3Composite.cs
 0.1 kb	 0.0% Packages/com.unity.inputsystem/InputSystem/Runtime/Actions/Composites/Vector2Composite.cs
 0.1 kb	 0.0% Packages/com.unity.inputsystem/InputSystem/Runtime/Actions/Composites/AxisComposite.cs
 0.1 kb	 0.0% Packages/com.unity.collections/Unity.Collections/UnsafeBitArray.cs
 0.1 kb	 0.0% Packages/com.unity.collections/Unity.Collections/UTF8ArrayUnsafeUtility.cs
 0.1 kb	 0.0% Packages/com.unity.collections/Unity.Collections/StreamCompressionModel.cs
 0.1 kb	 0.0% Packages/com.unity.collections/Unity.Collections/NativeArrayExtensions.cs
 0.1 kb	 0.0% Packages/com.unity.collections/Unity.Collections/FixedStringInternalMethods.cs
 0.1 kb	 0.0% Packages/com.unity.collections/Unity.Collections/FixedStringFormatMethods.gen.cs
 0.1 kb	 0.0% Packages/com.unity.cloud.gltfast/Runtime/Scripts/Newtonsoft/Schema/TextureExtensions.cs
 0.1 kb	 0.0% Packages/com.unity.cloud.gltfast/Runtime/Scripts/Newtonsoft/Schema/PbrMetallicRoughness.cs
 0.1 kb	 0.0% Packages/com.unity.cloud.gltfast/Runtime/Scripts/Newtonsoft/Schema/OcclusionTextureInfo.cs
 0.1 kb	 0.0% Packages/com.unity.cloud.gltfast/Runtime/Scripts/Newtonsoft/Schema/NormalTextureInfo.cs
 0.1 kb	 0.0% Packages/com.unity.cloud.gltfast/Runtime/Scripts/Newtonsoft/Schema/MaterialExtensions.cs
 0.1 kb	 0.0% Packages/com.unity.cloud.gltfast/Runtime/Scripts/Newtonsoft/Schema/CameraPerspective.cs
 0.1 kb	 0.0% Packages/com.unity.cloud.gltfast/Runtime/Scripts/Newtonsoft/Schema/CameraOrthographic.cs
 0.1 kb	 0.0% Packages/com.unity.cloud.gltfast/Runtime/Scripts/Newtonsoft/Schema/BufferViewExtensions.cs
 0.1 kb	 0.0% Packages/com.unity.cloud.gltfast/Runtime/Scripts/Newtonsoft/Schema/AccessorSparseValues.cs
 0.1 kb	 0.0% Packages/com.unity.cloud.gltfast/Runtime/Scripts/MaterialsVariants/MultiMaterialsVariantsSlotInstances.cs
 0.1 kb	 0.0% Packages/com.unity.cloud.gltfast/Runtime/Scripts/ImportAddons/ImportAddonInstanceCollection.cs
 0.1 kb	 0.0% Packages/com.unity.cloud.gltfast/Runtime/Scripts/ImportAddons/IPostBeginSceneInstanceApplier.cs
 0.1 kb	 0.0% Packages/com.unity.cloud.gltfast/Runtime/Scripts/Export/StandardMaterialExportBase.cs
 0.1 kb	 0.0% Packages/com.unity.cloud.gltfast/Runtime/Scripts/Export/MetaMaterialExportBuiltIn.cs
 0.1 kb	 0.0% Packages/com.unity.cloud.gltfast/Runtime/Scripts/Export/GltfUnlitMaterialExporter.cs
 0.1 kb	 0.0% Packages/com.unity.cloud.gltfast/Runtime/DocExamples/SimpleExport.cs
 0.1 kb	 0.0% Packages/com.unity.cloud.gltfast/Runtime/DocExamples/ExtraData.cs
 0.1 kb	 0.0% Packages/com.unity.burst/Runtime/CompilerServices/SkipLocalsInitAttribute.cs
 0.1 kb	 0.0% Packages/com.unity.burst/Runtime/CompilerServices/IgnoreWarningAttribute.cs
 0.1 kb	 0.0% Packages/com.unity.ai.navigation/Runtime/NavMeshModifierVolume.cs
 0.1 kb	 0.0% Packages/com.meta.xr.sdk.core/Scripts/Util/SampleMetadata/SampleTelemetryEvents.cs
 0.1 kb	 0.0% Packages/com.meta.xr.sdk.core/Scripts/ImmersiveDebugger/UserInterface/Resources/Styles/LayoutStyles/SliderBackground.asset
 0.1 kb	 0.0% Packages/com.meta.xr.sdk.core/Scripts/ImmersiveDebugger/UserInterface/Resources/Styles/LayoutStyles/PanelScrollView.asset
 0.1 kb	 0.0% Packages/com.meta.xr.sdk.core/Scripts/ImmersiveDebugger/UserInterface/Resources/Styles/LayoutStyles/MiniCounterValue.asset
 0.1 kb	 0.0% Packages/com.meta.xr.sdk.core/Scripts/ImmersiveDebugger/UserInterface/Resources/Styles/LayoutStyles/MemberValueFlex.asset
 0.1 kb	 0.0% Packages/com.meta.xr.sdk.core/Scripts/ImmersiveDebugger/UserInterface/Resources/Styles/LayoutStyles/MemberDescriptor.asset
 0.1 kb	 0.0% Packages/com.meta.xr.sdk.core/Scripts/ImmersiveDebugger/UserInterface/Resources/Styles/LayoutStyles/LogsScrollView.asset
 0.1 kb	 0.0% Packages/com.meta.xr.sdk.core/Scripts/ImmersiveDebugger/UserInterface/Resources/Styles/LayoutStyles/InspectorTitle.asset
 0.1 kb	 0.0% Packages/com.meta.xr.sdk.core/Scripts/ImmersiveDebugger/UserInterface/Resources/Styles/LayoutStyles/InspectorPanel.asset
 0.1 kb	 0.0% Packages/com.meta.xr.sdk.core/Scripts/ImmersiveDebugger/UserInterface/Resources/Styles/LayoutStyles/InspectorFoldout.asset
 0.1 kb	 0.0% Packages/com.meta.xr.sdk.core/Scripts/ImmersiveDebugger/UserInterface/Resources/Styles/LayoutStyles/InspectorFlex.asset
 0.1 kb	 0.0% Packages/com.meta.xr.sdk.core/Scripts/ImmersiveDebugger/UserInterface/Resources/Styles/LayoutStyles/InspectorDivFlex.asset
 0.1 kb	 0.0% Packages/com.meta.xr.sdk.core/Scripts/ImmersiveDebugger/UserInterface/Resources/Styles/LayoutStyles/FillWithMargin.asset
 0.1 kb	 0.0% Packages/com.meta.xr.sdk.core/Scripts/ImmersiveDebugger/UserInterface/Resources/Styles/LayoutStyles/ConsoleLineLabel.asset
 0.1 kb	 0.0% Packages/com.meta.xr.sdk.core/Scripts/ImmersiveDebugger/UserInterface/Resources/Styles/LayoutStyles/ConsoleLineFlex.asset
 0.1 kb	 0.0% Packages/com.meta.xr.sdk.core/Scripts/ImmersiveDebugger/UserInterface/Resources/Styles/LayoutStyles/ConsoleButtons.asset
 0.1 kb	 0.0% Packages/com.meta.xr.sdk.core/Scripts/ImmersiveDebugger/UserInterface/Resources/Styles/LayoutStyles/ConsoleButton.asset
 0.1 kb	 0.0% Packages/com.meta.xr.sdk.core/Scripts/ImmersiveDebugger/UserInterface/Resources/Styles/LayoutStyles/CategorySubLabel.asset
 0.1 kb	 0.0% Packages/com.meta.xr.sdk.core/Scripts/ImmersiveDebugger/UserInterface/Resources/Styles/LayoutStyles/CategoryLabel.asset
 0.1 kb	 0.0% Packages/com.meta.xr.sdk.core/Scripts/ImmersiveDebugger/UserInterface/Resources/Styles/LayoutStyles/CategoryButton.asset
 0.1 kb	 0.0% Packages/com.meta.xr.sdk.core/Scripts/ImmersiveDebugger/UserInterface/Resources/Styles/LayoutStyles/CategoriesDiv.asset
 0.1 kb	 0.0% Packages/com.meta.xr.sdk.core/Scripts/ImmersiveDebugger/UserInterface/Resources/Styles/ImageStyles/WarningIcon.asset
 0.1 kb	 0.0% Packages/com.meta.xr.sdk.core/Scripts/ImmersiveDebugger/UserInterface/Resources/Styles/ImageStyles/PillWarning.asset
 0.1 kb	 0.0% Packages/com.meta.xr.sdk.core/Scripts/ImmersiveDebugger/UserInterface/Resources/Styles/ImageStyles/PillError.asset
 0.1 kb	 0.0% Packages/com.meta.xr.sdk.core/Scripts/ImmersiveDebugger/UserInterface/Resources/Styles/ImageStyles/NoticeIcon.asset
 0.1 kb	 0.0% Packages/com.meta.xr.sdk.core/Scripts/ImmersiveDebugger/UserInterface/Resources/Styles/ImageStyles/MiniCounter.asset
 0.1 kb	 0.0% Packages/com.meta.xr.sdk.core/Scripts/ImmersiveDebugger/UserInterface/Resources/Styles/ImageStyles/FoldoutIcon.asset
 0.1 kb	 0.0% Packages/com.meta.xr.sdk.core/Scripts/ImmersiveDebugger/UserInterface/Resources/Styles/ImageStyles/ErrorIcon.asset
 0.1 kb	 0.0% Packages/com.meta.xr.sdk.core/Scripts/ImmersiveDebugger/RuntimeSettings.cs
 0.1 kb	 0.0% Packages/com.meta.xr.sdk.core/Scripts/ImmersiveDebugger/Managers/WatchManager.cs
 0.1 kb	 0.0% Packages/com.meta.xr.sdk.core/Scripts/ImmersiveDebugger/Managers/TweakManager.cs
 0.1 kb	 0.0% Packages/com.meta.xr.sdk.core/Scripts/ImmersiveDebugger/Managers/Hooks/GizmoHook.cs
 0.1 kb	 0.0% Packages/com.meta.xr.sdk.core/Scripts/ImmersiveDebugger/Managers/Hooks/ActionHook.cs
 0.1 kb	 0.0% Packages/com.meta.xr.sdk.core/Scripts/ImmersiveDebugger/Managers/GizmoManager.cs
 0.1 kb	 0.0% Packages/com.meta.xr.sdk.core/Scripts/ImmersiveDebugger/Managers/DebugManager.cs
 0.1 kb	 0.0% Packages/com.meta.xr.sdk.core/Scripts/ImmersiveDebugger/InspectedData/InspectedData.cs
 0.1 kb	 0.0% Packages/com.meta.xr.sdk.core/Scripts/ImmersiveDebugger/DebugInspector/DebugInspector.cs
 0.1 kb	 0.0% Packages/com.meta.xr.sdk.core/Scripts/BuildingBlocks/SharedSpatialAnchorCore/SharedSpatialAnchorErrorHandler.cs
 0.1 kb	 0.0% Packages/com.meta.xr.sdk.core/Scripts/BuildingBlocks/RoomMesh/RoomMeshController.cs
 0.1 kb	 0.0% Packages/com.meta.xr.sdk.core/Scripts/BuildingBlocks/AIBlocks/Tasks/IChatTask.cs
 0.1 kb	 0.0% Packages/com.meta.xr.sdk.core/Editor/OVRPlatformToolSettings.cs
 0.1 kb	 0.0% Packages/com.meta.xr.mrutilitykit/Core/Scripts/SceneDecorator/SceneDecoratorTypes.cs
 0.1 kb	 0.0% Packages/com.meta.xr.mrutilitykit/Core/Scripts/SceneDecorator/SceneDecorator.cs
 0.1 kb	 0.0% Packages/com.meta.xr.mrutilitykit/Core/Scripts/SceneDecorator/SceneDecoration.cs
 0.1 kb	 0.0% Packages/com.meta.xr.mrutilitykit/Core/Scripts/SceneDecorator/Modifier/ScaleModifier.cs
 0.1 kb	 0.0% Packages/com.meta.xr.mrutilitykit/Core/Scripts/SceneDecorator/Modifier/RotationModifier.cs
 0.1 kb	 0.0% Packages/com.meta.xr.mrutilitykit/Core/Scripts/SceneDecorator/Masks/StochasticMask.cs
 0.1 kb	 0.0% Packages/com.meta.xr.mrutilitykit/Core/Scripts/SceneDecorator/Masks/SpaceMapGPUMask.cs
 0.1 kb	 0.0% Packages/com.meta.xr.mrutilitykit/Core/Scripts/SceneDecorator/Masks/SimplexNoiseMask.cs
 0.1 kb	 0.0% Packages/com.meta.xr.mrutilitykit/Core/Scripts/SceneDecorator/Masks/RayDistanceMask.cs
 0.1 kb	 0.0% Packages/com.meta.xr.mrutilitykit/Core/Scripts/SceneDecorator/Masks/NotInsideMask.cs
 0.1 kb	 0.0% Packages/com.meta.xr.mrutilitykit/Core/Scripts/SceneDecorator/Masks/CompositeMaskMul.cs
 0.1 kb	 0.0% Packages/com.meta.xr.mrutilitykit/Core/Scripts/SceneDecorator/Masks/CompositeMaskMin.cs
 0.1 kb	 0.0% Packages/com.meta.xr.mrutilitykit/Core/Scripts/SceneDecorator/Masks/CompositeMaskMax.cs
 0.1 kb	 0.0% Packages/com.meta.xr.mrutilitykit/Core/Scripts/SceneDecorator/Masks/CompositeMaskAvg.cs
 0.1 kb	 0.0% Packages/com.meta.xr.mrutilitykit/Core/Scripts/SceneDecorator/Masks/CompositeMaskAdd.cs
 0.1 kb	 0.0% Packages/com.meta.xr.mrutilitykit/Core/Scripts/SceneDecorator/Editor/ModifierEditor.cs
 0.1 kb	 0.0% Packages/com.meta.xr.mrutilitykit/Core/Scripts/SceneDecorator/Distributions/GridDistribution.cs
 0.1 kb	 0.0% Packages/com.meta.xr.mrutilitykit/Core/Scripts/ImmersiveSceneDebugger.cs
 0.1 kb	 0.0% Packages/com.meta.xr.mrutilitykit/Core/Scripts/BuildingBlocks/InstantContentPlacement/Scripts/PointAndLocate.cs
 0.1 kb	 0.0% Packages/com.meta.xr.mrutilitykit/Core/Scripts/BuildingBlocks/InstantContentPlacement/Scripts/PlaceWithAnchor.cs
 0.1 kb	 0.0% Packages/com.meta.xr.mrutilitykit/Core/Scripts/BuildingBlocks/InstantContentPlacement/Scripts/GrabAndLocate.cs
 0.1 kb	 0.0% Packages/com.meta.xr.mrutilitykit/Core/Scripts/BuildingBlocks/EffectMesh/Scripts/EffectMeshEvent.cs
 0.1 kb	 0.0% Assets/Milzet/StartupSource/Project/Scripts/Timeline/Tracks/UICanvas/UICanvasTrack.cs
 0.1 kb	 0.0% Packages/com.unity.xr.core-utils/Runtime/Attributes/EnumDisplayAttribute.cs
 0.1 kb	 0.0% Packages/com.unity.ugui/Runtime/TMP/TMP_ScrollbarEventHandler.cs
 0.1 kb	 0.0% Packages/com.unity.ugui/Runtime/TMP/TMP_PackageResourceImporter.cs
 0.1 kb	 0.0% Packages/com.unity.ugui/Runtime/InternalBridge/ObjectUtilsBridge.cs
 0.1 kb	 0.0% Packages/com.unity.timeline/Runtime/Utilities/TimelineCreateUtilities.cs
 0.1 kb	 0.0% Packages/com.unity.timeline/Runtime/Utilities/TimelineClipExtensions.cs
 0.1 kb	 0.0% Packages/com.unity.timeline/Runtime/Utilities/NotificationUtilities.cs
 0.1 kb	 0.0% Packages/com.unity.timeline/Runtime/Playables/PrefabControlPlayable.cs
 0.1 kb	 0.0% Packages/com.unity.timeline/Runtime/Playables/ParticleControlPlayable.cs
 0.1 kb	 0.0% Packages/com.unity.timeline/Runtime/Playables/DirectorControlPlayable.cs
 0.1 kb	 0.0% Packages/com.unity.timeline/Runtime/Events/Signals/CustomSignalEventDrawer.cs
 0.1 kb	 0.0% Packages/com.unity.timeline/Runtime/Attributes/TimelineHelpURLAttribute.cs
 0.1 kb	 0.0% Packages/com.unity.timeline/Runtime/Animation/AnimationPlayableAsset.cs
 0.1 kb	 0.0% Packages/com.unity.timeline/Runtime/Activation/ActivationPlayableAsset.cs
 0.1 kb	 0.0% Packages/com.unity.timeline/Runtime/Activation/ActivationMixerPlayable.cs
 0.1 kb	 0.0% Packages/com.unity.mathematics/Unity.Mathematics/PropertyAttributes.cs
 0.1 kb	 0.0% Packages/com.unity.inputsystem/InputSystem/Runtime/State/InputStateBlock.cs
 0.1 kb	 0.0% Packages/com.unity.inputsystem/InputSystem/Runtime/Plugins/XInput/XboxGamepadMacOS.cs
 0.1 kb	 0.0% Packages/com.unity.inputsystem/InputSystem/Runtime/Plugins/XInput/XInputSupport.cs
 0.1 kb	 0.0% Packages/com.unity.inputsystem/InputSystem/Runtime/Plugins/XInput/XInputController.cs
 0.1 kb	 0.0% Packages/com.unity.inputsystem/InputSystem/Runtime/Plugins/XInput/IXboxOneRumble.cs
 0.1 kb	 0.0% Packages/com.unity.inputsystem/InputSystem/Runtime/Plugins/WebGL/WebGLJoystick.cs
 0.1 kb	 0.0% Packages/com.unity.inputsystem/InputSystem/Runtime/Plugins/Switch/SwitchSupportHID.cs
 0.1 kb	 0.0% Packages/com.unity.inputsystem/InputSystem/Runtime/Plugins/PlayerInput/PlayerInputManager.cs
 0.1 kb	 0.0% Packages/com.unity.inputsystem/InputSystem/Runtime/Plugins/PlayerInput/DefaultInputActions.cs
 0.1 kb	 0.0% Packages/com.unity.inputsystem/InputSystem/Runtime/Plugins/OnScreen/OnScreenSupport.cs
 0.1 kb	 0.0% Packages/com.unity.inputsystem/InputSystem/Runtime/Plugins/OnScreen/OnScreenStick.cs
 0.1 kb	 0.0% Packages/com.unity.inputsystem/InputSystem/Runtime/Plugins/OnScreen/OnScreenControl.cs
 0.1 kb	 0.0% Packages/com.unity.inputsystem/InputSystem/Runtime/Plugins/OnScreen/OnScreenButton.cs
 0.1 kb	 0.0% Packages/com.unity.inputsystem/InputSystem/Runtime/Plugins/Linux/SDLDeviceBuilder.cs
 0.1 kb	 0.0% Packages/com.unity.inputsystem/InputSystem/Runtime/Plugins/EnhancedTouch/TouchHistory.cs
 0.1 kb	 0.0% Packages/com.unity.inputsystem/InputSystem/Runtime/Plugins/Android/AndroidSupport.cs
 0.1 kb	 0.0% Packages/com.unity.inputsystem/InputSystem/Runtime/InputSystemTestHooks.cs
 0.1 kb	 0.0% Packages/com.unity.inputsystem/InputSystem/Runtime/InputFeatureNames.cs
 0.1 kb	 0.0% Packages/com.unity.inputsystem/InputSystem/Runtime/IInputRuntime.cs
 0.1 kb	 0.0% Packages/com.unity.inputsystem/InputSystem/Runtime/IInputDiagnostics.cs
 0.1 kb	 0.0% Packages/com.unity.inputsystem/InputSystem/Runtime/Events/InputEventTrace.cs
 0.1 kb	 0.0% Packages/com.unity.inputsystem/InputSystem/Runtime/Events/InputEventStream.cs
 0.1 kb	 0.0% Packages/com.unity.inputsystem/InputSystem/Runtime/Events/InputEventPtr.cs
 0.1 kb	 0.0% Packages/com.unity.inputsystem/InputSystem/Runtime/Events/InputEventBuffer.cs
 0.1 kb	 0.0% Packages/com.unity.inputsystem/InputSystem/Runtime/Events/DeviceResetEvent.cs
 0.1 kb	 0.0% Packages/com.unity.inputsystem/InputSystem/Runtime/Events/DeltaStateEvent.cs
 0.1 kb	 0.0% Packages/com.unity.inputsystem/InputSystem/Runtime/Devices/Haptics/IDualMotorRumble.cs
 0.1 kb	 0.0% Packages/com.unity.inputsystem/InputSystem/Runtime/Devices/Haptics/DualMotorRumble.cs
 0.1 kb	 0.0% Packages/com.unity.inputsystem/InputSystem/Runtime/Controls/Vector3Control.cs
 0.1 kb	 0.0% Packages/com.unity.inputsystem/InputSystem/Runtime/Controls/Vector2Control.cs
 0.1 kb	 0.0% Packages/com.unity.inputsystem/InputSystem/Runtime/Controls/IntegerControl.cs
 0.1 kb	 0.0% Packages/com.unity.inputsystem/InputSystem/Runtime/Controls/DoubleControl.cs
 0.1 kb	 0.0% Packages/com.unity.inputsystem/InputSystem/Runtime/Controls/ButtonControl.cs
 0.1 kb	 0.0% Packages/com.unity.inputsystem/InputSystem/Runtime/Controls/AnyKeyControl.cs
 0.1 kb	 0.0% Packages/com.unity.inputsystem/InputSystem/Runtime/Actions/InputControlScheme.cs
 0.1 kb	 0.0% Packages/com.unity.inputsystem/InputSystem/Runtime/Actions/InputBindingResolver.cs
 0.1 kb	 0.0% Packages/com.unity.inputsystem/InputSystem/Runtime/Actions/InputActionReference.cs
 0.1 kb	 0.0% Packages/com.unity.inputsystem/InputSystem/Runtime/Actions/InputActionProperty.cs
 0.1 kb	 0.0% Packages/com.unity.inputsystem/InputSystem/Runtime/Actions/IInputInteraction.cs
 0.1 kb	 0.0% Packages/com.unity.inputsystem/InputSystem/Editor/UITKAssetEditor/Views/PropertiesView.cs
 0.1 kb	 0.0% Packages/com.unity.inputsystem/InputSystem/Editor/UITKAssetEditor/Views/DropManipulator.cs
 0.1 kb	 0.0% Packages/com.unity.inputsystem/InputSystem/Editor/UITKAssetEditor/Views/CopyPasteHelper.cs
 0.1 kb	 0.0% Packages/com.unity.inputsystem/InputSystem/Editor/UITKAssetEditor/Views/ActionsTreeView.cs
 0.1 kb	 0.0% Packages/com.unity.inputsystem/InputSystem/Editor/UITKAssetEditor/Views/ActionMapsView.cs
 0.1 kb	 0.0% Packages/com.unity.inputsystem/InputSystem/Editor/UITKAssetEditor/StateContainer.cs
 0.1 kb	 0.0% Packages/com.unity.inputsystem/InputSystem/Editor/UITKAssetEditor/ExpressionUtils.cs
 0.1 kb	 0.0% Packages/com.unity.inputsystem/InputSystem/Editor/Plugins/iOS/iOSPostProcessBuild.cs
 0.1 kb	 0.0% Packages/com.unity.inputsystem/InputSystem/Editor/Plugins/UnityRemote/UnityRemoteSupport.cs
 0.1 kb	 0.0% Packages/com.unity.inputsystem/InputSystem/Editor/Internal/TreeViewHelpers.cs
 0.1 kb	 0.0% Packages/com.unity.inputsystem/InputSystem/Editor/Internal/InputStateWindow.cs
 0.1 kb	 0.0% Packages/com.unity.inputsystem/InputSystem/Editor/Internal/EditorHelpers.cs
 0.1 kb	 0.0% Packages/com.unity.inputsystem/InputSystem/Editor/Internal/AdvancedDropdown/AdvancedDropdown.cs
 0.1 kb	 0.0% Packages/com.unity.inputsystem/InputSystem/Editor/InputSystemObject.cs
 0.1 kb	 0.0% Packages/com.unity.inputsystem/InputSystem/Editor/InputDiagnostics.cs
 0.1 kb	 0.0% Packages/com.unity.collections/Unity.Collections/UnsafeList.cs
 0.1 kb	 0.0% Packages/com.unity.collections/Unity.Collections/FixedStringParseMethods.cs
 0.1 kb	 0.0% Packages/com.unity.collections/Unity.Collections/FixedStringAppendMethods.cs
 0.1 kb	 0.0% Packages/com.unity.cloud.gltfast/Runtime/Scripts/Schema/MaterialsVariantsExtension.cs
 0.1 kb	 0.0% Packages/com.unity.cloud.gltfast/Runtime/Scripts/Export/VertexAttributeUsage.cs
 0.1 kb	 0.0% Packages/com.unity.cloud.gltfast/Runtime/Scripts/Animations/IAnimationProcessorFactory.cs
 0.1 kb	 0.0% Packages/com.meta.xr.sdk.core/Scripts/Util/OVRMixedRealityCaptureConfiguration.cs
 0.1 kb	 0.0% Packages/com.meta.xr.sdk.core/Scripts/OpenXRFeatures/MetaXREyeTrackedFoveationFeature.cs
 0.1 kb	 0.0% Packages/com.meta.xr.sdk.core/Scripts/OVRVirtualKeyboard/OVRVirtualKeyboardSampleWPMPrompt.cs
 0.1 kb	 0.0% Packages/com.meta.xr.sdk.core/Scripts/OVRVirtualKeyboard/OVRVirtualKeyboardSampleInputHandler.cs
 0.1 kb	 0.0% Packages/com.meta.xr.sdk.core/Scripts/OVRVirtualKeyboard/OVRVirtualKeyboardHandInputHandler.cs
 0.1 kb	 0.0% Packages/com.meta.xr.sdk.core/Scripts/Movement/OVRUnityHumanoidSkeletonRetargeter.cs
 0.1 kb	 0.0% Packages/com.meta.xr.sdk.core/Scripts/Movement/OVRHumanBodyBonesMappingsInterface.cs
 0.1 kb	 0.0% Packages/com.meta.xr.sdk.core/Scripts/ImmersiveDebugger/UserInterface/Values.cs
 0.1 kb	 0.0% Packages/com.meta.xr.sdk.core/Scripts/ImmersiveDebugger/UserInterface/Value.cs
 0.1 kb	 0.0% Packages/com.meta.xr.sdk.core/Scripts/ImmersiveDebugger/UserInterface/Utils/Utils.cs
 0.1 kb	 0.0% Packages/com.meta.xr.sdk.core/Scripts/ImmersiveDebugger/UserInterface/Resources/Styles/LayoutStyles/TextureValue.asset
 0.1 kb	 0.0% Packages/com.meta.xr.sdk.core/Scripts/ImmersiveDebugger/UserInterface/Resources/Styles/LayoutStyles/SliderPill.asset
 0.1 kb	 0.0% Packages/com.meta.xr.sdk.core/Scripts/ImmersiveDebugger/UserInterface/Resources/Styles/LayoutStyles/SliderFill.asset
 0.1 kb	 0.0% Packages/com.meta.xr.sdk.core/Scripts/ImmersiveDebugger/UserInterface/Resources/Styles/LayoutStyles/PillVertical.asset
 0.1 kb	 0.0% Packages/com.meta.xr.sdk.core/Scripts/ImmersiveDebugger/UserInterface/Resources/Styles/LayoutStyles/PanelTitle.asset
 0.1 kb	 0.0% Packages/com.meta.xr.sdk.core/Scripts/ImmersiveDebugger/UserInterface/Resources/Styles/LayoutStyles/PanelButton.asset
 0.1 kb	 0.0% Packages/com.meta.xr.sdk.core/Scripts/ImmersiveDebugger/UserInterface/Resources/Styles/LayoutStyles/MiniCounter.asset
 0.1 kb	 0.0% Packages/com.meta.xr.sdk.core/Scripts/ImmersiveDebugger/UserInterface/Resources/Styles/LayoutStyles/MiniButtons.asset
 0.1 kb	 0.0% Packages/com.meta.xr.sdk.core/Scripts/ImmersiveDebugger/UserInterface/Resources/Styles/LayoutStyles/MiniButton.asset
 0.1 kb	 0.0% Packages/com.meta.xr.sdk.core/Scripts/ImmersiveDebugger/UserInterface/Resources/Styles/LayoutStyles/MemberValue.asset
 0.1 kb	 0.0% Packages/com.meta.xr.sdk.core/Scripts/ImmersiveDebugger/UserInterface/Resources/Styles/LayoutStyles/MemberTitle.asset
 0.1 kb	 0.0% Packages/com.meta.xr.sdk.core/Scripts/ImmersiveDebugger/UserInterface/Resources/Styles/LayoutStyles/MemberSlider.asset
 0.1 kb	 0.0% Packages/com.meta.xr.sdk.core/Scripts/ImmersiveDebugger/UserInterface/Resources/Styles/LayoutStyles/MemberFlex.asset
 0.1 kb	 0.0% Packages/com.meta.xr.sdk.core/Scripts/ImmersiveDebugger/UserInterface/Resources/Styles/LayoutStyles/MemberButton.asset
 0.1 kb	 0.0% Packages/com.meta.xr.sdk.core/Scripts/ImmersiveDebugger/UserInterface/Resources/Styles/LayoutStyles/MemberAction.asset
 0.1 kb	 0.0% Packages/com.meta.xr.sdk.core/Scripts/ImmersiveDebugger/UserInterface/Resources/Styles/LayoutStyles/Interface.asset
 0.1 kb	 0.0% Packages/com.meta.xr.sdk.core/Scripts/ImmersiveDebugger/UserInterface/Resources/Styles/LayoutStyles/Inspector.asset
 0.1 kb	 0.0% Packages/com.meta.xr.sdk.core/Scripts/ImmersiveDebugger/UserInterface/Resources/Styles/LayoutStyles/HierarchyDiv.asset
 0.1 kb	 0.0% Packages/com.meta.xr.sdk.core/Scripts/ImmersiveDebugger/UserInterface/Resources/Styles/LayoutStyles/DynamicSpace.asset
 0.1 kb	 0.0% Packages/com.meta.xr.sdk.core/Scripts/ImmersiveDebugger/UserInterface/Resources/Styles/LayoutStyles/ConsolePanel.asset
 0.1 kb	 0.0% Packages/com.meta.xr.sdk.core/Scripts/ImmersiveDebugger/UserInterface/Resources/Styles/LayoutStyles/ConsoleLogs.asset
 0.1 kb	 0.0% Packages/com.meta.xr.sdk.core/Scripts/ImmersiveDebugger/UserInterface/Resources/Styles/LayoutStyles/ConsoleLine.asset
 0.1 kb	 0.0% Packages/com.meta.xr.sdk.core/Scripts/ImmersiveDebugger/UserInterface/Resources/Styles/LayoutStyles/ConsoleFlex.asset
 0.1 kb	 0.0% Packages/com.meta.xr.sdk.core/Scripts/ImmersiveDebugger/UserInterface/Resources/Styles/LayoutStyles/CloseButton.asset
 0.1 kb	 0.0% Packages/com.meta.xr.sdk.core/Scripts/ImmersiveDebugger/UserInterface/Resources/Styles/ImageStyles/PillInfo.asset
 0.1 kb	 0.0% Packages/com.meta.xr.sdk.core/Scripts/ImmersiveDebugger/UserInterface/Resources/Styles/ImageStyles/Default.asset
 0.1 kb	 0.0% Packages/com.meta.xr.sdk.core/Scripts/ImmersiveDebugger/UserInterface/Resources/Styles/ImageStyles/BinIcon.asset
 0.1 kb	 0.0% Packages/com.meta.xr.sdk.core/Scripts/ImmersiveDebugger/UserInterface/Member.cs
 0.1 kb	 0.0% Packages/com.meta.xr.sdk.core/Scripts/ImmersiveDebugger/UserInterface/LogEntry.cs
 0.1 kb	 0.0% Packages/com.meta.xr.sdk.core/Scripts/ImmersiveDebugger/UserInterface/Generic/Controllers/Implementations/Icon.cs
 0.1 kb	 0.0% Packages/com.meta.xr.sdk.core/Scripts/ImmersiveDebugger/UserInterface/Generic/Controllers/Implementations/Flex.cs
 0.1 kb	 0.0% Packages/com.meta.xr.sdk.core/Scripts/ImmersiveDebugger/UserInterface/DebugBar.cs
 0.1 kb	 0.0% Packages/com.meta.xr.sdk.core/Scripts/ImmersiveDebugger/UserInterface/Console.cs
 0.1 kb	 0.0% Packages/com.meta.xr.sdk.core/Scripts/ImmersiveDebugger/Gizmos/DebugGizmos/DebugGizmos.cs
 0.1 kb	 0.0% Packages/com.meta.xr.sdk.core/Scripts/BuildingBlocks/MultiplayerBlocks/Shared/Colocation/ColocationPackage/Runtime/Utils/Logger.cs
 0.1 kb	 0.0% Packages/com.meta.xr.sdk.core/Scripts/BuildingBlocks/MultiplayerBlocks/Shared/Colocation/ColocationPackage/Runtime/NetworkImpl/Player.cs
 0.1 kb	 0.0% Packages/com.meta.xr.sdk.core/Scripts/BuildingBlocks/MultiplayerBlocks/Shared/Colocation/ColocationPackage/Runtime/NetworkImpl/Anchor.cs
 0.1 kb	 0.0% Packages/com.meta.xr.mrutilitykit/Core/Scripts/EnvironmentRaycastManager.cs
 0.1 kb	 0.0% Packages/com.unity.xr.openxr/Runtime/WaitForRestartFinish.cs
 0.1 kb	 0.0% Packages/com.unity.xr.openxr/Runtime/OpenXRUnityAPI.cs
 0.1 kb	 0.0% Packages/com.unity.xr.openxr/Runtime/OpenXRDiagnosticReport.cs
 0.1 kb	 0.0% Packages/com.unity.xr.openxr/Runtime/Features/SpaceWarpFeature.cs
 0.1 kb	 0.0% Packages/com.unity.xr.openxr/Runtime/Features/OpenXRFeature.cs
 0.1 kb	 0.0% Packages/com.unity.xr.management/Runtime/XRLoaderHelper.cs
 0.1 kb	 0.0% Packages/com.unity.xr.management/Runtime/IXRLoaderPreInit.cs
 0.1 kb	 0.0% Packages/com.unity.xr.core-utils/Runtime/SerializableGuidUtil.cs
 0.1 kb	 0.0% Packages/com.unity.xr.core-utils/Runtime/OnDestroyNotifier.cs
 0.1 kb	 0.0% Packages/com.unity.xr.core-utils/Runtime/Extensions/Vector3Extensions.cs
 0.1 kb	 0.0% Packages/com.unity.xr.core-utils/Runtime/Extensions/Vector2Extensions.cs
 0.1 kb	 0.0% Packages/com.unity.xr.core-utils/Runtime/Extensions/TransformExtensions.cs
 0.1 kb	 0.0% Packages/com.unity.xr.core-utils/Runtime/Extensions/StopwatchExtensions.cs
 0.1 kb	 0.0% Packages/com.unity.xr.core-utils/Runtime/Extensions/QuaternionExtensions.cs
 0.1 kb	 0.0% Packages/com.unity.xr.core-utils/Runtime/Extensions/LayerMaskExtensions.cs
 0.1 kb	 0.0% Packages/com.unity.xr.core-utils/Runtime/Extensions/HashSetExtensions.cs
 0.1 kb	 0.0% Packages/com.unity.xr.core-utils/Runtime/Extensions/GameObjectExtensions.cs
 0.1 kb	 0.0% Packages/com.unity.xr.core-utils/Runtime/Extensions/DictionaryExtensions.cs
 0.1 kb	 0.0% Packages/com.unity.xr.core-utils/Runtime/Extensions/CollectionExtensions.cs
 0.1 kb	 0.0% Packages/com.unity.xr.core-utils/Runtime/Datums/IntDatumProperty.cs
 0.1 kb	 0.0% Packages/com.unity.xr.core-utils/Runtime/Bindings/IEventBinding.cs
 0.1 kb	 0.0% Packages/com.unity.xr.core-utils/Runtime/Bindings/BindingsGroup.cs
 0.1 kb	 0.0% Packages/com.unity.xr.core-utils/Runtime/Attributes/ReadOnlyAttribute.cs
 0.1 kb	 0.0% Packages/com.unity.ugui/Runtime/UGUI/UI/Core/Utility/ReflectionMethodsCache.cs
 0.1 kb	 0.0% Packages/com.unity.ugui/Runtime/UGUI/UI/Core/MultipleDisplayUtilities.cs
 0.1 kb	 0.0% Packages/com.unity.ugui/Runtime/UGUI/UI/Core/Layout/HorizontalLayoutGroup.cs
 0.1 kb	 0.0% Packages/com.unity.ugui/Runtime/UGUI/UI/Core/IGraphicEnabledDisabled.cs
 0.1 kb	 0.0% Packages/com.unity.ugui/Runtime/UGUI/UI/Core/GraphicRebuildTracker.cs
 0.1 kb	 0.0% Packages/com.unity.ugui/Runtime/UGUI/UI/Core/Culling/RectangularVertexClipper.cs
 0.1 kb	 0.0% Packages/com.unity.ugui/Runtime/UGUI/EventSystem/UIElements/PanelEventHandler.cs
 0.1 kb	 0.0% Packages/com.unity.ugui/Runtime/UGUI/EventSystem/Raycasters/Physics2DRaycaster.cs
 0.1 kb	 0.0% Packages/com.unity.ugui/Runtime/UGUI/EventSystem/InputModules/PointerInputModule.cs
 0.1 kb	 0.0% Packages/com.unity.timeline/Runtime/TimelinePlayable_Animation.cs
 0.1 kb	 0.0% Packages/com.unity.timeline/Runtime/TimelineAttributes.cs
 0.1 kb	 0.0% Packages/com.unity.timeline/Runtime/Playables/BasicScriptPlayable.cs
 0.1 kb	 0.0% Packages/com.unity.inputsystem/InputSystem/Runtime/Utilities/TypeTable.cs
 0.1 kb	 0.0% Packages/com.unity.inputsystem/InputSystem/Runtime/Utilities/TypeHelpers.cs
 0.1 kb	 0.0% Packages/com.unity.inputsystem/InputSystem/Runtime/Utilities/Substring.cs
 0.1 kb	 0.0% Packages/com.unity.inputsystem/InputSystem/Runtime/Utilities/SavedState.cs
 0.1 kb	 0.0% Packages/com.unity.inputsystem/InputSystem/Runtime/Utilities/Observables/Observable.cs
 0.1 kb	 0.0% Packages/com.unity.inputsystem/InputSystem/Runtime/Utilities/NamedValue.cs
 0.1 kb	 0.0% Packages/com.unity.inputsystem/InputSystem/Runtime/Utilities/MiscHelpers.cs
 0.1 kb	 0.0% Packages/com.unity.inputsystem/InputSystem/Runtime/Utilities/JsonParser.cs
 0.1 kb	 0.0% Packages/com.unity.inputsystem/InputSystem/Runtime/Utilities/ArrayHelpers.cs
 0.1 kb	 0.0% Packages/com.unity.inputsystem/InputSystem/Runtime/Plugins/iOS/InputSettingsiOS.cs
 0.1 kb	 0.0% Packages/com.unity.inputsystem/InputSystem/Runtime/Plugins/XR/XRLayoutBuilder.cs
 0.1 kb	 0.0% Packages/com.unity.inputsystem/InputSystem/Runtime/Plugins/UI/NavigationModel.cs
 0.1 kb	 0.0% Packages/com.unity.inputsystem/InputSystem/Runtime/InputUpdateType.cs
 0.1 kb	 0.0% Packages/com.unity.collections/Unity.Collections/UnsafeText.cs
 0.1 kb	 0.0% Packages/com.unity.collections/Unity.Collections/UnsafeStream.cs
 0.1 kb	 0.0% Packages/com.unity.collections/Unity.Collections/RewindableAllocator.cs
 0.1 kb	 0.0% Packages/com.unity.collections/Unity.Collections/FixedStringMethods.cs
 0.1 kb	 0.0% Packages/com.unity.collections/Unity.Collections/AutoFreeAllocator.cs
 0.1 kb	 0.0% Packages/com.unity.cloud.gltfast/Runtime/Scripts/UninterruptedDefaultDeferAgent.cs
 0.1 kb	 0.0% Packages/com.unity.cloud.gltfast/Runtime/Scripts/Newtonsoft/Schema/UnclassifiedData.cs
 0.1 kb	 0.0% Packages/com.unity.cloud.gltfast/Runtime/Scripts/Newtonsoft/Schema/RootExtensions.cs
 0.1 kb	 0.0% Packages/com.unity.cloud.gltfast/Runtime/Scripts/Newtonsoft/Schema/NodeExtensions.cs
 0.1 kb	 0.0% Packages/com.unity.cloud.gltfast/Runtime/Scripts/Newtonsoft/Schema/MeshPrimitive.cs
 0.1 kb	 0.0% Packages/com.unity.cloud.gltfast/Runtime/Scripts/Newtonsoft/Schema/AnimationSampler.cs
 0.1 kb	 0.0% Packages/com.unity.cloud.gltfast/Runtime/Scripts/Newtonsoft/Schema/AnimationChannel.cs
 0.1 kb	 0.0% Packages/com.unity.cloud.gltfast/Runtime/Scripts/Newtonsoft/Schema/AccessorSparse.cs
 0.1 kb	 0.0% Packages/com.unity.cloud.gltfast/Runtime/Scripts/MaterialsVariants/MaterialsVariantsSlotInstances.cs
 0.1 kb	 0.0% Packages/com.unity.cloud.gltfast/Runtime/Scripts/MaterialsVariants/IMaterialsVariantsSlotInstance.cs
 0.1 kb	 0.0% Packages/com.unity.cloud.gltfast/Runtime/Scripts/Loading/CustomHeaderDownloadProvider.cs
 0.1 kb	 0.0% Packages/com.unity.cloud.gltfast/Runtime/Scripts/ImportAddons/IDataInstanceApplierFactory.cs
 0.1 kb	 0.0% Packages/com.unity.cloud.gltfast/Runtime/Scripts/Export/StandardMaterialExport.cs
 0.1 kb	 0.0% Packages/com.unity.cloud.gltfast/Runtime/Scripts/Export/MeshMaterialCombination.cs
 0.1 kb	 0.0% Packages/com.unity.cloud.gltfast/Runtime/Scripts/Export/GameObjectExportSettings.cs
 0.1 kb	 0.0% Packages/com.unity.burst/Runtime/CompilerServices/AssumeRangeAttribute.cs
 0.1 kb	 0.0% Packages/com.meta.xr.sdk.core/Scripts/ImmersiveDebugger/UserInterface/Resources/Styles/LayoutStyles/Member.asset
 0.1 kb	 0.0% Packages/com.meta.xr.sdk.core/Scripts/ImmersiveDebugger/UserInterface/Resources/Styles/LayoutStyles/Foldout.asset
 0.1 kb	 0.0% Packages/com.meta.xr.sdk.core/Scripts/ImmersiveDebugger/UserInterface/Resources/Styles/LayoutStyles/Default.asset
 0.1 kb	 0.0% Packages/com.meta.xr.sdk.core/Scripts/ImmersiveDebugger/UserInterface/Resources/Styles/LayoutStyles/Content.asset
 0.1 kb	 0.0% Packages/com.meta.xr.sdk.core/Scripts/ImmersiveDebugger/UserInterface/Resources/Styles/LayoutStyles/Buttons.asset
 0.1 kb	 0.0% Packages/com.meta.xr.sdk.core/Scripts/ImmersiveDebugger/UserInterface/Resources/Styles/LayoutStyles/BarTime.asset
 0.1 kb	 0.0% Packages/com.meta.xr.sdk.core/Scripts/ImmersiveDebugger/UserInterface/Resources/Styles/ImageStyles/None.asset
 0.1 kb	 0.0% Packages/com.meta.xr.sdk.core/Scripts/ImmersiveDebugger/Telemetry/Telemetry.cs
 0.1 kb	 0.0% Packages/com.meta.xr.sdk.core/Scripts/ImmersiveDebugger/SceneSetup.cs
 0.1 kb	 0.0% Packages/com.meta.xr.sdk.core/Scripts/ImmersiveDebugger/RuntimeAPIs.cs
 0.1 kb	 0.0% Packages/com.meta.xr.sdk.core/Scripts/ImmersiveDebugger/Managers/Hooks/Watch.cs
 0.1 kb	 0.0% Packages/com.meta.xr.sdk.core/Scripts/ImmersiveDebugger/Managers/Hooks/Tweak.cs
 0.1 kb	 0.0% Packages/com.meta.xr.sdk.core/Scripts/ImmersiveDebugger/Managers/Category.cs
 0.1 kb	 0.0% Packages/com.meta.xr.sdk.core/Scripts/ImmersiveDebugger/Hierarchy/Manager.cs
 0.1 kb	 0.0% Packages/com.meta.xr.sdk.core/Scripts/BuildingBlocks/RoomMesh/RoomMeshEvent.cs
 0.1 kb	 0.0% Packages/com.meta.xr.sdk.core/Scripts/BuildingBlocks/PassthroughWindow/EnableUnpremultipliedAlpha.cs
 0.1 kb	 0.0% Packages/com.meta.xr.sdk.core/Scripts/BuildingBlocks/OcclusionBIRP/Scripts/OcclusionBuildingBlock.cs
 0.1 kb	 0.0% Packages/com.meta.xr.sdk.core/Scripts/BuildingBlocks/BuildingBlock.cs
 0.1 kb	 0.0% Packages/com.meta.xr.sdk.core/Scripts/BuildingBlocks/AIBlocks/Resources/GpuNMS.cs
 0.1 kb	 0.0% Packages/com.meta.xr.sdk.core/Scripts/BuildingBlocks/AIBlocks/Agents/LlmAgent.cs
 0.1 kb	 0.0% Packages/com.meta.xr.mrutilitykit/Core/Scripts/TelemetryConstants.cs
 0.1 kb	 0.0% Packages/com.meta.xr.mrutilitykit/Core/Scripts/SerializationHelpers.cs
 0.1 kb	 0.0% Packages/com.meta.xr.mrutilitykit/Core/Scripts/SceneDecorator/Masks/SlopeMask.cs
 0.1 kb	 0.0% Packages/com.meta.xr.mrutilitykit/Core/Scripts/SceneDecorator/Masks/RandomMask.cs
 0.1 kb	 0.0% Packages/com.meta.xr.mrutilitykit/Core/Scripts/SceneDecorator/Masks/HeightMask.cs
 0.1 kb	 0.0% Packages/com.meta.xr.mrutilitykit/Core/Scripts/SceneDecorator/Masks/CookieMask.cs
 0.1 kb	 0.0% Packages/com.meta.xr.mrutilitykit/Core/Scripts/SceneDecorator/Masks/ConstantMask.cs
 0.1 kb	 0.0% Packages/com.meta.xr.mrutilitykit/Core/Scripts/SceneDecorator/Masks/ColliderMask.cs
 0.1 kb	 0.0% Packages/com.meta.xr.mrutilitykit/Core/Scripts/SceneDecorator/Editor/MaskEditor.cs
 0.1 kb	 0.0% Packages/com.meta.xr.mrutilitykit/Core/Scripts/MRUKGlobalContext.cs
 0.1 kb	 0.0% Packages/com.meta.xr.mrutilitykit/Core/Scripts/FindSpawnPositions.cs
 0.1 kb	 0.0% Packages/com.meta.xr.mrutilitykit/Core/Scripts/BuildingBlocks/InstantContentPlacement/Scripts/SpaceLocator.cs
 0.1 kb	 0.0% Packages/com.meta.xr.mrutilitykit/Core/Scripts/AnchorPrefabSpawner.cs
 0.1 kb	 0.0% Assets/Milzet/StartupSource/Project/Scripts/Timeline/Tracks/UICanvas/UICanvasClip.cs
 0.1 kb	 0.0% Assets/Milzet/Runtime/StandaloneVerification.cs
 0.1 kb	 0.0% Assets/Milzet/Runtime/GeneratedVerification.cs
 0.1 kb	 0.0% Packages/com.unity.xr.openxr/Runtime/input/HapticControl.cs
 0.1 kb	 0.0% Packages/com.unity.xr.core-utils/Runtime/GUI/ScreenGUIUtils.cs
 0.1 kb	 0.0% Packages/com.unity.xr.core-utils/Runtime/Extensions/UnityEventExtensions.cs
 0.1 kb	 0.0% Packages/com.unity.ugui/Runtime/UGUI/UI/Animation/CoroutineTween.cs
 0.1 kb	 0.0% Packages/com.unity.ugui/Runtime/UGUI/EventSystem/EventInterfaces.cs
 0.1 kb	 0.0% Packages/com.unity.ugui/Runtime/TMP/TMPro_ExtensionMethods.cs
 0.1 kb	 0.0% Packages/com.unity.ugui/Runtime/TMP/TMP_TextParsingUtilities.cs
 0.1 kb	 0.0% Packages/com.unity.ugui/Runtime/TMP/TMP_TextElement_Legacy.cs
 0.1 kb	 0.0% Packages/com.unity.ugui/Runtime/TMP/TMP_FontAssetUtilities.cs
 0.1 kb	 0.0% Packages/com.unity.ugui/Runtime/TMP/MaterialReferenceManager.cs
 0.1 kb	 0.0% Packages/com.unity.ugui/Runtime/TMP/FontFeatureCommonGSUB.cs
 0.1 kb	 0.0% Packages/com.unity.timeline/Runtime/Utilities/IPropertyCollector.cs
 0.1 kb	 0.0% Packages/com.unity.timeline/Runtime/Utilities/AnimatorBindingCache.cs
 0.1 kb	 0.0% Packages/com.unity.timeline/Runtime/Playables/TimeControlPlayable.cs
 0.1 kb	 0.0% Packages/com.unity.timeline/Runtime/Extensions/SelectionExtensions.cs
 0.1 kb	 0.0% Packages/com.unity.timeline/Runtime/Evaluation/ScheduleRuntimeClip.cs
 0.1 kb	 0.0% Packages/com.unity.timeline/Runtime/Evaluation/InfiniteRuntimeClip.cs
 0.1 kb	 0.0% Packages/com.unity.timeline/Runtime/Control/ControlPlayableAsset.cs
 0.1 kb	 0.0% Packages/com.unity.timeline/Runtime/Audio/AudioPlayableAsset.cs
 0.1 kb	 0.0% Packages/com.unity.timeline/Runtime/Audio/AudioMixerProperties.cs
 0.1 kb	 0.0% Packages/com.unity.timeline/Runtime/Audio/AudioClipProperties.cs
 0.1 kb	 0.0% Packages/com.unity.timeline/Runtime/Attributes/TrackColorAttribute.cs
 0.1 kb	 0.0% Packages/com.unity.inputsystem/InputSystem/Runtime/Utilities/DynamicBitfield.cs
 0.1 kb	 0.0% Packages/com.unity.inputsystem/InputSystem/Runtime/State/InputState.cs
 0.1 kb	 0.0% Packages/com.unity.inputsystem/InputSystem/Runtime/Plugins/WebGL/WebGLSupport.cs
 0.1 kb	 0.0% Packages/com.unity.inputsystem/InputSystem/Runtime/Plugins/WebGL/WebGLGamepad.cs
 0.1 kb	 0.0% Packages/com.unity.inputsystem/InputSystem/Runtime/Plugins/Users/InputUser.cs
 0.1 kb	 0.0% Packages/com.unity.inputsystem/InputSystem/Runtime/Plugins/Linux/LinuxSupport.cs
 0.1 kb	 0.0% Packages/com.unity.inputsystem/InputSystem/Runtime/Plugins/EnhancedTouch/Touch.cs
 0.1 kb	 0.0% Packages/com.unity.inputsystem/InputSystem/Runtime/Plugins/EnhancedTouch/Finger.cs
 0.1 kb	 0.0% Packages/com.unity.inputsystem/InputSystem/Runtime/InputSystemState.cs
 0.1 kb	 0.0% Packages/com.unity.inputsystem/InputSystem/Runtime/InputSettings.cs
 0.1 kb	 0.0% Packages/com.unity.inputsystem/InputSystem/Runtime/InputMetrics.cs
 0.1 kb	 0.0% Packages/com.unity.inputsystem/InputSystem/Runtime/InputExtensions.cs
 0.1 kb	 0.0% Packages/com.unity.inputsystem/InputSystem/Runtime/InputAnalytics.cs
 0.1 kb	 0.0% Packages/com.unity.inputsystem/InputSystem/Runtime/Events/TextEvent.cs
 0.1 kb	 0.0% Packages/com.unity.inputsystem/InputSystem/Runtime/Events/StateEvent.cs
 0.1 kb	 0.0% Packages/com.unity.inputsystem/InputSystem/Runtime/Events/InputEvent.cs
 0.1 kb	 0.0% Packages/com.unity.inputsystem/InputSystem/Runtime/Events/ActionEvent.cs
 0.1 kb	 0.0% Packages/com.unity.inputsystem/InputSystem/Runtime/Devices/TrackedDevice.cs
 0.1 kb	 0.0% Packages/com.unity.inputsystem/InputSystem/Runtime/Devices/Remote/InputRemoting.cs
 0.1 kb	 0.0% Packages/com.unity.inputsystem/InputSystem/Runtime/Devices/Precompiled/FastTouchscreen.cs
 0.1 kb	 0.0% Packages/com.unity.inputsystem/InputSystem/Runtime/Devices/Precompiled/FastMouse.partial.cs
 0.1 kb	 0.0% Packages/com.unity.inputsystem/InputSystem/Runtime/Devices/IEventMerger.cs
 0.1 kb	 0.0% Packages/com.unity.inputsystem/InputSystem/Runtime/Controls/TouchControl.cs
 0.1 kb	 0.0% Packages/com.unity.inputsystem/InputSystem/Runtime/Controls/StickControl.cs
 0.1 kb	 0.0% Packages/com.unity.inputsystem/InputSystem/Runtime/Controls/KeyControl.cs
 0.1 kb	 0.0% Packages/com.unity.inputsystem/InputSystem/Runtime/Controls/InputProcessor.cs
 0.1 kb	 0.0% Packages/com.unity.inputsystem/InputSystem/Runtime/Controls/InputControlPath.cs
 0.1 kb	 0.0% Packages/com.unity.inputsystem/InputSystem/Runtime/Controls/DpadControl.cs
 0.1 kb	 0.0% Packages/com.unity.inputsystem/InputSystem/Runtime/Controls/DeltaControl.cs
 0.1 kb	 0.0% Packages/com.unity.inputsystem/InputSystem/Runtime/Controls/AxisControl.cs
 0.1 kb	 0.0% Packages/com.unity.inputsystem/InputSystem/Runtime/Actions/InputActionState.cs
 0.1 kb	 0.0% Packages/com.unity.inputsystem/InputSystem/Runtime/Actions/InputActionMap.cs
 0.1 kb	 0.0% Packages/com.unity.inputsystem/InputSystem/Runtime/Actions/InputActionAsset.cs
 0.1 kb	 0.0% Packages/com.unity.inputsystem/InputSystem/Editor/UITKAssetEditor/Views/Selectors.cs
 0.1 kb	 0.0% Packages/com.unity.inputsystem/InputSystem/Editor/UITKAssetEditor/Views/ContextMenu.cs
 0.1 kb	 0.0% Packages/com.unity.inputsystem/InputSystem/Editor/Internal/GUIHelpers.cs
 0.1 kb	 0.0% Packages/com.unity.collections/Unity.Collections/UnsafeQueue.cs
 0.1 kb	 0.0% Packages/com.unity.collections/Unity.Collections/NativeHashMap.cs
 0.1 kb	 0.0% Packages/com.unity.collections/Unity.Collections/FixedStringFormat.gen.cs
 0.1 kb	 0.0% Packages/com.unity.collections/Unity.Collections/FixedString.gen.cs
 0.1 kb	 0.0% Packages/com.unity.cloud.gltfast/Runtime/Scripts/Newtonsoft/Schema/GltfAnimation.cs
 0.1 kb	 0.0% Packages/com.unity.cloud.gltfast/Runtime/Scripts/Material/BuiltInMaterialGenerator.cs
 0.1 kb	 0.0% Packages/com.unity.cloud.gltfast/Runtime/Scripts/Animations/AnimationModuleProcessor.cs
 0.1 kb	 0.0% Packages/com.unity.cloud.gltfast/Runtime/Scripts/Animations/AnimationInstanceApplier.cs
 0.1 kb	 0.0% Packages/com.meta.xr.sdk.core/Scripts/Util/SampleMetadata/MetaCodeSampleAttribute.cs
 0.1 kb	 0.0% Packages/com.meta.xr.sdk.core/Scripts/Util/OVRPointerEventData.cs
 0.1 kb	 0.0% Packages/com.meta.xr.sdk.core/Scripts/Util/OVRPhysicsRaycaster.cs
 0.1 kb	 0.0% Packages/com.meta.xr.sdk.core/Scripts/Util/OVRMixedRealityCaptureSettings.cs
 0.1 kb	 0.0% Packages/com.meta.xr.sdk.core/Scripts/OVRVirtualKeyboard/OVRVirtualKeyboardSampleControls.cs
 0.1 kb	 0.0% Packages/com.meta.xr.sdk.core/Scripts/ImmersiveDebugger/UserInterface/Resources/Styles/LayoutStyles/H2.asset
 0.1 kb	 0.0% Packages/com.meta.xr.sdk.core/Scripts/ImmersiveDebugger/UserInterface/Resources/Styles/LayoutStyles/H1.asset
 0.1 kb	 0.0% Packages/com.meta.xr.sdk.core/Scripts/ImmersiveDebugger/UserInterface/Resources/Styles/LayoutStyles/Fill.asset
 0.1 kb	 0.0% Packages/com.meta.xr.sdk.core/Scripts/ImmersiveDebugger/UserInterface/Resources/Styles/LayoutStyles/Bar.asset
 0.1 kb	 0.0% Packages/com.meta.xr.mrutilitykit/Core/Scripts/PassthroughCameraAccess.cs
 0.1 kb	 0.0% Packages/com.unity.xr.openxr/Runtime/OpenXRUtility.cs
 0.1 kb	 0.0% Packages/com.unity.xr.openxr/Runtime/OpenXRSettings.cs
 0.1 kb	 0.0% Packages/com.unity.xr.openxr/Runtime/OpenXRRuntime.cs
 0.1 kb	 0.0% Packages/com.unity.xr.openxr/Runtime/OpenXRRestarter.cs
 0.1 kb	 0.0% Packages/com.unity.xr.openxr/Runtime/OpenXRLoaderBase.cs
 0.1 kb	 0.0% Packages/com.unity.xr.openxr/Runtime/OpenXRAnalytics.cs
 0.1 kb	 0.0% Packages/com.unity.xr.core-utils/Runtime/XRLoggingUtils.cs
 0.1 kb	 0.0% Packages/com.unity.xr.core-utils/Runtime/UnityObjectUtils.cs
 0.1 kb	 0.0% Packages/com.unity.xr.core-utils/Runtime/SerializableGuid.cs
 0.1 kb	 0.0% Packages/com.unity.xr.core-utils/Runtime/ReflectionUtils.cs
 0.1 kb	 0.0% Packages/com.unity.xr.core-utils/Runtime/NativeArrayUtils.cs
 0.1 kb	 0.0% Packages/com.unity.xr.core-utils/Runtime/MaterialUtils.cs
 0.1 kb	 0.0% Packages/com.unity.xr.core-utils/Runtime/GeometryUtils.cs
 0.1 kb	 0.0% Packages/com.unity.xr.core-utils/Runtime/GameObjectUtils.cs
 0.1 kb	 0.0% Packages/com.unity.xr.core-utils/Runtime/Extensions/TypeExtensions.cs
 0.1 kb	 0.0% Packages/com.unity.xr.core-utils/Runtime/Extensions/StringExtensions.cs
 0.1 kb	 0.0% Packages/com.unity.xr.core-utils/Runtime/Extensions/PoseExtensions.cs
 0.1 kb	 0.0% Packages/com.unity.xr.core-utils/Runtime/Extensions/ListExtensions.cs
 0.1 kb	 0.0% Packages/com.unity.xr.core-utils/Runtime/Extensions/GuidExtensions.cs
 0.1 kb	 0.0% Packages/com.unity.xr.core-utils/Runtime/Extensions/CameraExtensions.cs
 0.1 kb	 0.0% Packages/com.unity.xr.core-utils/Runtime/Extensions/BoundsExtensions.cs
 0.1 kb	 0.0% Packages/com.unity.xr.core-utils/Runtime/Datums/StringDatum.cs
 0.1 kb	 0.0% Packages/com.unity.xr.core-utils/Runtime/Datums/FloatDatum.cs
 0.1 kb	 0.0% Packages/com.unity.xr.core-utils/Runtime/ComponentUtils.cs
 0.1 kb	 0.0% Packages/com.unity.xr.core-utils/Runtime/Bindings/EventBinding.cs
 0.1 kb	 0.0% Packages/com.unity.ugui/Runtime/UGUI/UI/Core/SetPropertyUtility.cs
 0.1 kb	 0.0% Packages/com.unity.ugui/Runtime/UGUI/UI/Core/MaterialModifiers/IMaterialModifier.cs
 0.1 kb	 0.0% Packages/com.unity.ugui/Runtime/UGUI/UI/Core/Layout/VerticalLayoutGroup.cs
 0.1 kb	 0.0% Packages/com.unity.ugui/Runtime/UGUI/UI/Core/Layout/ContentSizeFitter.cs
 0.1 kb	 0.0% Packages/com.unity.ugui/Runtime/UGUI/UI/Core/Layout/AspectRatioFitter.cs
 0.1 kb	 0.0% Packages/com.unity.ugui/Runtime/UGUI/UI/Core/FontUpdateTracker.cs
 0.1 kb	 0.0% Packages/com.unity.ugui/Runtime/UGUI/UI/Core/CanvasUpdateRegistry.cs
 0.1 kb	 0.0% Packages/com.unity.ugui/Runtime/UGUI/UI/Core/AnimationTriggers.cs
 0.1 kb	 0.0% Packages/com.unity.ugui/Runtime/UGUI/EventSystem/UIElements/PanelRaycaster.cs
 0.1 kb	 0.0% Packages/com.unity.ugui/Runtime/UGUI/EventSystem/Raycasters/PhysicsRaycaster.cs
 0.1 kb	 0.0% Packages/com.unity.ugui/Runtime/UGUI/EventSystem/Raycasters/BaseRaycaster.cs
 0.1 kb	 0.0% Packages/com.unity.ugui/Runtime/UGUI/EventSystem/RaycasterManager.cs
 0.1 kb	 0.0% Packages/com.unity.ugui/Runtime/UGUI/EventSystem/RaycastResult.cs
 0.1 kb	 0.0% Packages/com.unity.ugui/Runtime/UGUI/EventSystem/InputModules/TouchInputModule.cs
 0.1 kb	 0.0% Packages/com.unity.ugui/Runtime/UGUI/EventSystem/InputModules/BaseInputModule.cs
 0.1 kb	 0.0% Packages/com.unity.ugui/Runtime/UGUI/EventSystem/ExecuteEvents.cs
 0.1 kb	 0.0% Packages/com.unity.ugui/Runtime/UGUI/EventSystem/EventData/PointerEventData.cs
 0.1 kb	 0.0% Packages/com.unity.ugui/Runtime/UGUI/EventSystem/EventData/BaseEventData.cs
 0.1 kb	 0.0% Packages/com.unity.ugui/Runtime/UGUI/EventSystem/EventData/AxisEventData.cs
 0.1 kb	 0.0% Packages/com.unity.ugui/Runtime/TMP/TMP_TextProcessingStack.cs
 0.1 kb	 0.0% Packages/com.unity.ugui/Runtime/TMP/TMP_FontFeaturesCommon.cs
 0.1 kb	 0.0% Packages/com.unity.timeline/Runtime/Extensions/TrackExtensions.cs
 0.1 kb	 0.0% Packages/com.unity.timeline/Runtime/ClipCaps.cs
 0.1 kb	 0.0% Packages/com.unity.mathematics/Unity.Mathematics/rigid_transform.cs
 0.1 kb	 0.0% Packages/com.unity.mathematics/Unity.Mathematics/math_unity_conversion.cs
 0.1 kb	 0.0% Packages/com.unity.mathematics/Unity.Mathematics/affine_transform.cs
 0.1 kb	 0.0% Packages/com.unity.mathematics/Unity.Mathematics/Geometry/MinMaxAABB.cs
 0.1 kb	 0.0% Packages/com.unity.inputsystem/InputSystem/Runtime/Utilities/FourCC.cs
 0.1 kb	 0.0% Packages/com.unity.inputsystem/InputSystem/Runtime/Plugins/iOS/iOSSupport.cs
 0.1 kb	 0.0% Packages/com.unity.inputsystem/InputSystem/Runtime/Plugins/XR/XRSupport.cs
 0.1 kb	 0.0% Packages/com.unity.inputsystem/InputSystem/Runtime/Plugins/XR/GenericXRDevice.cs
 0.1 kb	 0.0% Packages/com.unity.inputsystem/InputSystem/Runtime/Plugins/XR/Devices/WindowsMR.cs
 0.1 kb	 0.0% Packages/com.unity.inputsystem/InputSystem/Runtime/Plugins/XR/Controls/PoseControl.cs
 0.1 kb	 0.0% Packages/com.unity.inputsystem/InputSystem/Runtime/Plugins/UI/UISupport.cs
 0.1 kb	 0.0% Packages/com.unity.inputsystem/InputSystem/Runtime/Plugins/UI/PointerModel.cs
 0.1 kb	 0.0% Packages/com.unity.inputsystem/InputSystem/Runtime/Plugins/OSX/OSXSupport.cs
 0.1 kb	 0.0% Packages/com.unity.inputsystem/InputSystem/Runtime/Plugins/HID/HIDSupport.cs
 0.1 kb	 0.0% Packages/com.unity.inputsystem/InputSystem/Runtime/Plugins/HID/HIDParser.cs
 0.1 kb	 0.0% Packages/com.unity.collections/Unity.Collections/xxHash3.StreamingState.cs
 0.1 kb	 0.0% Packages/com.unity.collections/Unity.Collections/NativeSort.cs
 0.1 kb	 0.0% Packages/com.unity.collections/Unity.Collections/NativeBitArray.cs
 0.1 kb	 0.0% Packages/com.unity.collections/Unity.Collections/ListExtensions.cs
 0.1 kb	 0.0% Packages/com.unity.collections/Unity.Collections/Jobs/IJobParallelForDefer.cs
 0.1 kb	 0.0% Packages/com.unity.collections/Unity.Collections/Jobs/IJobParallelForBatch.cs
 0.1 kb	 0.0% Packages/com.unity.collections/Unity.Collections/FixedStringUtils.cs
 0.1 kb	 0.0% Packages/com.unity.collections/Unity.Collections/DataStreamWriter.cs
 0.1 kb	 0.0% Packages/com.unity.collections/Unity.Collections/DataStreamReader.cs
 0.1 kb	 0.0% Packages/com.unity.collections/Unity.Collections/ConcurrentMask.cs
 0.1 kb	 0.0% Packages/com.unity.collections/Unity.Collections/CollectionHelper.cs
 0.1 kb	 0.0% Packages/com.unity.collections/Unity.Collections/AllocatorManager.cs
 0.1 kb	 0.0% Packages/com.unity.cloud.gltfast/Runtime/Scripts/VertexBufferGeneratorBase.cs
 0.1 kb	 0.0% Packages/com.unity.cloud.gltfast/Runtime/Scripts/TimeBudgetPerFrameDeferAgent.cs
 0.1 kb	 0.0% Packages/com.unity.cloud.gltfast/Runtime/Scripts/Schema/TextureInfoExtensions.cs
 0.1 kb	 0.0% Packages/com.unity.cloud.gltfast/Runtime/Scripts/Schema/PbrSpecularGlossiness.cs
 0.1 kb	 0.0% Packages/com.unity.cloud.gltfast/Runtime/Scripts/Schema/MaterialPbrMetallicRoughness.cs
 0.1 kb	 0.0% Packages/com.unity.cloud.gltfast/Runtime/Scripts/Schema/AnimationChannelTarget.cs
 0.1 kb	 0.0% Packages/com.unity.cloud.gltfast/Runtime/Scripts/Schema/AccessorSparseIndices.cs
 0.1 kb	 0.0% Packages/com.unity.cloud.gltfast/Runtime/Scripts/Newtonsoft/Schema/TextureInfo.cs
 0.1 kb	 0.0% Packages/com.unity.cloud.gltfast/Runtime/Scripts/Newtonsoft/Schema/MeshExtras.cs
 0.1 kb	 0.0% Packages/com.unity.cloud.gltfast/Runtime/Scripts/Newtonsoft/Schema/IJsonObject.cs
 0.1 kb	 0.0% Packages/com.unity.cloud.gltfast/Runtime/Scripts/Newtonsoft/Schema/BufferView.cs
 0.1 kb	 0.0% Packages/com.unity.cloud.gltfast/Runtime/Scripts/MaterialsVariants/MaterialsVariantsComponent.cs
 0.1 kb	 0.0% Packages/com.unity.cloud.gltfast/Runtime/Scripts/Loading/DefaultDownloadProvider.cs
 0.1 kb	 0.0% Packages/com.unity.cloud.gltfast/Runtime/Scripts/ImportAddons/IPostJsonDeserialization.cs
 0.1 kb	 0.0% Packages/com.unity.cloud.gltfast/Runtime/Scripts/ImportAddons/IInstanceApplierFactory.cs
 0.1 kb	 0.0% Packages/com.unity.cloud.gltfast/Runtime/Scripts/ImageConversionImageLoader.cs
 0.1 kb	 0.0% Packages/com.unity.cloud.gltfast/Runtime/Scripts/IMaterialsVariantsProvider.cs
 0.1 kb	 0.0% Packages/com.unity.cloud.gltfast/Runtime/Scripts/IDefaultImageFormatLoader.cs
 0.1 kb	 0.0% Packages/com.unity.cloud.gltfast/Runtime/Scripts/GameObjectBoundsInstantiator.cs
 0.1 kb	 0.0% Packages/com.unity.cloud.gltfast/Runtime/Scripts/Export/NormalImageExport.cs
 0.1 kb	 0.0% Packages/com.unity.cloud.gltfast/Runtime/Scripts/Export/MaterialExportBase.cs
 0.1 kb	 0.0% Packages/com.unity.cloud.gltfast/Runtime/Scripts/Export/KhrLightsPunctual.cs
 0.1 kb	 0.0% Packages/com.unity.cloud.gltfast/Runtime/Scripts/Export/GltfMaterialExporter.cs
 0.1 kb	 0.0% Packages/com.unity.cloud.gltfast/Runtime/Scripts/Export/DracoExportSettings.cs
 0.1 kb	 0.0% Packages/com.unity.cloud.gltfast/Runtime/Scripts/CancellationTokenExtension.cs
 0.1 kb	 0.0% Packages/com.unity.cloud.gltfast/Runtime/DocExamples/WebP.cs
 0.1 kb	 0.0% Packages/com.unity.burst/Runtime/SafeStringArrayHelper.cs
 0.1 kb	 0.0% Packages/com.unity.burst/Runtime/Editor/BurstEditorOptions.cs
 0.1 kb	 0.0% Packages/com.unity.burst/Runtime/Editor/BurstCompileTarget.cs
 0.1 kb	 0.0% Packages/com.unity.burst/Runtime/Editor/BurstAssemblyDisable.cs
 0.1 kb	 0.0% Packages/com.unity.burst/Runtime/BurstCompileAttribute.cs
 0.1 kb	 0.0% Packages/com.unity.ai.navigation/Runtime/NavMeshSurface.cs
 0.1 kb	 0.0% Packages/com.unity.ai.navigation/Runtime/NavMeshModifier.cs
 0.1 kb	 0.0% Packages/com.meta.xr.sdk.core/Scripts/ImmersiveDebugger/UserInterface/Resources/Styles/TextStyles/HierarchyItemLabelDeactivated.asset
 0.1 kb	 0.0% Packages/com.meta.xr.sdk.core/Scripts/ImmersiveDebugger/Managers/Hooks/Hook.cs
 0.1 kb	 0.0% Packages/com.meta.xr.sdk.core/Scripts/ImmersiveDebugger/Hierarchy/Item.cs
 0.1 kb	 0.0% Packages/com.meta.xr.sdk.core/Scripts/BuildingBlocks/Telemetry.cs
 0.1 kb	 0.0% Packages/com.meta.xr.sdk.core/Scripts/BuildingBlocks/RunTimeUtils.cs
 0.1 kb	 0.0% Packages/com.meta.xr.mrutilitykit/Core/Scripts/SceneNavigation.cs
 0.1 kb	 0.0% Packages/com.meta.xr.mrutilitykit/Core/Scripts/SceneDecorator/Modifier/Modifier.cs
 0.1 kb	 0.0% Packages/com.meta.xr.mrutilitykit/Core/Scripts/SceneDecorator/Masks/Mask2D.cs
 0.1 kb	 0.0% Packages/com.meta.xr.mrutilitykit/Core/Scripts/SceneDebugger.cs
 0.1 kb	 0.0% Packages/com.meta.xr.mrutilitykit/Core/Scripts/MRUKTrackable.cs
 0.1 kb	 0.0% Packages/com.meta.xr.mrutilitykit/Core/Scripts/GridSliceResizer.cs
 0.1 kb	 0.0% Packages/com.meta.xr.mrutilitykit/Core/Scripts/Generated/MRUKNativeFuncs.cs
 0.1 kb	 0.0% Assets/Milzet/StartupSource/Project/Scripts/UI/UICanvas.cs
 0.1 kb	 0.0% Assets/Milzet/StartupSource/Project/Scripts/Animation/Tween.cs
 0.1 kb	 0.0% Assets/Milzet/Runtime/RoomPlacementMath.cs
 0.1 kb	 0.0% Assets/Milzet/Runtime/PresentationContract.cs
 0.1 kb	 0.0% Assets/Milzet/Runtime/CommonsVerification.cs
 0.1 kb	 0.0% Packages/com.unity.xr.openxr/Runtime/input/PoseControl.cs
 0.1 kb	 0.0% Packages/com.unity.xr.openxr/Runtime/input/OpenXRInput.cs
 0.1 kb	 0.0% Packages/com.unity.xr.openxr/Runtime/input/OpenXRHmd.cs
 0.1 kb	 0.0% Packages/com.unity.xr.openxr/Runtime/input/OpenXRDevice.cs
 0.1 kb	 0.0% Packages/com.unity.xr.openxr/Runtime/OpenXRConstants.cs
 0.1 kb	 0.0% Packages/com.unity.ugui/Runtime/TMP/TMPro_EventManager.cs
 0.1 kb	 0.0% Packages/com.unity.ugui/Runtime/TMP/TMP_UpdateRegistery.cs
 0.1 kb	 0.0% Packages/com.unity.ugui/Runtime/TMP/TMP_UpdateManager.cs
 0.1 kb	 0.0% Packages/com.unity.ugui/Runtime/TMP/TMP_TextUtilities.cs
 0.1 kb	 0.0% Packages/com.unity.ugui/Runtime/TMP/TMP_TextProcessingCommon.cs
 0.1 kb	 0.0% Packages/com.unity.ugui/Runtime/TMP/TMP_SpriteCharacter.cs
 0.1 kb	 0.0% Packages/com.unity.ugui/Runtime/TMP/TMP_SpriteAnimator.cs
 0.1 kb	 0.0% Packages/com.unity.ugui/Runtime/TMP/TMP_SelectionCaret.cs
 0.1 kb	 0.0% Packages/com.unity.ugui/Runtime/TMP/TMP_ResourcesManager.cs
 0.1 kb	 0.0% Packages/com.unity.ugui/Runtime/TMP/TMP_MaterialManager.cs
 0.1 kb	 0.0% Packages/com.unity.ugui/Runtime/TMP/TMP_InputValidator.cs
 0.1 kb	 0.0% Packages/com.unity.ugui/Runtime/TMP/TMP_FontFeatureTable.cs
 0.1 kb	 0.0% Packages/com.unity.ugui/Runtime/TMP/TMP_DefaultControls.cs
 0.1 kb	 0.0% Packages/com.unity.ugui/Runtime/TMP/TMP_Compatibility.cs
 0.1 kb	 0.0% Packages/com.unity.ugui/Runtime/TMP/TMP_ColorGradient.cs
 0.1 kb	 0.0% Packages/com.unity.ugui/Runtime/TMP/TMP_CharacterInfo.cs
 0.1 kb	 0.0% Packages/com.unity.ugui/Runtime/TMP/ITextPreProcessor.cs
 0.1 kb	 0.0% Packages/com.unity.ugui/Runtime/TMP/FontFeatureCommonGPOS.cs
 0.1 kb	 0.0% Packages/com.unity.timeline/Runtime/Utilities/WeightUtility.cs
 0.1 kb	 0.0% Packages/com.unity.timeline/Runtime/Utilities/IPropertyPreview.cs
 0.1 kb	 0.0% Packages/com.unity.timeline/Runtime/Utilities/Extrapolation.cs
 0.1 kb	 0.0% Packages/com.unity.timeline/Runtime/TimelinePlayable.cs
 0.1 kb	 0.0% Packages/com.unity.timeline/Runtime/TimelineAsset.cs
 0.1 kb	 0.0% Packages/com.unity.timeline/Runtime/Scripting/PlayableTrack.cs
 0.1 kb	 0.0% Packages/com.unity.timeline/Runtime/Events/Signals/SignalReceiver.cs
 0.1 kb	 0.0% Packages/com.unity.timeline/Runtime/Events/Signals/SignalEmitter.cs
 0.1 kb	 0.0% Packages/com.unity.timeline/Runtime/Evaluation/RuntimeElement.cs
 0.1 kb	 0.0% Packages/com.unity.timeline/Runtime/Evaluation/RuntimeClipBase.cs
 0.1 kb	 0.0% Packages/com.unity.timeline/Runtime/CurveEditUtility.cs
 0.1 kb	 0.0% Packages/com.unity.timeline/Runtime/Animation/AnimationTrack.cs
 0.1 kb	 0.0% Packages/com.unity.timeline/Runtime/Activation/ActivationTrack.cs
 0.1 kb	 0.0% Packages/com.unity.mathematics/Unity.Mathematics/double4x4.gen.cs
 0.1 kb	 0.0% Packages/com.unity.mathematics/Unity.Mathematics/double4x3.gen.cs
 0.1 kb	 0.0% Packages/com.unity.mathematics/Unity.Mathematics/double4x2.gen.cs
 0.1 kb	 0.0% Packages/com.unity.mathematics/Unity.Mathematics/double3x4.gen.cs
 0.1 kb	 0.0% Packages/com.unity.mathematics/Unity.Mathematics/double3x3.gen.cs
 0.1 kb	 0.0% Packages/com.unity.mathematics/Unity.Mathematics/double3x2.gen.cs
 0.1 kb	 0.0% Packages/com.unity.mathematics/Unity.Mathematics/double2x4.gen.cs
 0.1 kb	 0.0% Packages/com.unity.mathematics/Unity.Mathematics/double2x3.gen.cs
 0.1 kb	 0.0% Packages/com.unity.mathematics/Unity.Mathematics/double2x2.gen.cs
 0.1 kb	 0.0% Packages/com.unity.inputsystem/InputSystem/Runtime/Plugins/PlayerInput/PlayerInput.cs
 0.1 kb	 0.0% Packages/com.unity.inputsystem/InputSystem/Runtime/Plugins/PlayerInput/InputValue.cs
 0.1 kb	 0.0% Packages/com.unity.inputsystem/InputSystem/Runtime/InputSystem.cs
 0.1 kb	 0.0% Packages/com.unity.inputsystem/InputSystem/Runtime/InputManager.cs
 0.1 kb	 0.0% Packages/com.unity.inputsystem/InputSystem/Runtime/Devices/Touchscreen.cs
 0.1 kb	 0.0% Packages/com.unity.inputsystem/InputSystem/Runtime/Devices/Precompiled/FastMouse.cs
 0.1 kb	 0.0% Packages/com.unity.inputsystem/InputSystem/Runtime/Devices/Precompiled/FastKeyboard.cs
 0.1 kb	 0.0% Packages/com.unity.inputsystem/InputSystem/Runtime/Devices/InputDevice.cs
 0.1 kb	 0.0% Packages/com.unity.inputsystem/InputSystem/Runtime/Devices/Haptics/IHaptics.cs
 0.1 kb	 0.0% Packages/com.unity.inputsystem/InputSystem/Runtime/Controls/InputControl.cs
 0.1 kb	 0.0% Packages/com.unity.inputsystem/InputSystem/Runtime/Controls/CommonUsages.cs
 0.1 kb	 0.0% Packages/com.unity.inputsystem/InputSystem/Runtime/Actions/InputBinding.cs
 0.1 kb	 0.0% Packages/com.unity.inputsystem/InputSystem/Runtime/Actions/InputAction.cs
 0.1 kb	 0.0% Packages/com.unity.inputsystem/InputSystem/Editor/UITKAssetEditor/Commands/Commands.cs
 0.1 kb	 0.0% Packages/com.unity.inputsystem/InputSystem/Editor/Dialog.cs
 0.1 kb	 0.0% Packages/com.unity.inputsystem/InputSystem/AssemblyInfo.cs
 0.1 kb	 0.0% Packages/com.unity.collections/Unity.Collections/NativeText.gen.cs
 0.1 kb	 0.0% Packages/com.unity.collections/Unity.Collections/FixedList.gen.cs
 0.1 kb	 0.0% Packages/com.unity.cloud.gltfast/Runtime/Scripts/VertexBufferTexCoords.cs
 0.1 kb	 0.0% Packages/com.unity.cloud.gltfast/Runtime/Scripts/Schema/FakeSchema/MaterialExtension.cs
 0.1 kb	 0.0% Packages/com.unity.cloud.gltfast/Runtime/Scripts/Newtonsoft/Schema/GltfCamera.cs
 0.1 kb	 0.0% Packages/com.unity.cloud.gltfast/Runtime/Scripts/Material/MaterialGenerator.cs
 0.1 kb	 0.0% Packages/com.unity.cloud.gltfast/Runtime/Scripts/Material/IMaterialGenerator.cs
 0.1 kb	 0.0% Packages/com.unity.cloud.gltfast/Runtime/Scripts/Animations/IAnimationProcessor.cs
 0.1 kb	 0.0% Packages/com.meta.xr.sdk.core/Scripts/Util/OVRMixedRealityCaptureTest.cs
 0.1 kb	 0.0% Packages/com.meta.xr.sdk.core/Scripts/Util/OVRInputModule.cs
 0.1 kb	 0.0% Packages/com.meta.xr.sdk.core/Scripts/OpenXRFeatures/MetaXRSubsampledLayout.cs
 0.1 kb	 0.0% Packages/com.meta.xr.sdk.core/Scripts/OpenXRFeatures/MetaXRFoveationFeature.cs
 0.1 kb	 0.0% Packages/com.meta.xr.sdk.core/Scripts/OVRSemanticClassification.cs
 0.1 kb	 0.0% Packages/com.meta.xr.sdk.core/Scripts/OVRSceneObjectTransformType.cs
 0.1 kb	 0.0% Packages/com.meta.xr.sdk.core/Scripts/OVROverlayCanvas_TMPChanged.cs
 0.1 kb	 0.0% Packages/com.meta.xr.sdk.core/Scripts/OVRMicrogestureEventSource.cs
 0.1 kb	 0.0% Packages/com.meta.xr.sdk.core/Scripts/ImmersiveDebugger/UserInterface/Resources/Styles/TextStyles/InspectorTitleDeactivated.asset
 0.1 kb	 0.0% Assets/Milzet/Runtime/PackageExperience.cs
 0.1 kb	 0.0% Packages/com.unity.xr.openxr/Runtime/OpenXRLoader.cs
 0.1 kb	 0.0% Packages/com.unity.xr.management/Runtime/XRLoader.cs
 0.1 kb	 0.0% Packages/com.unity.xr.core-utils/Runtime/UndoBlock.cs
 0.1 kb	 0.0% Packages/com.unity.xr.core-utils/Runtime/TextureUtils.cs
 0.1 kb	 0.0% Packages/com.unity.xr.core-utils/Runtime/MathUtility.cs
 0.1 kb	 0.0% Packages/com.unity.xr.core-utils/Runtime/HashCodeUtil.cs
 0.1 kb	 0.0% Packages/com.unity.xr.core-utils/Runtime/DebugDraw.cs
 0.1 kb	 0.0% Packages/com.unity.xr.core-utils/Runtime/Datums/IntDatum.cs
 0.1 kb	 0.0% Packages/com.unity.xr.core-utils/Runtime/BoundsUtils.cs
 0.1 kb	 0.0% Packages/com.unity.ugui/Runtime/UGUI/UI/Core/VertexModifiers/PositionAsUV1.cs
 0.1 kb	 0.0% Packages/com.unity.ugui/Runtime/UGUI/UI/Core/VertexModifiers/IMeshModifier.cs
 0.1 kb	 0.0% Packages/com.unity.ugui/Runtime/UGUI/UI/Core/VertexModifiers/BaseMeshEffect.cs
 0.1 kb	 0.0% Packages/com.unity.ugui/Runtime/UGUI/UI/Core/StencilMaterial.cs
 0.1 kb	 0.0% Packages/com.unity.ugui/Runtime/UGUI/UI/Core/MaskableGraphic.cs
 0.1 kb	 0.0% Packages/com.unity.ugui/Runtime/UGUI/UI/Core/MaskUtilities.cs
 0.1 kb	 0.0% Packages/com.unity.ugui/Runtime/UGUI/UI/Core/Layout/LayoutUtility.cs
 0.1 kb	 0.0% Packages/com.unity.ugui/Runtime/UGUI/UI/Core/Layout/LayoutRebuilder.cs
 0.1 kb	 0.0% Packages/com.unity.ugui/Runtime/UGUI/UI/Core/Layout/LayoutElement.cs
 0.1 kb	 0.0% Packages/com.unity.ugui/Runtime/UGUI/UI/Core/Layout/ILayoutElement.cs
 0.1 kb	 0.0% Packages/com.unity.ugui/Runtime/UGUI/UI/Core/Layout/GridLayoutGroup.cs
 0.1 kb	 0.0% Packages/com.unity.ugui/Runtime/UGUI/UI/Core/GraphicRegistry.cs
 0.1 kb	 0.0% Packages/com.unity.ugui/Runtime/UGUI/UI/Core/GraphicRaycaster.cs
 0.1 kb	 0.0% Packages/com.unity.ugui/Runtime/UGUI/UI/Core/DefaultControls.cs
 0.1 kb	 0.0% Packages/com.unity.ugui/Runtime/UGUI/UI/Core/Culling/ClipperRegistry.cs
 0.1 kb	 0.0% Packages/com.unity.ugui/Runtime/UGUI/EventSystem/UIBehaviour.cs
 0.1 kb	 0.0% Packages/com.unity.ugui/Runtime/UGUI/EventSystem/InputModules/BaseInput.cs
 0.1 kb	 0.0% Packages/com.unity.ugui/Runtime/UGUI/EventSystem/EventTrigger.cs
 0.1 kb	 0.0% Packages/com.unity.ugui/Runtime/UGUI/EventSystem/EventSystem.cs
 0.1 kb	 0.0% Packages/com.unity.ugui/Runtime/TMP/TMPro_MeshUtilities.cs
 0.1 kb	 0.0% Packages/com.unity.ugui/Runtime/TMP/TMP_ShaderUtilities.cs
 0.1 kb	 0.0% Packages/com.unity.ugui/Runtime/TMP/TMP_RichTextTagsCommon.cs
 0.1 kb	 0.0% Packages/com.unity.ugui/Runtime/TMP/TMP_FontAssetCommon.cs
 0.1 kb	 0.0% Packages/com.unity.mathematics/Unity.Mathematics/quaternion.cs
 0.1 kb	 0.0% Packages/com.unity.mathematics/Unity.Mathematics/Noise/classicnoise4D.cs
 0.1 kb	 0.0% Packages/com.unity.mathematics/Unity.Mathematics/Noise/classicnoise3D.cs
 0.1 kb	 0.0% Packages/com.unity.mathematics/Unity.Mathematics/Noise/classicnoise2D.cs
 0.1 kb	 0.0% Packages/com.unity.mathematics/Unity.Mathematics/Noise/cellular2x2x2.cs
 0.1 kb	 0.0% Packages/com.unity.mathematics/Unity.Mathematics/Geometry/Plane.cs
 0.1 kb	 0.0% Packages/com.unity.inputsystem/InputSystem/Runtime/Plugins/XR/Devices/Oculus.cs
 0.1 kb	 0.0% Packages/com.unity.collections/Unity.Collections/UIntFloat.cs
 0.1 kb	 0.0% Packages/com.unity.collections/Unity.Collections/NativeStream.cs
 0.1 kb	 0.0% Packages/com.unity.collections/Unity.Collections/Jobs/EarlyInitHelpers.cs
 0.1 kb	 0.0% Packages/com.unity.cloud.gltfast/Runtime/Scripts/VertexBufferDescriptor.cs
 0.1 kb	 0.0% Packages/com.unity.cloud.gltfast/Runtime/Scripts/UninterruptedDeferAgent.cs
 0.1 kb	 0.0% Packages/com.unity.cloud.gltfast/Runtime/Scripts/Schema/TextureExtensions.cs
 0.1 kb	 0.0% Packages/com.unity.cloud.gltfast/Runtime/Scripts/Schema/OcclusionTextureInfo.cs
 0.1 kb	 0.0% Packages/com.unity.cloud.gltfast/Runtime/Scripts/Schema/NormalTextureInfo.cs
 0.1 kb	 0.0% Packages/com.unity.cloud.gltfast/Runtime/Scripts/Schema/NodeLightsPunctual.cs
 0.1 kb	 0.0% Packages/com.unity.cloud.gltfast/Runtime/Scripts/Schema/MeshGpuInstancing.cs
 0.1 kb	 0.0% Packages/com.unity.cloud.gltfast/Runtime/Scripts/Schema/MaterialExtensions.cs
 0.1 kb	 0.0% Packages/com.unity.cloud.gltfast/Runtime/Scripts/Schema/BufferViewExtensions.cs
 0.1 kb	 0.0% Packages/com.unity.cloud.gltfast/Runtime/Scripts/Schema/AccessorSparseValues.cs
 0.1 kb	 0.0% Packages/com.unity.cloud.gltfast/Runtime/Scripts/ReadOnlyDisposableData.cs
 0.1 kb	 0.0% Packages/com.unity.cloud.gltfast/Runtime/Scripts/Newtonsoft/Schema/Texture.cs
 0.1 kb	 0.0% Packages/com.unity.cloud.gltfast/Runtime/Scripts/Newtonsoft/Schema/Scene.cs
 0.1 kb	 0.0% Packages/com.unity.cloud.gltfast/Runtime/Scripts/Newtonsoft/Schema/Sampler.cs
 0.1 kb	 0.0% Packages/com.unity.cloud.gltfast/Runtime/Scripts/Newtonsoft/Schema/Material.cs
 0.1 kb	 0.0% Packages/com.unity.cloud.gltfast/Runtime/Scripts/Newtonsoft/Schema/Image.cs
 0.1 kb	 0.0% Packages/com.unity.cloud.gltfast/Runtime/Scripts/Newtonsoft/Schema/Buffer.cs
 0.1 kb	 0.0% Packages/com.unity.cloud.gltfast/Runtime/Scripts/Newtonsoft/Schema/Asset.cs
 0.1 kb	 0.0% Packages/com.unity.cloud.gltfast/Runtime/Scripts/Newtonsoft/Schema/Accessor.cs
 0.1 kb	 0.0% Packages/com.unity.cloud.gltfast/Runtime/Scripts/Newtonsoft/GltfImport.cs
 0.1 kb	 0.0% Packages/com.unity.cloud.gltfast/Runtime/Scripts/NativeArrayExtensions.cs
 0.1 kb	 0.0% Packages/com.unity.cloud.gltfast/Runtime/Scripts/MorphTargetsGenerator.cs
 0.1 kb	 0.0% Packages/com.unity.cloud.gltfast/Runtime/Scripts/MaterialsVariants/MaterialsVariantsControl.cs
 0.1 kb	 0.0% Packages/com.unity.cloud.gltfast/Runtime/Scripts/MaterialsVariants/IMaterialsVariantsSlot.cs
 0.1 kb	 0.0% Packages/com.unity.cloud.gltfast/Runtime/Scripts/Loading/IDownloadProvider.cs
 0.1 kb	 0.0% Packages/com.unity.cloud.gltfast/Runtime/Scripts/LightPunctualExtension.cs
 0.1 kb	 0.0% Packages/com.unity.cloud.gltfast/Runtime/Scripts/InstantiationSettings.cs
 0.1 kb	 0.0% Packages/com.unity.cloud.gltfast/Runtime/Scripts/ImportAddons/ImportAddonRegistry.cs
 0.1 kb	 0.0% Packages/com.unity.cloud.gltfast/Runtime/Scripts/ImportAddons/ImportAddonInstance.cs
 0.1 kb	 0.0% Packages/com.unity.cloud.gltfast/Runtime/Scripts/ImageFormatExtensions.cs
 0.1 kb	 0.0% Packages/com.unity.cloud.gltfast/Runtime/Scripts/GltfJsonUtilityParser.cs
 0.1 kb	 0.0% Packages/com.unity.cloud.gltfast/Runtime/Scripts/GameObjectSceneInstance.cs
 0.1 kb	 0.0% Packages/com.unity.cloud.gltfast/Runtime/Scripts/GameObjectInstantiator.cs
 0.1 kb	 0.0% Packages/com.unity.cloud.gltfast/Runtime/Scripts/Export/TextureComparer.cs
 0.1 kb	 0.0% Packages/com.unity.cloud.gltfast/Runtime/Scripts/Export/OrmImageExport.cs
 0.1 kb	 0.0% Packages/com.unity.cloud.gltfast/Runtime/Scripts/Export/MaterialExport.cs
 0.1 kb	 0.0% Packages/com.unity.cloud.gltfast/Runtime/Scripts/Export/ImageExportBase.cs
 0.1 kb	 0.0% Packages/com.unity.cloud.gltfast/Runtime/Scripts/Export/IMaterialExport.cs
 0.1 kb	 0.0% Packages/com.unity.cloud.gltfast/Runtime/Scripts/Export/IGltfWritable.cs
 0.1 kb	 0.0% Packages/com.unity.cloud.gltfast/Runtime/Scripts/Export/GameObjectExport.cs
 0.1 kb	 0.0% Packages/com.unity.cloud.gltfast/Runtime/Scripts/Export/ExportSettings.cs
 0.1 kb	 0.0% Packages/com.unity.burst/Runtime/Intrinsics/SimdDebugViews.cs
 0.1 kb	 0.0% Packages/com.unity.burst/Runtime/Editor/BurstReflection.cs
 0.1 kb	 0.0% Packages/com.unity.burst/Runtime/BurstCompilerOptions.cs
 0.1 kb	 0.0% Packages/com.unity.ai.navigation/Runtime/NavMeshLink.cs
 0.1 kb	 0.0% Packages/com.meta.xr.sdk.core/Scripts/Util/UIButtonSquishHelper.cs
 0.1 kb	 0.0% Packages/com.meta.xr.sdk.core/Scripts/InputActions/RuntimeSettings.cs
 0.1 kb	 0.0% Packages/com.meta.xr.sdk.core/Scripts/InputActions/InputActionSet.cs
 0.1 kb	 0.0% Packages/com.meta.xr.sdk.core/Scripts/ImmersiveDebugger/UserInterface/Resources/Styles/TextStyles/MemberDescriptorValue.asset
 0.1 kb	 0.0% Packages/com.meta.xr.sdk.core/Scripts/ImmersiveDebugger/UserInterface/Resources/Styles/TextStyles/ConsoleLogDetailsLabel.asset
 0.1 kb	 0.0% Packages/com.meta.xr.mrutilitykit/Core/Scripts/Utilities.cs
 0.1 kb	 0.0% Packages/com.meta.xr.mrutilitykit/Core/Scripts/Triangulator.cs
 0.1 kb	 0.0% Packages/com.meta.xr.mrutilitykit/Core/Scripts/SpaceMapGPU.cs
 0.1 kb	 0.0% Packages/com.meta.xr.mrutilitykit/Core/Scripts/SceneDecorator/Masks/Mask.cs
 0.1 kb	 0.0% Packages/com.meta.xr.mrutilitykit/Core/Scripts/RoomGuardian.cs
 0.1 kb	 0.0% Packages/com.meta.xr.mrutilitykit/Core/Scripts/MRUKStart.cs
 0.1 kb	 0.0% Packages/com.meta.xr.mrutilitykit/Core/Scripts/MRUKNative.cs
 0.1 kb	 0.0% Packages/com.meta.xr.mrutilitykit/Core/Scripts/MRUKAnchor.cs
 0.1 kb	 0.0% Packages/com.meta.xr.mrutilitykit/Core/Scripts/LabelFilter.cs
 0.1 kb	 0.0% Packages/com.meta.xr.mrutilitykit/Core/Scripts/EffectMesh.cs
 0.1 kb	 0.0% Assets/Milzet/Runtime/ViewerBootstrap.cs
 0.1 kb	 0.0% Assets/Milzet/Runtime/ScenarioContext.cs
 0.1 kb	 0.0% Assets/Milzet/Runtime/ProjectionMesh.cs
 0.1 kb	 0.0% Assets/Milzet/Runtime/PackageReader.cs
 0.1 kb	 0.0% Assets/Milzet/Runtime/PackagePlayer.cs
 0.1 kb	 0.0% Assets/Milzet/Runtime/ModelContract.cs
 0.1 kb	 0.0% Assets/Milzet/Runtime/ExperienceReader.cs
 0.1 kb	 0.0% Assets/Milzet/Runtime/ActivityContract.cs
 0.1 kb	 0.0% Packages/com.unity.ugui/Runtime/TMP/TextMeshProUGUI.cs
 0.1 kb	 0.0% Packages/com.unity.ugui/Runtime/TMP/TextContainer.cs
 0.1 kb	 0.0% Packages/com.unity.ugui/Runtime/TMP/TMP_TextElement.cs
 0.1 kb	 0.0% Packages/com.unity.ugui/Runtime/TMP/TMP_SubMeshUI.cs
 0.1 kb	 0.0% Packages/com.unity.ugui/Runtime/TMP/TMP_StyleSheet.cs
 0.1 kb	 0.0% Packages/com.unity.ugui/Runtime/TMP/TMP_SpriteGlyph.cs
 0.1 kb	 0.0% Packages/com.unity.ugui/Runtime/TMP/TMP_SpriteAsset.cs
 0.1 kb	 0.0% Packages/com.unity.ugui/Runtime/TMP/TMP_InputField.cs
 0.1 kb	 0.0% Packages/com.unity.ugui/Runtime/TMP/TMP_FontAsset.cs
 0.1 kb	 0.0% Packages/com.unity.ugui/Runtime/TMP/TMP_CoroutineTween.cs
 0.1 kb	 0.0% Packages/com.unity.ugui/Runtime/TMP/TMP_Character.cs
 0.1 kb	 0.0% Packages/com.unity.timeline/Runtime/Utilities/TimelineUndo.cs
 0.1 kb	 0.0% Packages/com.unity.timeline/Runtime/Utilities/TimeUtility.cs
 0.1 kb	 0.0% Packages/com.unity.timeline/Runtime/Utilities/HashUtility.cs
 0.1 kb	 0.0% Packages/com.unity.timeline/Runtime/Utilities/BlendUtility.cs
 0.1 kb	 0.0% Packages/com.unity.timeline/Runtime/TrackAsset.cs
 0.1 kb	 0.0% Packages/com.unity.timeline/Runtime/TimelineClip.cs
 0.1 kb	 0.0% Packages/com.unity.timeline/Runtime/Playables/ITimeControl.cs
 0.1 kb	 0.0% Packages/com.unity.timeline/Runtime/ILayerable.cs
 0.1 kb	 0.0% Packages/com.unity.timeline/Runtime/GroupTrack.cs
 0.1 kb	 0.0% Packages/com.unity.timeline/Runtime/Events/Signals/SignalAsset.cs
 0.1 kb	 0.0% Packages/com.unity.timeline/Runtime/Events/SignalTrack.cs
 0.1 kb	 0.0% Packages/com.unity.timeline/Runtime/Events/MarkerTrack.cs
 0.1 kb	 0.0% Packages/com.unity.timeline/Runtime/Events/MarkerList.cs
 0.1 kb	 0.0% Packages/com.unity.timeline/Runtime/Evaluation/RuntimeClip.cs
 0.1 kb	 0.0% Packages/com.unity.timeline/Runtime/Evaluation/IntervalTree.cs
 0.1 kb	 0.0% Packages/com.unity.timeline/Runtime/DiscreteTime.cs
 0.1 kb	 0.0% Packages/com.unity.timeline/Runtime/Control/ControlTrack.cs
 0.1 kb	 0.0% Packages/com.unity.timeline/Runtime/Audio/AudioTrack.cs
 0.1 kb	 0.0% Packages/com.unity.timeline/Runtime/AssetUpgrade/ClipUpgrade.cs
 0.1 kb	 0.0% Packages/com.unity.timeline/Runtime/Animation/ICurvesOwner.cs
 0.1 kb	 0.0% Packages/com.unity.mathematics/Unity.Mathematics/uint4x4.gen.cs
 0.1 kb	 0.0% Packages/com.unity.mathematics/Unity.Mathematics/uint4x3.gen.cs
 0.1 kb	 0.0% Packages/com.unity.mathematics/Unity.Mathematics/uint4x2.gen.cs
 0.1 kb	 0.0% Packages/com.unity.mathematics/Unity.Mathematics/uint4.gen.cs
 0.1 kb	 0.0% Packages/com.unity.mathematics/Unity.Mathematics/uint3x4.gen.cs
 0.1 kb	 0.0% Packages/com.unity.mathematics/Unity.Mathematics/uint3x3.gen.cs
 0.1 kb	 0.0% Packages/com.unity.mathematics/Unity.Mathematics/uint3x2.gen.cs
 0.1 kb	 0.0% Packages/com.unity.mathematics/Unity.Mathematics/uint3.gen.cs
 0.1 kb	 0.0% Packages/com.unity.mathematics/Unity.Mathematics/uint2x4.gen.cs
 0.1 kb	 0.0% Packages/com.unity.mathematics/Unity.Mathematics/uint2x3.gen.cs
 0.1 kb	 0.0% Packages/com.unity.mathematics/Unity.Mathematics/uint2x2.gen.cs
 0.1 kb	 0.0% Packages/com.unity.mathematics/Unity.Mathematics/uint2.gen.cs
 0.1 kb	 0.0% Packages/com.unity.mathematics/Unity.Mathematics/int4x4.gen.cs
 0.1 kb	 0.0% Packages/com.unity.mathematics/Unity.Mathematics/int4x3.gen.cs
 0.1 kb	 0.0% Packages/com.unity.mathematics/Unity.Mathematics/int4x2.gen.cs
 0.1 kb	 0.0% Packages/com.unity.mathematics/Unity.Mathematics/int3x4.gen.cs
 0.1 kb	 0.0% Packages/com.unity.mathematics/Unity.Mathematics/int3x3.gen.cs
 0.1 kb	 0.0% Packages/com.unity.mathematics/Unity.Mathematics/int3x2.gen.cs
 0.1 kb	 0.0% Packages/com.unity.mathematics/Unity.Mathematics/int2x4.gen.cs
 0.1 kb	 0.0% Packages/com.unity.mathematics/Unity.Mathematics/int2x3.gen.cs
 0.1 kb	 0.0% Packages/com.unity.mathematics/Unity.Mathematics/int2x2.gen.cs
 0.1 kb	 0.0% Packages/com.unity.mathematics/Unity.Mathematics/half4.gen.cs
 0.1 kb	 0.0% Packages/com.unity.mathematics/Unity.Mathematics/half3.gen.cs
 0.1 kb	 0.0% Packages/com.unity.mathematics/Unity.Mathematics/half2.gen.cs
 0.1 kb	 0.0% Packages/com.unity.mathematics/Unity.Mathematics/float4x4.gen.cs
 0.1 kb	 0.0% Packages/com.unity.mathematics/Unity.Mathematics/float4x3.gen.cs
 0.1 kb	 0.0% Packages/com.unity.mathematics/Unity.Mathematics/float4x2.gen.cs
 0.1 kb	 0.0% Packages/com.unity.mathematics/Unity.Mathematics/float4.gen.cs
 0.1 kb	 0.0% Packages/com.unity.mathematics/Unity.Mathematics/float3x4.gen.cs
 0.1 kb	 0.0% Packages/com.unity.mathematics/Unity.Mathematics/float3x3.gen.cs
 0.1 kb	 0.0% Packages/com.unity.mathematics/Unity.Mathematics/float3x2.gen.cs
 0.1 kb	 0.0% Packages/com.unity.mathematics/Unity.Mathematics/float3.gen.cs
 0.1 kb	 0.0% Packages/com.unity.mathematics/Unity.Mathematics/float2x4.gen.cs
 0.1 kb	 0.0% Packages/com.unity.mathematics/Unity.Mathematics/float2x3.gen.cs
 0.1 kb	 0.0% Packages/com.unity.mathematics/Unity.Mathematics/float2x2.gen.cs
 0.1 kb	 0.0% Packages/com.unity.mathematics/Unity.Mathematics/float2.gen.cs
 0.1 kb	 0.0% Packages/com.unity.mathematics/Unity.Mathematics/double4.gen.cs
 0.1 kb	 0.0% Packages/com.unity.mathematics/Unity.Mathematics/double3.gen.cs
 0.1 kb	 0.0% Packages/com.unity.mathematics/Unity.Mathematics/double2.gen.cs
 0.1 kb	 0.0% Packages/com.unity.mathematics/Unity.Mathematics/bool4x4.gen.cs
 0.1 kb	 0.0% Packages/com.unity.mathematics/Unity.Mathematics/bool4x3.gen.cs
 0.1 kb	 0.0% Packages/com.unity.mathematics/Unity.Mathematics/bool4x2.gen.cs
 0.1 kb	 0.0% Packages/com.unity.mathematics/Unity.Mathematics/bool4.gen.cs
 0.1 kb	 0.0% Packages/com.unity.mathematics/Unity.Mathematics/bool3x4.gen.cs
 0.1 kb	 0.0% Packages/com.unity.mathematics/Unity.Mathematics/bool3x3.gen.cs
 0.1 kb	 0.0% Packages/com.unity.mathematics/Unity.Mathematics/bool3x2.gen.cs
 0.1 kb	 0.0% Packages/com.unity.mathematics/Unity.Mathematics/bool3.gen.cs
 0.1 kb	 0.0% Packages/com.unity.mathematics/Unity.Mathematics/bool2x4.gen.cs
 0.1 kb	 0.0% Packages/com.unity.mathematics/Unity.Mathematics/bool2x3.gen.cs
 0.1 kb	 0.0% Packages/com.unity.mathematics/Unity.Mathematics/bool2x2.gen.cs
 0.1 kb	 0.0% Packages/com.unity.mathematics/Unity.Mathematics/bool2.gen.cs
 0.1 kb	 0.0% Packages/com.unity.mathematics/Unity.Mathematics/Noise/psrdnoise2D.cs
 0.1 kb	 0.0% Packages/com.unity.mathematics/Unity.Mathematics/Noise/noise3Dgrad.cs
 0.1 kb	 0.0% Packages/com.unity.mathematics/Unity.Mathematics/Noise/cellular3D.cs
 0.1 kb	 0.0% Packages/com.unity.mathematics/Unity.Mathematics/Noise/cellular2x2.cs
 0.1 kb	 0.0% Packages/com.unity.mathematics/Unity.Mathematics/Noise/cellular2D.cs
 0.1 kb	 0.0% Packages/com.unity.inputsystem/InputSystem/Runtime/Plugins/XR/Devices/GoogleVR.cs
 0.1 kb	 0.0% Packages/com.unity.inputsystem/InputSystem/Runtime/Devices/Sensor.cs
 0.1 kb	 0.0% Packages/com.unity.inputsystem/InputSystem/Runtime/Devices/Pointer.cs
 0.1 kb	 0.0% Packages/com.unity.inputsystem/InputSystem/Runtime/Devices/Mouse.cs
 0.1 kb	 0.0% Packages/com.unity.inputsystem/InputSystem/Runtime/Devices/Keyboard.cs
 0.1 kb	 0.0% Packages/com.unity.inputsystem/InputSystem/Runtime/Devices/Joystick.cs
 0.1 kb	 0.0% Packages/com.unity.inputsystem/InputSystem/Runtime/Devices/Gamepad.cs
 0.1 kb	 0.0% Packages/com.unity.inputsystem/InputSystem/Editor/DownloadableSample.cs
 0.1 kb	 0.0% Packages/com.unity.collections/Unity.Collections/xxHash3.AVX2.cs
 0.1 kb	 0.0% Packages/com.unity.cloud.gltfast/Runtime/Scripts/Schema/FakeSchema/MeshPrimitive.cs
 0.1 kb	 0.0% Packages/com.unity.cloud.gltfast/Runtime/Scripts/Material/MaterialProperty.cs
 0.1 kb	 0.0% Packages/com.unity.burst/Runtime/Intrinsics/Arm/NEON_AArch64_rdma.cs
 0.1 kb	 0.0% Packages/com.unity.burst/Runtime/Intrinsics/Arm/NEON_AArch64_dotprod.cs
 0.1 kb	 0.0% Packages/com.unity.burst/Runtime/Intrinsics/Arm/NEON_AArch64_crypto.cs
 0.1 kb	 0.0% Packages/com.meta.xr.sdk.core/Scripts/Util/SampleMetadata/SampleMetadata.cs
 0.1 kb	 0.0% Packages/com.meta.xr.sdk.core/Scripts/Util/Passthrough/OVRPassthroughColorLut.cs
 0.1 kb	 0.0% Packages/com.meta.xr.sdk.core/Scripts/Util/OVRSceneSampleController.cs
 0.1 kb	 0.0% Packages/com.meta.xr.sdk.core/Scripts/Util/OVRCustomFaceExtensions.cs
 0.1 kb	 0.0% Packages/com.meta.xr.sdk.core/Scripts/Util/OVRChromaticAberration.cs
 0.1 kb	 0.0% Packages/com.meta.xr.sdk.core/Scripts/SystemHaptics/SystemHapticsClipData.cs
 0.1 kb	 0.0% Packages/com.meta.xr.sdk.core/Scripts/OVRTelemetry/OVRTelemetryConstants.cs
 0.1 kb	 0.0% Packages/com.meta.xr.sdk.core/Scripts/OVRTelemetry/OVRSampledEventSender.cs
 0.1 kb	 0.0% Packages/com.meta.xr.sdk.core/Scripts/OVRSceneVolumeMeshFilter.cs
 0.1 kb	 0.0% Packages/com.meta.xr.sdk.core/Scripts/OVRScenePrefabOverride.cs
 0.1 kb	 0.0% Packages/com.meta.xr.sdk.core/Scripts/OVRScenePlaneMeshFilter.cs
 0.1 kb	 0.0% Packages/com.meta.xr.sdk.core/Scripts/OVRPermissionsRequester.cs
 0.1 kb	 0.0% Packages/com.meta.xr.sdk.core/Scripts/OVROverlayMeshGenerator.cs
 0.1 kb	 0.0% Packages/com.meta.xr.sdk.core/Scripts/OVROverlayCanvasSettings.cs
 0.1 kb	 0.0% Packages/com.meta.xr.sdk.core/Scripts/OVROverlayCanvasManager.cs
 0.1 kb	 0.0% Packages/com.meta.xr.sdk.core/Scripts/OVRGLTFAnimatinonNode.cs
 0.1 kb	 0.0% Packages/com.meta.xr.sdk.core/Scripts/OVRDebugHeadController.cs
 0.1 kb	 0.0% Packages/com.meta.xr.sdk.core/Scripts/ImmersiveDebugger/UserInterface/UIEditorSetup.cs
 0.1 kb	 0.0% Packages/com.meta.xr.sdk.core/Scripts/ImmersiveDebugger/UserInterface/Resources/Styles/TextStyles/HierarchyItemLabel.asset
 0.1 kb	 0.0% Packages/com.meta.xr.sdk.core/Scripts/ImmersiveDebugger/UserInterface/Resources/Styles/TextStyles/ConsoleLogCounter.asset
 0.1 kb	 0.0% Packages/com.meta.xr.sdk.core/Scripts/ImmersiveDebugger/UserInterface/Resources/Styles/TextStyles/ConsoleButtonCount.asset
 0.1 kb	 0.0% Packages/com.meta.xr.sdk.core/Scripts/ImmersiveDebugger/UsageExample/TestSceneUsage.cs
 0.1 kb	 0.0% Packages/com.meta.xr.sdk.core/Scripts/Composition/OVRExternalComposition.cs
 0.1 kb	 0.0% Assets/Milzet/StartupSource/IActiveState.cs
 0.1 kb	 0.0% Packages/com.unity.xr.core-utils/Runtime/XROrigin.cs
 0.1 kb	 0.0% Packages/com.unity.xr.core-utils/Runtime/GuidUtil.cs
 0.1 kb	 0.0% Packages/com.unity.ugui/Runtime/UGUI/UI/Core/Utility/VertexHelper.cs
 0.1 kb	 0.0% Packages/com.unity.ugui/Runtime/UGUI/UI/Core/ToggleGroup.cs
 0.1 kb	 0.0% Packages/com.unity.ugui/Runtime/UGUI/UI/Core/SpriteState.cs
 0.1 kb	 0.0% Packages/com.unity.ugui/Runtime/UGUI/UI/Core/Selectable.cs
 0.1 kb	 0.0% Packages/com.unity.ugui/Runtime/UGUI/UI/Core/Scrollbar.cs
 0.1 kb	 0.0% Packages/com.unity.ugui/Runtime/UGUI/UI/Core/ScrollRect.cs
 0.1 kb	 0.0% Packages/com.unity.ugui/Runtime/UGUI/UI/Core/RectMask2D.cs
 0.1 kb	 0.0% Packages/com.unity.ugui/Runtime/UGUI/UI/Core/Navigation.cs
 0.1 kb	 0.0% Packages/com.unity.ugui/Runtime/UGUI/UI/Core/Layout/LayoutGroup.cs
 0.1 kb	 0.0% Packages/com.unity.ugui/Runtime/UGUI/UI/Core/Layout/CanvasScaler.cs
 0.1 kb	 0.0% Packages/com.unity.ugui/Runtime/UGUI/UI/Core/InputField.cs
 0.1 kb	 0.0% Packages/com.unity.ugui/Runtime/UGUI/UI/Core/IMaskable.cs
 0.1 kb	 0.0% Packages/com.unity.ugui/Runtime/UGUI/UI/Core/ColorBlock.cs
 0.1 kb	 0.0% Packages/com.unity.mathematics/Unity.Mathematics/random.cs
 0.1 kb	 0.0% Packages/com.unity.mathematics/Unity.Mathematics/matrix.gen.cs
 0.1 kb	 0.0% Packages/com.unity.mathematics/Unity.Mathematics/matrix.cs
 0.1 kb	 0.0% Packages/com.unity.mathematics/Unity.Mathematics/Noise/noise4D.cs
 0.1 kb	 0.0% Packages/com.unity.mathematics/Unity.Mathematics/Noise/noise3D.cs
 0.1 kb	 0.0% Packages/com.unity.mathematics/Unity.Mathematics/Noise/noise2D.cs
 0.1 kb	 0.0% Packages/com.unity.mathematics/Unity.Mathematics/Noise/common.cs
 0.1 kb	 0.0% Packages/com.unity.inputsystem/InputSystem/Runtime/Plugins/XR/Devices/OpenVR.cs
 0.1 kb	 0.0% Packages/com.unity.inputsystem/InputSystem/Runtime/Plugins/HID/HID.cs
 0.1 kb	 0.0% Packages/com.unity.collections/Unity.Collections/xxHash3.cs
 0.1 kb	 0.0% Packages/com.unity.collections/Unity.Collections/Unicode.cs
 0.1 kb	 0.0% Packages/com.unity.collections/Unity.Collections/Memory.cs
 0.1 kb	 0.0% Packages/com.unity.collections/Unity.Collections/Jobs/IJobFilter.cs
 0.1 kb	 0.0% Packages/com.unity.collections/Unity.Collections/BitField.cs
 0.1 kb	 0.0% Packages/com.unity.cloud.gltfast/Runtime/Scripts/VertexBufferColors.cs
 0.1 kb	 0.0% Packages/com.unity.cloud.gltfast/Runtime/Scripts/VertexBufferBones.cs
 0.1 kb	 0.0% Packages/com.unity.cloud.gltfast/Runtime/Scripts/SubMeshAssignment.cs
 0.1 kb	 0.0% Packages/com.unity.cloud.gltfast/Runtime/Scripts/Schema/TextureTransform.cs
 0.1 kb	 0.0% Packages/com.unity.cloud.gltfast/Runtime/Scripts/Schema/RootExtensions.cs
 0.1 kb	 0.0% Packages/com.unity.cloud.gltfast/Runtime/Scripts/Schema/MeshPrimitive.cs
 0.1 kb	 0.0% Packages/com.unity.cloud.gltfast/Runtime/Scripts/Schema/MaterialUnlit.cs
 0.1 kb	 0.0% Packages/com.unity.cloud.gltfast/Runtime/Scripts/Schema/MaterialTransmission.cs
 0.1 kb	 0.0% Packages/com.unity.cloud.gltfast/Runtime/Scripts/Schema/MaterialSpecular.cs
 0.1 kb	 0.0% Packages/com.unity.cloud.gltfast/Runtime/Scripts/Schema/MaterialClearCoat.cs
 0.1 kb	 0.0% Packages/com.unity.cloud.gltfast/Runtime/Scripts/Schema/LightsPunctual.cs
 0.1 kb	 0.0% Packages/com.unity.cloud.gltfast/Runtime/Scripts/Schema/LightPunctual.cs
 0.1 kb	 0.0% Packages/com.unity.cloud.gltfast/Runtime/Scripts/Schema/AnimationSampler.cs
 0.1 kb	 0.0% Packages/com.unity.cloud.gltfast/Runtime/Scripts/Schema/AnimationChannel.cs
 0.1 kb	 0.0% Packages/com.unity.cloud.gltfast/Runtime/Scripts/Schema/AccessorSparse.cs
 0.1 kb	 0.0% Packages/com.unity.cloud.gltfast/Runtime/Scripts/RenderPipelineUtils.cs
 0.1 kb	 0.0% Packages/com.unity.cloud.gltfast/Runtime/Scripts/PrimitivesComparer.cs
 0.1 kb	 0.0% Packages/com.unity.cloud.gltfast/Runtime/Scripts/PrimitiveComparer.cs
 0.1 kb	 0.0% Packages/com.unity.cloud.gltfast/Runtime/Scripts/NodeHierarchyInfo.cs
 0.1 kb	 0.0% Packages/com.unity.cloud.gltfast/Runtime/Scripts/Newtonsoft/Schema/Skin.cs
 0.1 kb	 0.0% Packages/com.unity.cloud.gltfast/Runtime/Scripts/Newtonsoft/Schema/Root.cs
 0.1 kb	 0.0% Packages/com.unity.cloud.gltfast/Runtime/Scripts/Newtonsoft/Schema/Node.cs
 0.1 kb	 0.0% Packages/com.unity.cloud.gltfast/Runtime/Scripts/Newtonsoft/Schema/Mesh.cs
 0.1 kb	 0.0% Packages/com.unity.cloud.gltfast/Runtime/Scripts/MeshGeneratorBase.cs
 0.1 kb	 0.0% Packages/com.unity.cloud.gltfast/Runtime/Scripts/Logging/ConsoleLogger.cs
 0.1 kb	 0.0% Packages/com.unity.cloud.gltfast/Runtime/Scripts/Logging/CollectingLogger.cs
 0.1 kb	 0.0% Packages/com.unity.cloud.gltfast/Runtime/Scripts/Loading/ITextureDownload.cs
 0.1 kb	 0.0% Packages/com.unity.cloud.gltfast/Runtime/Scripts/Loading/INativeDownload.cs
 0.1 kb	 0.0% Packages/com.unity.cloud.gltfast/Runtime/Scripts/ImportAddons/IInstanceApplier.cs
 0.1 kb	 0.0% Packages/com.unity.cloud.gltfast/Runtime/Scripts/ImageFormatDetection.cs
 0.1 kb	 0.0% Packages/com.unity.cloud.gltfast/Runtime/Scripts/ITextureImageLoader.cs
 0.1 kb	 0.0% Packages/com.unity.cloud.gltfast/Runtime/Scripts/INodeHierarchyInfo.cs
 0.1 kb	 0.0% Packages/com.unity.cloud.gltfast/Runtime/Scripts/IMaterialProvider.cs
 0.1 kb	 0.0% Packages/com.unity.cloud.gltfast/Runtime/Scripts/Export/ImageExport.cs
 0.1 kb	 0.0% Packages/com.unity.cloud.gltfast/Runtime/Scripts/Export/IMeshData.cs
 0.1 kb	 0.0% Packages/com.unity.cloud.gltfast/Runtime/Scripts/Export/GltfWriter.cs
 0.1 kb	 0.0% Packages/com.unity.cloud.gltfast/Runtime/Scripts/Export/ExportJobs.cs
 0.1 kb	 0.0% Packages/com.unity.cloud.gltfast/Runtime/Scripts/Export/Constants.cs
 0.1 kb	 0.0% Packages/com.unity.cloud.gltfast/Runtime/Scripts/DontDestroyOnLoad.cs
 0.1 kb	 0.0% Packages/com.unity.cloud.gltfast/Runtime/Scripts/DefaultDeferAgent.cs
 0.1 kb	 0.0% Packages/com.unity.burst/Runtime/NoAliasAttribute.cs
 0.1 kb	 0.0% Packages/com.unity.burst/Runtime/FunctionPointer.cs
 0.1 kb	 0.0% Packages/com.unity.burst/Runtime/Editor/BurstLoader.cs
 0.1 kb	 0.0% Packages/com.unity.burst/Runtime/CompilerServices/Constant.cs
 0.1 kb	 0.0% Packages/com.unity.burst/Runtime/CompilerServices/Aliasing.cs
 0.1 kb	 0.0% Packages/com.unity.burst/Runtime/BurstString.Float.cs
 0.1 kb	 0.0% Packages/com.unity.burst/Runtime/BurstCompiler.cs
 0.1 kb	 0.0% Packages/com.unity.ai.navigation/Runtime/HelpUrls.cs
 0.1 kb	 0.0% Packages/com.meta.xr.sdk.core/Scripts/ImmersiveDebugger/UserInterface/Resources/Styles/TextStyles/InspectorTitle.asset
 0.1 kb	 0.0% Packages/com.meta.xr.sdk.core/Scripts/ImmersiveDebugger/UserInterface/Resources/Styles/TextStyles/ConsoleLineLabel.asset
 0.1 kb	 0.0% Packages/com.meta.xr.sdk.core/Scripts/ImmersiveDebugger/UserInterface/Resources/Styles/TextStyles/CategorySubLabel.asset
 0.1 kb	 0.0% Packages/com.meta.xr.sdk.core/Scripts/ImmersiveDebugger/UserInterface/Resources/Styles/TextStyles/CategoryLabel.asset
 0.1 kb	 0.0% Packages/com.meta.xr.sdk.core/Scripts/BuildingBlocks/RoomMesh/RoomMeshAnchor.cs
 0.1 kb	 0.0% Packages/com.meta.xr.mrutilitykit/Core/Scripts/SpaceMap.cs
 0.1 kb	 0.0% Packages/com.meta.xr.mrutilitykit/Core/Scripts/MRUKRoom.cs
 0.1 kb	 0.0% Assets/Milzet/Runtime/WaveDecoder.cs
 0.1 kb	 0.0% Assets/Milzet/Runtime/Projection.cs
 0.1 kb	 0.0% Packages/com.unity.ugui/Runtime/UGUI/UI/Core/Culling/IClipRegion.cs
 0.1 kb	 0.0% Packages/com.unity.ugui/Runtime/TMP/TextMeshPro.cs
 0.1 kb	 0.0% Packages/com.unity.ugui/Runtime/TMP/TMP_TextInfo.cs
 0.1 kb	 0.0% Packages/com.unity.ugui/Runtime/TMP/TMP_SubMesh.cs
 0.1 kb	 0.0% Packages/com.unity.ugui/Runtime/TMP/TMP_Style.cs
 0.1 kb	 0.0% Packages/com.unity.ugui/Runtime/TMP/TMP_Sprite.cs
 0.1 kb	 0.0% Packages/com.unity.ugui/Runtime/TMP/TMP_Settings.cs
 0.1 kb	 0.0% Packages/com.unity.ugui/Runtime/TMP/TMP_MeshInfo.cs
 0.1 kb	 0.0% Packages/com.unity.ugui/Runtime/TMP/TMP_LineInfo.cs
 0.1 kb	 0.0% Packages/com.unity.ugui/Runtime/TMP/TMP_Dropdown.cs
 0.1 kb	 0.0% Packages/com.unity.ugui/Runtime/TMP/TMP_Asset.cs
 0.1 kb	 0.0% Packages/com.unity.ugui/Runtime/TMP/FastAction.cs
 0.1 kb	 0.0% Packages/com.unity.timeline/Runtime/ObjectId.cs
 0.1 kb	 0.0% Packages/com.unity.timeline/Runtime/Events/Marker.cs
 0.1 kb	 0.0% Packages/com.unity.timeline/Runtime/Events/IMarker.cs
 0.1 kb	 0.0% Packages/com.unity.mathematics/Unity.Mathematics/int4.gen.cs
 0.1 kb	 0.0% Packages/com.unity.mathematics/Unity.Mathematics/int3.gen.cs
 0.1 kb	 0.0% Packages/com.unity.mathematics/Unity.Mathematics/int2.gen.cs
 0.1 kb	 0.0% Packages/com.unity.inputsystem/InputSystem/Runtime/Devices/Pen.cs
 0.1 kb	 0.0% Packages/com.unity.cloud.gltfast/Runtime/Scripts/VertexStructs.cs
 0.1 kb	 0.0% Packages/com.unity.cloud.gltfast/Runtime/Scripts/Schema/GltfAnimation.cs
 0.1 kb	 0.0% Packages/com.unity.cloud.gltfast/Runtime/Scripts/Schema/FakeSchema/NamedObject.cs
 0.1 kb	 0.0% Packages/com.unity.cloud.gltfast/Runtime/Scripts/Material/Constants.cs
 0.1 kb	 0.0% Packages/com.unity.cloud.gltfast/Runtime/Scripts/CachedFunction.cs
 0.1 kb	 0.0% Packages/com.unity.burst/Runtime/Intrinsics/Common.cs
 0.1 kb	 0.0% Packages/com.unity.burst/Runtime/Intrinsics/Arm/NEON_ctor.cs
 0.1 kb	 0.0% Packages/com.unity.burst/Runtime/Intrinsics/Arm/NEON_AArch64.cs
 0.1 kb	 0.0% Packages/com.meta.xr.sdk.core/ThirdParty/SimpleJSONUnity.cs
 0.1 kb	 0.0% Packages/com.meta.xr.sdk.core/Scripts/Util/OVRSkeletonRenderer.cs
 0.1 kb	 0.0% Packages/com.meta.xr.sdk.core/Scripts/Util/OVRRuntimeController.cs
 0.1 kb	 0.0% Packages/com.meta.xr.sdk.core/Scripts/Util/OVRRuntimeAssetsBase.cs
 0.1 kb	 0.0% Packages/com.meta.xr.sdk.core/Scripts/Util/OVRResetOrientation.cs
 0.1 kb	 0.0% Packages/com.meta.xr.sdk.core/Scripts/Util/OVRRecord.cs
 0.1 kb	 0.0% Packages/com.meta.xr.sdk.core/Scripts/Util/OVRReadOnlyAttribute.cs
 0.1 kb	 0.0% Packages/com.meta.xr.sdk.core/Scripts/Util/OVRRayTransformer.cs
 0.1 kb	 0.0% Packages/com.meta.xr.sdk.core/Scripts/Util/OVRProgressIndicator.cs
 0.1 kb	 0.0% Packages/com.meta.xr.sdk.core/Scripts/Util/OVRPlayerController.cs
 0.1 kb	 0.0% Packages/com.meta.xr.sdk.core/Scripts/Util/OVRMetricsToolSDK.cs
 0.1 kb	 0.0% Packages/com.meta.xr.sdk.core/Scripts/Util/OVREnumExtensions.cs
 0.1 kb	 0.0% Packages/com.meta.xr.sdk.core/Scripts/Util/OVRCustomSkeleton.cs
 0.1 kb	 0.0% Packages/com.meta.xr.sdk.core/Scripts/Util/OVRCubemapCapture.cs
 0.1 kb	 0.0% Packages/com.meta.xr.sdk.core/Scripts/Util/OVRControllerTest.cs
 0.1 kb	 0.0% Packages/com.meta.xr.sdk.core/Scripts/Util/OVRControllerHelper.cs
 0.1 kb	 0.0% Packages/com.meta.xr.sdk.core/Scripts/Util/OVRAutoDestroyInMRC.cs
 0.1 kb	 0.0% Packages/com.meta.xr.sdk.core/Scripts/Util/OVRAudioSourceTest.cs
 0.1 kb	 0.0% Packages/com.meta.xr.sdk.core/Scripts/OpenXRFeatures/MetaXRSpaceWarp.cs
 0.1 kb	 0.0% Packages/com.meta.xr.sdk.core/Scripts/OpenXRFeatures/MetaXRFeature.cs
 0.1 kb	 0.0% Packages/com.meta.xr.sdk.core/Scripts/OVRVirtualKeyboard/OVRVirtualKeyboard.cs
 0.1 kb	 0.0% Packages/com.meta.xr.sdk.core/Scripts/OVRTelemetry/OVRTelemetryMarker.cs
 0.1 kb	 0.0% Packages/com.meta.xr.sdk.core/Scripts/OVRSceneModelLoader.cs
 0.1 kb	 0.0% Packages/com.meta.xr.sdk.core/Scripts/OVRRuntimeSettings.cs
 0.1 kb	 0.0% Packages/com.meta.xr.sdk.core/Scripts/OVRPointerVisualizer.cs
 0.1 kb	 0.0% Packages/com.meta.xr.sdk.core/Scripts/OVRPassthroughLayer.cs
 0.1 kb	 0.0% Packages/com.meta.xr.sdk.core/Scripts/OVRHeadsetEmulator.cs
 0.1 kb	 0.0% Packages/com.meta.xr.sdk.core/Scripts/OVRFaceExpressions.cs
 0.1 kb	 0.0% Packages/com.meta.xr.sdk.core/Scripts/OVRColocationSession.cs
 0.1 kb	 0.0% Packages/com.meta.xr.sdk.core/Scripts/OVRAnchor/OVRAnchorComponents/OVRSemanticLabels.cs
 0.1 kb	 0.0% Packages/com.meta.xr.sdk.core/Scripts/OVRAnchor/OVRAnchorComponents/OVRAnchorContainer.cs
 0.1 kb	 0.0% Packages/com.meta.xr.sdk.core/Scripts/OVRAnchor/OVRAnchor.FetchTrackables.cs
 0.1 kb	 0.0% Packages/com.meta.xr.sdk.core/Scripts/InputActions/InlineLinkAttribute.cs
 0.1 kb	 0.0% Packages/com.meta.xr.sdk.core/Scripts/ImmersiveDebugger/UserInterface/Resources/Styles/TextStyles/PanelTitle.asset
 0.1 kb	 0.0% Packages/com.meta.xr.sdk.core/Scripts/ImmersiveDebugger/UserInterface/Resources/Styles/TextStyles/MemberValue.asset
 0.1 kb	 0.0% Packages/com.meta.xr.sdk.core/Scripts/ImmersiveDebugger/UserInterface/Resources/Styles/TextStyles/MemberTitle.asset
 0.1 kb	 0.0% Packages/com.meta.xr.sdk.core/Scripts/Composition/OVRCompositionUtil.cs
 0.1 kb	 0.0% Assets/Resources/OVRPlatformToolSettings.asset
 0.1 kb	 0.0% Packages/com.unity.ugui/Runtime/UGUI/UI/Core/VertexModifiers/Shadow.cs
 0.1 kb	 0.0% Packages/com.unity.ugui/Runtime/UGUI/UI/Core/VertexModifiers/Outline.cs
 0.1 kb	 0.0% Packages/com.unity.ugui/Runtime/UGUI/UI/Core/Toggle.cs
 0.1 kb	 0.0% Packages/com.unity.ugui/Runtime/UGUI/UI/Core/Slider.cs
 0.1 kb	 0.0% Packages/com.unity.ugui/Runtime/UGUI/UI/Core/RawImage.cs
 0.1 kb	 0.0% Packages/com.unity.ugui/Runtime/UGUI/UI/Core/Image.cs
 0.1 kb	 0.0% Packages/com.unity.ugui/Runtime/UGUI/UI/Core/IMask.cs
 0.1 kb	 0.0% Packages/com.unity.ugui/Runtime/UGUI/UI/Core/Graphic.cs
 0.1 kb	 0.0% Packages/com.unity.ugui/Runtime/UGUI/UI/Core/FontData.cs
 0.1 kb	 0.0% Packages/com.unity.ugui/Runtime/UGUI/UI/Core/Dropdown.cs
 0.1 kb	 0.0% Packages/com.unity.ugui/Runtime/UGUI/UI/Core/Culling/Clipping.cs
 0.1 kb	 0.0% Packages/com.unity.ugui/Runtime/UGUI/UI/Core/Button.cs
 0.1 kb	 0.0% Packages/com.unity.mathematics/Unity.Mathematics/svd.cs
 0.1 kb	 0.0% Packages/com.unity.mathematics/Unity.Mathematics/math.cs
 0.1 kb	 0.0% Packages/com.unity.mathematics/Unity.Mathematics/half.cs
 0.1 kb	 0.0% Packages/com.unity.cloud.gltfast/Runtime/Scripts/StreamExtension.cs
 0.1 kb	 0.0% Packages/com.unity.cloud.gltfast/Runtime/Scripts/Schema/TextureInfo.cs
 0.1 kb	 0.0% Packages/com.unity.cloud.gltfast/Runtime/Scripts/Schema/SpotLight.cs
 0.1 kb	 0.0% Packages/com.unity.cloud.gltfast/Runtime/Scripts/Schema/NamedObject.cs
 0.1 kb	 0.0% Packages/com.unity.cloud.gltfast/Runtime/Scripts/Schema/MaterialSheen.cs
 0.1 kb	 0.0% Packages/com.unity.cloud.gltfast/Runtime/Scripts/Schema/MaterialIor.cs
 0.1 kb	 0.0% Packages/com.unity.cloud.gltfast/Runtime/Scripts/Schema/JsonWriter.cs
 0.1 kb	 0.0% Packages/com.unity.cloud.gltfast/Runtime/Scripts/Schema/IBufferView.cs
 0.1 kb	 0.0% Packages/com.unity.cloud.gltfast/Runtime/Scripts/Schema/Constants.cs
 0.1 kb	 0.0% Packages/com.unity.cloud.gltfast/Runtime/Scripts/Schema/BufferView.cs
 0.1 kb	 0.0% Packages/com.unity.cloud.gltfast/Runtime/Scripts/RootExtension.cs
 0.1 kb	 0.0% Packages/com.unity.cloud.gltfast/Runtime/Scripts/NodeExtension.cs
 0.1 kb	 0.0% Packages/com.unity.cloud.gltfast/Runtime/Scripts/NativeFileReader.cs
 0.1 kb	 0.0% Packages/com.unity.cloud.gltfast/Runtime/Scripts/MeshGenerator.cs
 0.1 kb	 0.0% Packages/com.unity.cloud.gltfast/Runtime/Scripts/MeshAssignment.cs
 0.1 kb	 0.0% Packages/com.unity.cloud.gltfast/Runtime/Scripts/Logging/LogMessages.cs
 0.1 kb	 0.0% Packages/com.unity.cloud.gltfast/Runtime/Scripts/Logging/ICodeLogger.cs
 0.1 kb	 0.0% Packages/com.unity.cloud.gltfast/Runtime/Scripts/Loading/IDownload.cs
 0.1 kb	 0.0% Packages/com.unity.cloud.gltfast/Runtime/Scripts/Jobs.cs
 0.1 kb	 0.0% Packages/com.unity.cloud.gltfast/Runtime/Scripts/ImportSettings.cs
 0.1 kb	 0.0% Packages/com.unity.cloud.gltfast/Runtime/Scripts/ImportContext.cs
 0.1 kb	 0.0% Packages/com.unity.cloud.gltfast/Runtime/Scripts/ImportAddons/ImportAddon.cs
 0.1 kb	 0.0% Packages/com.unity.cloud.gltfast/Runtime/Scripts/ImportAddons/IDataCache.cs
 0.1 kb	 0.0% Packages/com.unity.cloud.gltfast/Runtime/Scripts/IInstantiator.cs
 0.1 kb	 0.0% Packages/com.unity.cloud.gltfast/Runtime/Scripts/IGltfReadable.cs
 0.1 kb	 0.0% Packages/com.unity.cloud.gltfast/Runtime/Scripts/IGltfAccessors.cs
 0.1 kb	 0.0% Packages/com.unity.cloud.gltfast/Runtime/Scripts/GltfBoundsAsset.cs
 0.1 kb	 0.0% Packages/com.unity.cloud.gltfast/Runtime/Scripts/GltfAssetBase.cs
 0.1 kb	 0.0% Packages/com.unity.cloud.gltfast/Runtime/Scripts/AnimationUtils.cs
 0.1 kb	 0.0% Packages/com.unity.burst/Runtime/SharedStatic.cs
 0.1 kb	 0.0% Packages/com.unity.burst/Runtime/Intrinsics/x86/Ssse3.cs
 0.1 kb	 0.0% Packages/com.unity.burst/Runtime/Intrinsics/x86/Sse4_2.cs
 0.1 kb	 0.0% Packages/com.unity.burst/Runtime/Intrinsics/x86/Sse4_1.cs
 0.1 kb	 0.0% Packages/com.unity.burst/Runtime/Intrinsics/x86/Popcnt.cs
 0.1 kb	 0.0% Packages/com.unity.burst/Runtime/Intrinsics/x86/Common.cs
 0.1 kb	 0.0% Packages/com.unity.burst/Runtime/CompilerServices/Hint.cs
 0.1 kb	 0.0% Packages/com.unity.burst/Runtime/BurstString.cs
 0.1 kb	 0.0% Packages/com.unity.burst/Runtime/BurstRuntime.cs
 0.1 kb	 0.0% Packages/com.meta.xr.sdk.core/ThirdParty/openvr_api.cs
 0.1 kb	 0.0% Packages/com.meta.xr.sdk.core/ThirdParty/SimpleJSON.cs
 0.1 kb	 0.0% Packages/com.meta.xr.sdk.core/Scripts/Util/Feature.cs
 0.1 kb	 0.0% Packages/com.meta.xr.sdk.core/Scripts/OVRAnchor/OVRAnchorComponents/OVRAnchorComponents.gen.cs
 0.1 kb	 0.0% Packages/com.meta.xr.sdk.core/Scripts/OVRAnchor/OVRAnchor.FetchOptions.cs
 0.1 kb	 0.0% Packages/com.meta.xr.sdk.core/Scripts/ImmersiveDebugger/UserInterface/Resources/Textures/idf_rt.renderTexture
 0.1 kb	 0.0% Packages/com.meta.xr.sdk.core/Scripts/ImmersiveDebugger/UserInterface/Resources/Styles/TextStyles/Default.asset
 0.1 kb	 0.0% Packages/com.meta.xr.sdk.core/Scripts/ImmersiveDebugger/UserInterface/Resources/Styles/TextStyles/Content.asset
 0.1 kb	 0.0% Packages/com.meta.xr.sdk.core/Scripts/ImmersiveDebugger/UserInterface/Resources/Styles/TextStyles/BarTime.asset
 0.1 kb	 0.0% Packages/com.meta.xr.sdk.core/Scripts/BuildingBlocks/AlertViewHUD/AlertViewHUD.cs
 0.1 kb	 0.0% Packages/com.meta.xr.mrutilitykit/Core/Scripts/MRUK.cs
 0.1 kb	 0.0% Assets/Milzet/Runtime/PcmWave.cs
 0.1 kb	 0.0% Assets/Milzet/Runtime/Mp4Video.cs
 0.1 kb	 0.0% Packages/com.unity.ugui/Runtime/TMP/TMP_Text.cs
 0.1 kb	 0.0% Packages/com.unity.cloud.gltfast/Runtime/Scripts/Schema/GltfCamera.cs
 0.1 kb	 0.0% Packages/com.unity.cloud.gltfast/Runtime/Scripts/Schema/FakeSchema/Material.cs
 0.1 kb	 0.0% Packages/com.unity.cloud.gltfast/Runtime/Scripts/Extensions.cs
 0.1 kb	 0.0% Packages/com.unity.burst/Runtime/Intrinsics/x86/Sse3.cs
 0.1 kb	 0.0% Packages/com.unity.burst/Runtime/Intrinsics/x86/Sse2.cs
 0.1 kb	 0.0% Packages/com.unity.burst/Runtime/Intrinsics/x86/Sse.cs
 0.1 kb	 0.0% Packages/com.unity.burst/Runtime/Intrinsics/x86/Fma.cs
 0.1 kb	 0.0% Packages/com.unity.burst/Runtime/Intrinsics/x86/F16C.cs
 0.1 kb	 0.0% Packages/com.unity.burst/Runtime/Intrinsics/x86/Csr.cs
 0.1 kb	 0.0% Packages/com.unity.burst/Runtime/Intrinsics/x86/Bmi2.cs
 0.1 kb	 0.0% Packages/com.unity.burst/Runtime/Intrinsics/x86/Bmi1.cs
 0.1 kb	 0.0% Packages/com.unity.burst/Runtime/Intrinsics/x86/Avx2.cs
 0.1 kb	 0.0% Packages/com.unity.burst/Runtime/Intrinsics/x86/Avx.cs
 0.1 kb	 0.0% Packages/com.unity.burst/Runtime/Intrinsics/v64.cs
 0.1 kb	 0.0% Packages/com.unity.burst/Runtime/Intrinsics/v256.cs
 0.1 kb	 0.0% Packages/com.unity.burst/Runtime/Intrinsics/v128.cs
 0.1 kb	 0.0% Packages/com.unity.burst/Runtime/Intrinsics/Arm/NEON.cs
 0.1 kb	 0.0% Packages/com.meta.xr.sdk.core/Scripts/Util/OVRWaitCursor.cs
 0.1 kb	 0.0% Packages/com.meta.xr.sdk.core/Scripts/Util/OVRScreenFade.cs
 0.1 kb	 0.0% Packages/com.meta.xr.sdk.core/Scripts/Util/OVRProfilerScope.cs
 0.1 kb	 0.0% Packages/com.meta.xr.sdk.core/Scripts/Util/OVRObjectPool.cs
 0.1 kb	 0.0% Packages/com.meta.xr.sdk.core/Scripts/Util/OVRNativeList.cs
 0.1 kb	 0.0% Packages/com.meta.xr.sdk.core/Scripts/Util/OVRMonoscopic.cs
 0.1 kb	 0.0% Packages/com.meta.xr.sdk.core/Scripts/Util/OVRMetricsCore.cs
 0.1 kb	 0.0% Packages/com.meta.xr.sdk.core/Scripts/Util/OVRMeshRenderer.cs
 0.1 kb	 0.0% Packages/com.meta.xr.sdk.core/Scripts/Util/OVRGazePointer.cs
 0.1 kb	 0.0% Packages/com.meta.xr.sdk.core/Scripts/Util/OVREnumerable.cs
 0.1 kb	 0.0% Packages/com.meta.xr.sdk.core/Scripts/Util/OVRDeserialize.cs
 0.1 kb	 0.0% Packages/com.meta.xr.sdk.core/Scripts/SystemHaptics/SystemHaptics.cs
 0.1 kb	 0.0% Packages/com.meta.xr.sdk.core/Scripts/OVRTelemetry/OVRTelemetryUtils.cs
 0.1 kb	 0.0% Packages/com.meta.xr.sdk.core/Scripts/OVRSpatialAnchor.cs
 0.1 kb	 0.0% Packages/com.meta.xr.sdk.core/Scripts/OVRSpaceQuery.cs
 0.1 kb	 0.0% Packages/com.meta.xr.sdk.core/Scripts/OVRSceneVolume.cs
 0.1 kb	 0.0% Packages/com.meta.xr.sdk.core/Scripts/OVRScenePlane.cs
 0.1 kb	 0.0% Packages/com.meta.xr.sdk.core/Scripts/OVRSceneManager.cs
 0.1 kb	 0.0% Packages/com.meta.xr.sdk.core/Scripts/OVRSceneLoader.cs
 0.1 kb	 0.0% Packages/com.meta.xr.sdk.core/Scripts/OVRSceneAnchor.cs
 0.1 kb	 0.0% Packages/com.meta.xr.sdk.core/Scripts/OVRPlatformMenu.cs
 0.1 kb	 0.0% Packages/com.meta.xr.sdk.core/Scripts/OVROverlayCanvas.cs
 0.1 kb	 0.0% Packages/com.meta.xr.sdk.core/Scripts/OVRMixedReality.cs
 0.1 kb	 0.0% Packages/com.meta.xr.sdk.core/Scripts/OVRKtxTexture.cs
 0.1 kb	 0.0% Packages/com.meta.xr.sdk.core/Scripts/OVRHapticsClip.cs
 0.1 kb	 0.0% Packages/com.meta.xr.sdk.core/Scripts/OVRGLTFLoader.cs
 0.1 kb	 0.0% Packages/com.meta.xr.sdk.core/Scripts/OVRGLTFAccessor.cs
 0.1 kb	 0.0% Packages/com.meta.xr.sdk.core/Scripts/OVRAnchor/OVRAnchorComponents/OVRTriangleMesh.cs
 0.1 kb	 0.0% Packages/com.meta.xr.sdk.core/Scripts/OVRAnchor/OVRAnchorComponents/OVRRoomLayout.cs
 0.1 kb	 0.0% Packages/com.meta.xr.sdk.core/Scripts/OVRAnchor/OVRAnchorComponents/OVRMarkerPayload.cs
 0.1 kb	 0.0% Packages/com.meta.xr.sdk.core/Scripts/OVRAnchor/OVRAnchorComponents/OVRDynamicObject.cs
 0.1 kb	 0.0% Packages/com.meta.xr.sdk.core/Scripts/OVRAnchor/OVRAnchor.Tracker.cs
 0.1 kb	 0.0% Packages/com.meta.xr.sdk.core/Scripts/OVRAnchor/OVRAnchor.Telemetry.cs
 0.1 kb	 0.0% Packages/com.meta.xr.sdk.core/Scripts/OVRAnchor/OVRAnchor.Deprecated.cs
 0.1 kb	 0.0% Packages/com.meta.xr.sdk.core/Scripts/OVRAnchor/OVRAnchor.Deferred.cs
 0.1 kb	 0.0% Packages/com.meta.xr.sdk.core/Scripts/Movement/OVRCustomFace.cs
 0.1 kb	 0.0% Packages/com.meta.xr.sdk.core/Scripts/ImmersiveDebugger/UserInterface/Resources/Styles/TextStyles/H2.asset
 0.1 kb	 0.0% Packages/com.meta.xr.sdk.core/Scripts/ImmersiveDebugger/UserInterface/Resources/Styles/TextStyles/H1.asset
 0.1 kb	 0.0% Packages/com.meta.xr.sdk.core/Scripts/Composition/OVRComposition.cs
 0.1 kb	 0.0% Packages/com.unity.ugui/Runtime/UGUI/UI/Core/Text.cs
 0.1 kb	 0.0% Packages/com.unity.ugui/Runtime/UGUI/UI/Core/Misc.cs
 0.1 kb	 0.0% Packages/com.unity.ugui/Runtime/UGUI/UI/Core/Mask.cs
 0.1 kb	 0.0% Packages/com.unity.cloud.gltfast/Runtime/Scripts/UvTransform.cs
 0.1 kb	 0.0% Packages/com.unity.cloud.gltfast/Runtime/Scripts/UriHelper.cs
 0.1 kb	 0.0% Packages/com.unity.cloud.gltfast/Runtime/Scripts/Schema/Texture.cs
 0.1 kb	 0.0% Packages/com.unity.cloud.gltfast/Runtime/Scripts/Schema/Scene.cs
 0.1 kb	 0.0% Packages/com.unity.cloud.gltfast/Runtime/Scripts/Schema/Sampler.cs
 0.1 kb	 0.0% Packages/com.unity.cloud.gltfast/Runtime/Scripts/Schema/Material.cs
 0.1 kb	 0.0% Packages/com.unity.cloud.gltfast/Runtime/Scripts/Schema/Image.cs
 0.1 kb	 0.0% Packages/com.unity.cloud.gltfast/Runtime/Scripts/Schema/Buffer.cs
 0.1 kb	 0.0% Packages/com.unity.cloud.gltfast/Runtime/Scripts/Schema/Asset.cs
 0.1 kb	 0.0% Packages/com.unity.cloud.gltfast/Runtime/Scripts/Schema/Accessor.cs
 0.1 kb	 0.0% Packages/com.unity.cloud.gltfast/Runtime/Scripts/SamplerKey.cs
 0.1 kb	 0.0% Packages/com.unity.cloud.gltfast/Runtime/Scripts/PrimitiveSet.cs
 0.1 kb	 0.0% Packages/com.unity.cloud.gltfast/Runtime/Scripts/MeshSubset.cs
 0.1 kb	 0.0% Packages/com.unity.cloud.gltfast/Runtime/Scripts/MeshResult.cs
 0.1 kb	 0.0% Packages/com.unity.cloud.gltfast/Runtime/Scripts/MeshOrder.cs
 0.1 kb	 0.0% Packages/com.unity.cloud.gltfast/Runtime/Scripts/MeshComparer.cs
 0.1 kb	 0.0% Packages/com.unity.cloud.gltfast/Runtime/Scripts/Mathematics.cs
 0.1 kb	 0.0% Packages/com.unity.cloud.gltfast/Runtime/Scripts/IndicesData.cs
 0.1 kb	 0.0% Packages/com.unity.cloud.gltfast/Runtime/Scripts/ImageResult.cs
 0.1 kb	 0.0% Packages/com.unity.cloud.gltfast/Runtime/Scripts/ImageImport.cs
 0.1 kb	 0.0% Packages/com.unity.cloud.gltfast/Runtime/Scripts/IGltfBuffers.cs
 0.1 kb	 0.0% Packages/com.unity.cloud.gltfast/Runtime/Scripts/IDeferAgent.cs
 0.1 kb	 0.0% Packages/com.unity.cloud.gltfast/Runtime/Scripts/GltfImport.cs
 0.1 kb	 0.0% Packages/com.unity.cloud.gltfast/Runtime/Scripts/GltfGlobals.cs
 0.1 kb	 0.0% Packages/com.unity.cloud.gltfast/Runtime/Scripts/GltfAsset.cs
 0.1 kb	 0.0% Packages/com.unity.cloud.gltfast/Runtime/Scripts/GlbBinChunk.cs
 0.1 kb	 0.0% Packages/com.unity.cloud.gltfast/Runtime/Scripts/DestroyUtils.cs
 0.1 kb	 0.0% Packages/com.meta.xr.sdk.core/Scripts/OVRCommon.cs
 0.1 kb	 0.0% Packages/com.meta.xr.sdk.core/Editor/OVRConfig.cs
 0.1 kb	 0.0% Packages/com.unity.cloud.gltfast/Runtime/Scripts/Schema/FakeSchema/Root.cs
 0.1 kb	 0.0% Packages/com.unity.cloud.gltfast/Runtime/Scripts/Schema/FakeSchema/Mesh.cs
 0.1 kb	 0.0% Packages/com.meta.xr.sdk.core/Scripts/Util/OVRVignette.cs
 0.1 kb	 0.0% Packages/com.meta.xr.sdk.core/Scripts/Util/OVRSkeleton.cs
 0.1 kb	 0.0% Packages/com.meta.xr.sdk.core/Scripts/Util/OVRRaycaster.cs
 0.1 kb	 0.0% Packages/com.meta.xr.sdk.core/Scripts/Util/OVRRayHelper.cs
 0.1 kb	 0.0% Packages/com.meta.xr.sdk.core/Scripts/Util/OVRNetwork.cs
 0.1 kb	 0.0% Packages/com.meta.xr.sdk.core/Scripts/Util/OVRModeParms.cs
 0.1 kb	 0.0% Packages/com.meta.xr.sdk.core/Scripts/Util/OVRMeshJobs.cs
 0.1 kb	 0.0% Packages/com.meta.xr.sdk.core/Scripts/Util/OVRHandTest.cs
 0.1 kb	 0.0% Packages/com.meta.xr.sdk.core/Scripts/Util/OVRGridCube.cs
 0.1 kb	 0.0% Packages/com.meta.xr.sdk.core/Scripts/Util/OVRGrabber.cs
 0.1 kb	 0.0% Packages/com.meta.xr.sdk.core/Scripts/Util/OVRGrabbable.cs
 0.1 kb	 0.0% Packages/com.meta.xr.sdk.core/Scripts/Util/OVRDebugInfo.cs
 0.1 kb	 0.0% Packages/com.meta.xr.sdk.core/Scripts/Util/OVRCursor.cs
 0.1 kb	 0.0% Packages/com.meta.xr.sdk.core/Scripts/Util/Async/OVRTask.Build.cs
 0.1 kb	 0.0% Packages/com.meta.xr.sdk.core/Scripts/Util/Async/OVRResult.cs
 0.1 kb	 0.0% Packages/com.meta.xr.sdk.core/Scripts/Util/Async/OVRFuture.cs
 0.1 kb	 0.0% Packages/com.meta.xr.sdk.core/Scripts/OVRTracker.cs
 0.1 kb	 0.0% Packages/com.meta.xr.sdk.core/Scripts/OVRTelemetry/OVRTelemetry.cs
 0.1 kb	 0.0% Packages/com.meta.xr.sdk.core/Scripts/OVRSpaceUser.cs
 0.1 kb	 0.0% Packages/com.meta.xr.sdk.core/Scripts/OVRSceneRoom.cs
 0.1 kb	 0.0% Packages/com.meta.xr.sdk.core/Scripts/OVRResources.cs
 0.1 kb	 0.0% Packages/com.meta.xr.sdk.core/Scripts/OVRProfile.cs
 0.1 kb	 0.0% Packages/com.meta.xr.sdk.core/Scripts/OVRPlugin.cs
 0.1 kb	 0.0% Packages/com.meta.xr.sdk.core/Scripts/OVROverlay.cs
 0.1 kb	 0.0% Packages/com.meta.xr.sdk.core/Scripts/OVRManager.cs
 0.1 kb	 0.0% Packages/com.meta.xr.sdk.core/Scripts/OVRHaptics.cs
 0.1 kb	 0.0% Packages/com.meta.xr.sdk.core/Scripts/OVRDisplay.cs
 0.1 kb	 0.0% Packages/com.meta.xr.sdk.core/Scripts/OVRCameraRig.cs
 0.1 kb	 0.0% Packages/com.meta.xr.sdk.core/Scripts/OVRBuildInfo.cs
 0.1 kb	 0.0% Packages/com.meta.xr.sdk.core/Scripts/OVRBoundary.cs
 0.1 kb	 0.0% Packages/com.meta.xr.sdk.core/Scripts/OVRAnchor/OVRAnchorComponents/OVRStorable.cs
 0.1 kb	 0.0% Packages/com.meta.xr.sdk.core/Scripts/OVRAnchor/OVRAnchorComponents/OVRSharable.cs
 0.1 kb	 0.0% Packages/com.meta.xr.sdk.core/Scripts/OVRAnchor/OVRAnchorComponents/OVRRoomMesh.cs
 0.1 kb	 0.0% Packages/com.meta.xr.sdk.core/Scripts/OVRAnchor/OVRAnchorComponents/OVRLocatable.cs
 0.1 kb	 0.0% Packages/com.meta.xr.sdk.core/Scripts/OVRAnchor/OVRAnchorComponents/OVRBounded3D.cs
 0.1 kb	 0.0% Packages/com.meta.xr.sdk.core/Scripts/OVRAnchor/OVRAnchorComponents/OVRBounded2D.cs
 0.1 kb	 0.0% Packages/com.meta.xr.sdk.core/Scripts/OVRAnchor/OVRAnchor.cs
 0.1 kb	 0.0% Packages/com.meta.xr.sdk.core/Scripts/Movement/OVREyeGaze.cs
 0.1 kb	 0.0% Packages/com.unity.cloud.gltfast/Runtime/Scripts/ushort3.cs
 0.1 kb	 0.0% Packages/com.unity.cloud.gltfast/Runtime/Scripts/short4.cs
 0.1 kb	 0.0% Packages/com.unity.cloud.gltfast/Runtime/Scripts/short3.cs
 0.1 kb	 0.0% Packages/com.unity.cloud.gltfast/Runtime/Scripts/sbyte4.cs
 0.1 kb	 0.0% Packages/com.unity.cloud.gltfast/Runtime/Scripts/sbyte3.cs
 0.1 kb	 0.0% Packages/com.unity.cloud.gltfast/Runtime/Scripts/byte3.cs
 0.1 kb	 0.0% Packages/com.unity.cloud.gltfast/Runtime/Scripts/Schema/Skin.cs
 0.1 kb	 0.0% Packages/com.unity.cloud.gltfast/Runtime/Scripts/Schema/Root.cs
 0.1 kb	 0.0% Packages/com.unity.cloud.gltfast/Runtime/Scripts/Schema/Node.cs
 0.1 kb	 0.0% Packages/com.unity.cloud.gltfast/Runtime/Scripts/Schema/Mesh.cs
 0.1 kb	 0.0% Packages/com.unity.cloud.gltfast/Runtime/Scripts/DataUri.cs
 0.1 kb	 0.0% Packages/com.meta.xr.sdk.core/Scripts/Util/Async/OVRTask.gen.cs
 0.1 kb	 0.0% Packages/com.meta.xr.sdk.core/Scripts/Util/OVRMesh.cs
 0.1 kb	 0.0% Packages/com.meta.xr.sdk.core/Scripts/Util/OVRHand.cs
 0.1 kb	 0.0% Packages/com.meta.xr.sdk.core/Scripts/Util/Async/OVRTask.cs
 0.1 kb	 0.0% Packages/com.meta.xr.sdk.core/Scripts/OVRSpace.cs
 0.1 kb	 0.0% Packages/com.meta.xr.sdk.core/Scripts/OVRInput.cs
 0.1 kb	 0.0% Packages/com.meta.xr.sdk.core/Scripts/OVRAnchor/OVRScene.cs
 0.1 kb	 0.0% Packages/com.meta.xr.sdk.core/Scripts/Movement/OVRFace.cs
 0.1 kb	 0.0% Packages/com.meta.xr.sdk.core/Scripts/Movement/OVRBody.cs
 0.1 kb	 0.0% Assets/Resources/PerformanceTestRunSettings.json
 0.1 kb	 0.0% Assets/Resources/InputActions.asset
 0.0 kb	 0.0% Assets/Resources/OVRBuildConfig.asset
 0.0 kb	 0.0% Assets/XR/Loaders/OpenXRLoader.asset
 0.0 kb	 0.0% Assets/Milzet/StartupSource/Project/Timelines/Signals/Signal.signal
-------------------------------------------------------------------------------
Unloading 0 Unused Serialized files (Serialized files now loaded: 0)
Unloading 404 unused Assets / (1.1 MB). Loaded Objects now: 6935.
Memory consumption went from 286.7 MB to 285.6 MB.
Total: 49.952334 ms (FindLiveObjects: 0.298042 ms CreateObjectMapping: 0.083958 ms MarkObjects: 41.494542 ms  DeleteObjects: 8.075208 ms)

Build Finished, Result: Success.
##utp:{"type":"PlayerBuildInfo","version":2,"phase":"Immediate","time":1788964789564,"processId":30648,"steps":[{"description":"Preprocess Player","duration":212},{"description":"Prepare For Build","duration":3795},{"description":"ProducePlayerScriptAssemblies","duration":2927},{"description":"Verify Build setup","duration":23},{"description":"Prepare assets for target platform","duration":4},{"description":"Prepare splash screen","duration":1},{"description":"Building scenes","duration":277},{"description":"Build scripts DLLs","duration":6},{"description":"Build GlobalGameManagers file","duration":85},{"description":"Writing asset files","duration":285},{"description":"Building Resources/unity_builtin_extra","duration":112},{"description":"Write data build dirty tracking information","duration":74},{"description":"Postprocess built player","duration":68929}],"duration":76730}
Unloading 0 Unused Serialized files (Serialized files now loaded: 0)
Loaded scene 'Temp/__Backupscenes/0.backup'
	Deserialize:            1.522 ms
	Integration:            313.385 ms
	Integration of assets:  0.002 ms
	Thread Wait Time:       0.007 ms
	Total Operation Time:   314.915 ms
Unloading 0 unused Assets / (1.6 KB). Loaded Objects now: 6927.
Memory consumption went from 285.0 MB to 285.0 MB.
Total: 12.395083 ms (FindLiveObjects: 0.252458 ms CreateObjectMapping: 0.062000 ms MarkObjects: 12.069375 ms  DeleteObjects: 0.010959 ms)

Launching external process: /Applications/Unity/Hub/Editor/6000.3.22f1/Unity.app/Contents/Resources/Scripting/il2cpp/build/deploy/Analytics
Refreshing native plugins compatible for Editor in 1.70 ms, found 9 plugins.
Preloading 0 native plugins for Editor in 0.00 ms.
Asset Pipeline Refresh (id=701a5bdcfee2d4b858f50f5d2bbf33ce): Total: 0.017 seconds - Initiated by StopAssetImportingV2(NoUpdateAssetOptions)
Batchmode quit successfully invoked - shutting down!
Starting: /Applications/Unity/Hub/Editor/6000.3.22f1/PlaybackEngines/AndroidPlayer/OpenJDK/bin/java -classpath "/Applications/Unity/Hub/Editor/6000.3.22f1/PlaybackEngines/AndroidPlayer/Tools/gradle/lib/gradle-launcher-9.1.0.jar" org.gradle.launcher.GradleMain "-Dorg.gradle.jvmargs=-Xmx4096m" "--stop" 
WorkingDir: 
Killing ADB server in 0,030729 seconds.
Thread 0x17da6b000 may have been prematurely finalized
The command could not be loaded, possibly because:
  * You intended to execute a .NET application:
      The application 'build-server' does not exist.
  * You intended to execute a .NET SDK command:
      No .NET SDKs were found.

Download a .NET SDK:
https://aka.ms/dotnet-download

Learn about SDK resolution:
https://aka.ms/dotnet/sdk-not-found
Input System module state changed to: ShutdownInProgress.
Input System polling thread exited.
Input System module state changed to: Shutdown.
[Physics::Module] Cleanup current backend.
[Physics::Module] Id: 0xf2b8ea05
[Licensing::IpcConnector] LicenseClient-mziwamadoda-notifications channel disconnected successfully.
[Licensing::IpcConnector] LicenseClient-mziwamadoda channel disconnected successfully.
Thread 0x16c3f7000 may have been prematurely finalized
Thread 0x16c483000 may have been prematurely finalized
AcceleratorClientConnectionCallback - disconnected - :0
Cleanup mono
[40m[32minfo[39m[22m[49m: Microsoft.Hosting.Lifetime[0]
      Application is shutting down...
[40m[32minfo[39m[22m[49m: Unity.ILPP.Runner.PostProcessingAssemblyLoadContext[0]
      ALC ILPP context 2 is unloading
debugger-agent: Unable to listen on 43
Exiting batchmode successfully now!
[Package Manager] Server process was shutdown
