Unity Editor version:    6000.3.22f1 (1c726e1fb402)
Branch:                  6000.3/staging
Build type:              Release
Batch mode:              YES
macOS version:           Version 26.6.2 (Build 25G83)
Darwin version:          25.6.0
Architecture:            arm64
Running under Rosetta:   NO
Available memory:        16384 MB
Date:                    2026-09-09T13:47:52Z
[Licensing::Module] Trying to connect to existing licensing client channel...
[Licensing::IpcConnector] Channel LicenseClient-mziwamadoda doesn't exist
Launching external process: /Applications/Unity/Hub/Editor/6000.3.22f1/Unity.app/Contents/Helpers/UnityLicensingClient.app/Contents/MacOS/Unity.Licensing.Client
[Licensing::Module] Successfully launched the LicensingClient (PId: 20130)
Launching external process: /Applications/Unity/Hub/Editor/6000.3.22f1/Unity.app/Contents/Resources/PackageManager/Server/UnityPackageManager

COMMAND LINE ARGUMENTS:
/Applications/Unity/Hub/Editor/6000.3.22f1/Unity.app/Contents/MacOS/Unity
-batchmode
-quit
-projectPath
/Users/mziwamadoda/Projects/Binteca/Interactive/milzetvrstudio/Unity
-buildTarget
StandaloneOSX
-executeMethod
Milzet.Editor.BuildViewer.StartupRepair
-logFile
/Users/mziwamadoda/Projects/Binteca/Interactive/milzetvrstudio/Artifacts/DeviceAcceptance/startup-mac-arm64-build.log
Successfully changed project path to: /Users/mziwamadoda/Projects/Binteca/Interactive/milzetvrstudio/Unity
/Users/mziwamadoda/Projects/Binteca/Interactive/milzetvrstudio/Unity
[UnityMemory] Configuration Parameters - Can be set up in boot.config
    "memorysetup-allocator-temp-initial-block-size-main=262144"
    "memorysetup-allocator-temp-initial-block-size-worker=262144"
    "memorysetup-temp-allocator-size-background-worker=32768"
    "memorysetup-temp-allocator-size-job-worker=262144"
    "memorysetup-temp-allocator-size-preload-manager=33554432"
    "memorysetup-temp-allocator-size-nav-mesh-worker=65536"
    "memorysetup-temp-allocator-size-audio-worker=65536"
    "memorysetup-temp-allocator-size-cloud-worker=32768"
    "memorysetup-bucket-allocator-granularity=16"
    "memorysetup-bucket-allocator-bucket-count=8"
    "memorysetup-bucket-allocator-block-size=33554432"
    "memorysetup-bucket-allocator-block-count=8"
    "memorysetup-main-allocator-block-size=16777216"
    "memorysetup-thread-allocator-block-size=16777216"
    "memorysetup-gfx-main-allocator-block-size=16777216"
    "memorysetup-gfx-thread-allocator-block-size=16777216"
    "memorysetup-cache-allocator-block-size=4194304"
    "memorysetup-typetree-allocator-block-size=2097152"
    "memorysetup-profiler-bucket-allocator-granularity=16"
    "memorysetup-profiler-bucket-allocator-bucket-count=8"
    "memorysetup-profiler-bucket-allocator-block-size=33554432"
    "memorysetup-profiler-bucket-allocator-block-count=8"
    "memorysetup-profiler-allocator-block-size=16777216"
    "memorysetup-profiler-editor-allocator-block-size=1048576"
    "memorysetup-temp-allocator-size-main=16777216"
    "memorysetup-job-temp-allocator-block-size=2097152"
    "memorysetup-job-temp-allocator-block-size-background=1048576"
    "memorysetup-job-temp-allocator-reduction-small-platforms=262144"
    "memorysetup-temp-allocator-size-gi-baking-worker=262144"
    "memorysetup-temp-allocator-size-gi-baking-worker=262144"
    "memorysetup-temp-allocator-size-gi-baking-worker=262144"
    "memorysetup-temp-allocator-size-gi-baking-worker=262144"
    "memorysetup-temp-allocator-size-gi-baking-worker=262144"
    "memorysetup-temp-allocator-size-gfx=262144"
Player connection [8272978304]  Target information:

Player connection [8272978304]  * "[IP] 192.168.1.108 [Port] 55504 [Flags] 2 [Guid] 320689196 [EditorId] 320689196 [Version] 1048832 [Id] OSXEditor(0,Zolas-MacBook-Air.local) [Debug] 1 [PackageName] OSXEditor [ProjectName] Editor" 

Player connection [8272978304] Host joined multi-casting on [225.0.0.222:54997]...
Player connection [8272978304] Host joined alternative multi-casting on [225.0.0.222:34997]...
Input System module state changed to: Initialized.
[Physics::Module] Initialized fallback backend.
[Physics::Module] Id: 0xdecafbad
[Licensing::IpcConnector] Successfully connected to: "LicenseClient-mziwamadoda" at "2026-09-09T13:47:52.988527Z"
[Package Manager] Connected to IPC stream "Upm-20123" after 0.7 seconds.
[Licensing::Module] Licensing is not yet initialized.
[Licensing::Client] Handshaking with LicensingClient:
  Version:                 1.18.1+9fbee8e
  Session Id:              a644847f20fd41ddb5c47f033b54628a
  Correlation Id:          9642781fa38e9829d443533035d1d04c
  External correlation Id: 8107350852386926641
  Machine Id:              UEiIifZ0NVpQOyONubALCs688Qc=
[Licensing::Module] Successfully connected to LicensingClient on channel: "LicenseClient-mziwamadoda" (connect: 0.38s, validation: 0.07s, handshake: 1.63s)
[Licensing::IpcConnector] Successfully connected to: "LicenseClient-mziwamadoda-notifications" at "2026-09-09T13:47:54.683509Z"
[Licensing::Module] Connected to LicensingClient (PId: 20130, launch time: 0.00, total connection time: 2.08s)
[Licensing::Module] Error: Access token is unavailable; failed to update
[Licensing::Client] Successfully resolved entitlement details
[Licensing::Module] License group:
  Id: F4-AZ6T-383H-7KTU-RM2U-XXXX
  Product: Unity Personal
  Type: ULF
  Expiration: Unlimited
[Licensing::Module] License group:
  Id: 11270701585829-UnityPersXXXX
  Product: Unity Personal
  Type: Assigned
  Expiration: Unlimited
[Licensing::Client] Successfully updated license, isAsync: True, time: 0.02
[Licensing::Client] Successfully resolved entitlement details
[Licensing::Module] License group:
  Id: F4-AZ6T-383H-7KTU-RM2U-XXXX
  Product: Unity Personal
  Type: ULF
  Expiration: Unlimited
[Licensing::Module] License group:
  Id: 11270701585829-UnityPersXXXX
  Product: Unity Personal
  Type: Assigned
  Expiration: Unlimited
[Licensing::Module] Licensing Background thread has ended after 2.13s
[Licensing::Module] Licensing is initialized (took 1.14s).
[Licensing::Client] Successfully resolved entitlement details
[Licensing::Module] License group:
  Id: F4-AZ6T-383H-7KTU-RM2U-XXXX
  Product: Unity Personal
  Type: ULF
  Expiration: Unlimited
[Licensing::Module] License group:
  Id: 11270701585829-UnityPersXXXX
  Product: Unity Personal
  Type: Assigned
  Expiration: Unlimited
Library Redirect Path: Library/
[Physics::Module] Selected backend.
[Physics::Module] Name: PhysX
[Physics::Module] Id: 0xf2b8ea05
[Physics::Module] SDK Version: 4.1.2
[Physics::Module] Integration Version: 1.0.0
[Physics::Module] Threading Mode: Multi-Threaded
Targeting platform: StandaloneOSX
Refreshing native plugins compatible for Editor in 0.31 ms, found 0 plugins.
Preloading 0 native plugins for Editor in 0.00 ms.
Initialize engine version: 6000.3.22f1 (1c726e1fb402)
[Subsystems] Discovering subsystems at path /Applications/Unity/Hub/Editor/6000.3.22f1/Unity.app/Contents/Resources/UnitySubsystems
[Subsystems] Discovering subsystems at path /Users/mziwamadoda/Projects/Binteca/Interactive/milzetvrstudio/Unity/Assets
GfxDevice: creating device client; kGfxThreadingModeNonThreaded
 preferred device: Apple M3 (high power)
Metal devices available: 1
0: Apple M3 (high power)
Using device Apple M3 (high power)
Initializing Metal device caps: Apple M3
Mac GPU Family: 2
Apple GPU Family: 9
MSL Version: 3.0
Has Float MSAA: 1
Has Float Filtering: 1
ReadWrite Texture Tier: 2
Shader 'Meta/MRUK/Scene/HighlightsAndShadows': fallback shader 'Off' not found
Shader 'Oculus/OVRMRCameraFrameLit': fallback shader 'Alpha-Diffuse' not found
Initialize mono
Mono path[0] = '/Applications/Unity/Hub/Editor/6000.3.22f1/Unity.app/Contents/Resources/Scripting/Managed'
Mono path[1] = '/Applications/Unity/Hub/Editor/6000.3.22f1/Unity.app/Contents/Resources/Scripting/MonoBleedingEdge/lib/mono/unityjit-macos'
Mono config path = '/Applications/Unity/Hub/Editor/6000.3.22f1/Unity.app/Contents/Resources/Scripting/MonoBleedingEdge/etc'
Using monoOptions --debugger-agent=transport=dt_socket,embedding=1,server=y,suspend=n,address=127.0.0.1:56123
Using cacheserver namespaces - metadata:defaultmetadata, artifacts:defaultartifacts
Using cacheserver namespaces - metadata:defaultmetadata, artifacts:defaultartifacts
ImportWorker Server TCP listen port: 0
AcceleratorClientConnectionCallback - disconnected - :0
Begin MonoManager ReloadAssembly
Registering precompiled unity dll's ...
Register platform support module: /Applications/Unity/Hub/Editor/6000.3.22f1/Unity.app/Contents/PlaybackEngines/MacStandaloneSupport/UnityEditor.OSXStandalone.Extensions.dll
Register platform support module: /Applications/Unity/Hub/Editor/6000.3.22f1/PlaybackEngines/WindowsStandaloneSupport/UnityEditor.WindowsStandalone.Extensions.dll
[Licensing::Client] Successfully resolved entitlement details
[Licensing::Module] License group:
  Id: F4-AZ6T-383H-7KTU-RM2U-XXXX
  Product: Unity Personal
  Type: ULF
  Expiration: Unlimited
[Licensing::Module] License group:
  Id: 11270701585829-UnityPersXXXX
  Product: Unity Personal
  Type: Assigned
  Expiration: Unlimited
Register platform support module: /Applications/Unity/Hub/Editor/6000.3.22f1/PlaybackEngines/AndroidPlayer/UnityEditor.Android.Extensions.dll
Registered in 0.004729 seconds.
- Loaded All Assemblies, in  0.650 seconds
Native extension for Android target not found
Native extension for WindowsStandalone target not found
Native extension for OSXStandalone target not found
Package Manager log level set to [2]
ScheduleIndexationOnStartup MainProcess:False IndexOnStartup:True
Mono: successfully reloaded assembly
- Finished resetting the current domain, in  0.448 seconds
Domain Reload Profiling: 1098ms
	BeginReloadAssembly (216ms)
		ExecutionOrderSort (0ms)
		DisableScriptedObjects (0ms)
		BackupInstance (0ms)
		ReleaseScriptingObjects (0ms)
		CreateAndSetChildDomain (22ms)
	RebuildCommonClasses (71ms)
	RebuildNativeTypeToScriptingClass (28ms)
	initialDomainReloadingComplete (69ms)
	LoadAllAssembliesAndSetupDomain (265ms)
		LoadAssemblies (196ms)
		RebuildTransferFunctionScriptingTraits (0ms)
		AnalyzeDomain (259ms)
			TypeCache.Refresh (257ms)
				TypeCache.ScanAssembly (237ms)
			BuildScriptInfoCaches (0ms)
			ResolveRequiredComponents (1ms)
	FinalizeReload (449ms)
		ReleaseScriptCaches (0ms)
		RebuildScriptCaches (0ms)
		SetupLoadedEditorAssemblies (395ms)
			LogAssemblyErrors (0ms)
			InitializePlatformSupportModulesInManaged (62ms)
			SetLoadedEditorAssemblies (4ms)
			BeforeProcessingInitializeOnLoad (89ms)
			ProcessInitializeOnLoadAttributes (140ms)
			ProcessInitializeOnLoadMethodAttributes (100ms)
			AfterProcessingInitializeOnLoad (0ms)
			EditorAssembliesLoaded (0ms)
		ExecutionOrderSort2 (0ms)
		AwakeInstancesAfterBackupRestoration (0ms)
[Licensing::Client] Successfully resolved entitlement details
[Licensing::Module] License group:
  Id: F4-AZ6T-383H-7KTU-RM2U-XXXX
  Product: Unity Personal
  Type: ULF
  Expiration: Unlimited
[Licensing::Module] License group:
  Id: 11270701585829-UnityPersXXXX
  Product: Unity Personal
  Type: Assigned
  Expiration: Unlimited
Application.AssetDatabase Initial Refresh Start
[Package Manager] Restoring resolved packages state from cache
[Licensing::Client] Successfully resolved entitlement details
[Package Manager] Registered 47 packages:
  Packages from [https://packages.unity.com]:
    com.unity.cloud.gltfast@6.20.0 (location: /Users/mziwamadoda/Projects/Binteca/Interactive/milzetvrstudio/Unity/Library/PackageCache/com.unity.cloud.gltfast@11ddc2436f97)
    com.unity.xr.openxr@1.15.1 (location: /Users/mziwamadoda/Projects/Binteca/Interactive/milzetvrstudio/Unity/Library/PackageCache/com.unity.xr.openxr@05fb1a7d75d1)
    com.meta.xr.sdk.core@85.0.0 (location: /Users/mziwamadoda/Projects/Binteca/Interactive/milzetvrstudio/Unity/Library/PackageCache/com.meta.xr.sdk.core@f8b4cfb2789f)
    com.meta.xr.mrutilitykit@85.0.0 (location: /Users/mziwamadoda/Projects/Binteca/Interactive/milzetvrstudio/Unity/Library/PackageCache/com.meta.xr.mrutilitykit@6d21b459f6d3)
    com.unity.timeline@1.8.12 (location: /Users/mziwamadoda/Projects/Binteca/Interactive/milzetvrstudio/Unity/Library/PackageCache/com.unity.timeline@8cd8509afae5)
    com.unity.ai.navigation@2.0.14 (location: /Users/mziwamadoda/Projects/Binteca/Interactive/milzetvrstudio/Unity/Library/PackageCache/com.unity.ai.navigation@134dd6a3b97b)
    com.unity.nuget.newtonsoft-json@3.2.2 (location: /Users/mziwamadoda/Projects/Binteca/Interactive/milzetvrstudio/Unity/Library/PackageCache/com.unity.nuget.newtonsoft-json@4dfd81071c64)
    com.unity.inputsystem@1.20.0 (location: /Users/mziwamadoda/Projects/Binteca/Interactive/milzetvrstudio/Unity/Library/PackageCache/com.unity.inputsystem@7a4e1a2a8194)
    com.unity.xr.core-utils@2.6.0 (location: /Users/mziwamadoda/Projects/Binteca/Interactive/milzetvrstudio/Unity/Library/PackageCache/com.unity.xr.core-utils@a8b900321199)
    com.unity.xr.management@4.5.4 (location: /Users/mziwamadoda/Projects/Binteca/Interactive/milzetvrstudio/Unity/Library/PackageCache/com.unity.xr.management@e3a3882b360a)
    com.unity.xr.legacyinputhelpers@2.1.13 (location: /Users/mziwamadoda/Projects/Binteca/Interactive/milzetvrstudio/Unity/Library/PackageCache/com.unity.xr.legacyinputhelpers@9535ff2c27ac)
    com.unity.burst@1.8.30 (location: /Users/mziwamadoda/Projects/Binteca/Interactive/milzetvrstudio/Unity/Library/PackageCache/com.unity.burst@2f3d916873ea)
    com.unity.collections@2.6.8 (location: /Users/mziwamadoda/Projects/Binteca/Interactive/milzetvrstudio/Unity/Library/PackageCache/com.unity.collections@84e8eb3fc12e)
    com.unity.mathematics@1.3.3 (location: /Users/mziwamadoda/Projects/Binteca/Interactive/milzetvrstudio/Unity/Library/PackageCache/com.unity.mathematics@19a9377c4ffa)
    com.unity.nuget.mono-cecil@1.11.6 (location: /Users/mziwamadoda/Projects/Binteca/Interactive/milzetvrstudio/Unity/Library/PackageCache/com.unity.nuget.mono-cecil@ecb9724e46ff)
    com.unity.test-framework.performance@3.5.0 (location: /Users/mziwamadoda/Projects/Binteca/Interactive/milzetvrstudio/Unity/Library/PackageCache/com.unity.test-framework.performance@8b56083ec0f0)
  Built-in packages:
    com.unity.modules.audio@1.0.0 (location: /Users/mziwamadoda/Projects/Binteca/Interactive/milzetvrstudio/Unity/Library/PackageCache/com.unity.modules.audio)
    com.unity.modules.imgui@1.0.0 (location: /Users/mziwamadoda/Projects/Binteca/Interactive/milzetvrstudio/Unity/Library/PackageCache/com.unity.modules.imgui)
    com.unity.modules.imageconversion@1.0.0 (location: /Users/mziwamadoda/Projects/Binteca/Interactive/milzetvrstudio/Unity/Library/PackageCache/com.unity.modules.imageconversion)
    com.unity.modules.physics@1.0.0 (location: /Users/mziwamadoda/Projects/Binteca/Interactive/milzetvrstudio/Unity/Library/PackageCache/com.unity.modules.physics)
    com.unity.modules.jsonserialize@1.0.0 (location: /Users/mziwamadoda/Projects/Binteca/Interactive/milzetvrstudio/Unity/Library/PackageCache/com.unity.modules.jsonserialize)
    com.unity.modules.video@1.0.0 (location: /Users/mziwamadoda/Projects/Binteca/Interactive/milzetvrstudio/Unity/Library/PackageCache/com.unity.modules.video)
    com.unity.ugui@2.0.0 (location: /Users/mziwamadoda/Projects/Binteca/Interactive/milzetvrstudio/Unity/Library/PackageCache/com.unity.ugui@20629863fcab)
    com.unity.modules.androidjni@1.0.0 (location: /Users/mziwamadoda/Projects/Binteca/Interactive/milzetvrstudio/Unity/Library/PackageCache/com.unity.modules.androidjni)
    com.unity.modules.assetbundle@1.0.0 (location: /Users/mziwamadoda/Projects/Binteca/Interactive/milzetvrstudio/Unity/Library/PackageCache/com.unity.modules.assetbundle)
    com.unity.modules.particlesystem@1.0.0 (location: /Users/mziwamadoda/Projects/Binteca/Interactive/milzetvrstudio/Unity/Library/PackageCache/com.unity.modules.particlesystem)
    com.unity.modules.physics2d@1.0.0 (location: /Users/mziwamadoda/Projects/Binteca/Interactive/milzetvrstudio/Unity/Library/PackageCache/com.unity.modules.physics2d)
    com.unity.modules.unitywebrequestaudio@1.0.0 (location: /Users/mziwamadoda/Projects/Binteca/Interactive/milzetvrstudio/Unity/Library/PackageCache/com.unity.modules.unitywebrequestaudio)
    com.unity.modules.unitywebrequestassetbundle@1.0.0 (location: /Users/mziwamadoda/Projects/Binteca/Interactive/milzetvrstudio/Unity/Library/PackageCache/com.unity.modules.unitywebrequestassetbundle)
    com.unity.modules.unitywebrequesttexture@1.0.0 (location: /Users/mziwamadoda/Projects/Binteca/Interactive/milzetvrstudio/Unity/Library/PackageCache/com.unity.modules.unitywebrequesttexture)
    com.unity.modules.unitywebrequestwww@1.0.0 (location: /Users/mziwamadoda/Projects/Binteca/Interactive/milzetvrstudio/Unity/Library/PackageCache/com.unity.modules.unitywebrequestwww)
    com.unity.modules.terrain@1.0.0 (location: /Users/mziwamadoda/Projects/Binteca/Interactive/milzetvrstudio/Unity/Library/PackageCache/com.unity.modules.terrain)
    com.unity.modules.terrainphysics@1.0.0 (location: /Users/mziwamadoda/Projects/Binteca/Interactive/milzetvrstudio/Unity/Library/PackageCache/com.unity.modules.terrainphysics)
    com.unity.modules.cloth@1.0.0 (location: /Users/mziwamadoda/Projects/Binteca/Interactive/milzetvrstudio/Unity/Library/PackageCache/com.unity.modules.cloth)
    com.unity.modules.unitywebrequest@1.0.0 (location: /Users/mziwamadoda/Projects/Binteca/Interactive/milzetvrstudio/Unity/Library/PackageCache/com.unity.modules.unitywebrequest)
    com.unity.modules.ai@1.0.0 (location: /Users/mziwamadoda/Projects/Binteca/Interactive/milzetvrstudio/Unity/Library/PackageCache/com.unity.modules.ai)
    com.unity.modules.director@1.0.0 (location: /Users/mziwamadoda/Projects/Binteca/Interactive/milzetvrstudio/Unity/Library/PackageCache/com.unity.modules.director)
    com.unity.modules.animation@1.0.0 (location: /Users/mziwamadoda/Projects/Binteca/Interactive/milzetvrstudio/Unity/Library/PackageCache/com.unity.modules.animation)
    com.unity.textmeshpro@5.0.0 (location: /Users/mziwamadoda/Projects/Binteca/Interactive/milzetvrstudio/Unity/Library/PackageCache/com.unity.textmeshpro@53f43edfd2e0)
    com.unity.modules.ui@1.0.0 (location: /Users/mziwamadoda/Projects/Binteca/Interactive/milzetvrstudio/Unity/Library/PackageCache/com.unity.modules.ui)
    com.unity.modules.vr@1.0.0 (location: /Users/mziwamadoda/Projects/Binteca/Interactive/milzetvrstudio/Unity/Library/PackageCache/com.unity.modules.vr)
    com.unity.modules.xr@1.0.0 (location: /Users/mziwamadoda/Projects/Binteca/Interactive/milzetvrstudio/Unity/Library/PackageCache/com.unity.modules.xr)
    com.unity.modules.subsystems@1.0.0 (location: /Users/mziwamadoda/Projects/Binteca/Interactive/milzetvrstudio/Unity/Library/PackageCache/com.unity.modules.subsystems)
    com.unity.modules.uielements@1.0.0 (location: /Users/mziwamadoda/Projects/Binteca/Interactive/milzetvrstudio/Unity/Library/PackageCache/com.unity.modules.uielements)
    com.unity.test-framework@1.6.0 (location: /Users/mziwamadoda/Projects/Binteca/Interactive/milzetvrstudio/Unity/Library/PackageCache/com.unity.test-framework@bd7f943e9647)
    com.unity.modules.hierarchycore@1.0.0 (location: /Users/mziwamadoda/Projects/Binteca/Interactive/milzetvrstudio/Unity/Library/PackageCache/com.unity.modules.hierarchycore)
    com.unity.ext.nunit@2.0.5 (location: /Users/mziwamadoda/Projects/Binteca/Interactive/milzetvrstudio/Unity/Library/PackageCache/com.unity.ext.nunit@d8c07649098d)
[Subsystems] Looking for new subsystems at path /Users/mziwamadoda/Projects/Binteca/Interactive/milzetvrstudio/Unity/Library/PackageCache/com.unity.xr.openxr@05fb1a7d75d1
[Subsystems] Novel subsystem found at Library/PackageCache/com.unity.xr.openxr@05fb1a7d75d1/Runtime/UnitySubsystemsManifest.json
[Subsystems] Discovering subsystems at path /Applications/Unity/Hub/Editor/6000.3.22f1/Unity.app/Contents/Resources/UnitySubsystems
[Subsystems] Discovering subsystems at path /Users/mziwamadoda/Projects/Binteca/Interactive/milzetvrstudio/Unity/Assets
[Subsystems] Discovering subsystems at path /Users/mziwamadoda/Projects/Binteca/Interactive/milzetvrstudio/Unity/Library/PackageCache/com.unity.xr.openxr@05fb1a7d75d1
[Subsystems] No descriptors matched for  examples in Library/PackageCache/com.unity.xr.openxr@05fb1a7d75d1/Runtime/UnitySubsystemsManifest.json.
[Subsystems] 1 'inputs' descriptors matched in Library/PackageCache/com.unity.xr.openxr@05fb1a7d75d1/Runtime/UnitySubsystemsManifest.json
[Subsystems] 1 'displays' descriptors matched in Library/PackageCache/com.unity.xr.openxr@05fb1a7d75d1/Runtime/UnitySubsystemsManifest.json
[Subsystems] No descriptors matched for  meshings in Library/PackageCache/com.unity.xr.openxr@05fb1a7d75d1/Runtime/UnitySubsystemsManifest.json.
[Package Manager] Done registering packages in 0.01 seconds
[40m[32minfo[39m[22m[49m: Microsoft.Hosting.Lifetime[14]
      Now listening on: http://unix:/tmp/ilpp.sock-8b6b067d4af5f5ec7857bbae4a54e28d
[40m[32minfo[39m[22m[49m: Microsoft.Hosting.Lifetime[0]
      Application started. Press Ctrl+C to shut down.
[40m[32minfo[39m[22m[49m: Microsoft.Hosting.Lifetime[0]
      Hosting environment: Production
[40m[32minfo[39m[22m[49m: Microsoft.Hosting.Lifetime[0]
      Content root path: /Users/mziwamadoda/Projects/Binteca/Interactive/milzetvrstudio/Unity/
[40m[32minfo[39m[22m[49m: Microsoft.AspNetCore.Hosting.Diagnostics[1]
      Request starting HTTP/2 POST http://ilpp/UnityILPP.PostProcessing/Ping application/grpc -
[40m[32minfo[39m[22m[49m: Microsoft.AspNetCore.Routing.EndpointMiddleware[0]
      Executing endpoint 'gRPC - /UnityILPP.PostProcessing/Ping'
[40m[32minfo[39m[22m[49m: Microsoft.AspNetCore.Routing.EndpointMiddleware[1]
      Executed endpoint 'gRPC - /UnityILPP.PostProcessing/Ping'
[40m[32minfo[39m[22m[49m: Microsoft.AspNetCore.Hosting.Diagnostics[2]
      Request finished HTTP/2 POST http://ilpp/UnityILPP.PostProcessing/Ping application/grpc - - 200 - application/grpc 100.8296ms
Starting: /Applications/Unity/Hub/Editor/6000.3.22f1/Unity.app/Contents/Resources/BuildPipeline/bee_backend --ipc --defer-dag-verification --dagfile="Library/Bee/200b0aE.dag" --continue-on-failure --profile="Library/Bee/backend1.traceevents" ScriptAssemblies
WorkingDir: /Users/mziwamadoda/Projects/Binteca/Interactive/milzetvrstudio/Unity
DisplayProgressbar: Compiling Scripts
[40m[32minfo[39m[22m[49m: Microsoft.AspNetCore.Hosting.Diagnostics[1]
      Request starting HTTP/2 POST http://ilpp/UnityILPP.PostProcessing/ConfigurePostProcessors application/grpc -
[40m[32minfo[39m[22m[49m: Microsoft.AspNetCore.Routing.EndpointMiddleware[0]
      Executing endpoint 'gRPC - /UnityILPP.PostProcessing/ConfigurePostProcessors'
[40m[1m[33mwarn[39m[22m[49m: Unity.ILPP.Runner.PostProcessingAssemblyLoadContext[0]
      Assembly system.runtime.interopservices.windowsruntime has duplicate hint path. Ignoring "/Applications/Unity/Hub/Editor/6000.3.22f1/Unity.app/Contents/Resources/Scripting/UnityReferenceAssemblies/unity-4.8-api/Facades/System.Runtime.InteropServices.WindowsRuntime.dll" in favor of "/Applications/Unity/Hub/Editor/6000.3.22f1/Unity.app/Contents/Resources/Scripting/NetStandard/Extensions/2.0.0/System.Runtime.InteropServices.WindowsRuntime.dll"
[40m[1m[33mwarn[39m[22m[49m: Unity.ILPP.Runner.PostProcessingAssemblyLoadContext[0]
      Assembly system.componentmodel.composition has duplicate hint path. Ignoring "/Applications/Unity/Hub/Editor/6000.3.22f1/Unity.app/Contents/Resources/Scripting/UnityReferenceAssemblies/unity-4.8-api/System.ComponentModel.Composition.dll" in favor of "/Applications/Unity/Hub/Editor/6000.3.22f1/Unity.app/Contents/Resources/Scripting/NetStandard/compat/2.1.0/shims/netfx/System.ComponentModel.Composition.dll"
[40m[32minfo[39m[22m[49m: Unity.ILPP.Runner.PostProcessingAssemblyLoadContext[0]
      Resolved Unity.Burst.Cecil, Version=0.11.6.0, Culture=neutral, PublicKeyToken=50cebf1cceb9d05e with Library/PackageCache/com.unity.burst@2f3d916873ea/Unity.Burst.CodeGen/Unity.Burst.Cecil.dll
[40m[32minfo[39m[22m[49m: Unity.ILPP.Runner.PostProcessingAssemblyLoadContext[0]
      Resolved Mono.Cecil, Version=0.11.5.0, Culture=neutral, PublicKeyToken=50cebf1cceb9d05e with Library/PackageCache/com.unity.nuget.mono-cecil@ecb9724e46ff/Mono.Cecil.dll
[40m[32minfo[39m[22m[49m: Microsoft.AspNetCore.Routing.EndpointMiddleware[1]
      Executed endpoint 'gRPC - /UnityILPP.PostProcessing/ConfigurePostProcessors'
[40m[32minfo[39m[22m[49m: Microsoft.AspNetCore.Hosting.Diagnostics[2]
      Request finished HTTP/2 POST http://ilpp/UnityILPP.PostProcessing/ConfigurePostProcessors application/grpc - - 200 - application/grpc 43.0439ms
ExitCode: 0 Duration: 1s165ms
[ 770/1044  0s] ILPP-Configuration Library/ilpp-configuration.nevergeneratedoutput
*** Tundra build success (1.11 seconds), 1 items updated, 1044 evaluated
AssetDatabase: script compilation time: 2.275578s
Begin MonoManager ReloadAssembly
Symbol file LoadedFromMemory is not a mono symbol file
- Loaded All Assemblies, in  1.029 seconds
'Packages/com.meta.xr.sdk.core/Editor/BuildingBlocks/BlocksWindowDetailsExtension.cs' contains partial class of Unity.Object, exactly 1 of the partial classes needs to be in a file with the same filename. This is to know the one that can be referenced from ie. GameObjects
'Packages/com.meta.xr.sdk.core/Editor/BuildingBlocks/BlocksWindow.cs' contains partial class of Unity.Object, exactly 1 of the partial classes needs to be in a file with the same filename. This is to know the one that can be referenced from ie. GameObjects
'Packages/com.meta.xr.sdk.core/Editor/BuildingBlocks/BlocksWindowCollectionsPageExtension.cs' contains partial class of Unity.Object, exactly 1 of the partial classes needs to be in a file with the same filename. This is to know the one that can be referenced from ie. GameObjects
Refreshing native plugins compatible for Editor in 5.31 ms, found 9 plugins.
Native extension for Android target not found
Native extension for WindowsStandalone target not found
Native extension for OSXStandalone target not found
09/09 15:48:07.474 {DEBUG}   [AnalyticsLifeTime] Pre initialization finished.
09/09 15:48:07.474 {DEBUG}   [AnalyticsLifeTime] Post-migration initialization finished.
* daemon not running; starting now at tcp:5037
* daemon started successfully
[Licensing::Client] Successfully resolved entitlement details
ScheduleIndexationOnStartup MainProcess:True IndexOnStartup:True
Mono: successfully reloaded assembly
- Finished resetting the current domain, in 10.630 seconds
Domain Reload Profiling: 11658ms
	BeginReloadAssembly (355ms)
		ExecutionOrderSort (0ms)
		DisableScriptedObjects (33ms)
		BackupInstance (0ms)
		ReleaseScriptingObjects (0ms)
		CreateAndSetChildDomain (164ms)
	RebuildCommonClasses (63ms)
	RebuildNativeTypeToScriptingClass (26ms)
	initialDomainReloadingComplete (34ms)
	LoadAllAssembliesAndSetupDomain (550ms)
		LoadAssemblies (368ms)
		RebuildTransferFunctionScriptingTraits (0ms)
		AnalyzeDomain (272ms)
			TypeCache.Refresh (195ms)
				TypeCache.ScanAssembly (168ms)
			BuildScriptInfoCaches (61ms)
			ResolveRequiredComponents (10ms)
	FinalizeReload (10631ms)
		ReleaseScriptCaches (0ms)
		RebuildScriptCaches (0ms)
		SetupLoadedEditorAssemblies (10395ms)
			LogAssemblyErrors (0ms)
			InitializePlatformSupportModulesInManaged (41ms)
			SetLoadedEditorAssemblies (6ms)
			BeforeProcessingInitializeOnLoad (298ms)
			ProcessInitializeOnLoadAttributes (9938ms)
			ProcessInitializeOnLoadMethodAttributes (111ms)
			AfterProcessingInitializeOnLoad (1ms)
			EditorAssembliesLoaded (0ms)
		ExecutionOrderSort2 (0ms)
		AwakeInstancesAfterBackupRestoration (18ms)
Refreshing native plugins compatible for Editor in 25.08 ms, found 9 plugins.
Preloading 0 native plugins for Editor in 0.00 ms.
Asset Pipeline Refresh (id=e2cce138e903d4da38362c70b2c96f0d): Total: 16.854 seconds - Initiated by InitialRefreshV2(ForceSynchronousImport)
	Summary:
		Imports: total=0 (actual=0, local cache=0, cache server=0)
		Asset DB Process Time: managed=0 ms, native=11889 ms
		Asset DB Callback time: managed=1547 ms, native=58 ms
		Scripting: domain reloads=1, domain reload time=1030 ms, compile time=2278 ms, other=49 ms
		Project Asset Count: scripts=1245, non-scripts=1531
		Asset File Changes: new=0, changed=0, moved=0, deleted=1
		Scan Filter Count: 1
	InvokeCustomDependenciesCallbacks: 0.001ms
	InvokePackagesCallback: 16.357ms
	ApplyChangesToAssetFolders: 0.497ms
	Scan: 904.820ms
	OnSourceAssetsModified: 0.852ms
	CategorizeAssetsWithTransientArtifact: 49.340ms
	ProcessAssetsWithTransientArtifactChanges: 73.368ms
	UnregisterDeletedAssets: 0.001ms
	CategorizeAssets: 47.819ms
	ImportOutOfDateAssets: 10651.287ms (8370.636ms without children)
		CompileScripts: 2278.336ms
		ReloadNativeAssets: 0.015ms
		UnloadImportedAssets: 0.359ms
		EnsureUptoDateAssetsAreRegisteredWithGuidPM: 1.046ms
		InitializingProgressBar: 0.001ms
		PostProcessAllAssetNotificationsAddChangedAssets: 0.001ms
		OnDemandSchedulerStart: 0.893ms
	PostProcessAllAssets: 1550.000ms
	Hotreload: 41.205ms
	GatherAllCurrentPrimaryArtifactRevisions: 0.000ms
	UnloadStreamsBegin: 2.525ms
	PersistCurrentRevisions: 0.389ms
	UnloadStreamsEnd: 0.001ms
	GenerateScriptTypeHashes: 7.389ms
	Untracked: 3515.567ms

Application.AssetDatabase Initial Refresh End
[OVRPlugin][INFO] UnityPluginLoad called

Launching external process: /Applications/Unity/Hub/Editor/6000.3.22f1/Unity.app/Contents/Helpers/UnityShaderCompiler
Launched and connected shader compiler UnityShaderCompiler after 0.29 seconds
Shader 'Meta/MRUK/Scene/HighlightsAndShadows': fallback shader 'Off' not found
Shader 'Oculus/OVRMRCameraFrameLit': fallback shader 'Alpha-Diffuse' not found
Scanning for USB devices : 0.344ms
Initializing Unity extensions:
[MODES] ModeService[none].Initialize
[MODES] ModeService[none].LoadModes
[MODES] Loading mode Default (0) for mode-current-id-Milzet VR Studio
2026-09-09 15:48:15.409 Unity[20123:3750673] NSEventModifierFlagFunction specified to -setKeyEquivalentModifierMask: for item <NSMenuItem: 0x9b5baae40 SDF, ke='Command-F12'>, but is only supported for system-provided menu items; will not be used
Unloading 181 Unused Serialized files (Serialized files now loaded: 0)
Unloading 3818 unused Assets / (4.1 MB). Loaded Objects now: 6636.
Memory consumption went from 240.3 MB to 236.2 MB.
Total: 25.284042 ms (FindLiveObjects: 0.417750 ms CreateObjectMapping: 0.212625 ms MarkObjects: 22.119125 ms  DeleteObjects: 2.533792 ms)

2026-09-09 15:48:15.858 Unity[20123:3750673] NSEventModifierFlagFunction specified to -setKeyEquivalentModifierMask: for item <NSMenuItem: 0x9b5ba92c0 SDF, ke='Command-F12'>, but is only supported for system-provided menu items; will not be used
Start importing ProjectSettings/ProjectSettings.asset using Guid(00000000000000004000000000000000) (LibraryAssetImporter) -> (artifact id: 'abdb7ac283a04b4d0f0539bb582dcda0') in 0.009975208 seconds
Refreshing native plugins compatible for Editor in 5.38 ms, found 9 plugins.
Preloading 0 native plugins for Editor in 0.00 ms.
Asset Pipeline Refresh (id=963e4550c2cd642568be8c0b9924278c): Total: 0.050 seconds - Initiated by StopAssetImportingV2(NoUpdateAssetOptions)
Unloading 0 Unused Serialized files (Serialized files now loaded: 0)
Unloading 41 unused Assets / (1.0 MB). Loaded Objects now: 6642.
Memory consumption went from 217.3 MB to 216.3 MB.
Total: 22.893541 ms (FindLiveObjects: 0.410375 ms CreateObjectMapping: 0.339375 ms MarkObjects: 22.094875 ms  DeleteObjects: 0.048333 ms)

Start importing Assets/Milzet/TemporaryViewerBuild.unity using Guid(1f7f7e27b053542b6b2836c050fbd6e3) (DefaultImporter) -> (artifact id: 'b9728a297b7149e902c5391096091021') in 0.001574584 seconds
Refreshing native plugins compatible for Editor in 5.08 ms, found 9 plugins.
Preloading 0 native plugins for Editor in 0.00 ms.
Asset Pipeline Refresh (id=49a416b7dc8934b73bc197bec6b3a4ee): Total: 0.038 seconds - Initiated by StopAssetImportingV2(NoUpdateAssetOptions)
[TestRunBuilder] Content changed for 'Assets/Resources/PerformanceTestRunInfo.json' - rewriting file
Old length: 2468 bytes
New length: 2474 bytes
UnityEngine.Debug:ExtractStackTraceNoAlloc (byte*,int,string)
UnityEngine.StackTraceUtility:ExtractStackTrace () (at /Users/bokken/build/output/unity/unity/Runtime/Export/Scripting/StackTrace.cs:35)
UnityEngine.DebugLogHandler:Internal_Log (UnityEngine.LogType,UnityEngine.LogOption,string,UnityEngine.Object)
UnityEngine.DebugLogHandler:LogFormat (UnityEngine.LogType,UnityEngine.Object,string,object[])
UnityEngine.Logger:Log (UnityEngine.LogType,object)
UnityEngine.Debug:LogWarning (object)
Unity.PerformanceTesting.Editor.TestRunBuilder:SaveToStorage (object,string) (at ./Library/PackageCache/com.unity.test-framework.performance@8b56083ec0f0/Editor/TestRunBuilder.cs:233)
Unity.PerformanceTesting.Editor.TestRunBuilder:OnPreprocessBuild (UnityEditor.Build.Reporting.BuildReport) (at ./Library/PackageCache/com.unity.test-framework.performance@8b56083ec0f0/Editor/TestRunBuilder.cs:35)
UnityEditor.Build.BuildPipelineInterfaces/<>c__DisplayClass17_0:<OnBuildPreProcess>b__1 (UnityEditor.Build.IPreprocessBuildWithReport) (at /Users/bokken/build/output/unity/unity/Editor/Mono/BuildPipeline/BuildPipelineInterfaces.cs:526)
UnityEditor.Build.BuildPipelineInterfaces:InvokeCallbackInterfacesPair<UnityEditor.Build.IPreprocessBuild, UnityEditor.Build.IPreprocessBuildWithReport> (System.Collections.Generic.List`1<UnityEditor.Build.IPreprocessBuild>,System.Action`1<UnityEditor.Build.IPreprocessBuild>,System.Collections.Generic.List`1<UnityEditor.Build.IPreprocessBuildWithReport>,System.Action`1<UnityEditor.Build.IPreprocessBuildWithReport>,bool) (at /Users/bokken/build/output/unity/unity/Editor/Mono/BuildPipeline/BuildPipelineInterfaces.cs:492)
UnityEditor.Build.BuildPipelineInterfaces:OnBuildPreProcess (UnityEditor.Build.Reporting.BuildReport) (at /Users/bokken/build/output/unity/unity/Editor/Mono/BuildPipeline/BuildPipelineInterfaces.cs:524)
UnityEditor.BuildPipeline:BuildPlayerInternalNoCheck (string[],string,string,UnityEditor.BuildTargetGroup,UnityEditor.BuildTarget,int,UnityEditor.BuildOptions,string[],bool)
UnityEditor.BuildPipeline:BuildPlayerInternal (string[],string,string,UnityEditor.BuildTargetGroup,UnityEditor.BuildTarget,int,UnityEditor.BuildOptions,string[]) (at /Users/bokken/build/output/unity/unity/Editor/Mono/BuildPipeline.bindings.cs:494)
UnityEditor.BuildPipeline:BuildPlayer (string[],string,string,UnityEditor.BuildTargetGroup,UnityEditor.BuildTarget,int,UnityEditor.BuildOptions,string[]) (at /Users/bokken/build/output/unity/unity/Editor/Mono/BuildPipeline.bindings.cs:410)
UnityEditor.BuildPipeline:BuildPlayer (UnityEditor.BuildPlayerOptions) (at /Users/bokken/build/output/unity/unity/Editor/Mono/BuildPipeline.bindings.cs:356)
Milzet.Editor.BuildViewer:Build (UnityEditor.BuildTarget,string) (at Assets/Milzet/Editor/BuildViewer.cs:34)
Milzet.Editor.BuildViewer:Mac () (at Assets/Milzet/Editor/BuildViewer.cs:30)
Milzet.Editor.BuildViewer:StartupRepair () (at Assets/Milzet/Editor/BuildViewer.cs:29)

(Filename: ./Library/PackageCache/com.unity.test-framework.performance@8b56083ec0f0/Editor/TestRunBuilder.cs Line: 233)

[TestRunBuilder] Old content:
{"TestSuite":"","Date":0,"Player":{"Development":false,"ScreenWidth":0,"ScreenHeight":0,"ScreenRefreshRate":0,"Fullscreen":false,"Vsync":0,"AntiAliasing":0,"Batchmode":false,"RenderThreadingMode":"MultiThreaded","MtRendering":false,"GraphicsJobs":false,"GpuSkinning":false,"Platform":"","ColorSpace":"","AnisotropicFiltering":"","BlendWeights":"","GraphicsApi":"","ScriptingBackend":"IL2CPP","AndroidTargetSdkVersion":"AndroidApiLevelAuto","AndroidBuildSystem":"Gradle","BuildTarget":"Android","StereoRenderingPath":"MultiPass"},"Hardware":{"OperatingSystem":"","DeviceModel":"","DeviceName":"","ProcessorType":"","ProcessorCount":0,"GraphicsDeviceName":"","SystemMemorySizeMB":0},"Editor":{"Version":"6000.3.22f1","Branch":"6000.3/staging","Changeset":"1c726e1fb402","Date":1785936555},"Dependencies":["com.meta.xr.mrutilitykit@85.0.0","com.meta.xr.sdk.core@85.0.0","com.unity.ai.navigation@2.0.14","com.unity.burst@1.8.30","com.unity.cloud.gltfast@6.20.0","com.unity.collections@2.6.8","com.unity.ext.nunit@2.0.5","com.unity.inputsystem@1.20.0","com.unity.mathematics@1.3.3","com.unity.modules.ai@1.0.0","com.unity.modules.androidjni@1.0.0","com.unity.modules.animation@1.0.0","com.unity.modules.assetbundle@1.0.0","com.unity.modules.audio@1.0.0","com.unity.modules.cloth@1.0.0","com.unity.modules.director@1.0.0","com.unity.modules.hierarchycore@1.0.0","com.unity.modules.imageconversion@1.0.0","com.unity.modules.imgui@1.0.0","com.unity.modules.jsonserialize@1.0.0","com.unity.modules.particlesystem@1.0.0","com.unity.modules.physics@1.0.0","com.unity.modules.physics2d@1.0.0","com.unity.modules.subsystems@1.0.0","com.unity.modules.terrain@1.0.0","com.unity.modules.terrainphysics@1.0.0","com.unity.modules.ui@1.0.0","com.unity.modules.uielements@1.0.0","com.unity.modules.unitywebrequest@1.0.0","com.unity.modules.unitywebrequestassetbundle@1.0.0","com.unity.modules.unitywebrequestaudio@1.0.0","com.unity.modules.unitywebrequesttexture@1.0.0","com.unity.modules.unitywebrequestwww@1.0.0","com.unity.modules.video@1.0.0","com.unity.modules.vr@1.0.0","com.unity.modules.xr@1.0.0","com.unity.nuget.mono-cecil@1.11.6","com.unity.nuget.newtonsoft-json@3.2.2","com.unity.test-framework.performance@3.5.0","com.unity.test-framework@1.6.0","com.unity.textmeshpro@5.0.0","com.unity.timeline@1.8.12","com.unity.ugui@2.0.0","com.unity.xr.core-utils@2.6.0","com.unity.xr.legacyinputhelpers@2.1.13","com.unity.xr.management@4.5.4","com.unity.xr.openxr@1.15.1"],"Results":[]}
UnityEngine.Debug:ExtractStackTraceNoAlloc (byte*,int,string)
UnityEngine.StackTraceUtility:ExtractStackTrace () (at /Users/bokken/build/output/unity/unity/Runtime/Export/Scripting/StackTrace.cs:35)
UnityEngine.DebugLogHandler:Internal_Log (UnityEngine.LogType,UnityEngine.LogOption,string,UnityEngine.Object)
UnityEngine.DebugLogHandler:LogFormat (UnityEngine.LogType,UnityEngine.Object,string,object[])
UnityEngine.Logger:Log (UnityEngine.LogType,object)
UnityEngine.Debug:Log (object)
Unity.PerformanceTesting.Editor.TestRunBuilder:LogContentDifferences (string,string) (at ./Library/PackageCache/com.unity.test-framework.performance@8b56083ec0f0/Editor/TestRunBuilder.cs:251)
Unity.PerformanceTesting.Editor.TestRunBuilder:SaveToStorage (object,string) (at ./Library/PackageCache/com.unity.test-framework.performance@8b56083ec0f0/Editor/TestRunBuilder.cs:237)
Unity.PerformanceTesting.Editor.TestRunBuilder:OnPreprocessBuild (UnityEditor.Build.Reporting.BuildReport) (at ./Library/PackageCache/com.unity.test-framework.performance@8b56083ec0f0/Editor/TestRunBuilder.cs:35)
UnityEditor.Build.BuildPipelineInterfaces/<>c__DisplayClass17_0:<OnBuildPreProcess>b__1 (UnityEditor.Build.IPreprocessBuildWithReport) (at /Users/bokken/build/output/unity/unity/Editor/Mono/BuildPipeline/BuildPipelineInterfaces.cs:526)
UnityEditor.Build.BuildPipelineInterfaces:InvokeCallbackInterfacesPair<UnityEditor.Build.IPreprocessBuild, UnityEditor.Build.IPreprocessBuildWithReport> (System.Collections.Generic.List`1<UnityEditor.Build.IPreprocessBuild>,System.Action`1<UnityEditor.Build.IPreprocessBuild>,System.Collections.Generic.List`1<UnityEditor.Build.IPreprocessBuildWithReport>,System.Action`1<UnityEditor.Build.IPreprocessBuildWithReport>,bool) (at /Users/bokken/build/output/unity/unity/Editor/Mono/BuildPipeline/BuildPipelineInterfaces.cs:492)
UnityEditor.Build.BuildPipelineInterfaces:OnBuildPreProcess (UnityEditor.Build.Reporting.BuildReport) (at /Users/bokken/build/output/unity/unity/Editor/Mono/BuildPipeline/BuildPipelineInterfaces.cs:524)
UnityEditor.BuildPipeline:BuildPlayerInternalNoCheck (string[],string,string,UnityEditor.BuildTargetGroup,UnityEditor.BuildTarget,int,UnityEditor.BuildOptions,string[],bool)
UnityEditor.BuildPipeline:BuildPlayerInternal (string[],string,string,UnityEditor.BuildTargetGroup,UnityEditor.BuildTarget,int,UnityEditor.BuildOptions,string[]) (at /Users/bokken/build/output/unity/unity/Editor/Mono/BuildPipeline.bindings.cs:494)
UnityEditor.BuildPipeline:BuildPlayer (string[],string,string,UnityEditor.BuildTargetGroup,UnityEditor.BuildTarget,int,UnityEditor.BuildOptions,string[]) (at /Users/bokken/build/output/unity/unity/Editor/Mono/BuildPipeline.bindings.cs:410)
UnityEditor.BuildPipeline:BuildPlayer (UnityEditor.BuildPlayerOptions) (at /Users/bokken/build/output/unity/unity/Editor/Mono/BuildPipeline.bindings.cs:356)
Milzet.Editor.BuildViewer:Build (UnityEditor.BuildTarget,string) (at Assets/Milzet/Editor/BuildViewer.cs:34)
Milzet.Editor.BuildViewer:Mac () (at Assets/Milzet/Editor/BuildViewer.cs:30)
Milzet.Editor.BuildViewer:StartupRepair () (at Assets/Milzet/Editor/BuildViewer.cs:29)

(Filename: ./Library/PackageCache/com.unity.test-framework.performance@8b56083ec0f0/Editor/TestRunBuilder.cs Line: 251)

[TestRunBuilder] New content:
{"TestSuite":"","Date":0,"Player":{"Development":false,"ScreenWidth":0,"ScreenHeight":0,"ScreenRefreshRate":0,"Fullscreen":false,"Vsync":0,"AntiAliasing":0,"Batchmode":false,"RenderThreadingMode":"MultiThreaded","MtRendering":false,"GraphicsJobs":false,"GpuSkinning":false,"Platform":"","ColorSpace":"","AnisotropicFiltering":"","BlendWeights":"","GraphicsApi":"","ScriptingBackend":"Mono2x","AndroidTargetSdkVersion":"AndroidApiLevelAuto","AndroidBuildSystem":"Gradle","BuildTarget":"StandaloneOSX","StereoRenderingPath":"MultiPass"},"Hardware":{"OperatingSystem":"","DeviceModel":"","DeviceName":"","ProcessorType":"","ProcessorCount":0,"GraphicsDeviceName":"","SystemMemorySizeMB":0},"Editor":{"Version":"6000.3.22f1","Branch":"6000.3/staging","Changeset":"1c726e1fb402","Date":1785936555},"Dependencies":["com.meta.xr.mrutilitykit@85.0.0","com.meta.xr.sdk.core@85.0.0","com.unity.ai.navigation@2.0.14","com.unity.burst@1.8.30","com.unity.cloud.gltfast@6.20.0","com.unity.collections@2.6.8","com.unity.ext.nunit@2.0.5","com.unity.inputsystem@1.20.0","com.unity.mathematics@1.3.3","com.unity.modules.ai@1.0.0","com.unity.modules.androidjni@1.0.0","com.unity.modules.animation@1.0.0","com.unity.modules.assetbundle@1.0.0","com.unity.modules.audio@1.0.0","com.unity.modules.cloth@1.0.0","com.unity.modules.director@1.0.0","com.unity.modules.hierarchycore@1.0.0","com.unity.modules.imageconversion@1.0.0","com.unity.modules.imgui@1.0.0","com.unity.modules.jsonserialize@1.0.0","com.unity.modules.particlesystem@1.0.0","com.unity.modules.physics@1.0.0","com.unity.modules.physics2d@1.0.0","com.unity.modules.subsystems@1.0.0","com.unity.modules.terrain@1.0.0","com.unity.modules.terrainphysics@1.0.0","com.unity.modules.ui@1.0.0","com.unity.modules.uielements@1.0.0","com.unity.modules.unitywebrequest@1.0.0","com.unity.modules.unitywebrequestassetbundle@1.0.0","com.unity.modules.unitywebrequestaudio@1.0.0","com.unity.modules.unitywebrequesttexture@1.0.0","com.unity.modules.unitywebrequestwww@1.0.0","com.unity.modules.video@1.0.0","com.unity.modules.vr@1.0.0","com.unity.modules.xr@1.0.0","com.unity.nuget.mono-cecil@1.11.6","com.unity.nuget.newtonsoft-json@3.2.2","com.unity.test-framework.performance@3.5.0","com.unity.test-framework@1.6.0","com.unity.textmeshpro@5.0.0","com.unity.timeline@1.8.12","com.unity.ugui@2.0.0","com.unity.xr.core-utils@2.6.0","com.unity.xr.legacyinputhelpers@2.1.13","com.unity.xr.management@4.5.4","com.unity.xr.openxr@1.15.1"],"Results":[]}
UnityEngine.Debug:ExtractStackTraceNoAlloc (byte*,int,string)
UnityEngine.StackTraceUtility:ExtractStackTrace () (at /Users/bokken/build/output/unity/unity/Runtime/Export/Scripting/StackTrace.cs:35)
UnityEngine.DebugLogHandler:Internal_Log (UnityEngine.LogType,UnityEngine.LogOption,string,UnityEngine.Object)
UnityEngine.DebugLogHandler:LogFormat (UnityEngine.LogType,UnityEngine.Object,string,object[])
UnityEngine.Logger:Log (UnityEngine.LogType,object)
UnityEngine.Debug:Log (object)
Unity.PerformanceTesting.Editor.TestRunBuilder:LogContentDifferences (string,string) (at ./Library/PackageCache/com.unity.test-framework.performance@8b56083ec0f0/Editor/TestRunBuilder.cs:252)
Unity.PerformanceTesting.Editor.TestRunBuilder:SaveToStorage (object,string) (at ./Library/PackageCache/com.unity.test-framework.performance@8b56083ec0f0/Editor/TestRunBuilder.cs:237)
Unity.PerformanceTesting.Editor.TestRunBuilder:OnPreprocessBuild (UnityEditor.Build.Reporting.BuildReport) (at ./Library/PackageCache/com.unity.test-framework.performance@8b56083ec0f0/Editor/TestRunBuilder.cs:35)
UnityEditor.Build.BuildPipelineInterfaces/<>c__DisplayClass17_0:<OnBuildPreProcess>b__1 (UnityEditor.Build.IPreprocessBuildWithReport) (at /Users/bokken/build/output/unity/unity/Editor/Mono/BuildPipeline/BuildPipelineInterfaces.cs:526)
UnityEditor.Build.BuildPipelineInterfaces:InvokeCallbackInterfacesPair<UnityEditor.Build.IPreprocessBuild, UnityEditor.Build.IPreprocessBuildWithReport> (System.Collections.Generic.List`1<UnityEditor.Build.IPreprocessBuild>,System.Action`1<UnityEditor.Build.IPreprocessBuild>,System.Collections.Generic.List`1<UnityEditor.Build.IPreprocessBuildWithReport>,System.Action`1<UnityEditor.Build.IPreprocessBuildWithReport>,bool) (at /Users/bokken/build/output/unity/unity/Editor/Mono/BuildPipeline/BuildPipelineInterfaces.cs:492)
UnityEditor.Build.BuildPipelineInterfaces:OnBuildPreProcess (UnityEditor.Build.Reporting.BuildReport) (at /Users/bokken/build/output/unity/unity/Editor/Mono/BuildPipeline/BuildPipelineInterfaces.cs:524)
UnityEditor.BuildPipeline:BuildPlayerInternalNoCheck (string[],string,string,UnityEditor.BuildTargetGroup,UnityEditor.BuildTarget,int,UnityEditor.BuildOptions,string[],bool)
UnityEditor.BuildPipeline:BuildPlayerInternal (string[],string,string,UnityEditor.BuildTargetGroup,UnityEditor.BuildTarget,int,UnityEditor.BuildOptions,string[]) (at /Users/bokken/build/output/unity/unity/Editor/Mono/BuildPipeline.bindings.cs:494)
UnityEditor.BuildPipeline:BuildPlayer (string[],string,string,UnityEditor.BuildTargetGroup,UnityEditor.BuildTarget,int,UnityEditor.BuildOptions,string[]) (at /Users/bokken/build/output/unity/unity/Editor/Mono/BuildPipeline.bindings.cs:410)
UnityEditor.BuildPipeline:BuildPlayer (UnityEditor.BuildPlayerOptions) (at /Users/bokken/build/output/unity/unity/Editor/Mono/BuildPipeline.bindings.cs:356)
Milzet.Editor.BuildViewer:Build (UnityEditor.BuildTarget,string) (at Assets/Milzet/Editor/BuildViewer.cs:34)
Milzet.Editor.BuildViewer:Mac () (at Assets/Milzet/Editor/BuildViewer.cs:30)
Milzet.Editor.BuildViewer:StartupRepair () (at Assets/Milzet/Editor/BuildViewer.cs:29)

(Filename: ./Library/PackageCache/com.unity.test-framework.performance@8b56083ec0f0/Editor/TestRunBuilder.cs Line: 252)

[Meta] Native plugin included in build because of enabled MetaXRFeature: Packages/com.meta.xr.sdk.core/Plugins/MacOpenXR/OVRPlugin.dylib
UnityEngine.Debug:ExtractStackTraceNoAlloc (byte*,int,string)
UnityEngine.StackTraceUtility:ExtractStackTrace () (at /Users/bokken/build/output/unity/unity/Runtime/Export/Scripting/StackTrace.cs:35)
UnityEngine.DebugLogHandler:Internal_Log (UnityEngine.LogType,UnityEngine.LogOption,string,UnityEngine.Object)
UnityEngine.DebugLogHandler:LogFormat (UnityEngine.LogType,UnityEngine.Object,string,object[])
UnityEngine.Logger:LogFormat (UnityEngine.LogType,string,object[])
UnityEngine.Debug:LogFormat (string,object[])
OVRGradleGeneration:OnPreprocessBuild (UnityEditor.Build.Reporting.BuildReport) (at ./Library/PackageCache/com.meta.xr.sdk.core@f8b4cfb2789f/Editor/OVRGradleGeneration.cs:173)
UnityEditor.Build.BuildPipelineInterfaces/<>c__DisplayClass17_0:<OnBuildPreProcess>b__1 (UnityEditor.Build.IPreprocessBuildWithReport) (at /Users/bokken/build/output/unity/unity/Editor/Mono/BuildPipeline/BuildPipelineInterfaces.cs:526)
UnityEditor.Build.BuildPipelineInterfaces:InvokeCallbackInterfacesPair<UnityEditor.Build.IPreprocessBuild, UnityEditor.Build.IPreprocessBuildWithReport> (System.Collections.Generic.List`1<UnityEditor.Build.IPreprocessBuild>,System.Action`1<UnityEditor.Build.IPreprocessBuild>,System.Collections.Generic.List`1<UnityEditor.Build.IPreprocessBuildWithReport>,System.Action`1<UnityEditor.Build.IPreprocessBuildWithReport>,bool) (at /Users/bokken/build/output/unity/unity/Editor/Mono/BuildPipeline/BuildPipelineInterfaces.cs:492)
UnityEditor.Build.BuildPipelineInterfaces:OnBuildPreProcess (UnityEditor.Build.Reporting.BuildReport) (at /Users/bokken/build/output/unity/unity/Editor/Mono/BuildPipeline/BuildPipelineInterfaces.cs:524)
UnityEditor.BuildPipeline:BuildPlayerInternalNoCheck (string[],string,string,UnityEditor.BuildTargetGroup,UnityEditor.BuildTarget,int,UnityEditor.BuildOptions,string[],bool)
UnityEditor.BuildPipeline:BuildPlayerInternal (string[],string,string,UnityEditor.BuildTargetGroup,UnityEditor.BuildTarget,int,UnityEditor.BuildOptions,string[]) (at /Users/bokken/build/output/unity/unity/Editor/Mono/BuildPipeline.bindings.cs:494)
UnityEditor.BuildPipeline:BuildPlayer (string[],string,string,UnityEditor.BuildTargetGroup,UnityEditor.BuildTarget,int,UnityEditor.BuildOptions,string[]) (at /Users/bokken/build/output/unity/unity/Editor/Mono/BuildPipeline.bindings.cs:410)
UnityEditor.BuildPipeline:BuildPlayer (UnityEditor.BuildPlayerOptions) (at /Users/bokken/build/output/unity/unity/Editor/Mono/BuildPipeline.bindings.cs:356)
Milzet.Editor.BuildViewer:Build (UnityEditor.BuildTarget,string) (at Assets/Milzet/Editor/BuildViewer.cs:34)
Milzet.Editor.BuildViewer:Mac () (at Assets/Milzet/Editor/BuildViewer.cs:30)
Milzet.Editor.BuildViewer:StartupRepair () (at Assets/Milzet/Editor/BuildViewer.cs:29)

(Filename: ./Library/PackageCache/com.meta.xr.sdk.core@f8b4cfb2789f/Editor/OVRGradleGeneration.cs Line: 173)

Start importing ProjectSettings/ProjectSettings.asset using Guid(00000000000000004000000000000000) (LibraryAssetImporter) -> (artifact id: 'c78d2ed434aca979ab2222cd3ff15ee8') in 0.003882292 seconds
Start importing ProjectSettings/EditorBuildSettings.asset using Guid(0000000000000000b000000000000000) (LibraryAssetImporter) -> (artifact id: '0f88a5b5c75cd817eae9919ed7bdd5e1') in 0.001444792 seconds
Start importing Assets/XR/Settings/OpenXR Package Settings.asset using Guid(720d9c3e3c30d4b52b870758e7e5bf78) (NativeFormatImporter) -> (artifact id: 'b4c0a857bafb51b5280ecaaf75ea289c') in 0.003559125 seconds
Refreshing native plugins compatible for Editor in 8.70 ms, found 9 plugins.
Preloading 0 native plugins for Editor in 0.00 ms.
Asset Pipeline Refresh (id=0db3d60d203354afe9a02a09755e312a): Total: 0.045 seconds - Initiated by StopAssetImportingV2(NoUpdateAssetOptions)
Found installed macOS SDK 26.5.
[40m[32minfo[39m[22m[49m: Microsoft.AspNetCore.Hosting.Diagnostics[1]
      Request starting HTTP/2 POST http://ilpp/UnityILPP.PostProcessing/Ping application/grpc -
[40m[32minfo[39m[22m[49m: Microsoft.AspNetCore.Routing.EndpointMiddleware[0]
      Executing endpoint 'gRPC - /UnityILPP.PostProcessing/Ping'
[40m[32minfo[39m[22m[49m: Microsoft.AspNetCore.Routing.EndpointMiddleware[1]
      Executed endpoint 'gRPC - /UnityILPP.PostProcessing/Ping'
[40m[32minfo[39m[22m[49m: Microsoft.AspNetCore.Hosting.Diagnostics[2]
      Request finished HTTP/2 POST http://ilpp/UnityILPP.PostProcessing/Ping application/grpc - - 200 - application/grpc 1.4727ms
Starting: /Applications/Unity/Hub/Editor/6000.3.22f1/Unity.app/Contents/Resources/BuildPipeline/bee_backend --ipc --defer-dag-verification --dagfile="Library/Bee/200b0aESkipCompile.dag" --continue-on-failure --profile="Library/Bee/backend1.traceevents" ScriptAssembliesAndTypeDB
WorkingDir: /Users/mziwamadoda/Projects/Binteca/Interactive/milzetvrstudio/Unity
[Licensing::Client] Successfully resolved entitlement details
ExitCode: 0 Duration: 2s358ms
[2/3        2s] BuildPlayerDataGenerator Library/BuildPlayerData/Editor/TypeDb-All.json
*** Tundra build success (2.31 seconds), 1 items updated, 3 evaluated
Total cache size 290386785
Start importing Assets/StreamingAssets/RuntimeActionBindings.json using Guid(483e1c04e39ed462fbd723f2e79868bd) (DefaultImporter) -> (artifact id: '8bc2189175963c69b3eba909a77bdb10') in 0.100915917 seconds
Start importing Assets/Resources/PerformanceTestRunInfo.json using Guid(30576078cc98b46248c3315e08c76a22) (TextScriptImporter) -> (artifact id: '39007a271bb0be615d9d185c94a9ca94') in 0.002132167 seconds
Refreshing native plugins compatible for Editor in 7.60 ms, found 9 plugins.
Preloading 0 native plugins for Editor in 0.00 ms.
Asset Pipeline Refresh (id=5b9a6721eccdf44d69681121b78adc3e): Total: 0.312 seconds - Initiated by RefreshV2(NoUpdateAssetOptions)
	Summary:
		Imports: total=2 (actual=2, local cache=0, cache server=0)
		Asset DB Process Time: managed=0 ms, native=289 ms
		Asset DB Callback time: managed=1 ms, native=20 ms
		Scripting: domain reloads=0, domain reload time=0 ms, compile time=0 ms, other=0 ms
		Project Asset Count: scripts=1245, non-scripts=1533
		Asset File Changes: new=1, changed=2, moved=0, deleted=0
		Scan Filter Count: 1
	InvokeCustomDependenciesCallbacks: 0.001ms
	InvokePackagesCallback: 0.000ms
	ApplyChangesToAssetFolders: 0.120ms
	Scan: 170.969ms
	OnSourceAssetsModified: 0.109ms
	CategorizeAssetsWithTransientArtifact: 0.016ms
	ProcessAssetsWithTransientArtifactChanges: 0.161ms
	CategorizeAssets: 4.742ms
	ImportOutOfDateAssets: 108.125ms (0.371ms without children)
		ImportManagerImport: 106.320ms (0.427ms without children)
			ImportInProcess: 105.858ms
			UpdateCategorizedAssets: 0.036ms
		ReloadNativeAssets: 0.221ms
		UnloadImportedAssets: 0.155ms
		ReloadImportedAssets: 0.000ms
		EnsureUptoDateAssetsAreRegisteredWithGuidPM: 0.553ms
		InitializingProgressBar: 0.011ms
		PostProcessAllAssetNotificationsAddChangedAssets: 0.001ms
		OnDemandSchedulerStart: 0.494ms
	PostProcessAllAssets: 2.267ms
	Hotreload: 19.602ms
	GatherAllCurrentPrimaryArtifactRevisions: 0.202ms
	UnloadStreamsBegin: 0.005ms
	PersistCurrentRevisions: 0.433ms
	UnloadStreamsEnd: 0.002ms
	Untracked: 4.830ms

[ScriptCompilation] Requested script compilation because: Recompiling scripts for player build.
BuildPlayer: start building target 2
Total cache size after purge 266996609, took 00:00:00.6788650
[40m[32minfo[39m[22m[49m: Microsoft.AspNetCore.Hosting.Diagnostics[1]
      Request starting HTTP/2 POST http://ilpp/UnityILPP.PostProcessing/Ping application/grpc -
[40m[32minfo[39m[22m[49m: Microsoft.AspNetCore.Routing.EndpointMiddleware[0]
      Executing endpoint 'gRPC - /UnityILPP.PostProcessing/Ping'
[40m[32minfo[39m[22m[49m: Microsoft.AspNetCore.Routing.EndpointMiddleware[1]
      Executed endpoint 'gRPC - /UnityILPP.PostProcessing/Ping'
[40m[32minfo[39m[22m[49m: Microsoft.AspNetCore.Hosting.Diagnostics[2]
      Request finished HTTP/2 POST http://ilpp/UnityILPP.PostProcessing/Ping application/grpc - - 200 - application/grpc 1.7794ms
Starting: /Applications/Unity/Hub/Editor/6000.3.22f1/Unity.app/Contents/Resources/BuildPipeline/bee_backend --ipc --defer-dag-verification --dagfile="Library/Bee/200b0aPDevDbg.dag" --continue-on-failure --profile="Library/Bee/backend1.traceevents" ScriptAssembliesAndTypeDB
WorkingDir: /Users/mziwamadoda/Projects/Binteca/Interactive/milzetvrstudio/Unity
[40m[32minfo[39m[22m[49m: Microsoft.AspNetCore.Hosting.Diagnostics[1]
      Request starting HTTP/2 POST http://ilpp/UnityILPP.PostProcessing/ConfigurePostProcessors application/grpc -
[40m[32minfo[39m[22m[49m: Microsoft.AspNetCore.Routing.EndpointMiddleware[0]
      Executing endpoint 'gRPC - /UnityILPP.PostProcessing/ConfigurePostProcessors'
[40m[32minfo[39m[22m[49m: Unity.ILPP.Runner.PostProcessingAssemblyLoadContext[0]
      ALC ILPP context 1 is unloading
[40m[1m[33mwarn[39m[22m[49m: Unity.ILPP.Runner.PostProcessingAssemblyLoadContext[0]
      Assembly system.runtime.interopservices.windowsruntime has duplicate hint path. Ignoring "/Applications/Unity/Hub/Editor/6000.3.22f1/Unity.app/Contents/Resources/Scripting/UnityReferenceAssemblies/unity-4.8-api/Facades/System.Runtime.InteropServices.WindowsRuntime.dll" in favor of "/Applications/Unity/Hub/Editor/6000.3.22f1/Unity.app/Contents/Resources/Scripting/NetStandard/Extensions/2.0.0/System.Runtime.InteropServices.WindowsRuntime.dll"
[40m[1m[33mwarn[39m[22m[49m: Unity.ILPP.Runner.PostProcessingAssemblyLoadContext[0]
      Assembly system.componentmodel.composition has duplicate hint path. Ignoring "/Applications/Unity/Hub/Editor/6000.3.22f1/Unity.app/Contents/Resources/Scripting/UnityReferenceAssemblies/unity-4.8-api/System.ComponentModel.Composition.dll" in favor of "/Applications/Unity/Hub/Editor/6000.3.22f1/Unity.app/Contents/Resources/Scripting/NetStandard/compat/2.1.0/shims/netfx/System.ComponentModel.Composition.dll"
[40m[32minfo[39m[22m[49m: Unity.ILPP.Runner.PostProcessingAssemblyLoadContext[0]
      Resolved Unity.Burst.Cecil, Version=0.11.6.0, Culture=neutral, PublicKeyToken=50cebf1cceb9d05e with Library/PackageCache/com.unity.burst@2f3d916873ea/Unity.Burst.CodeGen/Unity.Burst.Cecil.dll
[40m[32minfo[39m[22m[49m: Unity.ILPP.Runner.PostProcessingAssemblyLoadContext[0]
      Resolved Mono.Cecil, Version=0.11.5.0, Culture=neutral, PublicKeyToken=50cebf1cceb9d05e with Library/PackageCache/com.unity.nuget.mono-cecil@ecb9724e46ff/Mono.Cecil.dll
[40m[32minfo[39m[22m[49m: Microsoft.AspNetCore.Routing.EndpointMiddleware[1]
      Executed endpoint 'gRPC - /UnityILPP.PostProcessing/ConfigurePostProcessors'
[40m[32minfo[39m[22m[49m: Microsoft.AspNetCore.Hosting.Diagnostics[2]
      Request finished HTTP/2 POST http://ilpp/UnityILPP.PostProcessing/ConfigurePostProcessors application/grpc - - 200 - application/grpc 44.2507ms
[40m[32minfo[39m[22m[49m: Microsoft.AspNetCore.Hosting.Diagnostics[1]
      Request starting HTTP/2 POST http://ilpp/UnityILPP.PostProcessing/PostProcessAssembly application/grpc -
[40m[32minfo[39m[22m[49m: Microsoft.AspNetCore.Routing.EndpointMiddleware[0]
      Executing endpoint 'gRPC - /UnityILPP.PostProcessing/PostProcessAssembly'
[40m[32minfo[39m[22m[49m: Unity.ILPP.Runner.PostProcessingPipeline[0]
      Processing assembly Library/Bee/artifacts/200b0aPDevDbg.dag/Assembly-CSharp.dll, with 129 defines and 223 references
[40m[32minfo[39m[22m[49m: Unity.ILPP.Runner.PostProcessingPipeline[0]
      processors: Unity.Jobs.CodeGen.JobsILPostProcessor, zzzUnity.Burst.CodeGen.BurstILPostProcessor
[40m[32minfo[39m[22m[49m: Unity.ILPP.Runner.PostProcessingPipeline[0]
      running Unity.Jobs.CodeGen.JobsILPostProcessor
[40m[32minfo[39m[22m[49m: Unity.ILPP.Runner.PostProcessingAssemblyLoadContext[0]
      Resolved Unity.Collections, Version=0.0.0.0, Culture=neutral, PublicKeyToken=null with Library/Bee/artifacts/StandaloneOSX_CodeGen/Unity.Collections.dll
[40m[32minfo[39m[22m[49m: Unity.ILPP.Runner.PostProcessingAssemblyLoadContext[0]
      Resolved UnityEditor.CoreModule, Version=0.0.0.0, Culture=neutral, PublicKeyToken=null with /Applications/Unity/Hub/Editor/6000.3.22f1/Unity.app/Contents/Resources/Scripting/Managed/UnityEngine/UnityEditor.CoreModule.dll
[40m[32minfo[39m[22m[49m: Unity.ILPP.Runner.PostProcessingAssemblyLoadContext[0]
      Resolved UnityEngine.CoreModule, Version=0.0.0.0, Culture=neutral, PublicKeyToken=null with /Applications/Unity/Hub/Editor/6000.3.22f1/Unity.app/Contents/Resources/Scripting/Managed/UnityEngine/UnityEngine.CoreModule.dll
[40m[32minfo[39m[22m[49m: Unity.ILPP.Runner.PostProcessingPipeline[0]
      running zzzUnity.Burst.CodeGen.BurstILPostProcessor
[40m[32minfo[39m[22m[49m: Unity.ILPP.Runner.PostProcessingAssemblyLoadContext[0]
      Resolved Unity.Burst.Cecil.Rocks, Version=0.11.6.0, Culture=neutral, PublicKeyToken=50cebf1cceb9d05e with Library/PackageCache/com.unity.burst@2f3d916873ea/Unity.Burst.CodeGen/Unity.Burst.Cecil.Rocks.dll
[40m[32minfo[39m[22m[49m: Microsoft.AspNetCore.Routing.EndpointMiddleware[1]
      Executed endpoint 'gRPC - /UnityILPP.PostProcessing/PostProcessAssembly'
[40m[32minfo[39m[22m[49m: Microsoft.AspNetCore.Hosting.Diagnostics[2]
      Request finished HTTP/2 POST http://ilpp/UnityILPP.PostProcessing/PostProcessAssembly application/grpc - - 200 - application/grpc 2050.6520ms
ExitCode: 0 Duration: 7s604ms
[503/609    0s] ILPP-Configuration Library/ilpp-configuration.nevergeneratedoutput
[532/609    0s] CopyFiles Library/Bee/PlayerScriptAssemblies/Unity.Burst.dll
[535/609    0s] CopyFiles Library/Bee/PlayerScriptAssemblies/Unity.InputSystem.ForUI.dll
[536/609    0s] CopyFiles Library/Bee/PlayerScriptAssemblies/Unity.XR.OpenXR.Features.RuntimeDebugger.dll
[537/609    0s] CopyFiles Library/Bee/PlayerScriptAssemblies/Unity.XR.OpenXR.Features.MetaQuestSupport.dll
[538/609    0s] CopyFiles Library/Bee/PlayerScriptAssemblies/Unity.AI.Navigation.dll
[539/609    0s] CopyFiles Library/Bee/PlayerScriptAssemblies/Oculus.VR.dll
[540/609    0s] CopyFiles Library/Bee/PlayerScriptAssemblies/glTFast.Export.dll
[541/609    0s] CopyFiles Library/Bee/PlayerScriptAssemblies/Unity.Collections.dll
[542/609    0s] CopyFiles Library/Bee/PlayerScriptAssemblies/Unity.XR.CoreUtils.dll
[543/609    0s] CopyFiles Library/Bee/PlayerScriptAssemblies/meta.xr.mrutilitykit.dll
[544/609    0s] CopyFiles Library/Bee/PlayerScriptAssemblies/Unity.XR.OpenXR.Features.OculusQuestSupport.dll
[545/609    0s] CopyFiles Library/Bee/PlayerScriptAssemblies/UnityEngine.UI.dll
[546/609    0s] CopyFiles Library/Bee/PlayerScriptAssemblies/glTFast.dots.dll
[547/609    0s] CopyFiles Library/Bee/PlayerScriptAssemblies/Unity.InternalAPIEngineBridge.004.dll
[548/609    0s] CopyFiles Library/Bee/PlayerScriptAssemblies/Unity.XR.Management.dll
[549/609    0s] CopyFiles Library/Bee/PlayerScriptAssemblies/glTFast.dll
[550/609    0s] CopyFiles Library/Bee/PlayerScriptAssemblies/Meta.XR.ImmersiveDebugger.Interface.dll
[551/609    0s] CopyFiles Library/Bee/PlayerScriptAssemblies/UnityEngine.XR.LegacyInputHelpers.dll
[552/609    0s] CopyFiles Library/Bee/PlayerScriptAssemblies/glTFast.Documentation.Examples.dll
[553/609    0s] CopyFiles Library/Bee/PlayerScriptAssemblies/Meta.XR.EnvironmentDepth.dll
[554/609    0s] CopyFiles Library/Bee/PlayerScriptAssemblies/Unity.Mathematics.dll
[555/609    0s] CopyFiles Library/Bee/PlayerScriptAssemblies/Meta.XR.BuildingBlocks.AIBlocks.dll
[556/609    0s] CopyFiles Library/Bee/PlayerScriptAssemblies/Unity.XR.OpenXR.dll
[557/609    0s] CopyFiles Library/Bee/PlayerScriptAssemblies/Unity.Timeline.dll
[558/609    0s] CopyFiles Library/Bee/PlayerScriptAssemblies/Meta.XR.BuildingBlocks.dll
[559/609    0s] CopyFiles Library/Bee/PlayerScriptAssemblies/Unity.InputSystem.dll
[560/609    0s] CopyFiles Library/Bee/PlayerScriptAssemblies/glTFast.Newtonsoft.dll
[561/609    0s] CopyFiles Library/Bee/PlayerScriptAssemblies/UnityEngine.SpatialTracking.dll
[562/609    0s] CopyFiles Library/Bee/PlayerScriptAssemblies/Unity.TextMeshPro.dll
[563/609    0s] CopyFiles Library/Bee/PlayerScriptAssemblies/Meta.XR.ImmersiveDebugger.dll
[564/609    0s] CopyFiles Library/Bee/PlayerScriptAssemblies/Unity.XR.OpenXR.Features.MetaQuestSupport.pdb
[565/609    0s] CopyFiles Library/Bee/PlayerScriptAssemblies/Unity.AI.Navigation.pdb
[566/609    0s] CopyFiles Library/Bee/PlayerScriptAssemblies/Unity.Burst.pdb
[567/609    0s] CopyFiles Library/Bee/PlayerScriptAssemblies/Unity.InputSystem.ForUI.pdb
[568/609    0s] CopyFiles Library/Bee/PlayerScriptAssemblies/Unity.XR.CoreUtils.pdb
[569/609    0s] CopyFiles Library/Bee/PlayerScriptAssemblies/UnityEngine.UI.pdb
[570/609    0s] CopyFiles Library/Bee/PlayerScriptAssemblies/glTFast.dots.pdb
[571/609    0s] CopyFiles Library/Bee/PlayerScriptAssemblies/Unity.XR.Management.pdb
[572/609    0s] CopyFiles Library/Bee/PlayerScriptAssemblies/Meta.XR.ImmersiveDebugger.Interface.pdb
[573/609    0s] CopyFiles Library/Bee/PlayerScriptAssemblies/Meta.XR.BuildingBlocks.AIBlocks.pdb
[574/609    0s] CopyFiles Library/Bee/PlayerScriptAssemblies/Unity.XR.OpenXR.pdb
[575/609    0s] CopyFiles Library/Bee/PlayerScriptAssemblies/glTFast.Documentation.Examples.pdb
[576/609    0s] CopyFiles Library/Bee/PlayerScriptAssemblies/Meta.XR.BuildingBlocks.pdb
[577/609    0s] CopyFiles Library/Bee/PlayerScriptAssemblies/Oculus.VR.pdb
[578/609    0s] CopyFiles Library/Bee/PlayerScriptAssemblies/Meta.XR.ImmersiveDebugger.pdb
[579/609    0s] CopyFiles Library/Bee/PlayerScriptAssemblies/UnityEngine.SpatialTracking.pdb
[580/609    0s] CopyFiles Library/Bee/PlayerScriptAssemblies/Unity.XR.OpenXR.Features.RuntimeDebugger.pdb
[581/609    0s] CopyFiles Library/Bee/PlayerScriptAssemblies/Unity.Mathematics.pdb
[582/609    0s] CopyFiles Library/Bee/PlayerScriptAssemblies/Unity.Timeline.pdb
[583/609    0s] CopyFiles Library/Bee/PlayerScriptAssemblies/Meta.XR.EnvironmentDepth.pdb
[584/609    0s] CopyFiles Library/Bee/PlayerScriptAssemblies/Unity.TextMeshPro.pdb
[585/609    0s] CopyFiles Library/Bee/PlayerScriptAssemblies/Unity.InternalAPIEngineBridge.004.pdb
[586/609    0s] CopyFiles Library/Bee/PlayerScriptAssemblies/meta.xr.mrutilitykit.pdb
[587/609    0s] CopyFiles Library/Bee/PlayerScriptAssemblies/UnityEngine.XR.LegacyInputHelpers.pdb
[588/609    0s] CopyFiles Library/Bee/PlayerScriptAssemblies/glTFast.Newtonsoft.pdb
[589/609    0s] CopyFiles Library/Bee/PlayerScriptAssemblies/Unity.InputSystem.pdb
[590/609    0s] CopyFiles Library/Bee/PlayerScriptAssemblies/glTFast.Export.pdb
[591/609    0s] CopyFiles Library/Bee/PlayerScriptAssemblies/glTFast.pdb
[592/609    0s] CopyFiles Library/Bee/PlayerScriptAssemblies/Unity.Collections.pdb
[593/609    0s] CopyFiles Library/Bee/PlayerScriptAssemblies/Unity.XR.OpenXR.Features.OculusQuestSupport.pdb
[595/609    0s] CopyFiles Library/Bee/PlayerScriptAssemblies/Unity.XR.OpenXR.Features.ConformanceAutomation.dll
[596/609    0s] CopyFiles Library/Bee/PlayerScriptAssemblies/Unity.XR.OpenXR.Features.ConformanceAutomation.pdb
[598/609    0s] CopyFiles Library/Bee/PlayerScriptAssemblies/Unity.XR.OpenXR.Features.MockRuntime.dll
[600/609    0s] CopyFiles Library/Bee/PlayerScriptAssemblies/Unity.XR.OpenXR.Features.MockRuntime.pdb
[601/609    0s] CopyFiles Library/Bee/PlayerScriptAssemblies/Meta.XR.MultiplayerBlocks.Shared.dll
[602/609    0s] CopyFiles Library/Bee/PlayerScriptAssemblies/Meta.XR.MultiplayerBlocks.Shared.pdb
[603/609    3s] Csc Library/Bee/artifacts/200b0aPDevDbg.dag/Assembly-CSharp.dll (+2 others)
[604/609    2s] ILPostProcess Library/Bee/artifacts/200b0aPDevDbg.dag/post-processed/Assembly-CSharp.dll (+pdb)
Processing assembly Library/Bee/artifacts/200b0aPDevDbg.dag/Assembly-CSharp.dll, with 129 defines and 223 references
processors: Unity.Jobs.CodeGen.JobsILPostProcessor, zzzUnity.Burst.CodeGen.BurstILPostProcessor
running Unity.Jobs.CodeGen.JobsILPostProcessor
running zzzUnity.Burst.CodeGen.BurstILPostProcessor
[605/609    0s] CopyFiles Library/Bee/PlayerScriptAssemblies/Assembly-CSharp.pdb
[606/609    0s] CopyFiles Library/Bee/PlayerScriptAssemblies/Assembly-CSharp.dll
[608/609    1s] BuildPlayerDataGenerator Library/BuildPlayerData/Player/RuntimeInitializeOnLoads.json (+1 other)
*** Tundra build success (7.46 seconds), 72 items updated, 609 evaluated
Total cache size 266996609
Total cache size after purge 266996609, took 00:00:00.4081435
Rebuilding Data files because Assets/Milzet/TemporaryViewerBuild.unity is dirty (hash)
2026-09-09 15:48:28.680 Unity[20123:3750673] NSEventModifierFlagFunction specified to -setKeyEquivalentModifierMask: for item <NSMenuItem: 0x9b5ba8640 SDF, ke='Command-F12'>, but is only supported for system-provided menu items; will not be used
Opening scene 'Assets/Milzet/TemporaryViewerBuild.unity'
Unloading 1 Unused Serialized files (Serialized files now loaded: 0)
Loaded scene 'Assets/Milzet/TemporaryViewerBuild.unity'
	Deserialize:            0.761 ms
	Integration:            437.349 ms
	Integration of assets:  0.004 ms
	Thread Wait Time:       9.235 ms
	Total Operation Time:   447.348 ms
Unloading 81 unused Assets / (0.6 MB). Loaded Objects now: 6678.
Memory consumption went from 225.8 MB to 225.1 MB.
Total: 45.937250 ms (FindLiveObjects: 0.430708 ms CreateObjectMapping: 0.645083 ms MarkObjects: 44.125500 ms  DeleteObjects: 0.734708 ms)

Created GICache directory at /Users/mziwamadoda/Library/Caches/com.unity3d.UnityEditor/GiCache. Took: 0.010s, timestamps: [36.683 - 36.693]


Mono dependencies included in the build
Dependency assembly - System.Net.Cache.dll
Dependency assembly - Meta.XR.ImmersiveDebugger.dll
Dependency assembly - System.Security.Principal.dll
Dependency assembly - Mono.WebBrowser.dll
Dependency assembly - System.Reactive.Windows.Threading.dll
Dependency assembly - System.Net.Security.dll
Dependency assembly - Meta.XR.MultiplayerBlocks.Shared.dll
Dependency assembly - System.ServiceModel.Internals.dll
Dependency assembly - mscorlib.dll
Dependency assembly - WindowsBase.dll
Dependency assembly - System.ServiceProcess.dll
Dependency assembly - System.Globalization.dll
Dependency assembly - Unity.InternalAPIEngineBridge.004.dll
Dependency assembly - System.Linq.Expressions.dll
Dependency assembly - System.Runtime.Handles.dll
Dependency assembly - System.Threading.Tasks.Dataflow.dll
Dependency assembly - System.Security.Cryptography.Encryption.ECDsa.dll
Dependency assembly - Mono.Management.dll
Dependency assembly - System.ServiceModel.NetTcp.dll
Dependency assembly - System.Threading.Timer.dll
Dependency assembly - System.ComponentModel.Annotations.dll
Dependency assembly - Unity.Timeline.dll
Dependency assembly - Microsoft.Build.Tasks.v4.0.dll
Dependency assembly - System.Security.Cryptography.Pkcs.dll
Dependency assembly - System.ServiceModel.Http.dll
Dependency assembly - System.Net.Primitives.dll
Dependency assembly - glTFast.Export.dll
Dependency assembly - System.Reflection.Extensions.dll
Dependency assembly - System.ComponentModel.EventBasedAsync.dll
Dependency assembly - System.Net.dll
Dependency assembly - cscompmgd.dll
Dependency assembly - System.ServiceModel.dll
Dependency assembly - System.Design.dll
Dependency assembly - System.Numerics.dll
Dependency assembly - System.IO.MemoryMappedFiles.dll
Dependency assembly - Mono.Btls.Interface.dll
Dependency assembly - System.Xml.XmlDocument.dll
Dependency assembly - System.Web.Http.dll
Dependency assembly - System.Reactive.Observable.Aliases.dll
Dependency assembly - System.Net.Ping.dll
Dependency assembly - I18N.Rare.dll
Dependency assembly - glTFast.dll
Dependency assembly - System.Deployment.dll
Dependency assembly - System.Xml.Xsl.Primitives.dll
Dependency assembly - Mono.Cairo.dll
Dependency assembly - System.ComponentModel.Composition.dll
Dependency assembly - System.Data.Services.Client.dll
Dependency assembly - System.ServiceModel.Routing.dll
Dependency assembly - System.IO.Pipes.dll
Dependency assembly - System.Reflection.Primitives.dll
Dependency assembly - Oculus.VR.dll
Dependency assembly - System.Data.Services.dll
Dependency assembly - System.Web.Http.SelfHost.dll
Dependency assembly - CustomMarshalers.dll
Dependency assembly - System.Core.dll
Dependency assembly - System.Runtime.Serialization.Formatters.Soap.dll
Dependency assembly - System.Reactive.Windows.Forms.dll
Dependency assembly - System.Diagnostics.FileVersionInfo.dll
Dependency assembly - System.ServiceModel.Security.dll
Dependency assembly - Assembly-CSharp.dll
Dependency assembly - System.Web.WebPages.Razor.dll
Dependency assembly - Commons.Xml.Relaxng.dll
Dependency assembly - System.Runtime.Loader.dll
Dependency assembly - System.Drawing.Design.dll
Dependency assembly - System.Collections.Specialized.dll
Dependency assembly - System.Security.Cryptography.Encoding.dll
Dependency assembly - System.Configuration.Install.dll
Dependency assembly - System.Threading.AccessControl.dll
Dependency assembly - System.Web.Extensions.Design.dll
Dependency assembly - System.Reactive.Providers.dll
Dependency assembly - Unity.XR.OpenXR.dll
Dependency assembly - WebMatrix.Data.dll
Dependency assembly - System.dll
Dependency assembly - Mono.Messaging.RabbitMQ.dll
Dependency assembly - System.ServiceModel.Web.dll
Dependency assembly - System.Diagnostics.TraceEvent.dll
Dependency assembly - System.Runtime.dll
Dependency assembly - Microsoft.Build.dll
Dependency assembly - Mono.Messaging.dll
Dependency assembly - System.Windows.Forms.DataVisualization.dll
Dependency assembly - System.Dynamic.Runtime.dll
Dependency assembly - System.Net.Mail.dll
Dependency assembly - System.Runtime.InteropServices.RuntimeInformation.dll
Dependency assembly - System.Net.AuthenticationManager.dll
Dependency assembly - System.Linq.Queryable.dll
Dependency assembly - System.Web.Mobile.dll
Dependency assembly - Meta.XR.BuildingBlocks.AIBlocks.dll
Dependency assembly - System.Workflow.ComponentModel.dll
Dependency assembly - Unity.XR.OpenXR.Features.OculusQuestSupport.dll
Dependency assembly - System.Linq.dll
Dependency assembly - System.Xml.dll
Dependency assembly - System.IO.IsolatedStorage.dll
Dependency assembly - System.Reflection.Emit.dll
Dependency assembly - System.ComponentModel.Primitives.dll
Dependency assembly - System.Runtime.Numerics.dll
Dependency assembly - System.Security.Cryptography.Encryption.dll
Dependency assembly - System.IO.Compression.FileSystem.dll
Dependency assembly - System.Web.Abstractions.dll
Dependency assembly - System.Transactions.dll
Dependency assembly - IBM.Data.DB2.dll
Dependency assembly - System.Web.RegularExpressions.dll
Dependency assembly - System.Diagnostics.TraceSource.dll
Dependency assembly - System.Security.Cryptography.Primitives.dll
Dependency assembly - Meta.XR.EnvironmentDepth.dll
Dependency assembly - System.Net.WebSockets.dll
Dependency assembly - I18N.CJK.dll
Dependency assembly - System.Reflection.Emit.Lightweight.dll
Dependency assembly - System.Globalization.Extensions.dll
Dependency assembly - System.Json.dll
Dependency assembly - System.Runtime.InteropServices.dll
Dependency assembly - SMDiagnostics.dll
Dependency assembly - System.Net.Http.WebRequest.dll
Dependency assembly - Mono.Parallel.dll
Dependency assembly - Meta.XR.ImmersiveDebugger.Interface.dll
Dependency assembly - Mono.Data.Sqlite.dll
Dependency assembly - System.Web.DynamicData.dll
Dependency assembly - System.Threading.Tasks.Extensions.dll
Dependency assembly - Mono.Posix.dll
Dependency assembly - System.Reactive.PlatformServices.dll
Dependency assembly - System.Threading.Tasks.Parallel.dll
Dependency assembly - System.Runtime.Serialization.Formatters.dll
Dependency assembly - System.IdentityModel.Selectors.dll
Dependency assembly - System.Resources.ReaderWriter.dll
Dependency assembly - System.Workflow.Activities.dll
Dependency assembly - System.Security.Cryptography.X509Certificates.dll
Dependency assembly - System.Web.WebPages.Deployment.dll
Dependency assembly - System.Net.Utilities.dll
Dependency assembly - glTFast.dots.dll
Dependency assembly - Mono.XBuild.Tasks.dll
Dependency assembly - System.Runtime.Extensions.dll
Dependency assembly - System.ServiceProcess.ServiceController.dll
Dependency assembly - System.Data.Linq.dll
Dependency assembly - System.Net.NetworkInformation.dll
Dependency assembly - System.IO.UnmanagedMemoryStream.dll
Dependency assembly - System.AppContext.dll
Dependency assembly - System.Web.Http.WebHost.dll
Dependency assembly - System.Drawing.Primitives.dll
Dependency assembly - System.ServiceModel.Activation.dll
Dependency assembly - System.Threading.dll
Dependency assembly - Unity.XR.OpenXR.Features.MetaQuestSupport.dll
Dependency assembly - System.Diagnostics.Tracing.dll
Dependency assembly - System.Console.dll
Dependency assembly - Microsoft.Win32.Registry.AccessControl.dll
Dependency assembly - System.Windows.dll
Dependency assembly - Mono.Simd.dll
Dependency assembly - System.IO.FileSystem.DriveInfo.dll
Dependency assembly - System.Reflection.dll
Dependency assembly - netstandard.dll
Dependency assembly - System.Threading.ThreadPool.dll
Dependency assembly - System.Runtime.Serialization.Json.dll
Dependency assembly - UnityEngine.XR.LegacyInputHelpers.dll
Dependency assembly - Unity.XR.OpenXR.Features.ConformanceAutomation.dll
Dependency assembly - System.Collections.dll
Dependency assembly - System.Text.Encoding.CodePages.dll
Dependency assembly - System.Reflection.DispatchProxy.dll
Dependency assembly - Unity.Burst.Unsafe.dll
Dependency assembly - System.Reactive.Interfaces.dll
Dependency assembly - System.Web.Razor.dll
Dependency assembly - System.Diagnostics.TextWriterTraceListener.dll
Dependency assembly - System.Globalization.Calendars.dll
Dependency assembly - System.IO.Compression.ZipFile.dll
Dependency assembly - System.Security.Principal.Windows.dll
Dependency assembly - Mono.Data.Tds.dll
Dependency assembly - Microsoft.Win32.Primitives.dll
Dependency assembly - System.Security.Cryptography.Algorithms.dll
Dependency assembly - System.Xml.XPath.XDocument.dll
Dependency assembly - System.Web.ApplicationServices.dll
Dependency assembly - System.Windows.Forms.dll
Dependency assembly - Meta.XR.BuildingBlocks.dll
Dependency assembly - System.Security.SecureString.dll
Dependency assembly - System.ValueTuple.dll
Dependency assembly - Microsoft.Web.Infrastructure.dll
Dependency assembly - System.Net.Http.dll
Dependency assembly - System.Security.Cryptography.OpenSsl.dll
Dependency assembly - System.Reactive.Linq.dll
Dependency assembly - System.Xaml.dll
Dependency assembly - ICSharpCode.SharpZipLib.dll
Dependency assembly - System.Messaging.dll
Dependency assembly - Mono.CompilerServices.SymbolWriter.dll
Dependency assembly - System.IO.FileSystem.AccessControl.dll
Dependency assembly - Microsoft.Build.Engine.dll
Dependency assembly - System.DirectoryServices.Protocols.dll
Dependency assembly - System.Runtime.CompilerServices.VisualC.dll
Dependency assembly - System.Reactive.Runtime.Remoting.dll
Dependency assembly - System.Text.RegularExpressions.dll
Dependency assembly - Microsoft.VisualC.dll
Dependency assembly - System.Web.Extensions.dll
Dependency assembly - Microsoft.Win32.Registry.dll
Dependency assembly - System.Net.Requests.dll
Dependency assembly - System.Security.AccessControl.dll
Dependency assembly - System.Diagnostics.Contracts.dll
Dependency assembly - System.Management.dll
Dependency assembly - System.Security.Cryptography.DeriveBytes.dll
Dependency assembly - System.Workflow.Runtime.dll
Dependency assembly - System.Security.Cryptography.RSA.dll
Dependency assembly - System.Security.dll
Dependency assembly - Mono.Security.Win32.dll
Dependency assembly - System.Net.WebHeaderCollection.dll
Dependency assembly - System.ComponentModel.TypeConverter.dll
Dependency assembly - System.Runtime.Serialization.dll
Dependency assembly - System.IO.FileSystem.dll
Dependency assembly - System.Security.Cryptography.Encryption.ECDiffieHellman.dll
Dependency assembly - System.Data.SqlClient.dll
Dependency assembly - System.Web.Mvc.dll
Dependency assembly - System.Web.Services.dll
Dependency assembly - System.IdentityModel.dll
Dependency assembly - Accessibility.dll
Dependency assembly - Microsoft.CSharp.dll
Dependency assembly - UnityEngine.UI.dll
Dependency assembly - meta.xr.mrutilitykit.dll
Dependency assembly - System.Text.Encoding.Extensions.dll
Dependency assembly - System.Security.Cryptography.Cng.dll
Dependency assembly - System.ComponentModel.DataAnnotations.dll
Dependency assembly - Unity.Collections.dll
Dependency assembly - System.Data.Entity.dll
Dependency assembly - System.IO.Compression.dll
Dependency assembly - System.Runtime.Serialization.Primitives.dll
Dependency assembly - System.Dynamic.dll
Dependency assembly - System.Configuration.dll
Dependency assembly - System.Data.Common.dll
Dependency assembly - System.ServiceModel.Duplex.dll
Dependency assembly - System.Json.Microsoft.dll
Dependency assembly - RabbitMQ.Client.dll
Dependency assembly - System.Reactive.Core.dll
Dependency assembly - System.ServiceModel.Discovery.dll
Dependency assembly - System.Security.Cryptography.Hashing.dll
Dependency assembly - Novell.Directory.Ldap.dll
Dependency assembly - System.Xml.XPath.XmlDocument.dll
Dependency assembly - System.Collections.Concurrent.dll
Dependency assembly - System.Data.dll
Dependency assembly - System.Runtime.Remoting.dll
Dependency assembly - Unity.TextMeshPro.dll
Dependency assembly - Mono.Http.dll
Dependency assembly - Mono.Tasklets.dll
Dependency assembly - System.Security.Cryptography.Encryption.Aes.dll
Dependency assembly - System.Text.Encoding.dll
Dependency assembly - System.Net.ServicePoint.dll
Dependency assembly - Unity.InputSystem.ForUI.dll
Dependency assembly - System.Diagnostics.StackTrace.dll
Dependency assembly - System.Security.Cryptography.Hashing.Algorithms.dll
Dependency assembly - System.Linq.Parallel.dll
Dependency assembly - System.IO.FileSystem.Watcher.dll
Dependency assembly - System.Resources.Reader.dll
Dependency assembly - Unity.XR.OpenXR.Features.RuntimeDebugger.dll
Dependency assembly - Unity.AI.Navigation.dll
Dependency assembly - glTFast.Documentation.Examples.dll
Dependency assembly - System.IO.dll
Dependency assembly - System.Xml.XmlSerializer.dll
Dependency assembly - System.Security.Cryptography.ProtectedData.dll
Dependency assembly - I18N.MidEast.dll
Dependency assembly - Mono.C5.dll
Dependency assembly - System.Buffers.dll
Dependency assembly - System.Net.NameResolution.dll
Dependency assembly - I18N.dll
Dependency assembly - System.Net.Http.Rtc.dll
Dependency assembly - System.Runtime.Serialization.Xml.dll
Dependency assembly - Unity.XR.CoreUtils.dll
Dependency assembly - System.Security.Claims.dll
Dependency assembly - UnityEngine.SpatialTracking.dll
Dependency assembly - Unity.Burst.dll
Dependency assembly - System.Threading.Tasks.dll
Dependency assembly - System.Web.WebPages.dll
Dependency assembly - monodoc.dll
Dependency assembly - System.Xml.ReaderWriter.dll
Dependency assembly - Unity.XR.Management.dll
Dependency assembly - System.Resources.ResourceManager.dll
Dependency assembly - System.ServiceModel.Primitives.dll
Dependency assembly - SystemWebTestShim.dll
Dependency assembly - System.Xml.XDocument.dll
Dependency assembly - System.Diagnostics.Process.dll
Dependency assembly - Unity.XR.OpenXR.Features.MockRuntime.dll
Dependency assembly - System.Security.Cryptography.RandomNumberGenerator.dll
Dependency assembly - System.Diagnostics.Tools.dll
Dependency assembly - System.EnterpriseServices.dll
Dependency assembly - System.Threading.Thread.dll
Dependency assembly - Microsoft.Build.Framework.dll
Dependency assembly - glTFast.Newtonsoft.dll
Dependency assembly - System.Net.WebSockets.Client.dll
Dependency assembly - System.Runtime.InteropServices.WindowsRuntime.dll
Dependency assembly - System.ObjectModel.dll
Dependency assembly - Unity.Collections.LowLevel.ILSupport.dll
Dependency assembly - System.Web.dll
Dependency assembly - System.Net.HttpListener.dll
Dependency assembly - System.Diagnostics.Debug.dll
Dependency assembly - System.Security.Cryptography.Csp.dll
Dependency assembly - System.Reflection.Context.dll
Dependency assembly - System.Web.Routing.dll
Dependency assembly - System.Net.Sockets.dll
Dependency assembly - I18N.Other.dll
Dependency assembly - I18N.West.dll
Dependency assembly - System.Reflection.TypeExtensions.dll
Dependency assembly - System.Xml.XPath.dll
Dependency assembly - System.Runtime.DurableInstancing.dll
Dependency assembly - Mono.CSharp.dll
Dependency assembly - Unity.Mathematics.dll
Dependency assembly - System.Collections.NonGeneric.dll
Dependency assembly - System.Data.DataSetExtensions.dll
Dependency assembly - System.Reflection.Emit.ILGeneration.dll
Dependency assembly - System.Memory.dll
Dependency assembly - System.Numerics.Vectors.dll
Dependency assembly - PEAPI.dll
Dependency assembly - Newtonsoft.Json.dll
Dependency assembly - Mono.Options.dll
Dependency assembly - System.Drawing.dll
Dependency assembly - System.Reactive.Experimental.dll
Dependency assembly - System.Xml.Linq.dll
Dependency assembly - System.DirectoryServices.dll
Dependency assembly - System.IO.FileSystem.Primitives.dll
Dependency assembly - Mono.Security.dll
Dependency assembly - System.Reactive.Debugger.dll
Dependency assembly - System.Net.Http.Formatting.dll
Dependency assembly - Mono.Profiler.Log.dll
Dependency assembly - System.Runtime.Caching.dll
Dependency assembly - System.Resources.Writer.dll
Dependency assembly - Unity.InputSystem.dll
Dependency assembly - System.Threading.Overlapped.dll
Dependency assembly - System.ComponentModel.dll
Dependency assembly - System.Data.OracleClient.dll
Dependency assembly - Microsoft.Build.Utilities.v4.0.dll
Dependency assembly - System.Xml.Serialization.dll

Unloading 210 Unused Serialized files (Serialized files now loaded: 0)
Unloading 377 unused Assets / (7.4 MB). Loaded Objects now: 6687.
Memory consumption went from 235.8 MB to 228.5 MB.
Total: 27.449458 ms (FindLiveObjects: 0.366209 ms CreateObjectMapping: 0.146125 ms MarkObjects: 25.785042 ms  DeleteObjects: 1.151833 ms)

Unloading 0 Unused Serialized files (Serialized files now loaded: 0)
Unloading 0 unused Assets / (0 B). Loaded Objects now: 6687.
Memory consumption went from 228.4 MB to 228.4 MB.
Total: 25.075167 ms (FindLiveObjects: 0.334042 ms CreateObjectMapping: 0.132125 ms MarkObjects: 24.595708 ms  DeleteObjects: 0.012916 ms)

Unloading 4 Unused Serialized files (Serialized files now loaded: 0)
Unloading 173 unused Assets / (146.3 MB). Loaded Objects now: 6687.
Memory consumption went from 367.9 MB to 221.6 MB.
Total: 43.913625 ms (FindLiveObjects: 0.248333 ms CreateObjectMapping: 0.122625 ms MarkObjects: 23.349834 ms  DeleteObjects: 20.192334 ms)

Compiling shader "glTF/Unlit"
  Pass "" (vp)
    Target graphics API: metal
    Full variant space:         4
    After settings filtering:   4
    After built-in stripping:   2
    After scriptable stripping: 2
    Processed in 0.01 seconds
  Pass "" (fp)
    Target graphics API: metal
    Full variant space:         4
    After settings filtering:   4
    After built-in stripping:   2
    After scriptable stripping: 2
    Processed in 0.00 seconds
Launching external process: /Applications/Unity/Hub/Editor/6000.3.22f1/Unity.app/Contents/Helpers/UnityShaderCompiler
Launched and connected shader compiler UnityShaderCompiler after 0.07 seconds
Launching external process: /Applications/Unity/Hub/Editor/6000.3.22f1/Unity.app/Contents/Helpers/UnityShaderCompiler
Launched and connected shader compiler UnityShaderCompiler after 0.09 seconds
  Pass  (vp, metal) finished in 3.07 seconds. Local cache hits 1 (0.00s CPU time), remote cache hits 0 (0.00s CPU time), compiled 1 variants (3.07s CPU time), skipped 0 variants.
    Prepared data for serialisation in 0.00s
  Pass  (fp, metal) finished in 3.07 seconds. Local cache hits 1 (0.00s CPU time), remote cache hits 0 (0.00s CPU time), compiled 1 variants (3.07s CPU time), skipped 0 variants.
    Prepared data for serialisation in 0.00s
Serialized binary data for shader glTF/Unlit in 0.00s
    metal (total internal programs: 4, unique: 4)
Compiling shader "glTF/PbrMetallicRoughness"
  Pass "FORWARD" (vp)
    Target graphics API: metal
    Full variant space:         664
    After settings filtering:   664
    After built-in stripping:   16
    After scriptable stripping: 16
    Processed in 0.00 seconds
  Pass "FORWARD" (fp)
    Target graphics API: metal
    Full variant space:         504
    After settings filtering:   504
    After built-in stripping:   8
    After scriptable stripping: 8
    Processed in 0.00 seconds
  Pass "FORWARD_DELTA" (vp)
    Target graphics API: metal
    Full variant space:         188
    After settings filtering:   188
    After built-in stripping:   26
    After scriptable stripping: 26
Launching external process: /Applications/Unity/Hub/Editor/6000.3.22f1/Unity.app/Contents/Helpers/UnityShaderCompiler
    Processed in 0.00 seconds
  Pass "FORWARD_DELTA" (fp)
    Target graphics API: metal
    Full variant space:         188
    After settings filtering:   188
    After built-in stripping:   26
    After scriptable stripping: 26
    Processed in 0.00 seconds
  Pass "ShadowCaster" (vp)
    Target graphics API: metal
    Full variant space:         4
    After settings filtering:   4
    After built-in stripping:   4
    After scriptable stripping: 4
    Processed in 0.00 seconds
  Pass "ShadowCaster" (fp)
    Target graphics API: metal
    Full variant space:         4
    After settings filtering:   4
    After built-in stripping:   4
    After scriptable stripping: 4
    Processed in 0.00 seconds
  Pass "DEFERRED" (vp)
    Target graphics API: metal
    Full variant space:         76
    After settings filtering:   76
    After built-in stripping:   8
    After scriptable stripping: 8
    Processed in 0.00 seconds
  Pass "DEFERRED" (fp)
    Target graphics API: metal
    Full variant space:         76
    After settings filtering:   76
    After built-in stripping:   8
    After scriptable stripping: 8
    Processed in 0.00 seconds
  Pass "FORWARD" (vp)
    Target graphics API: metal
    Full variant space:         208
    After settings filtering:   208
    After built-in stripping:   16
    After scriptable stripping: 16
    Processed in 0.00 seconds
  Pass "FORWARD" (fp)
    Target graphics API: metal
    Full variant space:         148
    After settings filtering:   148
    After built-in stripping:   8
    After scriptable stripping: 8
    Processed in 0.00 seconds
  Pass "FORWARD_DELTA" (vp)
    Target graphics API: metal
    Full variant space:         140
    After settings filtering:   140
    After built-in stripping:   20
    After scriptable stripping: 20
    Processed in 0.00 seconds
  Pass "FORWARD_DELTA" (fp)
    Target graphics API: metal
    Full variant space:         140
    After settings filtering:   140
    After built-in stripping:   20
    After scriptable stripping: 20
    Processed in 0.00 seconds
  Pass "ShadowCaster" (vp)
    Target graphics API: metal
    Full variant space:         2
    After settings filtering:   2
    After built-in stripping:   4
    After scriptable stripping: 4
    Processed in 0.00 seconds
  Pass "ShadowCaster" (fp)
    Target graphics API: metal
    Full variant space:         2
    After settings filtering:   2
    After built-in stripping:   4
    After scriptable stripping: 4
    Processed in 0.00 seconds
Launched and connected shader compiler UnityShaderCompiler after 0.13 seconds
Launching external process: /Applications/Unity/Hub/Editor/6000.3.22f1/Unity.app/Contents/Helpers/UnityShaderCompiler
Launched and connected shader compiler UnityShaderCompiler after 0.12 seconds
Launching external process: /Applications/Unity/Hub/Editor/6000.3.22f1/Unity.app/Contents/Helpers/UnityShaderCompiler
Launched and connected shader compiler UnityShaderCompiler after 0.15 seconds
Launching external process: /Applications/Unity/Hub/Editor/6000.3.22f1/Unity.app/Contents/Helpers/UnityShaderCompiler
Launched and connected shader compiler UnityShaderCompiler after 0.19 seconds
Launching external process: /Applications/Unity/Hub/Editor/6000.3.22f1/Unity.app/Contents/Helpers/UnityShaderCompiler
Launched and connected shader compiler UnityShaderCompiler after 0.17 seconds
  Pass FORWARD (vp, metal) finished in 5.72 seconds. Local cache hits 0 (0.00s CPU time), remote cache hits 0 (0.00s CPU time), compiled 16 variants (31.77s CPU time), skipped 0 variants.
    Prepared data for serialisation in 0.00s
  Pass FORWARD (fp, metal) finished in 5.09 seconds. Local cache hits 0 (0.00s CPU time), remote cache hits 0 (0.00s CPU time), compiled 8 variants (3.82s CPU time), skipped 0 variants.
    Prepared data for serialisation in 0.00s
  Pass FORWARD_DELTA (vp, metal) finished in 3.20 seconds. Local cache hits 0 (0.00s CPU time), remote cache hits 0 (0.00s CPU time), compiled 26 variants (4.48s CPU time), skipped 0 variants.
    Prepared data for serialisation in 0.00s
  Pass FORWARD_DELTA (fp, metal) finished in 1.55 seconds. Local cache hits 0 (0.00s CPU time), remote cache hits 0 (0.00s CPU time), compiled 26 variants (8.24s CPU time), skipped 0 variants.
    Prepared data for serialisation in 0.00s
  Pass ShadowCaster (vp, metal) finished in 0.32 seconds. Local cache hits 0 (0.00s CPU time), remote cache hits 0 (0.00s CPU time), compiled 4 variants (0.39s CPU time), skipped 0 variants.
    Prepared data for serialisation in 0.00s
  Pass ShadowCaster (fp, metal) finished in 0.18 seconds. Local cache hits 0 (0.00s CPU time), remote cache hits 0 (0.00s CPU time), compiled 4 variants (0.17s CPU time), skipped 0 variants.
    Prepared data for serialisation in 0.00s
  Pass DEFERRED (vp, metal) finished in 0.25 seconds. Local cache hits 0 (0.00s CPU time), remote cache hits 0 (0.00s CPU time), compiled 8 variants (0.97s CPU time), skipped 0 variants.
    Prepared data for serialisation in 0.00s
  Pass DEFERRED (fp, metal) finished in 0.34 seconds. Local cache hits 0 (0.00s CPU time), remote cache hits 0 (0.00s CPU time), compiled 8 variants (1.16s CPU time), skipped 0 variants.
    Prepared data for serialisation in 0.00s
  Pass FORWARD (vp, metal) finished in 0.52 seconds. Local cache hits 0 (0.00s CPU time), remote cache hits 0 (0.00s CPU time), compiled 16 variants (3.40s CPU time), skipped 0 variants.
    Prepared data for serialisation in 0.00s
  Pass FORWARD (fp, metal) finished in 0.89 seconds. Local cache hits 0 (0.00s CPU time), remote cache hits 0 (0.00s CPU time), compiled 8 variants (4.62s CPU time), skipped 0 variants.
    Prepared data for serialisation in 0.00s
  Pass FORWARD_DELTA (vp, metal) finished in 1.25 seconds. Local cache hits 0 (0.00s CPU time), remote cache hits 0 (0.00s CPU time), compiled 20 variants (5.68s CPU time), skipped 0 variants.
    Prepared data for serialisation in 0.00s
  Pass FORWARD_DELTA (fp, metal) finished in 1.12 seconds. Local cache hits 0 (0.00s CPU time), remote cache hits 0 (0.00s CPU time), compiled 20 variants (6.75s CPU time), skipped 0 variants.
    Prepared data for serialisation in 0.00s
  Pass ShadowCaster (vp, metal) finished in 0.20 seconds. Local cache hits 0 (0.00s CPU time), remote cache hits 0 (0.00s CPU time), compiled 4 variants (0.37s CPU time), skipped 0 variants.
    Prepared data for serialisation in 0.00s
  Pass ShadowCaster (fp, metal) finished in 0.13 seconds. Local cache hits 0 (0.00s CPU time), remote cache hits 0 (0.00s CPU time), compiled 4 variants (0.13s CPU time), skipped 0 variants.
    Prepared data for serialisation in 0.00s
Serialized binary data for shader glTF/PbrMetallicRoughness in 0.00s
    metal (total internal programs: 172, unique: 122)
Compiling shader "glTF/PbrSpecularGlossiness"
  Pass "FORWARD" (vp)
    Target graphics API: metal
    Full variant space:         664
    After settings filtering:   664
    After built-in stripping:   16
    After scriptable stripping: 16
    Processed in 0.00 seconds
  Pass "FORWARD" (fp)
    Target graphics API: metal
    Full variant space:         504
    After settings filtering:   504
    After built-in stripping:   8
    After scriptable stripping: 8
    Processed in 0.00 seconds
  Pass "FORWARD_DELTA" (vp)
    Target graphics API: metal
    Full variant space:         188
    After settings filtering:   188
    After built-in stripping:   26
    After scriptable stripping: 26
    Processed in 0.00 seconds
  Pass "FORWARD_DELTA" (fp)
    Target graphics API: metal
    Full variant space:         188
    After settings filtering:   188
    After built-in stripping:   26
    After scriptable stripping: 26
    Processed in 0.00 seconds
  Pass "ShadowCaster" (vp)
    Target graphics API: metal
    Full variant space:         4
    After settings filtering:   4
    After built-in stripping:   4
    After scriptable stripping: 4
    Processed in 0.00 seconds
  Pass "ShadowCaster" (fp)
    Target graphics API: metal
    Full variant space:         4
    After settings filtering:   4
    After built-in stripping:   4
    After scriptable stripping: 4
    Processed in 0.00 seconds
  Pass "DEFERRED" (vp)
    Target graphics API: metal
    Full variant space:         76
    After settings filtering:   76
    After built-in stripping:   8
    After scriptable stripping: 8
    Processed in 0.00 seconds
  Pass "DEFERRED" (fp)
    Target graphics API: metal
    Full variant space:         76
    After settings filtering:   76
    After built-in stripping:   8
    After scriptable stripping: 8
    Processed in 0.00 seconds
  Pass "FORWARD" (vp)
    Target graphics API: metal
    Full variant space:         136
    After settings filtering:   136
    After built-in stripping:   16
    After scriptable stripping: 16
    Processed in 0.00 seconds
  Pass "FORWARD" (fp)
    Target graphics API: metal
    Full variant space:         96
    After settings filtering:   96
    After built-in stripping:   8
    After scriptable stripping: 8
    Processed in 0.00 seconds
  Pass "FORWARD_DELTA" (vp)
    Target graphics API: metal
    Full variant space:         140
    After settings filtering:   140
    After built-in stripping:   20
    After scriptable stripping: 20
    Processed in 0.00 seconds
  Pass "FORWARD_DELTA" (fp)
    Target graphics API: metal
    Full variant space:         140
    After settings filtering:   140
    After built-in stripping:   20
    After scriptable stripping: 20
    Processed in 0.00 seconds
  Pass "ShadowCaster" (vp)
    Target graphics API: metal
    Full variant space:         2
    After settings filtering:   2
    After built-in stripping:   4
    After scriptable stripping: 4
    Processed in 0.00 seconds
  Pass "ShadowCaster" (fp)
    Target graphics API: metal
    Full variant space:         2
    After settings filtering:   2
    After built-in stripping:   4
    After scriptable stripping: 4
    Processed in 0.00 seconds
  Pass FORWARD (vp, metal) finished in 0.50 seconds. Local cache hits 0 (0.00s CPU time), remote cache hits 0 (0.00s CPU time), compiled 16 variants (2.67s CPU time), skipped 0 variants.
    Prepared data for serialisation in 0.00s
  Pass FORWARD (fp, metal) finished in 0.81 seconds. Local cache hits 0 (0.00s CPU time), remote cache hits 0 (0.00s CPU time), compiled 8 variants (4.13s CPU time), skipped 0 variants.
    Prepared data for serialisation in 0.00s
  Pass FORWARD_DELTA (vp, metal) finished in 0.78 seconds. Local cache hits 0 (0.00s CPU time), remote cache hits 0 (0.00s CPU time), compiled 26 variants (3.88s CPU time), skipped 0 variants.
    Prepared data for serialisation in 0.00s
  Pass FORWARD_DELTA (fp, metal) finished in 0.92 seconds. Local cache hits 0 (0.00s CPU time), remote cache hits 0 (0.00s CPU time), compiled 26 variants (5.56s CPU time), skipped 0 variants.
    Prepared data for serialisation in 0.00s
  Pass ShadowCaster (vp, metal) finished in 0.20 seconds. Local cache hits 0 (0.00s CPU time), remote cache hits 0 (0.00s CPU time), compiled 4 variants (0.28s CPU time), skipped 0 variants.
    Prepared data for serialisation in 0.00s
  Pass ShadowCaster (fp, metal) finished in 0.14 seconds. Local cache hits 0 (0.00s CPU time), remote cache hits 0 (0.00s CPU time), compiled 4 variants (0.13s CPU time), skipped 0 variants.
    Prepared data for serialisation in 0.00s
  Pass DEFERRED (vp, metal) finished in 0.21 seconds. Local cache hits 0 (0.00s CPU time), remote cache hits 0 (0.00s CPU time), compiled 8 variants (0.83s CPU time), skipped 0 variants.
    Prepared data for serialisation in 0.00s
  Pass DEFERRED (fp, metal) finished in 0.23 seconds. Local cache hits 0 (0.00s CPU time), remote cache hits 0 (0.00s CPU time), compiled 8 variants (0.89s CPU time), skipped 0 variants.
    Prepared data for serialisation in 0.00s
  Pass FORWARD (vp, metal) finished in 0.46 seconds. Local cache hits 0 (0.00s CPU time), remote cache hits 0 (0.00s CPU time), compiled 16 variants (2.10s CPU time), skipped 0 variants.
    Prepared data for serialisation in 0.00s
  Pass FORWARD (fp, metal) finished in 0.64 seconds. Local cache hits 0 (0.00s CPU time), remote cache hits 0 (0.00s CPU time), compiled 8 variants (2.54s CPU time), skipped 0 variants.
    Prepared data for serialisation in 0.00s
  Pass FORWARD_DELTA (vp, metal) finished in 0.88 seconds. Local cache hits 0 (0.00s CPU time), remote cache hits 0 (0.00s CPU time), compiled 20 variants (4.29s CPU time), skipped 0 variants.
    Prepared data for serialisation in 0.00s
  Pass FORWARD_DELTA (fp, metal) finished in 1.32 seconds. Local cache hits 0 (0.00s CPU time), remote cache hits 0 (0.00s CPU time), compiled 20 variants (8.28s CPU time), skipped 0 variants.
    Prepared data for serialisation in 0.00s
  Pass ShadowCaster (vp, metal) finished in 0.28 seconds. Local cache hits 0 (0.00s CPU time), remote cache hits 0 (0.00s CPU time), compiled 4 variants (0.73s CPU time), skipped 0 variants.
    Prepared data for serialisation in 0.00s
  Pass ShadowCaster (fp, metal) finished in 0.21 seconds. Local cache hits 0 (0.00s CPU time), remote cache hits 0 (0.00s CPU time), compiled 4 variants (0.38s CPU time), skipped 0 variants.
    Prepared data for serialisation in 0.00s
Serialized binary data for shader glTF/PbrSpecularGlossiness in 0.00s
    metal (total internal programs: 172, unique: 122)
Compiling shader "Legacy Shaders/Transparent/VertexLit"
  Pass "" (vp)
    Target graphics API: metal
    Full variant space:         12
    After settings filtering:   12
    After built-in stripping:   6
    After scriptable stripping: 6
    Processed in 0.00 seconds
  Pass "" (fp)
    Target graphics API: metal
    Full variant space:         12
    After settings filtering:   12
    After built-in stripping:   6
    After scriptable stripping: 6
    Processed in 0.00 seconds
  Pass "" (vp)
    Target graphics API: metal
    Full variant space:         4
    After settings filtering:   4
    After built-in stripping:   2
    After scriptable stripping: 2
    Processed in 0.00 seconds
  Pass "" (fp)
    Target graphics API: metal
    Full variant space:         4
    After settings filtering:   4
    After built-in stripping:   2
    After scriptable stripping: 2
    Processed in 0.00 seconds
  Pass  (vp, metal) finished in 0.66 seconds. Local cache hits 0 (0.00s CPU time), remote cache hits 0 (0.00s CPU time), compiled 6 variants (3.37s CPU time), skipped 0 variants.
    Prepared data for serialisation in 0.00s
  Pass  (fp, metal) finished in 0.66 seconds. Local cache hits 0 (0.00s CPU time), remote cache hits 0 (0.00s CPU time), compiled 6 variants (0.40s CPU time), skipped 0 variants.
    Prepared data for serialisation in 0.00s
  Pass  (vp, metal) finished in 0.47 seconds. Local cache hits 0 (0.00s CPU time), remote cache hits 0 (0.00s CPU time), compiled 2 variants (0.45s CPU time), skipped 0 variants.
    Prepared data for serialisation in 0.00s
  Pass  (fp, metal) finished in 0.39 seconds. Local cache hits 0 (0.00s CPU time), remote cache hits 0 (0.00s CPU time), compiled 2 variants (0.49s CPU time), skipped 0 variants.
    Prepared data for serialisation in 0.00s
Serialized binary data for shader Legacy Shaders/Transparent/VertexLit in 0.00s
    metal (total internal programs: 16, unique: 16)
Compiling shader "Standard"
  Pass "FORWARD" (vp)
    Target graphics API: metal
    Full variant space:         1.328
    After settings filtering:   1.328
    After built-in stripping:   32
    After scriptable stripping: 32
    Processed in 0.00 seconds
  Pass "FORWARD" (fp)
    Target graphics API: metal
    Full variant space:         1.008
    After settings filtering:   1.008
    After built-in stripping:   16
    After scriptable stripping: 16
    Processed in 0.00 seconds
  Pass "FORWARD_DELTA" (vp)
    Target graphics API: metal
    Full variant space:         376
    After settings filtering:   376
    After built-in stripping:   52
    After scriptable stripping: 52
    Processed in 0.00 seconds
  Pass "FORWARD_DELTA" (fp)
    Target graphics API: metal
    Full variant space:         376
    After settings filtering:   376
    After built-in stripping:   52
    After scriptable stripping: 52
    Processed in 0.00 seconds
  Pass "ShadowCaster" (vp)
    Target graphics API: metal
    Full variant space:         8
    After settings filtering:   8
    After built-in stripping:   8
    After scriptable stripping: 8
    Processed in 0.00 seconds
  Pass "ShadowCaster" (fp)
    Target graphics API: metal
    Full variant space:         8
    After settings filtering:   8
    After built-in stripping:   8
    After scriptable stripping: 8
    Processed in 0.00 seconds
  Pass "DEFERRED" (vp)
    Target graphics API: metal
    Full variant space:         152
    After settings filtering:   152
    After built-in stripping:   16
    After scriptable stripping: 16
    Processed in 0.00 seconds
  Pass "DEFERRED" (fp)
    Target graphics API: metal
    Full variant space:         152
    After settings filtering:   152
    After built-in stripping:   16
    After scriptable stripping: 16
    Processed in 0.00 seconds
  Pass "FORWARD" (vp)
    Target graphics API: metal
    Full variant space:         416
    After settings filtering:   416
    After built-in stripping:   32
    After scriptable stripping: 32
    Processed in 0.00 seconds
  Pass "FORWARD" (fp)
    Target graphics API: metal
    Full variant space:         296
    After settings filtering:   296
    After built-in stripping:   16
    After scriptable stripping: 16
    Processed in 0.00 seconds
  Pass "FORWARD_DELTA" (vp)
    Target graphics API: metal
    Full variant space:         280
    After settings filtering:   280
    After built-in stripping:   40
    After scriptable stripping: 40
    Processed in 0.00 seconds
  Pass "FORWARD_DELTA" (fp)
    Target graphics API: metal
    Full variant space:         280
    After settings filtering:   280
    After built-in stripping:   40
    After scriptable stripping: 40
    Processed in 0.00 seconds
  Pass "ShadowCaster" (vp)
    Target graphics API: metal
    Full variant space:         4
    After settings filtering:   4
    After built-in stripping:   8
    After scriptable stripping: 8
    Processed in 0.00 seconds
  Pass "ShadowCaster" (fp)
    Target graphics API: metal
    Full variant space:         4
    After settings filtering:   4
    After built-in stripping:   8
    After scriptable stripping: 8
    Processed in 0.00 seconds
  Pass FORWARD (vp, metal) finished in 0.69 seconds. Local cache hits 1 (0.00s CPU time), remote cache hits 0 (0.00s CPU time), compiled 31 variants (4.68s CPU time), skipped 0 variants.
    Prepared data for serialisation in 0.00s
  Pass FORWARD (fp, metal) finished in 0.79 seconds. Local cache hits 1 (0.00s CPU time), remote cache hits 0 (0.00s CPU time), compiled 15 variants (4.70s CPU time), skipped 0 variants.
    Prepared data for serialisation in 0.00s
  Pass FORWARD_DELTA (vp, metal) finished in 1.01 seconds. Local cache hits 0 (0.00s CPU time), remote cache hits 0 (0.00s CPU time), compiled 52 variants (5.98s CPU time), skipped 0 variants.
    Prepared data for serialisation in 0.00s
  Pass FORWARD_DELTA (fp, metal) finished in 1.18 seconds. Local cache hits 0 (0.00s CPU time), remote cache hits 0 (0.00s CPU time), compiled 52 variants (8.48s CPU time), skipped 0 variants.
    Prepared data for serialisation in 0.00s
  Pass ShadowCaster (vp, metal) finished in 0.16 seconds. Local cache hits 2 (0.00s CPU time), remote cache hits 0 (0.00s CPU time), compiled 6 variants (0.37s CPU time), skipped 0 variants.
    Prepared data for serialisation in 0.00s
  Pass ShadowCaster (fp, metal) finished in 0.07 seconds. Local cache hits 2 (0.00s CPU time), remote cache hits 0 (0.00s CPU time), compiled 6 variants (0.17s CPU time), skipped 0 variants.
    Prepared data for serialisation in 0.00s
  Pass DEFERRED (vp, metal) finished in 0.20 seconds. Local cache hits 0 (0.00s CPU time), remote cache hits 0 (0.00s CPU time), compiled 16 variants (1.18s CPU time), skipped 0 variants.
    Prepared data for serialisation in 0.00s
  Pass DEFERRED (fp, metal) finished in 0.25 seconds. Local cache hits 0 (0.00s CPU time), remote cache hits 0 (0.00s CPU time), compiled 16 variants (1.55s CPU time), skipped 0 variants.
    Prepared data for serialisation in 0.00s
  Pass FORWARD (vp, metal) finished in 0.50 seconds. Local cache hits 0 (0.00s CPU time), remote cache hits 0 (0.00s CPU time), compiled 32 variants (3.06s CPU time), skipped 0 variants.
    Prepared data for serialisation in 0.00s
  Pass FORWARD (fp, metal) finished in 0.52 seconds. Local cache hits 0 (0.00s CPU time), remote cache hits 0 (0.00s CPU time), compiled 16 variants (2.82s CPU time), skipped 0 variants.
    Prepared data for serialisation in 0.00s
  Pass FORWARD_DELTA (vp, metal) finished in 0.60 seconds. Local cache hits 0 (0.00s CPU time), remote cache hits 0 (0.00s CPU time), compiled 40 variants (3.66s CPU time), skipped 0 variants.
    Prepared data for serialisation in 0.00s
  Pass FORWARD_DELTA (fp, metal) finished in 0.79 seconds. Local cache hits 0 (0.00s CPU time), remote cache hits 0 (0.00s CPU time), compiled 40 variants (5.11s CPU time), skipped 0 variants.
    Prepared data for serialisation in 0.00s
  Pass ShadowCaster (vp, metal) finished in 0.17 seconds. Local cache hits 0 (0.00s CPU time), remote cache hits 0 (0.00s CPU time), compiled 8 variants (0.62s CPU time), skipped 0 variants.
    Prepared data for serialisation in 0.00s
  Pass ShadowCaster (fp, metal) finished in 0.09 seconds. Local cache hits 0 (0.00s CPU time), remote cache hits 0 (0.00s CPU time), compiled 8 variants (0.19s CPU time), skipped 0 variants.
    Prepared data for serialisation in 0.00s
Serialized binary data for shader Standard in 0.00s
    metal (total internal programs: 344, unique: 246)
Compressed shader 'Standard' on metal from 1.77MB to 0.06MB
Compressed shader 'Standard' in 0.02s
Compiling shader "UI/Prerendered Opaque"
  Pass "" (vp)
    Target graphics API: metal
    Full variant space:         16
    After settings filtering:   16
    After built-in stripping:   32
    After scriptable stripping: 32
    Processed in 0.00 seconds
  Pass "" (fp)
    Target graphics API: metal
    Full variant space:         16
    After settings filtering:   16
    After built-in stripping:   32
    After scriptable stripping: 32
    Processed in 0.00 seconds
  Pass  (vp, metal) finished in 0.20 seconds. Local cache hits 0 (0.00s CPU time), remote cache hits 0 (0.00s CPU time), compiled 32 variants (1.46s CPU time), skipped 0 variants.
    Prepared data for serialisation in 0.00s
  Pass  (fp, metal) finished in 0.14 seconds. Local cache hits 0 (0.00s CPU time), remote cache hits 0 (0.00s CPU time), compiled 32 variants (0.87s CPU time), skipped 0 variants.
    Prepared data for serialisation in 0.00s
Serialized binary data for shader UI/Prerendered Opaque in 0.00s
    metal (total internal programs: 64, unique: 64)
Compiling shader "Oculus/OVRMRCameraFrame"
  Pass "" (vp)
    Target graphics API: metal
    Full variant space:         1
    After settings filtering:   1
    After built-in stripping:   2
    After scriptable stripping: 2
    Processed in 0.00 seconds
  Pass "" (fp)
    Target graphics API: metal
    Full variant space:         1
    After settings filtering:   1
    After built-in stripping:   2
    After scriptable stripping: 2
    Processed in 0.00 seconds
  Pass  (vp, metal) finished in 0.02 seconds. Local cache hits 0 (0.00s CPU time), remote cache hits 0 (0.00s CPU time), compiled 2 variants (0.05s CPU time), skipped 0 variants.
    Prepared data for serialisation in 0.00s
  Pass  (fp, metal) finished in 0.05 seconds. Local cache hits 0 (0.00s CPU time), remote cache hits 0 (0.00s CPU time), compiled 2 variants (0.10s CPU time), skipped 0 variants.
    Prepared data for serialisation in 0.00s
Serialized binary data for shader Oculus/OVRMRCameraFrame in 0.00s
    metal (total internal programs: 4, unique: 4)
Compiling shader "Oculus/UnlitTransparent"
  Pass "" (vp)
    Target graphics API: metal
    Full variant space:         4
    After settings filtering:   4
    After built-in stripping:   2
    After scriptable stripping: 2
    Processed in 0.00 seconds
  Pass "" (fp)
    Target graphics API: metal
    Full variant space:         4
    After settings filtering:   4
    After built-in stripping:   2
    After scriptable stripping: 2
    Processed in 0.00 seconds
  Pass  (vp, metal) finished in 0.04 seconds. Local cache hits 0 (0.00s CPU time), remote cache hits 0 (0.00s CPU time), compiled 2 variants (0.06s CPU time), skipped 0 variants.
    Prepared data for serialisation in 0.00s
  Pass  (fp, metal) finished in 0.04 seconds. Local cache hits 0 (0.00s CPU time), remote cache hits 0 (0.00s CPU time), compiled 2 variants (0.03s CPU time), skipped 0 variants.
    Prepared data for serialisation in 0.00s
Serialized binary data for shader Oculus/UnlitTransparent in 0.00s
    metal (total internal programs: 4, unique: 4)
Compiling shader "Oculus/Cubemap Blit"
  Pass "" (vp)
    Target graphics API: metal
    Full variant space:         1
    After settings filtering:   1
    After built-in stripping:   2
    After scriptable stripping: 2
    Processed in 0.00 seconds
  Pass "" (fp)
    Target graphics API: metal
    Full variant space:         1
    After settings filtering:   1
    After built-in stripping:   2
    After scriptable stripping: 2
    Processed in 0.00 seconds
  Pass  (vp, metal) finished in 0.04 seconds. Local cache hits 0 (0.00s CPU time), remote cache hits 0 (0.00s CPU time), compiled 2 variants (0.08s CPU time), skipped 0 variants.
    Prepared data for serialisation in 0.00s
  Pass  (fp, metal) finished in 0.04 seconds. Local cache hits 0 (0.00s CPU time), remote cache hits 0 (0.00s CPU time), compiled 2 variants (0.03s CPU time), skipped 0 variants.
    Prepared data for serialisation in 0.00s
Serialized binary data for shader Oculus/Cubemap Blit in 0.00s
    metal (total internal programs: 4, unique: 4)
Compiling shader "TextMeshPro/Distance Field"
  Pass "" (vp)
    Target graphics API: metal
    Full variant space:         4
    After settings filtering:   4
    After built-in stripping:   8
    After scriptable stripping: 8
    Processed in 0.00 seconds
  Pass "" (fp)
    Target graphics API: metal
    Full variant space:         4
    After settings filtering:   4
    After built-in stripping:   8
    After scriptable stripping: 8
    Processed in 0.00 seconds
  Pass  (vp, metal) finished in 0.22 seconds. Local cache hits 1 (0.00s CPU time), remote cache hits 0 (0.00s CPU time), compiled 7 variants (1.39s CPU time), skipped 0 variants.
    Prepared data for serialisation in 0.00s
  Pass  (fp, metal) finished in 0.25 seconds. Local cache hits 1 (0.00s CPU time), remote cache hits 0 (0.00s CPU time), compiled 7 variants (0.38s CPU time), skipped 0 variants.
    Prepared data for serialisation in 0.00s
Serialized binary data for shader TextMeshPro/Distance Field in 0.00s
    metal (total internal programs: 16, unique: 16)
Compiling shader "Meta/EnvironmentDepth/DepthMask"
  Pass "Pass 0" (vp)
    Target graphics API: metal
    Full variant space:         1
    After settings filtering:   1
    After built-in stripping:   2
    After scriptable stripping: 2
    Processed in 0.00 seconds
  Pass "Pass 0" (fp)
    Target graphics API: metal
    Full variant space:         1
    After settings filtering:   1
    After built-in stripping:   2
    After scriptable stripping: 2
    Processed in 0.00 seconds
  Pass "Pass 1" (vp)
    Target graphics API: metal
    Full variant space:         1
    After settings filtering:   1
    After built-in stripping:   2
    After scriptable stripping: 2
    Processed in 0.00 seconds
  Pass "Pass 1" (fp)
    Target graphics API: metal
    Full variant space:         1
    After settings filtering:   1
    After built-in stripping:   2
    After scriptable stripping: 2
    Processed in 0.00 seconds
  Pass Pass 0 (vp, metal) finished in 0.02 seconds. Local cache hits 0 (0.00s CPU time), remote cache hits 0 (0.00s CPU time), compiled 2 variants (0.04s CPU time), skipped 0 variants.
    Prepared data for serialisation in 0.00s
  Pass Pass 0 (fp, metal) finished in 0.02 seconds. Local cache hits 0 (0.00s CPU time), remote cache hits 0 (0.00s CPU time), compiled 2 variants (0.03s CPU time), skipped 0 variants.
    Prepared data for serialisation in 0.00s
  Pass Pass 1 (vp, metal) finished in 0.02 seconds. Local cache hits 0 (0.00s CPU time), remote cache hits 0 (0.00s CPU time), compiled 2 variants (0.03s CPU time), skipped 0 variants.
    Prepared data for serialisation in 0.00s
  Pass Pass 1 (fp, metal) finished in 0.02 seconds. Local cache hits 0 (0.00s CPU time), remote cache hits 0 (0.00s CPU time), compiled 2 variants (0.02s CPU time), skipped 0 variants.
    Prepared data for serialisation in 0.00s
Serialized binary data for shader Meta/EnvironmentDepth/DepthMask in 0.00s
    metal (total internal programs: 8, unique: 8)
Compiling shader "UI/IDF Prerendered"
  Pass "" (vp)
    Target graphics API: metal
    Full variant space:         2
    After settings filtering:   2
    After built-in stripping:   4
    After scriptable stripping: 4
    Processed in 0.00 seconds
  Pass "" (fp)
    Target graphics API: metal
    Full variant space:         2
    After settings filtering:   2
    After built-in stripping:   4
    After scriptable stripping: 4
    Processed in 0.00 seconds
  Pass  (vp, metal) finished in 0.03 seconds. Local cache hits 0 (0.00s CPU time), remote cache hits 0 (0.00s CPU time), compiled 4 variants (0.11s CPU time), skipped 0 variants.
    Prepared data for serialisation in 0.00s
  Pass  (fp, metal) finished in 0.03 seconds. Local cache hits 0 (0.00s CPU time), remote cache hits 0 (0.00s CPU time), compiled 4 variants (0.08s CPU time), skipped 0 variants.
    Prepared data for serialisation in 0.00s
Serialized binary data for shader UI/IDF Prerendered in 0.00s
    metal (total internal programs: 8, unique: 8)
Compiling shader "Oculus/Unlit"
  Pass "" (vp)
    Target graphics API: metal
    Full variant space:         4
    After settings filtering:   4
    After built-in stripping:   2
    After scriptable stripping: 2
    Processed in 0.00 seconds
  Pass "" (fp)
    Target graphics API: metal
    Full variant space:         4
    After settings filtering:   4
    After built-in stripping:   2
    After scriptable stripping: 2
    Processed in 0.00 seconds
  Pass  (vp, metal) finished in 0.02 seconds. Local cache hits 0 (0.00s CPU time), remote cache hits 0 (0.00s CPU time), compiled 2 variants (0.04s CPU time), skipped 0 variants.
    Prepared data for serialisation in 0.00s
  Pass  (fp, metal) finished in 0.02 seconds. Local cache hits 0 (0.00s CPU time), remote cache hits 0 (0.00s CPU time), compiled 2 variants (0.03s CPU time), skipped 0 variants.
    Prepared data for serialisation in 0.00s
Serialized binary data for shader Oculus/Unlit in 0.00s
    metal (total internal programs: 4, unique: 4)
Compiling shader "Oculus/Texture2D Blit"
  Pass "" (vp)
    Target graphics API: metal
    Full variant space:         1
    After settings filtering:   1
    After built-in stripping:   2
    After scriptable stripping: 2
    Processed in 0.00 seconds
  Pass "" (fp)
    Target graphics API: metal
    Full variant space:         1
    After settings filtering:   1
    After built-in stripping:   2
    After scriptable stripping: 2
    Processed in 0.00 seconds
  Pass  (vp, metal) finished in 0.02 seconds. Local cache hits 0 (0.00s CPU time), remote cache hits 0 (0.00s CPU time), compiled 2 variants (0.04s CPU time), skipped 0 variants.
    Prepared data for serialisation in 0.00s
  Pass  (fp, metal) finished in 0.02 seconds. Local cache hits 0 (0.00s CPU time), remote cache hits 0 (0.00s CPU time), compiled 2 variants (0.03s CPU time), skipped 0 variants.
    Prepared data for serialisation in 0.00s
Serialized binary data for shader Oculus/Texture2D Blit in 0.00s
    metal (total internal programs: 4, unique: 4)
Compiling shader "Oculus/OVRMRCameraFrameLit"
  Pass "FORWARD" (vp)
    Target graphics API: metal
    Full variant space:         152
    After settings filtering:   152
    After built-in stripping:   6
    After scriptable stripping: 6
    Processed in 0.00 seconds
  Pass "FORWARD" (fp)
    Target graphics API: metal
    Full variant space:         128
    After settings filtering:   128
    After built-in stripping:   4
    After scriptable stripping: 4
    Processed in 0.00 seconds
  Pass "FORWARD" (vp)
    Target graphics API: metal
    Full variant space:         20
    After settings filtering:   20
    After built-in stripping:   10
    After scriptable stripping: 10
    Processed in 0.00 seconds
  Pass "FORWARD" (fp)
    Target graphics API: metal
    Full variant space:         20
    After settings filtering:   20
    After built-in stripping:   10
    After scriptable stripping: 10
    Processed in 0.00 seconds
  Pass FORWARD (vp, metal) finished in 0.20 seconds. Local cache hits 0 (0.00s CPU time), remote cache hits 0 (0.00s CPU time), compiled 6 variants (0.77s CPU time), skipped 0 variants.
    Prepared data for serialisation in 0.00s
  Pass FORWARD (fp, metal) finished in 0.33 seconds. Local cache hits 0 (0.00s CPU time), remote cache hits 0 (0.00s CPU time), compiled 4 variants (0.73s CPU time), skipped 0 variants.
    Prepared data for serialisation in 0.00s
  Pass FORWARD (vp, metal) finished in 0.28 seconds. Local cache hits 0 (0.00s CPU time), remote cache hits 0 (0.00s CPU time), compiled 10 variants (0.97s CPU time), skipped 0 variants.
    Prepared data for serialisation in 0.00s
  Pass FORWARD (fp, metal) finished in 0.43 seconds. Local cache hits 0 (0.00s CPU time), remote cache hits 0 (0.00s CPU time), compiled 10 variants (2.42s CPU time), skipped 0 variants.
    Prepared data for serialisation in 0.00s
Serialized binary data for shader Oculus/OVRMRCameraFrameLit in 0.00s
    metal (total internal programs: 30, unique: 30)
Compiling shader "Custom/ImmersiveDebugger/PolylineUnlit"
  Pass "" (vp)
    Target graphics API: metal
    Full variant space:         8
    After settings filtering:   8
    After built-in stripping:   8
    After scriptable stripping: 8
    Processed in 0.00 seconds
  Pass "" (fp)
    Target graphics API: metal
    Full variant space:         8
    After settings filtering:   8
    After built-in stripping:   8
    After scriptable stripping: 8
    Processed in 0.00 seconds
  Pass  (vp, metal) finished in 0.21 seconds. Local cache hits 0 (0.00s CPU time), remote cache hits 0 (0.00s CPU time), compiled 8 variants (0.94s CPU time), skipped 0 variants.
    Prepared data for serialisation in 0.00s
  Pass  (fp, metal) finished in 0.17 seconds. Local cache hits 0 (0.00s CPU time), remote cache hits 0 (0.00s CPU time), compiled 8 variants (0.68s CPU time), skipped 0 variants.
    Prepared data for serialisation in 0.00s
Serialized binary data for shader Custom/ImmersiveDebugger/PolylineUnlit in 0.00s
    metal (total internal programs: 16, unique: 16)
Compiling shader "Oculus/Unlit Transparent Color"
  Pass "" (vp)
    Target graphics API: metal
    Full variant space:         1
    After settings filtering:   1
    After built-in stripping:   2
    After scriptable stripping: 2
    Processed in 0.00 seconds
  Pass "" (fp)
    Target graphics API: metal
    Full variant space:         1
    After settings filtering:   1
    After built-in stripping:   2
    After scriptable stripping: 2
    Processed in 0.00 seconds
  Pass  (vp, metal) finished in 0.04 seconds. Local cache hits 0 (0.00s CPU time), remote cache hits 0 (0.00s CPU time), compiled 2 variants (0.08s CPU time), skipped 0 variants.
    Prepared data for serialisation in 0.00s
  Pass  (fp, metal) finished in 0.04 seconds. Local cache hits 0 (0.00s CPU time), remote cache hits 0 (0.00s CPU time), compiled 2 variants (0.03s CPU time), skipped 0 variants.
    Prepared data for serialisation in 0.00s
Serialized binary data for shader Oculus/Unlit Transparent Color in 0.00s
    metal (total internal programs: 4, unique: 4)
Compiling shader "TextMeshPro/Sprite"
  Pass "Default" (vp)
    Target graphics API: metal
    Full variant space:         4
    After settings filtering:   4
    After built-in stripping:   8
    After scriptable stripping: 8
    Processed in 0.00 seconds
  Pass "Default" (fp)
    Target graphics API: metal
    Full variant space:         4
    After settings filtering:   4
    After built-in stripping:   8
    After scriptable stripping: 8
    Processed in 0.00 seconds
  Pass Default (vp, metal) finished in 0.17 seconds. Local cache hits 0 (0.00s CPU time), remote cache hits 0 (0.00s CPU time), compiled 8 variants (1.07s CPU time), skipped 0 variants.
    Prepared data for serialisation in 0.00s
  Pass Default (fp, metal) finished in 0.07 seconds. Local cache hits 0 (0.00s CPU time), remote cache hits 0 (0.00s CPU time), compiled 8 variants (0.25s CPU time), skipped 0 variants.
    Prepared data for serialisation in 0.00s
Serialized binary data for shader TextMeshPro/Sprite in 0.00s
    metal (total internal programs: 16, unique: 16)
Compiling shader "Oculus/Underlay Transparent Occluder"
  Pass "" (vp)
    Target graphics API: metal
    Full variant space:         4
    After settings filtering:   4
    After built-in stripping:   2
    After scriptable stripping: 2
    Processed in 0.00 seconds
  Pass "" (fp)
    Target graphics API: metal
    Full variant space:         4
    After settings filtering:   4
    After built-in stripping:   2
    After scriptable stripping: 2
    Processed in 0.00 seconds
  Pass "FORWARD" (vp)
    Target graphics API: metal
    Full variant space:         664
    After settings filtering:   664
    After built-in stripping:   16
    After scriptable stripping: 16
    Processed in 0.00 seconds
  Pass "FORWARD" (fp)
    Target graphics API: metal
    Full variant space:         504
    After settings filtering:   504
    After built-in stripping:   8
    After scriptable stripping: 8
    Processed in 0.00 seconds
  Pass "FORWARD" (vp)
    Target graphics API: metal
    Full variant space:         20
    After settings filtering:   20
    After built-in stripping:   10
    After scriptable stripping: 10
    Processed in 0.00 seconds
  Pass "FORWARD" (fp)
    Target graphics API: metal
    Full variant space:         20
    After settings filtering:   20
    After built-in stripping:   10
    After scriptable stripping: 10
    Processed in 0.00 seconds
  Pass "DEFERRED" (vp)
    Target graphics API: metal
    Full variant space:         76
    After settings filtering:   76
    After built-in stripping:   8
    After scriptable stripping: 8
    Processed in 0.00 seconds
  Pass "DEFERRED" (fp)
    Target graphics API: metal
    Full variant space:         76
    After settings filtering:   76
    After built-in stripping:   8
    After scriptable stripping: 8
    Processed in 0.00 seconds
  Pass  (vp, metal) finished in 0.19 seconds. Local cache hits 0 (0.00s CPU time), remote cache hits 0 (0.00s CPU time), compiled 2 variants (0.37s CPU time), skipped 0 variants.
    Prepared data for serialisation in 0.00s
  Pass  (fp, metal) finished in 0.19 seconds. Local cache hits 0 (0.00s CPU time), remote cache hits 0 (0.00s CPU time), compiled 2 variants (0.05s CPU time), skipped 0 variants.
    Prepared data for serialisation in 0.00s
  Pass FORWARD (vp, metal) finished in 0.66 seconds. Local cache hits 0 (0.00s CPU time), remote cache hits 0 (0.00s CPU time), compiled 16 variants (3.45s CPU time), skipped 0 variants.
    Prepared data for serialisation in 0.00s
  Pass FORWARD (fp, metal) finished in 0.53 seconds. Local cache hits 0 (0.00s CPU time), remote cache hits 0 (0.00s CPU time), compiled 8 variants (2.08s CPU time), skipped 0 variants.
    Prepared data for serialisation in 0.00s
  Pass FORWARD (vp, metal) finished in 0.36 seconds. Local cache hits 0 (0.00s CPU time), remote cache hits 0 (0.00s CPU time), compiled 10 variants (1.28s CPU time), skipped 0 variants.
    Prepared data for serialisation in 0.00s
  Pass FORWARD (fp, metal) finished in 0.26 seconds. Local cache hits 0 (0.00s CPU time), remote cache hits 0 (0.00s CPU time), compiled 10 variants (1.04s CPU time), skipped 0 variants.
    Prepared data for serialisation in 0.00s
  Pass DEFERRED (vp, metal) finished in 0.20 seconds. Local cache hits 0 (0.00s CPU time), remote cache hits 0 (0.00s CPU time), compiled 8 variants (0.74s CPU time), skipped 0 variants.
    Prepared data for serialisation in 0.00s
  Pass DEFERRED (fp, metal) finished in 0.15 seconds. Local cache hits 0 (0.00s CPU time), remote cache hits 0 (0.00s CPU time), compiled 8 variants (0.51s CPU time), skipped 0 variants.
    Prepared data for serialisation in 0.00s
Serialized binary data for shader Oculus/Underlay Transparent Occluder in 0.00s
    metal (total internal programs: 64, unique: 62)
Compiling shader "Oculus/Underlay Impostor"
  Pass "FORWARD" (vp)
    Target graphics API: metal
    Full variant space:         664
    After settings filtering:   664
    After built-in stripping:   16
    After scriptable stripping: 16
    Processed in 0.00 seconds
  Pass "FORWARD" (fp)
    Target graphics API: metal
    Full variant space:         504
    After settings filtering:   504
    After built-in stripping:   8
    After scriptable stripping: 8
    Processed in 0.00 seconds
  Pass "FORWARD" (vp)
    Target graphics API: metal
    Full variant space:         188
    After settings filtering:   188
    After built-in stripping:   26
    After scriptable stripping: 26
    Processed in 0.00 seconds
  Pass "FORWARD" (fp)
    Target graphics API: metal
    Full variant space:         188
    After settings filtering:   188
    After built-in stripping:   26
    After scriptable stripping: 26
    Processed in 0.00 seconds
  Pass "DEFERRED" (vp)
    Target graphics API: metal
    Full variant space:         76
    After settings filtering:   76
    After built-in stripping:   8
    After scriptable stripping: 8
    Processed in 0.00 seconds
  Pass "DEFERRED" (fp)
    Target graphics API: metal
    Full variant space:         76
    After settings filtering:   76
    After built-in stripping:   8
    After scriptable stripping: 8
    Processed in 0.00 seconds
  Pass FORWARD (vp, metal) finished in 0.31 seconds. Local cache hits 0 (0.00s CPU time), remote cache hits 0 (0.00s CPU time), compiled 16 variants (1.84s CPU time), skipped 0 variants.
    Prepared data for serialisation in 0.00s
  Pass FORWARD (fp, metal) finished in 0.48 seconds. Local cache hits 0 (0.00s CPU time), remote cache hits 0 (0.00s CPU time), compiled 8 variants (2.59s CPU time), skipped 0 variants.
    Prepared data for serialisation in 0.00s
  Pass FORWARD (vp, metal) finished in 0.57 seconds. Local cache hits 0 (0.00s CPU time), remote cache hits 0 (0.00s CPU time), compiled 26 variants (2.75s CPU time), skipped 0 variants.
    Prepared data for serialisation in 0.00s
  Pass FORWARD (fp, metal) finished in 0.79 seconds. Local cache hits 0 (0.00s CPU time), remote cache hits 0 (0.00s CPU time), compiled 26 variants (4.81s CPU time), skipped 0 variants.
    Prepared data for serialisation in 0.00s
  Pass DEFERRED (vp, metal) finished in 0.21 seconds. Local cache hits 0 (0.00s CPU time), remote cache hits 0 (0.00s CPU time), compiled 8 variants (0.72s CPU time), skipped 0 variants.
    Prepared data for serialisation in 0.00s
  Pass DEFERRED (fp, metal) finished in 0.17 seconds. Local cache hits 0 (0.00s CPU time), remote cache hits 0 (0.00s CPU time), compiled 8 variants (0.59s CPU time), skipped 0 variants.
    Prepared data for serialisation in 0.00s
Serialized binary data for shader Oculus/Underlay Impostor in 0.00s
    metal (total internal programs: 92, unique: 92)
Compiling shader "Meta/EnvironmentDepth/Preprocessing"
  Pass "Environment Depth Preprocessing Pass" (vp)
    Target graphics API: metal
    Full variant space:         1
    After settings filtering:   1
    After built-in stripping:   2
    After scriptable stripping: 2
    Processed in 0.00 seconds
  Pass "Environment Depth Preprocessing Pass" (fp)
    Target graphics API: metal
    Full variant space:         1
    After settings filtering:   1
    After built-in stripping:   2
    After scriptable stripping: 2
    Processed in 0.00 seconds
  Pass Environment Depth Preprocessing Pass (vp, metal) finished in 0.01 seconds. Local cache hits 0 (0.00s CPU time), remote cache hits 0 (0.00s CPU time), compiled 2 variants (0.03s CPU time), skipped 0 variants.
    Prepared data for serialisation in 0.00s
  Pass Environment Depth Preprocessing Pass (fp, metal) finished in 0.04 seconds. Local cache hits 0 (0.00s CPU time), remote cache hits 0 (0.00s CPU time), compiled 2 variants (0.08s CPU time), skipped 0 variants.
    Prepared data for serialisation in 0.00s
Serialized binary data for shader Meta/EnvironmentDepth/Preprocessing in 0.00s
    metal (total internal programs: 4, unique: 4)
Compiling shader "TextMeshPro/Mobile/Distance Field"
  Pass "" (vp)
    Target graphics API: metal
    Full variant space:         12
    After settings filtering:   12
    After built-in stripping:   24
    After scriptable stripping: 24
    Processed in 0.00 seconds
  Pass "" (fp)
    Target graphics API: metal
    Full variant space:         12
    After settings filtering:   12
    After built-in stripping:   24
    After scriptable stripping: 24
    Processed in 0.00 seconds
  Pass  (vp, metal) finished in 0.65 seconds. Local cache hits 1 (0.00s CPU time), remote cache hits 0 (0.00s CPU time), compiled 23 variants (4.40s CPU time), skipped 0 variants.
    Prepared data for serialisation in 0.00s
  Pass  (fp, metal) finished in 0.20 seconds. Local cache hits 1 (0.00s CPU time), remote cache hits 0 (0.00s CPU time), compiled 23 variants (0.86s CPU time), skipped 0 variants.
    Prepared data for serialisation in 0.00s
Serialized binary data for shader TextMeshPro/Mobile/Distance Field in 0.00s
    metal (total internal programs: 48, unique: 48)
Compiling compute shader "NMSCompute"
    starting stripping...
    finished in 0.00 seconds. 1 of 1 variants left
    1 variants, starting compilation...
    finished in 15.19 seconds. Local cache hits 0, remote cache hits 0, compiled 1 variants
Compiling compute shader "CopyDepthTextureIntoNativeArray"
    starting stripping...
    finished in 0.00 seconds. 1 of 1 variants left
    1 variants, starting compilation...
    finished in 0.05 seconds. Local cache hits 0, remote cache hits 0, compiled 1 variants
Compiling compute shader "CopyDepthTexture"
    starting stripping...
    finished in 0.00 seconds. 1 of 1 variants left
    1 variants, starting compilation...
    finished in 0.02 seconds. Local cache hits 0, remote cache hits 0, compiled 1 variants
Compiling shader "Skybox/Procedural"
  Pass "" (vp)
    Target graphics API: metal
    Full variant space:         3
    After settings filtering:   3
    After built-in stripping:   6
    After scriptable stripping: 6
    Processed in 0.00 seconds
  Pass "" (fp)
    Target graphics API: metal
    Full variant space:         3
    After settings filtering:   3
    After built-in stripping:   6
    After scriptable stripping: 6
    Processed in 0.00 seconds
  Pass  (vp, metal) finished in 0.25 seconds. Local cache hits 0 (0.00s CPU time), remote cache hits 0 (0.00s CPU time), compiled 6 variants (1.23s CPU time), skipped 0 variants.
    Prepared data for serialisation in 0.00s
  Pass  (fp, metal) finished in 0.25 seconds. Local cache hits 0 (0.00s CPU time), remote cache hits 0 (0.00s CPU time), compiled 6 variants (0.32s CPU time), skipped 0 variants.
    Prepared data for serialisation in 0.00s
Serialized binary data for shader Skybox/Procedural in 0.00s
    metal (total internal programs: 12, unique: 12)
Compiling shader "Legacy Shaders/VertexLit"
  Pass "" (vp)
    Target graphics API: metal
    Full variant space:         12
    After settings filtering:   12
    After built-in stripping:   6
    After scriptable stripping: 6
    Processed in 0.00 seconds
  Pass "" (fp)
    Target graphics API: metal
    Full variant space:         12
    After settings filtering:   12
    After built-in stripping:   6
    After scriptable stripping: 6
    Processed in 0.00 seconds
  Pass "" (vp)
    Target graphics API: metal
    Full variant space:         4
    After settings filtering:   4
    After built-in stripping:   2
    After scriptable stripping: 2
    Processed in 0.00 seconds
  Pass "" (fp)
    Target graphics API: metal
    Full variant space:         4
    After settings filtering:   4
    After built-in stripping:   2
    After scriptable stripping: 2
    Processed in 0.00 seconds
  Pass "ShadowCaster" (vp)
    Target graphics API: metal
    Full variant space:         4
    After settings filtering:   4
    After built-in stripping:   4
    After scriptable stripping: 4
    Processed in 0.00 seconds
  Pass "ShadowCaster" (fp)
    Target graphics API: metal
    Full variant space:         4
    After settings filtering:   4
    After built-in stripping:   4
    After scriptable stripping: 4
    Processed in 0.00 seconds
  Pass  (vp, metal) finished in 0.18 seconds. Local cache hits 0 (0.00s CPU time), remote cache hits 0 (0.00s CPU time), compiled 6 variants (0.91s CPU time), skipped 0 variants.
    Prepared data for serialisation in 0.00s
  Pass  (fp, metal) finished in 0.18 seconds. Local cache hits 0 (0.00s CPU time), remote cache hits 0 (0.00s CPU time), compiled 6 variants (0.19s CPU time), skipped 0 variants.
    Prepared data for serialisation in 0.00s
  Pass  (vp, metal) finished in 0.05 seconds. Local cache hits 0 (0.00s CPU time), remote cache hits 0 (0.00s CPU time), compiled 2 variants (0.08s CPU time), skipped 0 variants.
    Prepared data for serialisation in 0.00s
  Pass  (fp, metal) finished in 0.05 seconds. Local cache hits 0 (0.00s CPU time), remote cache hits 0 (0.00s CPU time), compiled 2 variants (0.06s CPU time), skipped 0 variants.
    Prepared data for serialisation in 0.00s
  Pass ShadowCaster (vp, metal) finished in 0.09 seconds. Local cache hits 0 (0.00s CPU time), remote cache hits 0 (0.00s CPU time), compiled 4 variants (0.24s CPU time), skipped 0 variants.
    Prepared data for serialisation in 0.00s
  Pass ShadowCaster (fp, metal) finished in 0.07 seconds. Local cache hits 0 (0.00s CPU time), remote cache hits 0 (0.00s CPU time), compiled 4 variants (0.09s CPU time), skipped 0 variants.
    Prepared data for serialisation in 0.00s
Serialized binary data for shader Legacy Shaders/VertexLit in 0.00s
    metal (total internal programs: 24, unique: 24)
Compiling shader "Legacy Shaders/Diffuse"
  Pass "FORWARD" (vp)
    Target graphics API: metal
    Full variant space:         664
    After settings filtering:   664
    After built-in stripping:   16
    After scriptable stripping: 16
    Processed in 0.00 seconds
  Pass "FORWARD" (fp)
    Target graphics API: metal
    Full variant space:         504
    After settings filtering:   504
    After built-in stripping:   8
    After scriptable stripping: 8
    Processed in 0.00 seconds
  Pass "FORWARD" (vp)
    Target graphics API: metal
    Full variant space:         20
    After settings filtering:   20
    After built-in stripping:   10
    After scriptable stripping: 10
    Processed in 0.00 seconds
  Pass "FORWARD" (fp)
    Target graphics API: metal
    Full variant space:         20
    After settings filtering:   20
    After built-in stripping:   10
    After scriptable stripping: 10
    Processed in 0.00 seconds
  Pass "DEFERRED" (vp)
    Target graphics API: metal
    Full variant space:         76
    After settings filtering:   76
    After built-in stripping:   8
    After scriptable stripping: 8
    Processed in 0.00 seconds
  Pass "DEFERRED" (fp)
    Target graphics API: metal
    Full variant space:         76
    After settings filtering:   76
    After built-in stripping:   8
    After scriptable stripping: 8
    Processed in 0.00 seconds
  Pass FORWARD (vp, metal) finished in 0.29 seconds. Local cache hits 0 (0.00s CPU time), remote cache hits 0 (0.00s CPU time), compiled 16 variants (1.79s CPU time), skipped 0 variants.
    Prepared data for serialisation in 0.00s
  Pass FORWARD (fp, metal) finished in 0.29 seconds. Local cache hits 0 (0.00s CPU time), remote cache hits 0 (0.00s CPU time), compiled 8 variants (0.95s CPU time), skipped 0 variants.
    Prepared data for serialisation in 0.00s
  Pass FORWARD (vp, metal) finished in 0.28 seconds. Local cache hits 0 (0.00s CPU time), remote cache hits 0 (0.00s CPU time), compiled 10 variants (0.96s CPU time), skipped 0 variants.
    Prepared data for serialisation in 0.00s
  Pass FORWARD (fp, metal) finished in 0.22 seconds. Local cache hits 0 (0.00s CPU time), remote cache hits 0 (0.00s CPU time), compiled 10 variants (0.98s CPU time), skipped 0 variants.
    Prepared data for serialisation in 0.00s
  Pass DEFERRED (vp, metal) finished in 0.24 seconds. Local cache hits 0 (0.00s CPU time), remote cache hits 0 (0.00s CPU time), compiled 8 variants (0.77s CPU time), skipped 0 variants.
    Prepared data for serialisation in 0.00s
  Pass DEFERRED (fp, metal) finished in 0.17 seconds. Local cache hits 0 (0.00s CPU time), remote cache hits 0 (0.00s CPU time), compiled 8 variants (0.56s CPU time), skipped 0 variants.
    Prepared data for serialisation in 0.00s
Serialized binary data for shader Legacy Shaders/Diffuse in 0.00s
    metal (total internal programs: 60, unique: 58)
Compiling shader "Hidden/Internal-StencilWrite"
  Pass "" (vp)
    Target graphics API: metal
    Full variant space:         1
    After settings filtering:   1
    After built-in stripping:   2
    After scriptable stripping: 2
    Processed in 0.00 seconds
  Pass "" (fp)
    Target graphics API: metal
    Full variant space:         1
    After settings filtering:   1
    After built-in stripping:   2
    After scriptable stripping: 2
    Processed in 0.00 seconds
  Pass  (vp, metal) finished in 0.04 seconds. Local cache hits 0 (0.00s CPU time), remote cache hits 0 (0.00s CPU time), compiled 2 variants (0.06s CPU time), skipped 0 variants.
    Prepared data for serialisation in 0.00s
  Pass  (fp, metal) finished in 0.04 seconds. Local cache hits 0 (0.00s CPU time), remote cache hits 0 (0.00s CPU time), compiled 2 variants (0.03s CPU time), skipped 0 variants.
    Prepared data for serialisation in 0.00s
Serialized binary data for shader Hidden/Internal-StencilWrite in 0.00s
    metal (total internal programs: 4, unique: 4)
Compiling shader "Hidden/Internal-DepthNormalsTexture"
  Pass "" (vp)
    Target graphics API: metal
    Full variant space:         1
    After settings filtering:   1
    After built-in stripping:   2
    After scriptable stripping: 2
    Processed in 0.00 seconds
  Pass "" (fp)
    Target graphics API: metal
    Full variant space:         1
    After settings filtering:   1
    After built-in stripping:   2
    After scriptable stripping: 2
    Processed in 0.00 seconds
  Pass "" (vp)
    Target graphics API: metal
    Full variant space:         1
    After settings filtering:   1
    After built-in stripping:   2
    After scriptable stripping: 2
    Processed in 0.00 seconds
  Pass "" (fp)
    Target graphics API: metal
    Full variant space:         1
    After settings filtering:   1
    After built-in stripping:   2
    After scriptable stripping: 2
    Processed in 0.00 seconds
  Pass "" (vp)
    Target graphics API: metal
    Full variant space:         1
    After settings filtering:   1
    After built-in stripping:   2
    After scriptable stripping: 2
    Processed in 0.00 seconds
  Pass "" (fp)
    Target graphics API: metal
    Full variant space:         1
    After settings filtering:   1
    After built-in stripping:   2
    After scriptable stripping: 2
    Processed in 0.00 seconds
  Pass "" (vp)
    Target graphics API: metal
    Full variant space:         1
    After settings filtering:   1
    After built-in stripping:   2
    After scriptable stripping: 2
    Processed in 0.00 seconds
  Pass "" (fp)
    Target graphics API: metal
    Full variant space:         1
    After settings filtering:   1
    After built-in stripping:   2
    After scriptable stripping: 2
    Processed in 0.00 seconds
  Pass "" (vp)
    Target graphics API: metal
    Full variant space:         1
    After settings filtering:   1
    After built-in stripping:   2
    After scriptable stripping: 2
    Processed in 0.00 seconds
  Pass "" (fp)
    Target graphics API: metal
    Full variant space:         1
    After settings filtering:   1
    After built-in stripping:   2
    After scriptable stripping: 2
    Processed in 0.00 seconds
  Pass "" (vp)
    Target graphics API: metal
    Full variant space:         1
    After settings filtering:   1
    After built-in stripping:   2
    After scriptable stripping: 2
    Processed in 0.00 seconds
  Pass "" (fp)
    Target graphics API: metal
    Full variant space:         1
    After settings filtering:   1
    After built-in stripping:   2
    After scriptable stripping: 2
    Processed in 0.00 seconds
  Pass "" (vp)
    Target graphics API: metal
    Full variant space:         1
    After settings filtering:   1
    After built-in stripping:   2
    After scriptable stripping: 2
    Processed in 0.00 seconds
  Pass "" (fp)
    Target graphics API: metal
    Full variant space:         1
    After settings filtering:   1
    After built-in stripping:   2
    After scriptable stripping: 2
    Processed in 0.00 seconds
  Pass "" (vp)
    Target graphics API: metal
    Full variant space:         1
    After settings filtering:   1
    After built-in stripping:   2
    After scriptable stripping: 2
    Processed in 0.00 seconds
  Pass "" (fp)
    Target graphics API: metal
    Full variant space:         1
    After settings filtering:   1
    After built-in stripping:   2
    After scriptable stripping: 2
    Processed in 0.00 seconds
  Pass "" (vp)
    Target graphics API: metal
    Full variant space:         1
    After settings filtering:   1
    After built-in stripping:   2
    After scriptable stripping: 2
    Processed in 0.00 seconds
  Pass "" (fp)
    Target graphics API: metal
    Full variant space:         1
    After settings filtering:   1
    After built-in stripping:   2
    After scriptable stripping: 2
    Processed in 0.00 seconds
  Pass "" (vp)
    Target graphics API: metal
    Full variant space:         1
    After settings filtering:   1
    After built-in stripping:   2
    After scriptable stripping: 2
    Processed in 0.00 seconds
  Pass "" (fp)
    Target graphics API: metal
    Full variant space:         1
    After settings filtering:   1
    After built-in stripping:   2
    After scriptable stripping: 2
    Processed in 0.00 seconds
  Pass  (vp, metal) finished in 0.15 seconds. Local cache hits 0 (0.00s CPU time), remote cache hits 0 (0.00s CPU time), compiled 2 variants (0.23s CPU time), skipped 0 variants.
    Prepared data for serialisation in 0.00s
  Pass  (fp, metal) finished in 0.15 seconds. Local cache hits 0 (0.00s CPU time), remote cache hits 0 (0.00s CPU time), compiled 2 variants (0.05s CPU time), skipped 0 variants.
    Prepared data for serialisation in 0.00s
  Pass  (vp, metal) finished in 0.15 seconds. Local cache hits 0 (0.00s CPU time), remote cache hits 0 (0.00s CPU time), compiled 2 variants (0.18s CPU time), skipped 0 variants.
    Prepared data for serialisation in 0.00s
  Pass  (fp, metal) finished in 0.15 seconds. Local cache hits 0 (0.00s CPU time), remote cache hits 0 (0.00s CPU time), compiled 2 variants (0.06s CPU time), skipped 0 variants.
    Prepared data for serialisation in 0.00s
  Pass  (vp, metal) finished in 0.22 seconds. Local cache hits 0 (0.00s CPU time), remote cache hits 0 (0.00s CPU time), compiled 2 variants (0.37s CPU time), skipped 0 variants.
    Prepared data for serialisation in 0.00s
  Pass  (fp, metal) finished in 0.20 seconds. Local cache hits 0 (0.00s CPU time), remote cache hits 0 (0.00s CPU time), compiled 2 variants (0.09s CPU time), skipped 0 variants.
    Prepared data for serialisation in 0.00s
  Pass  (vp, metal) finished in 0.32 seconds. Local cache hits 0 (0.00s CPU time), remote cache hits 0 (0.00s CPU time), compiled 2 variants (0.54s CPU time), skipped 0 variants.
    Prepared data for serialisation in 0.00s
  Pass  (fp, metal) finished in 0.29 seconds. Local cache hits 0 (0.00s CPU time), remote cache hits 0 (0.00s CPU time), compiled 2 variants (0.08s CPU time), skipped 0 variants.
    Prepared data for serialisation in 0.00s
  Pass  (vp, metal) finished in 0.25 seconds. Local cache hits 0 (0.00s CPU time), remote cache hits 0 (0.00s CPU time), compiled 2 variants (0.28s CPU time), skipped 0 variants.
    Prepared data for serialisation in 0.00s
  Pass  (fp, metal) finished in 0.24 seconds. Local cache hits 0 (0.00s CPU time), remote cache hits 0 (0.00s CPU time), compiled 2 variants (0.04s CPU time), skipped 0 variants.
    Prepared data for serialisation in 0.00s
  Pass  (vp, metal) finished in 0.22 seconds. Local cache hits 0 (0.00s CPU time), remote cache hits 0 (0.00s CPU time), compiled 2 variants (0.33s CPU time), skipped 0 variants.
    Prepared data for serialisation in 0.00s
  Pass  (fp, metal) finished in 0.15 seconds. Local cache hits 0 (0.00s CPU time), remote cache hits 0 (0.00s CPU time), compiled 2 variants (0.07s CPU time), skipped 0 variants.
    Prepared data for serialisation in 0.00s
  Pass  (vp, metal) finished in 0.14 seconds. Local cache hits 0 (0.00s CPU time), remote cache hits 0 (0.00s CPU time), compiled 2 variants (0.23s CPU time), skipped 0 variants.
    Prepared data for serialisation in 0.00s
  Pass  (fp, metal) finished in 0.12 seconds. Local cache hits 0 (0.00s CPU time), remote cache hits 0 (0.00s CPU time), compiled 2 variants (0.08s CPU time), skipped 0 variants.
    Prepared data for serialisation in 0.00s
  Pass  (vp, metal) finished in 0.13 seconds. Local cache hits 0 (0.00s CPU time), remote cache hits 0 (0.00s CPU time), compiled 2 variants (0.21s CPU time), skipped 0 variants.
    Prepared data for serialisation in 0.00s
  Pass  (fp, metal) finished in 0.08 seconds. Local cache hits 0 (0.00s CPU time), remote cache hits 0 (0.00s CPU time), compiled 2 variants (0.07s CPU time), skipped 0 variants.
    Prepared data for serialisation in 0.00s
  Pass  (vp, metal) finished in 0.15 seconds. Local cache hits 0 (0.00s CPU time), remote cache hits 0 (0.00s CPU time), compiled 2 variants (0.28s CPU time), skipped 0 variants.
    Prepared data for serialisation in 0.00s
  Pass  (fp, metal) finished in 0.15 seconds. Local cache hits 0 (0.00s CPU time), remote cache hits 0 (0.00s CPU time), compiled 2 variants (0.05s CPU time), skipped 0 variants.
    Prepared data for serialisation in 0.00s
  Pass  (vp, metal) finished in 0.14 seconds. Local cache hits 0 (0.00s CPU time), remote cache hits 0 (0.00s CPU time), compiled 2 variants (0.24s CPU time), skipped 0 variants.
    Prepared data for serialisation in 0.00s
  Pass  (fp, metal) finished in 0.13 seconds. Local cache hits 0 (0.00s CPU time), remote cache hits 0 (0.00s CPU time), compiled 2 variants (0.05s CPU time), skipped 0 variants.
    Prepared data for serialisation in 0.00s
Serialized binary data for shader Hidden/Internal-DepthNormalsTexture in 0.00s
    metal (total internal programs: 40, unique: 32)
Compiling shader "Hidden/Internal-ScreenSpaceShadows"
  Pass "" (vp)
    Target graphics API: metal
    Full variant space:         4
    After settings filtering:   4
    After built-in stripping:   8
    After scriptable stripping: 8
    Processed in 0.00 seconds
  Pass "" (fp)
    Target graphics API: metal
    Full variant space:         4
    After settings filtering:   4
    After built-in stripping:   8
    After scriptable stripping: 8
    Processed in 0.00 seconds
  Pass "" (vp)
    Target graphics API: metal
    Full variant space:         4
    After settings filtering:   4
    After built-in stripping:   8
    After scriptable stripping: 8
    Processed in 0.00 seconds
  Pass "" (fp)
    Target graphics API: metal
    Full variant space:         4
    After settings filtering:   4
    After built-in stripping:   8
    After scriptable stripping: 8
    Processed in 0.00 seconds
  Pass "" (vp)
    Target graphics API: metal
    Full variant space:         4
    After settings filtering:   4
    After built-in stripping:   8
    After scriptable stripping: 8
    Processed in 0.00 seconds
  Pass "" (fp)
    Target graphics API: metal
    Full variant space:         4
    After settings filtering:   4
    After built-in stripping:   8
    After scriptable stripping: 8
    Processed in 0.00 seconds
  Pass "" (vp)
    Target graphics API: metal
    Full variant space:         4
    After settings filtering:   4
    After built-in stripping:   8
    After scriptable stripping: 8
    Processed in 0.00 seconds
  Pass "" (fp)
    Target graphics API: metal
    Full variant space:         4
    After settings filtering:   4
    After built-in stripping:   8
    After scriptable stripping: 8
    Processed in 0.00 seconds
  Pass  (vp, metal) finished in 0.31 seconds. Local cache hits 0 (0.00s CPU time), remote cache hits 0 (0.00s CPU time), compiled 8 variants (1.48s CPU time), skipped 0 variants.
    Prepared data for serialisation in 0.00s
  Pass  (fp, metal) finished in 0.32 seconds. Local cache hits 0 (0.00s CPU time), remote cache hits 0 (0.00s CPU time), compiled 8 variants (1.27s CPU time), skipped 0 variants.
    Prepared data for serialisation in 0.00s
  Pass  (vp, metal) finished in 0.22 seconds. Local cache hits 0 (0.00s CPU time), remote cache hits 0 (0.00s CPU time), compiled 8 variants (0.75s CPU time), skipped 0 variants.
    Prepared data for serialisation in 0.00s
  Pass  (fp, metal) finished in 0.26 seconds. Local cache hits 0 (0.00s CPU time), remote cache hits 0 (0.00s CPU time), compiled 8 variants (1.15s CPU time), skipped 0 variants.
    Prepared data for serialisation in 0.00s
  Pass  (vp, metal) finished in 0.21 seconds. Local cache hits 0 (0.00s CPU time), remote cache hits 0 (0.00s CPU time), compiled 8 variants (0.86s CPU time), skipped 0 variants.
    Prepared data for serialisation in 0.00s
  Pass  (fp, metal) finished in 0.45 seconds. Local cache hits 0 (0.00s CPU time), remote cache hits 0 (0.00s CPU time), compiled 8 variants (2.45s CPU time), skipped 0 variants.
    Prepared data for serialisation in 0.00s
  Pass  (vp, metal) finished in 0.27 seconds. Local cache hits 0 (0.00s CPU time), remote cache hits 0 (0.00s CPU time), compiled 8 variants (0.84s CPU time), skipped 0 variants.
    Prepared data for serialisation in 0.00s
  Pass  (fp, metal) finished in 0.32 seconds. Local cache hits 0 (0.00s CPU time), remote cache hits 0 (0.00s CPU time), compiled 8 variants (1.91s CPU time), skipped 0 variants.
    Prepared data for serialisation in 0.00s
Serialized binary data for shader Hidden/Internal-ScreenSpaceShadows in 0.00s
    metal (total internal programs: 64, unique: 40)
Compiling shader "Hidden/Internal-CombineDepthNormals"
  Pass "" (vp)
    Target graphics API: metal
    Full variant space:         1
    After settings filtering:   1
    After built-in stripping:   2
    After scriptable stripping: 2
    Processed in 0.00 seconds
  Pass "" (fp)
    Target graphics API: metal
    Full variant space:         1
    After settings filtering:   1
    After built-in stripping:   2
    After scriptable stripping: 2
    Processed in 0.00 seconds
  Pass  (vp, metal) finished in 0.03 seconds. Local cache hits 0 (0.00s CPU time), remote cache hits 0 (0.00s CPU time), compiled 2 variants (0.06s CPU time), skipped 0 variants.
    Prepared data for serialisation in 0.00s
  Pass  (fp, metal) finished in 0.03 seconds. Local cache hits 0 (0.00s CPU time), remote cache hits 0 (0.00s CPU time), compiled 2 variants (0.06s CPU time), skipped 0 variants.
    Prepared data for serialisation in 0.00s
Serialized binary data for shader Hidden/Internal-CombineDepthNormals in 0.00s
    metal (total internal programs: 4, unique: 4)
Compiling shader "Hidden/BlitCopy"
  Pass "" (vp)
    Target graphics API: metal
    Full variant space:         1
    After settings filtering:   1
    After built-in stripping:   2
    After scriptable stripping: 2
    Processed in 0.00 seconds
  Pass "" (fp)
    Target graphics API: metal
    Full variant space:         1
    After settings filtering:   1
    After built-in stripping:   2
    After scriptable stripping: 2
    Processed in 0.00 seconds
  Pass  (vp, metal) finished in 0.04 seconds. Local cache hits 1 (0.00s CPU time), remote cache hits 0 (0.00s CPU time), compiled 1 variants (0.04s CPU time), skipped 0 variants.
    Prepared data for serialisation in 0.00s
  Pass  (fp, metal) finished in 0.04 seconds. Local cache hits 1 (0.00s CPU time), remote cache hits 0 (0.00s CPU time), compiled 1 variants (0.02s CPU time), skipped 0 variants.
    Prepared data for serialisation in 0.00s
Serialized binary data for shader Hidden/BlitCopy in 0.00s
    metal (total internal programs: 4, unique: 4)
Compiling shader "Hidden/BlitCopyDepth"
  Pass "" (vp)
    Target graphics API: metal
    Full variant space:         1
    After settings filtering:   1
    After built-in stripping:   2
    After scriptable stripping: 2
    Processed in 0.00 seconds
  Pass "" (fp)
    Target graphics API: metal
    Full variant space:         1
    After settings filtering:   1
    After built-in stripping:   2
    After scriptable stripping: 2
    Processed in 0.00 seconds
  Pass  (vp, metal) finished in 0.04 seconds. Local cache hits 0 (0.00s CPU time), remote cache hits 0 (0.00s CPU time), compiled 2 variants (0.07s CPU time), skipped 0 variants.
    Prepared data for serialisation in 0.00s
  Pass  (fp, metal) finished in 0.04 seconds. Local cache hits 0 (0.00s CPU time), remote cache hits 0 (0.00s CPU time), compiled 2 variants (0.03s CPU time), skipped 0 variants.
    Prepared data for serialisation in 0.00s
Serialized binary data for shader Hidden/BlitCopyDepth in 0.00s
    metal (total internal programs: 4, unique: 4)
Compiling shader "Hidden/ConvertTexture"
  Pass "" (vp)
    Target graphics API: metal
    Full variant space:         1
    After settings filtering:   1
    After built-in stripping:   2
    After scriptable stripping: 2
    Processed in 0.00 seconds
  Pass "" (fp)
    Target graphics API: metal
    Full variant space:         1
    After settings filtering:   1
    After built-in stripping:   2
    After scriptable stripping: 2
    Processed in 0.00 seconds
  Pass  (vp, metal) finished in 0.06 seconds. Local cache hits 0 (0.00s CPU time), remote cache hits 0 (0.00s CPU time), compiled 2 variants (0.12s CPU time), skipped 0 variants.
    Prepared data for serialisation in 0.00s
  Pass  (fp, metal) finished in 0.06 seconds. Local cache hits 0 (0.00s CPU time), remote cache hits 0 (0.00s CPU time), compiled 2 variants (0.05s CPU time), skipped 0 variants.
    Prepared data for serialisation in 0.00s
Serialized binary data for shader Hidden/ConvertTexture in 0.00s
    metal (total internal programs: 4, unique: 4)
Compiling shader "Hidden/Internal-DeferredShading"
  Pass "" (vp)
    Target graphics API: metal
    Full variant space:         94
    After settings filtering:   94
    After built-in stripping:   52
    After scriptable stripping: 52
    Processed in 0.00 seconds
  Pass "" (fp)
    Target graphics API: metal
    Full variant space:         94
    After settings filtering:   94
    After built-in stripping:   52
    After scriptable stripping: 52
    Processed in 0.00 seconds
  Pass "" (vp)
    Target graphics API: metal
    Full variant space:         1
    After settings filtering:   1
    After built-in stripping:   2
    After scriptable stripping: 2
    Processed in 0.00 seconds
  Pass "" (fp)
    Target graphics API: metal
    Full variant space:         1
    After settings filtering:   1
    After built-in stripping:   2
    After scriptable stripping: 2
    Processed in 0.00 seconds
  Pass  (vp, metal) finished in 0.83 seconds. Local cache hits 0 (0.00s CPU time), remote cache hits 0 (0.00s CPU time), compiled 52 variants (6.46s CPU time), skipped 0 variants.
    Prepared data for serialisation in 0.00s
  Pass  (fp, metal) finished in 1.16 seconds. Local cache hits 0 (0.00s CPU time), remote cache hits 0 (0.00s CPU time), compiled 52 variants (8.53s CPU time), skipped 0 variants.
    Prepared data for serialisation in 0.00s
  Pass  (vp, metal) finished in 0.13 seconds. Local cache hits 0 (0.00s CPU time), remote cache hits 0 (0.00s CPU time), compiled 2 variants (0.10s CPU time), skipped 0 variants.
    Prepared data for serialisation in 0.00s
  Pass  (fp, metal) finished in 0.09 seconds. Local cache hits 0 (0.00s CPU time), remote cache hits 0 (0.00s CPU time), compiled 2 variants (0.03s CPU time), skipped 0 variants.
    Prepared data for serialisation in 0.00s
Serialized binary data for shader Hidden/Internal-DeferredShading in 0.00s
    metal (total internal programs: 108, unique: 108)
Compiling shader "Hidden/Internal-DeferredReflections"
  Pass "" (vp)
    Target graphics API: metal
    Full variant space:         1
    After settings filtering:   1
    After built-in stripping:   2
    After scriptable stripping: 2
    Processed in 0.00 seconds
  Pass "" (fp)
    Target graphics API: metal
    Full variant space:         1
    After settings filtering:   1
    After built-in stripping:   2
    After scriptable stripping: 2
    Processed in 0.00 seconds
  Pass "" (vp)
    Target graphics API: metal
    Full variant space:         2
    After settings filtering:   2
    After built-in stripping:   4
    After scriptable stripping: 4
    Processed in 0.00 seconds
  Pass "" (fp)
    Target graphics API: metal
    Full variant space:         2
    After settings filtering:   2
    After built-in stripping:   4
    After scriptable stripping: 4
    Processed in 0.00 seconds
  Pass  (vp, metal) finished in 0.08 seconds. Local cache hits 0 (0.00s CPU time), remote cache hits 0 (0.00s CPU time), compiled 2 variants (0.16s CPU time), skipped 0 variants.
    Prepared data for serialisation in 0.00s
  Pass  (fp, metal) finished in 0.11 seconds. Local cache hits 0 (0.00s CPU time), remote cache hits 0 (0.00s CPU time), compiled 2 variants (0.22s CPU time), skipped 0 variants.
    Prepared data for serialisation in 0.00s
  Pass  (vp, metal) finished in 0.11 seconds. Local cache hits 0 (0.00s CPU time), remote cache hits 0 (0.00s CPU time), compiled 4 variants (0.19s CPU time), skipped 0 variants.
    Prepared data for serialisation in 0.00s
  Pass  (fp, metal) finished in 0.06 seconds. Local cache hits 0 (0.00s CPU time), remote cache hits 0 (0.00s CPU time), compiled 4 variants (0.09s CPU time), skipped 0 variants.
    Prepared data for serialisation in 0.00s
Serialized binary data for shader Hidden/Internal-DeferredReflections in 0.00s
    metal (total internal programs: 12, unique: 12)
Compiling shader "Hidden/Internal-MotionVectors"
  Pass "" (vp)
    Target graphics API: metal
    Full variant space:         1
    After settings filtering:   1
    After built-in stripping:   2
    After scriptable stripping: 2
    Processed in 0.00 seconds
  Pass "" (fp)
    Target graphics API: metal
    Full variant space:         1
    After settings filtering:   1
    After built-in stripping:   2
    After scriptable stripping: 2
    Processed in 0.00 seconds
  Pass "" (vp)
    Target graphics API: metal
    Full variant space:         1
    After settings filtering:   1
    After built-in stripping:   2
    After scriptable stripping: 2
    Processed in 0.00 seconds
  Pass "" (fp)
    Target graphics API: metal
    Full variant space:         1
    After settings filtering:   1
    After built-in stripping:   2
    After scriptable stripping: 2
    Processed in 0.00 seconds
  Pass "" (vp)
    Target graphics API: metal
    Full variant space:         1
    After settings filtering:   1
    After built-in stripping:   2
    After scriptable stripping: 2
    Processed in 0.00 seconds
  Pass "" (fp)
    Target graphics API: metal
    Full variant space:         1
    After settings filtering:   1
    After built-in stripping:   2
    After scriptable stripping: 2
    Processed in 0.00 seconds
  Pass  (vp, metal) finished in 0.11 seconds. Local cache hits 0 (0.00s CPU time), remote cache hits 0 (0.00s CPU time), compiled 2 variants (0.15s CPU time), skipped 0 variants.
    Prepared data for serialisation in 0.00s
  Pass  (fp, metal) finished in 0.11 seconds. Local cache hits 0 (0.00s CPU time), remote cache hits 0 (0.00s CPU time), compiled 2 variants (0.07s CPU time), skipped 0 variants.
    Prepared data for serialisation in 0.00s
  Pass  (vp, metal) finished in 0.11 seconds. Local cache hits 0 (0.00s CPU time), remote cache hits 0 (0.00s CPU time), compiled 2 variants (0.15s CPU time), skipped 0 variants.
    Prepared data for serialisation in 0.00s
  Pass  (fp, metal) finished in 0.11 seconds. Local cache hits 0 (0.00s CPU time), remote cache hits 0 (0.00s CPU time), compiled 2 variants (0.08s CPU time), skipped 0 variants.
    Prepared data for serialisation in 0.00s
  Pass  (vp, metal) finished in 0.07 seconds. Local cache hits 0 (0.00s CPU time), remote cache hits 0 (0.00s CPU time), compiled 2 variants (0.12s CPU time), skipped 0 variants.
    Prepared data for serialisation in 0.00s
  Pass  (fp, metal) finished in 0.06 seconds. Local cache hits 0 (0.00s CPU time), remote cache hits 0 (0.00s CPU time), compiled 2 variants (0.09s CPU time), skipped 0 variants.
    Prepared data for serialisation in 0.00s
Serialized binary data for shader Hidden/Internal-MotionVectors in 0.00s
    metal (total internal programs: 12, unique: 10)
Compiling shader "Hidden/Internal-Flare"
  Pass "" (vp)
    Target graphics API: metal
    Full variant space:         1
    After settings filtering:   1
    After built-in stripping:   2
    After scriptable stripping: 2
    Processed in 0.00 seconds
  Pass "" (fp)
    Target graphics API: metal
    Full variant space:         1
    After settings filtering:   1
    After built-in stripping:   2
    After scriptable stripping: 2
    Processed in 0.00 seconds
  Pass  (vp, metal) finished in 0.04 seconds. Local cache hits 0 (0.00s CPU time), remote cache hits 0 (0.00s CPU time), compiled 2 variants (0.07s CPU time), skipped 0 variants.
    Prepared data for serialisation in 0.00s
  Pass  (fp, metal) finished in 0.04 seconds. Local cache hits 0 (0.00s CPU time), remote cache hits 0 (0.00s CPU time), compiled 2 variants (0.03s CPU time), skipped 0 variants.
    Prepared data for serialisation in 0.00s
Serialized binary data for shader Hidden/Internal-Flare in 0.00s
    metal (total internal programs: 4, unique: 4)
Compiling shader "Hidden/Internal-Halo"
  Pass "" (vp)
    Target graphics API: metal
    Full variant space:         4
    After settings filtering:   4
    After built-in stripping:   2
    After scriptable stripping: 2
    Processed in 0.00 seconds
  Pass "" (fp)
    Target graphics API: metal
    Full variant space:         4
    After settings filtering:   4
    After built-in stripping:   2
    After scriptable stripping: 2
    Processed in 0.00 seconds
  Pass  (vp, metal) finished in 0.08 seconds. Local cache hits 0 (0.00s CPU time), remote cache hits 0 (0.00s CPU time), compiled 2 variants (0.12s CPU time), skipped 0 variants.
    Prepared data for serialisation in 0.00s
  Pass  (fp, metal) finished in 0.08 seconds. Local cache hits 0 (0.00s CPU time), remote cache hits 0 (0.00s CPU time), compiled 2 variants (0.03s CPU time), skipped 0 variants.
    Prepared data for serialisation in 0.00s
Serialized binary data for shader Hidden/Internal-Halo in 0.00s
    metal (total internal programs: 4, unique: 4)
Compiling shader "Hidden/BlitCopyWithDepth"
  Pass "" (vp)
    Target graphics API: metal
    Full variant space:         1
    After settings filtering:   1
    After built-in stripping:   2
    After scriptable stripping: 2
    Processed in 0.00 seconds
  Pass "" (fp)
    Target graphics API: metal
    Full variant space:         1
    After settings filtering:   1
    After built-in stripping:   2
    After scriptable stripping: 2
    Processed in 0.00 seconds
  Pass  (vp, metal) finished in 0.05 seconds. Local cache hits 0 (0.00s CPU time), remote cache hits 0 (0.00s CPU time), compiled 2 variants (0.09s CPU time), skipped 0 variants.
    Prepared data for serialisation in 0.00s
  Pass  (fp, metal) finished in 0.05 seconds. Local cache hits 0 (0.00s CPU time), remote cache hits 0 (0.00s CPU time), compiled 2 variants (0.05s CPU time), skipped 0 variants.
    Prepared data for serialisation in 0.00s
Serialized binary data for shader Hidden/BlitCopyWithDepth in 0.00s
    metal (total internal programs: 4, unique: 4)
Compiling shader "Hidden/BlitToDepth"
  Pass "" (vp)
    Target graphics API: metal
    Full variant space:         1
    After settings filtering:   1
    After built-in stripping:   2
    After scriptable stripping: 2
    Processed in 0.00 seconds
  Pass "" (fp)
    Target graphics API: metal
    Full variant space:         1
    After settings filtering:   1
    After built-in stripping:   2
    After scriptable stripping: 2
    Processed in 0.00 seconds
  Pass  (vp, metal) finished in 0.06 seconds. Local cache hits 0 (0.00s CPU time), remote cache hits 0 (0.00s CPU time), compiled 2 variants (0.10s CPU time), skipped 0 variants.
    Prepared data for serialisation in 0.00s
  Pass  (fp, metal) finished in 0.06 seconds. Local cache hits 0 (0.00s CPU time), remote cache hits 0 (0.00s CPU time), compiled 2 variants (0.04s CPU time), skipped 0 variants.
    Prepared data for serialisation in 0.00s
Serialized binary data for shader Hidden/BlitToDepth in 0.00s
    metal (total internal programs: 4, unique: 4)
Compiling shader "Hidden/BlitToDepth_MSAA"
  Pass "" (vp)
    Target graphics API: metal
    Full variant space:         1
    After settings filtering:   1
    After built-in stripping:   2
    After scriptable stripping: 2
    Processed in 0.00 seconds
  Pass "" (fp)
    Target graphics API: metal
    Full variant space:         1
    After settings filtering:   1
    After built-in stripping:   2
    After scriptable stripping: 2
    Processed in 0.00 seconds
  Pass  (vp, metal) finished in 0.05 seconds. Local cache hits 0 (0.00s CPU time), remote cache hits 0 (0.00s CPU time), compiled 2 variants (0.08s CPU time), skipped 0 variants.
    Prepared data for serialisation in 0.00s
  Pass  (fp, metal) finished in 0.05 seconds. Local cache hits 0 (0.00s CPU time), remote cache hits 0 (0.00s CPU time), compiled 2 variants (0.04s CPU time), skipped 0 variants.
    Prepared data for serialisation in 0.00s
Serialized binary data for shader Hidden/BlitToDepth_MSAA in 0.00s
    metal (total internal programs: 4, unique: 4)
Compiling shader "Hidden/BlitCopyHDRTonemap"
  Pass "" (vp)
    Target graphics API: metal
    Full variant space:         1
    After settings filtering:   1
    After built-in stripping:   2
    After scriptable stripping: 2
    Processed in 0.00 seconds
  Pass "" (fp)
    Target graphics API: metal
    Full variant space:         1
    After settings filtering:   1
    After built-in stripping:   2
    After scriptable stripping: 2
    Processed in 0.00 seconds
  Pass  (vp, metal) finished in 0.05 seconds. Local cache hits 0 (0.00s CPU time), remote cache hits 0 (0.00s CPU time), compiled 2 variants (0.09s CPU time), skipped 0 variants.
    Prepared data for serialisation in 0.00s
  Pass  (fp, metal) finished in 0.06 seconds. Local cache hits 0 (0.00s CPU time), remote cache hits 0 (0.00s CPU time), compiled 2 variants (0.12s CPU time), skipped 0 variants.
    Prepared data for serialisation in 0.00s
Serialized binary data for shader Hidden/BlitCopyHDRTonemap in 0.00s
    metal (total internal programs: 4, unique: 4)
Compiling shader "Hidden/Internal-DebugPattern"
  Pass "Target Color and DepthStencil" (vp)
    Target graphics API: metal
    Full variant space:         1
    After settings filtering:   1
    After built-in stripping:   2
    After scriptable stripping: 2
    Processed in 0.00 seconds
  Pass "Target Color and DepthStencil" (fp)
    Target graphics API: metal
    Full variant space:         1
    After settings filtering:   1
    After built-in stripping:   2
    After scriptable stripping: 2
    Processed in 0.00 seconds
  Pass "Target only Color" (vp)
    Target graphics API: metal
    Full variant space:         1
    After settings filtering:   1
    After built-in stripping:   2
    After scriptable stripping: 2
    Processed in 0.00 seconds
  Pass "Target only Color" (fp)
    Target graphics API: metal
    Full variant space:         1
    After settings filtering:   1
    After built-in stripping:   2
    After scriptable stripping: 2
    Processed in 0.00 seconds
  Pass "Target only DepthStencil" (vp)
    Target graphics API: metal
    Full variant space:         1
    After settings filtering:   1
    After built-in stripping:   2
    After scriptable stripping: 2
    Processed in 0.00 seconds
  Pass "Target only DepthStencil" (fp)
    Target graphics API: metal
    Full variant space:         1
    After settings filtering:   1
    After built-in stripping:   2
    After scriptable stripping: 2
    Processed in 0.00 seconds
  Pass Target Color and DepthStencil (vp, metal) finished in 0.07 seconds. Local cache hits 0 (0.00s CPU time), remote cache hits 0 (0.00s CPU time), compiled 2 variants (0.11s CPU time), skipped 0 variants.
    Prepared data for serialisation in 0.00s
  Pass Target Color and DepthStencil (fp, metal) finished in 0.07 seconds. Local cache hits 0 (0.00s CPU time), remote cache hits 0 (0.00s CPU time), compiled 2 variants (0.05s CPU time), skipped 0 variants.
    Prepared data for serialisation in 0.00s
  Pass Target only Color (vp, metal) finished in 0.07 seconds. Local cache hits 0 (0.00s CPU time), remote cache hits 0 (0.00s CPU time), compiled 2 variants (0.09s CPU time), skipped 0 variants.
    Prepared data for serialisation in 0.00s
  Pass Target only Color (fp, metal) finished in 0.07 seconds. Local cache hits 0 (0.00s CPU time), remote cache hits 0 (0.00s CPU time), compiled 2 variants (0.08s CPU time), skipped 0 variants.
    Prepared data for serialisation in 0.00s
  Pass Target only DepthStencil (vp, metal) finished in 0.05 seconds. Local cache hits 0 (0.00s CPU time), remote cache hits 0 (0.00s CPU time), compiled 2 variants (0.08s CPU time), skipped 0 variants.
    Prepared data for serialisation in 0.00s
  Pass Target only DepthStencil (fp, metal) finished in 0.04 seconds. Local cache hits 0 (0.00s CPU time), remote cache hits 0 (0.00s CPU time), compiled 2 variants (0.05s CPU time), skipped 0 variants.
    Prepared data for serialisation in 0.00s
Serialized binary data for shader Hidden/Internal-DebugPattern in 0.00s
    metal (total internal programs: 12, unique: 8)
Compiling shader "Hidden/Internal-GUITextureClip"
  Pass "" (vp)
    Target graphics API: metal
    Full variant space:         1
    After settings filtering:   1
    After built-in stripping:   2
    After scriptable stripping: 2
    Processed in 0.00 seconds
  Pass "" (fp)
    Target graphics API: metal
    Full variant space:         1
    After settings filtering:   1
    After built-in stripping:   2
    After scriptable stripping: 2
    Processed in 0.00 seconds
  Pass "" (vp)
    Target graphics API: metal
    Full variant space:         1
    After settings filtering:   1
    After built-in stripping:   2
    After scriptable stripping: 2
    Processed in 0.00 seconds
  Pass "" (fp)
    Target graphics API: metal
    Full variant space:         1
    After settings filtering:   1
    After built-in stripping:   2
    After scriptable stripping: 2
    Processed in 0.00 seconds
  Pass  (vp, metal) finished in 0.06 seconds. Local cache hits 1 (0.00s CPU time), remote cache hits 0 (0.00s CPU time), compiled 1 variants (0.06s CPU time), skipped 0 variants.
    Prepared data for serialisation in 0.00s
  Pass  (fp, metal) finished in 0.06 seconds. Local cache hits 1 (0.00s CPU time), remote cache hits 0 (0.00s CPU time), compiled 1 variants (0.03s CPU time), skipped 0 variants.
    Prepared data for serialisation in 0.00s
  Pass  (vp, metal) finished in 0.06 seconds. Local cache hits 1 (0.00s CPU time), remote cache hits 0 (0.00s CPU time), compiled 1 variants (0.06s CPU time), skipped 0 variants.
    Prepared data for serialisation in 0.00s
  Pass  (fp, metal) finished in 0.06 seconds. Local cache hits 1 (0.00s CPU time), remote cache hits 0 (0.00s CPU time), compiled 1 variants (0.04s CPU time), skipped 0 variants.
    Prepared data for serialisation in 0.00s
Serialized binary data for shader Hidden/Internal-GUITextureClip in 0.00s
    metal (total internal programs: 8, unique: 4)
Compiling shader "Hidden/Internal-GUITextureClipText"
  Pass "" (vp)
    Target graphics API: metal
    Full variant space:         1
    After settings filtering:   1
    After built-in stripping:   2
    After scriptable stripping: 2
    Processed in 0.00 seconds
  Pass "" (fp)
    Target graphics API: metal
    Full variant space:         1
    After settings filtering:   1
    After built-in stripping:   2
    After scriptable stripping: 2
    Processed in 0.00 seconds
  Pass "" (vp)
    Target graphics API: metal
    Full variant space:         1
    After settings filtering:   1
    After built-in stripping:   2
    After scriptable stripping: 2
    Processed in 0.00 seconds
  Pass "" (fp)
    Target graphics API: metal
    Full variant space:         1
    After settings filtering:   1
    After built-in stripping:   2
    After scriptable stripping: 2
    Processed in 0.00 seconds
  Pass  (vp, metal) finished in 0.05 seconds. Local cache hits 1 (0.00s CPU time), remote cache hits 0 (0.00s CPU time), compiled 1 variants (0.05s CPU time), skipped 0 variants.
    Prepared data for serialisation in 0.00s
  Pass  (fp, metal) finished in 0.05 seconds. Local cache hits 1 (0.00s CPU time), remote cache hits 0 (0.00s CPU time), compiled 1 variants (0.02s CPU time), skipped 0 variants.
    Prepared data for serialisation in 0.00s
  Pass  (vp, metal) finished in 0.06 seconds. Local cache hits 1 (0.00s CPU time), remote cache hits 0 (0.00s CPU time), compiled 1 variants (0.06s CPU time), skipped 0 variants.
    Prepared data for serialisation in 0.00s
  Pass  (fp, metal) finished in 0.06 seconds. Local cache hits 1 (0.00s CPU time), remote cache hits 0 (0.00s CPU time), compiled 1 variants (0.02s CPU time), skipped 0 variants.
    Prepared data for serialisation in 0.00s
Serialized binary data for shader Hidden/Internal-GUITextureClipText in 0.00s
    metal (total internal programs: 8, unique: 4)
Compiling shader "Hidden/Internal-GUITexture"
  Pass "" (vp)
    Target graphics API: metal
    Full variant space:         1
    After settings filtering:   1
    After built-in stripping:   2
    After scriptable stripping: 2
    Processed in 0.00 seconds
  Pass "" (fp)
    Target graphics API: metal
    Full variant space:         1
    After settings filtering:   1
    After built-in stripping:   2
    After scriptable stripping: 2
    Processed in 0.00 seconds
  Pass "" (vp)
    Target graphics API: metal
    Full variant space:         1
    After settings filtering:   1
    After built-in stripping:   2
    After scriptable stripping: 2
    Processed in 0.00 seconds
  Pass "" (fp)
    Target graphics API: metal
    Full variant space:         1
    After settings filtering:   1
    After built-in stripping:   2
    After scriptable stripping: 2
    Processed in 0.00 seconds
  Pass  (vp, metal) finished in 0.04 seconds. Local cache hits 1 (0.00s CPU time), remote cache hits 0 (0.00s CPU time), compiled 1 variants (0.04s CPU time), skipped 0 variants.
    Prepared data for serialisation in 0.00s
  Pass  (fp, metal) finished in 0.04 seconds. Local cache hits 1 (0.00s CPU time), remote cache hits 0 (0.00s CPU time), compiled 1 variants (0.02s CPU time), skipped 0 variants.
    Prepared data for serialisation in 0.00s
  Pass  (vp, metal) finished in 0.04 seconds. Local cache hits 1 (0.00s CPU time), remote cache hits 0 (0.00s CPU time), compiled 1 variants (0.04s CPU time), skipped 0 variants.
    Prepared data for serialisation in 0.00s
  Pass  (fp, metal) finished in 0.04 seconds. Local cache hits 1 (0.00s CPU time), remote cache hits 0 (0.00s CPU time), compiled 1 variants (0.02s CPU time), skipped 0 variants.
    Prepared data for serialisation in 0.00s
Serialized binary data for shader Hidden/Internal-GUITexture in 0.00s
    metal (total internal programs: 8, unique: 4)
Compiling shader "Hidden/Internal-GUITextureBlit"
  Pass "" (vp)
    Target graphics API: metal
    Full variant space:         1
    After settings filtering:   1
    After built-in stripping:   2
    After scriptable stripping: 2
    Processed in 0.00 seconds
  Pass "" (fp)
    Target graphics API: metal
    Full variant space:         1
    After settings filtering:   1
    After built-in stripping:   2
    After scriptable stripping: 2
    Processed in 0.00 seconds
  Pass "" (vp)
    Target graphics API: metal
    Full variant space:         1
    After settings filtering:   1
    After built-in stripping:   2
    After scriptable stripping: 2
    Processed in 0.00 seconds
  Pass "" (fp)
    Target graphics API: metal
    Full variant space:         1
    After settings filtering:   1
    After built-in stripping:   2
    After scriptable stripping: 2
    Processed in 0.00 seconds
  Pass  (vp, metal) finished in 0.05 seconds. Local cache hits 1 (0.00s CPU time), remote cache hits 0 (0.00s CPU time), compiled 1 variants (0.05s CPU time), skipped 0 variants.
    Prepared data for serialisation in 0.00s
  Pass  (fp, metal) finished in 0.05 seconds. Local cache hits 1 (0.00s CPU time), remote cache hits 0 (0.00s CPU time), compiled 1 variants (0.02s CPU time), skipped 0 variants.
    Prepared data for serialisation in 0.00s
  Pass  (vp, metal) finished in 0.05 seconds. Local cache hits 1 (0.00s CPU time), remote cache hits 0 (0.00s CPU time), compiled 1 variants (0.05s CPU time), skipped 0 variants.
    Prepared data for serialisation in 0.00s
  Pass  (fp, metal) finished in 0.05 seconds. Local cache hits 1 (0.00s CPU time), remote cache hits 0 (0.00s CPU time), compiled 1 variants (0.02s CPU time), skipped 0 variants.
    Prepared data for serialisation in 0.00s
Serialized binary data for shader Hidden/Internal-GUITextureBlit in 0.00s
    metal (total internal programs: 8, unique: 4)
Compiling shader "Hidden/Internal-GUIRoundedRect"
  Pass "" (vp)
    Target graphics API: metal
    Full variant space:         1
    After settings filtering:   1
    After built-in stripping:   2
    After scriptable stripping: 2
    Processed in 0.00 seconds
  Pass "" (fp)
    Target graphics API: metal
    Full variant space:         1
    After settings filtering:   1
    After built-in stripping:   2
    After scriptable stripping: 2
    Processed in 0.00 seconds
  Pass "" (vp)
    Target graphics API: metal
    Full variant space:         1
    After settings filtering:   1
    After built-in stripping:   2
    After scriptable stripping: 2
    Processed in 0.00 seconds
  Pass "" (fp)
    Target graphics API: metal
    Full variant space:         1
    After settings filtering:   1
    After built-in stripping:   2
    After scriptable stripping: 2
    Processed in 0.00 seconds
  Pass  (vp, metal) finished in 0.04 seconds. Local cache hits 1 (0.00s CPU time), remote cache hits 0 (0.00s CPU time), compiled 1 variants (0.04s CPU time), skipped 0 variants.
    Prepared data for serialisation in 0.00s
  Pass  (fp, metal) finished in 0.05 seconds. Local cache hits 1 (0.00s CPU time), remote cache hits 0 (0.00s CPU time), compiled 1 variants (0.05s CPU time), skipped 0 variants.
    Prepared data for serialisation in 0.00s
  Pass  (vp, metal) finished in 0.05 seconds. Local cache hits 1 (0.00s CPU time), remote cache hits 0 (0.00s CPU time), compiled 1 variants (0.03s CPU time), skipped 0 variants.
    Prepared data for serialisation in 0.00s
  Pass  (fp, metal) finished in 0.05 seconds. Local cache hits 1 (0.00s CPU time), remote cache hits 0 (0.00s CPU time), compiled 1 variants (0.05s CPU time), skipped 0 variants.
    Prepared data for serialisation in 0.00s
Serialized binary data for shader Hidden/Internal-GUIRoundedRect in 0.00s
    metal (total internal programs: 8, unique: 4)
Compiling shader "Hidden/Internal-GUIRoundedRectWithColorPerBorder"
  Pass "" (vp)
    Target graphics API: metal
    Full variant space:         1
    After settings filtering:   1
    After built-in stripping:   2
    After scriptable stripping: 2
    Processed in 0.00 seconds
  Pass "" (fp)
    Target graphics API: metal
    Full variant space:         1
    After settings filtering:   1
    After built-in stripping:   2
    After scriptable stripping: 2
    Processed in 0.00 seconds
  Pass "" (vp)
    Target graphics API: metal
    Full variant space:         1
    After settings filtering:   1
    After built-in stripping:   2
    After scriptable stripping: 2
    Processed in 0.00 seconds
  Pass "" (fp)
    Target graphics API: metal
    Full variant space:         1
    After settings filtering:   1
    After built-in stripping:   2
    After scriptable stripping: 2
    Processed in 0.00 seconds
  Pass  (vp, metal) finished in 0.04 seconds. Local cache hits 1 (0.00s CPU time), remote cache hits 0 (0.00s CPU time), compiled 1 variants (0.04s CPU time), skipped 0 variants.
    Prepared data for serialisation in 0.00s
  Pass  (fp, metal) finished in 0.08 seconds. Local cache hits 1 (0.00s CPU time), remote cache hits 0 (0.00s CPU time), compiled 1 variants (0.08s CPU time), skipped 0 variants.
    Prepared data for serialisation in 0.00s
  Pass  (vp, metal) finished in 0.08 seconds. Local cache hits 1 (0.00s CPU time), remote cache hits 0 (0.00s CPU time), compiled 1 variants (0.04s CPU time), skipped 0 variants.
    Prepared data for serialisation in 0.00s
  Pass  (fp, metal) finished in 0.08 seconds. Local cache hits 1 (0.00s CPU time), remote cache hits 0 (0.00s CPU time), compiled 1 variants (0.08s CPU time), skipped 0 variants.
    Prepared data for serialisation in 0.00s
Serialized binary data for shader Hidden/Internal-GUIRoundedRectWithColorPerBorder in 0.00s
    metal (total internal programs: 8, unique: 4)
Compiling shader "Hidden/Internal-UIRDefault"
  Pass "" (vp)
    Target graphics API: metal
    Full variant space:         40
    After settings filtering:   40
    After built-in stripping:   80
    After scriptable stripping: 80
    Processed in 0.00 seconds
  Pass "" (fp)
    Target graphics API: metal
    Full variant space:         40
    After settings filtering:   40
    After built-in stripping:   80
    After scriptable stripping: 80
    Processed in 0.00 seconds
  Pass  (vp, metal) finished in 2.53 seconds. Local cache hits 0 (0.00s CPU time), remote cache hits 0 (0.00s CPU time), compiled 80 variants (19.11s CPU time), skipped 0 variants.
    Prepared data for serialisation in 0.00s
  Pass  (fp, metal) finished in 2.07 seconds. Local cache hits 0 (0.00s CPU time), remote cache hits 0 (0.00s CPU time), compiled 80 variants (15.02s CPU time), skipped 0 variants.
    Prepared data for serialisation in 0.00s
Serialized binary data for shader Hidden/Internal-UIRDefault in 0.00s
    metal (total internal programs: 160, unique: 160)
Compressed shader 'Hidden/Internal-UIRDefault' on metal from 1.49MB to 0.05MB
Compressed shader 'Hidden/Internal-UIRDefault' in 0.03s
Compiling shader "Hidden/Internal-UIRAtlasBlitCopy"
  Pass "" (vp)
    Target graphics API: metal
    Full variant space:         1
    After settings filtering:   1
    After built-in stripping:   2
    After scriptable stripping: 2
    Processed in 0.00 seconds
  Pass "" (fp)
    Target graphics API: metal
    Full variant space:         1
    After settings filtering:   1
    After built-in stripping:   2
    After scriptable stripping: 2
    Processed in 0.00 seconds
  Pass  (vp, metal) finished in 0.04 seconds. Local cache hits 1 (0.00s CPU time), remote cache hits 0 (0.00s CPU time), compiled 1 variants (0.03s CPU time), skipped 0 variants.
    Prepared data for serialisation in 0.00s
  Pass  (fp, metal) finished in 0.03 seconds. Local cache hits 1 (0.00s CPU time), remote cache hits 0 (0.00s CPU time), compiled 1 variants (0.02s CPU time), skipped 0 variants.
    Prepared data for serialisation in 0.00s
Serialized binary data for shader Hidden/Internal-UIRAtlasBlitCopy in 0.00s
    metal (total internal programs: 4, unique: 4)
Compiling shader "Unlit/Texture"
  Pass "" (vp)
    Target graphics API: metal
    Full variant space:         4
    After settings filtering:   4
    After built-in stripping:   2
    After scriptable stripping: 2
    Processed in 0.00 seconds
  Pass "" (fp)
    Target graphics API: metal
    Full variant space:         4
    After settings filtering:   4
    After built-in stripping:   2
    After scriptable stripping: 2
    Processed in 0.00 seconds
  Pass  (vp, metal) finished in 0.04 seconds. Local cache hits 1 (0.00s CPU time), remote cache hits 0 (0.00s CPU time), compiled 1 variants (0.04s CPU time), skipped 0 variants.
    Prepared data for serialisation in 0.00s
  Pass  (fp, metal) finished in 0.04 seconds. Local cache hits 1 (0.00s CPU time), remote cache hits 0 (0.00s CPU time), compiled 1 variants (0.01s CPU time), skipped 0 variants.
    Prepared data for serialisation in 0.00s
Serialized binary data for shader Unlit/Texture in 0.00s
    metal (total internal programs: 4, unique: 4)
Compiling shader "Sprites/Default"
  Pass "" (vp)
    Target graphics API: metal
    Full variant space:         8
    After settings filtering:   8
    After built-in stripping:   8
    After scriptable stripping: 8
    Processed in 0.00 seconds
  Pass "" (fp)
    Target graphics API: metal
    Full variant space:         8
    After settings filtering:   8
    After built-in stripping:   8
    After scriptable stripping: 8
    Processed in 0.00 seconds
  Pass  (vp, metal) finished in 0.17 seconds. Local cache hits 0 (0.00s CPU time), remote cache hits 0 (0.00s CPU time), compiled 8 variants (0.94s CPU time), skipped 0 variants.
    Prepared data for serialisation in 0.00s
  Pass  (fp, metal) finished in 0.12 seconds. Local cache hits 0 (0.00s CPU time), remote cache hits 0 (0.00s CPU time), compiled 8 variants (0.26s CPU time), skipped 0 variants.
    Prepared data for serialisation in 0.00s
Serialized binary data for shader Sprites/Default in 0.00s
    metal (total internal programs: 16, unique: 16)
Compiling shader "Unlit/Color"
  Pass "" (vp)
    Target graphics API: metal
    Full variant space:         4
    After settings filtering:   4
    After built-in stripping:   2
    After scriptable stripping: 2
    Processed in 0.00 seconds
  Pass "" (fp)
    Target graphics API: metal
    Full variant space:         4
    After settings filtering:   4
    After built-in stripping:   2
    After scriptable stripping: 2
    Processed in 0.00 seconds
  Pass  (vp, metal) finished in 0.03 seconds. Local cache hits 1 (0.00s CPU time), remote cache hits 0 (0.00s CPU time), compiled 1 variants (0.03s CPU time), skipped 0 variants.
    Prepared data for serialisation in 0.00s
  Pass  (fp, metal) finished in 0.03 seconds. Local cache hits 1 (0.00s CPU time), remote cache hits 0 (0.00s CPU time), compiled 1 variants (0.01s CPU time), skipped 0 variants.
    Prepared data for serialisation in 0.00s
Serialized binary data for shader Unlit/Color in 0.00s
    metal (total internal programs: 4, unique: 4)
Compiling shader "Sprites/Mask"
  Pass "" (vp)
    Target graphics API: metal
    Full variant space:         4
    After settings filtering:   4
    After built-in stripping:   8
    After scriptable stripping: 8
    Processed in 0.00 seconds
  Pass "" (fp)
    Target graphics API: metal
    Full variant space:         4
    After settings filtering:   4
    After built-in stripping:   8
    After scriptable stripping: 8
    Processed in 0.00 seconds
  Pass  (vp, metal) finished in 0.08 seconds. Local cache hits 0 (0.00s CPU time), remote cache hits 0 (0.00s CPU time), compiled 8 variants (0.50s CPU time), skipped 0 variants.
    Prepared data for serialisation in 0.00s
  Pass  (fp, metal) finished in 0.05 seconds. Local cache hits 0 (0.00s CPU time), remote cache hits 0 (0.00s CPU time), compiled 8 variants (0.18s CPU time), skipped 0 variants.
    Prepared data for serialisation in 0.00s
Serialized binary data for shader Sprites/Mask in 0.00s
    metal (total internal programs: 16, unique: 16)
Compiling shader "UI/Default"
  Pass "Default" (vp)
    Target graphics API: metal
    Full variant space:         4
    After settings filtering:   4
    After built-in stripping:   8
    After scriptable stripping: 8
    Processed in 0.00 seconds
  Pass "Default" (fp)
    Target graphics API: metal
    Full variant space:         4
    After settings filtering:   4
    After built-in stripping:   8
    After scriptable stripping: 8
    Processed in 0.00 seconds
  Pass Default (vp, metal) finished in 0.10 seconds. Local cache hits 1 (0.00s CPU time), remote cache hits 0 (0.00s CPU time), compiled 7 variants (0.61s CPU time), skipped 0 variants.
    Prepared data for serialisation in 0.00s
  Pass Default (fp, metal) finished in 0.12 seconds. Local cache hits 1 (0.00s CPU time), remote cache hits 0 (0.00s CPU time), compiled 7 variants (0.22s CPU time), skipped 0 variants.
    Prepared data for serialisation in 0.00s
Serialized binary data for shader UI/Default in 0.00s
    metal (total internal programs: 16, unique: 16)
Compiling shader "UI/DefaultETC1"
  Pass "Default" (vp)
    Target graphics API: metal
    Full variant space:         4
    After settings filtering:   4
    After built-in stripping:   8
    After scriptable stripping: 8
    Processed in 0.00 seconds
  Pass "Default" (fp)
    Target graphics API: metal
    Full variant space:         4
    After settings filtering:   4
    After built-in stripping:   8
    After scriptable stripping: 8
    Processed in 0.00 seconds
  Pass Default (vp, metal) finished in 0.10 seconds. Local cache hits 0 (0.00s CPU time), remote cache hits 0 (0.00s CPU time), compiled 8 variants (0.71s CPU time), skipped 0 variants.
    Prepared data for serialisation in 0.00s
  Pass Default (fp, metal) finished in 0.11 seconds. Local cache hits 0 (0.00s CPU time), remote cache hits 0 (0.00s CPU time), compiled 8 variants (0.38s CPU time), skipped 0 variants.
    Prepared data for serialisation in 0.00s
Serialized binary data for shader UI/DefaultETC1 in 0.00s
    metal (total internal programs: 16, unique: 16)
Compiling shader "Hidden/CubeBlur"
  Pass "" (vp)
    Target graphics API: metal
    Full variant space:         1
    After settings filtering:   1
    After built-in stripping:   2
    After scriptable stripping: 2
    Processed in 0.00 seconds
  Pass "" (fp)
    Target graphics API: metal
    Full variant space:         1
    After settings filtering:   1
    After built-in stripping:   2
    After scriptable stripping: 2
    Processed in 0.00 seconds
  Pass "" (vp)
    Target graphics API: metal
    Full variant space:         1
    After settings filtering:   1
    After built-in stripping:   2
    After scriptable stripping: 2
    Processed in 0.00 seconds
  Pass "" (fp)
    Target graphics API: metal
    Full variant space:         1
    After settings filtering:   1
    After built-in stripping:   2
    After scriptable stripping: 2
    Processed in 0.00 seconds
  Pass  (vp, metal) finished in 0.09 seconds. Local cache hits 0 (0.00s CPU time), remote cache hits 0 (0.00s CPU time), compiled 2 variants (0.14s CPU time), skipped 0 variants.
    Prepared data for serialisation in 0.00s
  Pass  (fp, metal) finished in 0.35 seconds. Local cache hits 0 (0.00s CPU time), remote cache hits 0 (0.00s CPU time), compiled 2 variants (0.68s CPU time), skipped 0 variants.
    Prepared data for serialisation in 0.00s
  Pass  (vp, metal) finished in 0.35 seconds. Local cache hits 0 (0.00s CPU time), remote cache hits 0 (0.00s CPU time), compiled 2 variants (0.12s CPU time), skipped 0 variants.
    Prepared data for serialisation in 0.00s
  Pass  (fp, metal) finished in 0.38 seconds. Local cache hits 0 (0.00s CPU time), remote cache hits 0 (0.00s CPU time), compiled 2 variants (0.39s CPU time), skipped 0 variants.
    Prepared data for serialisation in 0.00s
Serialized binary data for shader Hidden/CubeBlur in 0.00s
    metal (total internal programs: 8, unique: 5)
Compiling shader "Hidden/CubeCopy"
  Pass "" (vp)
    Target graphics API: metal
    Full variant space:         1
    After settings filtering:   1
    After built-in stripping:   2
    After scriptable stripping: 2
    Processed in 0.00 seconds
  Pass "" (fp)
    Target graphics API: metal
    Full variant space:         1
    After settings filtering:   1
    After built-in stripping:   2
    After scriptable stripping: 2
    Processed in 0.00 seconds
  Pass "" (vp)
    Target graphics API: metal
    Full variant space:         1
    After settings filtering:   1
    After built-in stripping:   2
    After scriptable stripping: 2
    Processed in 0.00 seconds
  Pass "" (fp)
    Target graphics API: metal
    Full variant space:         1
    After settings filtering:   1
    After built-in stripping:   2
    After scriptable stripping: 2
    Processed in 0.00 seconds
  Pass  (vp, metal) finished in 0.04 seconds. Local cache hits 0 (0.00s CPU time), remote cache hits 0 (0.00s CPU time), compiled 2 variants (0.08s CPU time), skipped 0 variants.
    Prepared data for serialisation in 0.00s
  Pass  (fp, metal) finished in 0.04 seconds. Local cache hits 0 (0.00s CPU time), remote cache hits 0 (0.00s CPU time), compiled 2 variants (0.06s CPU time), skipped 0 variants.
    Prepared data for serialisation in 0.00s
  Pass  (vp, metal) finished in 0.05 seconds. Local cache hits 0 (0.00s CPU time), remote cache hits 0 (0.00s CPU time), compiled 2 variants (0.09s CPU time), skipped 0 variants.
    Prepared data for serialisation in 0.00s
  Pass  (fp, metal) finished in 0.05 seconds. Local cache hits 0 (0.00s CPU time), remote cache hits 0 (0.00s CPU time), compiled 2 variants (0.05s CPU time), skipped 0 variants.
    Prepared data for serialisation in 0.00s
Serialized binary data for shader Hidden/CubeCopy in 0.00s
    metal (total internal programs: 8, unique: 4)
Compiling shader "Hidden/CubeBlend"
  Pass "" (vp)
    Target graphics API: metal
    Full variant space:         1
    After settings filtering:   1
    After built-in stripping:   2
    After scriptable stripping: 2
    Processed in 0.00 seconds
  Pass "" (fp)
    Target graphics API: metal
    Full variant space:         1
    After settings filtering:   1
    After built-in stripping:   2
    After scriptable stripping: 2
    Processed in 0.00 seconds
  Pass "" (vp)
    Target graphics API: metal
    Full variant space:         1
    After settings filtering:   1
    After built-in stripping:   2
    After scriptable stripping: 2
    Processed in 0.00 seconds
  Pass "" (fp)
    Target graphics API: metal
    Full variant space:         1
    After settings filtering:   1
    After built-in stripping:   2
    After scriptable stripping: 2
    Processed in 0.00 seconds
  Pass  (vp, metal) finished in 0.05 seconds. Local cache hits 0 (0.00s CPU time), remote cache hits 0 (0.00s CPU time), compiled 2 variants (0.09s CPU time), skipped 0 variants.
    Prepared data for serialisation in 0.00s
  Pass  (fp, metal) finished in 0.05 seconds. Local cache hits 0 (0.00s CPU time), remote cache hits 0 (0.00s CPU time), compiled 2 variants (0.08s CPU time), skipped 0 variants.
    Prepared data for serialisation in 0.00s
  Pass  (vp, metal) finished in 0.05 seconds. Local cache hits 0 (0.00s CPU time), remote cache hits 0 (0.00s CPU time), compiled 2 variants (0.09s CPU time), skipped 0 variants.
    Prepared data for serialisation in 0.00s
  Pass  (fp, metal) finished in 0.06 seconds. Local cache hits 0 (0.00s CPU time), remote cache hits 0 (0.00s CPU time), compiled 2 variants (0.06s CPU time), skipped 0 variants.
    Prepared data for serialisation in 0.00s
Serialized binary data for shader Hidden/CubeBlend in 0.00s
    metal (total internal programs: 8, unique: 4)
Compiling shader "Hidden/VR/BlitTexArraySlice"
  Pass "" (vp)
    Target graphics API: metal
    Full variant space:         1
    After settings filtering:   1
    After built-in stripping:   2
    After scriptable stripping: 2
    Processed in 0.00 seconds
  Pass "" (fp)
    Target graphics API: metal
    Full variant space:         1
    After settings filtering:   1
    After built-in stripping:   2
    After scriptable stripping: 2
    Processed in 0.00 seconds
  Pass  (vp, metal) finished in 0.03 seconds. Local cache hits 0 (0.00s CPU time), remote cache hits 0 (0.00s CPU time), compiled 2 variants (0.06s CPU time), skipped 0 variants.
    Prepared data for serialisation in 0.00s
  Pass  (fp, metal) finished in 0.03 seconds. Local cache hits 0 (0.00s CPU time), remote cache hits 0 (0.00s CPU time), compiled 2 variants (0.04s CPU time), skipped 0 variants.
    Prepared data for serialisation in 0.00s
Serialized binary data for shader Hidden/VR/BlitTexArraySlice in 0.00s
    metal (total internal programs: 4, unique: 4)
Compiling shader "Hidden/VR/BlitTexArraySliceToDepth"
  Pass "" (vp)
    Target graphics API: metal
    Full variant space:         1
    After settings filtering:   1
    After built-in stripping:   2
    After scriptable stripping: 2
    Processed in 0.00 seconds
  Pass "" (fp)
    Target graphics API: metal
    Full variant space:         1
    After settings filtering:   1
    After built-in stripping:   2
    After scriptable stripping: 2
    Processed in 0.00 seconds
  Pass  (vp, metal) finished in 0.03 seconds. Local cache hits 0 (0.00s CPU time), remote cache hits 0 (0.00s CPU time), compiled 2 variants (0.05s CPU time), skipped 0 variants.
    Prepared data for serialisation in 0.00s
  Pass  (fp, metal) finished in 0.03 seconds. Local cache hits 0 (0.00s CPU time), remote cache hits 0 (0.00s CPU time), compiled 2 variants (0.03s CPU time), skipped 0 variants.
    Prepared data for serialisation in 0.00s
Serialized binary data for shader Hidden/VR/BlitTexArraySliceToDepth in 0.00s
    metal (total internal programs: 4, unique: 4)
Compiling shader "Hidden/VR/BlitTexArraySliceToDepth_MSAA"
  Pass "" (vp)
    Target graphics API: metal
    Full variant space:         1
    After settings filtering:   1
    After built-in stripping:   2
    After scriptable stripping: 2
    Processed in 0.00 seconds
  Pass "" (fp)
    Target graphics API: metal
    Full variant space:         1
    After settings filtering:   1
    After built-in stripping:   2
    After scriptable stripping: 2
    Processed in 0.00 seconds
  Pass  (vp, metal) finished in 0.03 seconds. Local cache hits 0 (0.00s CPU time), remote cache hits 0 (0.00s CPU time), compiled 2 variants (0.07s CPU time), skipped 0 variants.
    Prepared data for serialisation in 0.00s
  Pass  (fp, metal) finished in 0.03 seconds. Local cache hits 0 (0.00s CPU time), remote cache hits 0 (0.00s CPU time), compiled 2 variants (0.05s CPU time), skipped 0 variants.
    Prepared data for serialisation in 0.00s
Serialized binary data for shader Hidden/VR/BlitTexArraySliceToDepth_MSAA in 0.00s
    metal (total internal programs: 4, unique: 4)
Compiling shader "Hidden/Internal-ODSWorldTexture"
  Pass "" (vp)
    Target graphics API: metal
    Full variant space:         1
    After settings filtering:   1
    After built-in stripping:   2
    After scriptable stripping: 2
    Processed in 0.00 seconds
  Pass "" (fp)
    Target graphics API: metal
    Full variant space:         1
    After settings filtering:   1
    After built-in stripping:   2
    After scriptable stripping: 2
    Processed in 0.00 seconds
  Pass "" (vp)
    Target graphics API: metal
    Full variant space:         1
    After settings filtering:   1
    After built-in stripping:   2
    After scriptable stripping: 2
    Processed in 0.00 seconds
  Pass "" (fp)
    Target graphics API: metal
    Full variant space:         1
    After settings filtering:   1
    After built-in stripping:   2
    After scriptable stripping: 2
    Processed in 0.00 seconds
  Pass "" (vp)
    Target graphics API: metal
    Full variant space:         1
    After settings filtering:   1
    After built-in stripping:   2
    After scriptable stripping: 2
    Processed in 0.00 seconds
  Pass "" (fp)
    Target graphics API: metal
    Full variant space:         1
    After settings filtering:   1
    After built-in stripping:   2
    After scriptable stripping: 2
    Processed in 0.00 seconds
  Pass "" (vp)
    Target graphics API: metal
    Full variant space:         1
    After settings filtering:   1
    After built-in stripping:   2
    After scriptable stripping: 2
    Processed in 0.00 seconds
  Pass "" (fp)
    Target graphics API: metal
    Full variant space:         1
    After settings filtering:   1
    After built-in stripping:   2
    After scriptable stripping: 2
    Processed in 0.00 seconds
  Pass "" (vp)
    Target graphics API: metal
    Full variant space:         1
    After settings filtering:   1
    After built-in stripping:   2
    After scriptable stripping: 2
    Processed in 0.00 seconds
  Pass "" (fp)
    Target graphics API: metal
    Full variant space:         1
    After settings filtering:   1
    After built-in stripping:   2
    After scriptable stripping: 2
    Processed in 0.00 seconds
  Pass "" (vp)
    Target graphics API: metal
    Full variant space:         1
    After settings filtering:   1
    After built-in stripping:   2
    After scriptable stripping: 2
    Processed in 0.00 seconds
  Pass "" (fp)
    Target graphics API: metal
    Full variant space:         1
    After settings filtering:   1
    After built-in stripping:   2
    After scriptable stripping: 2
    Processed in 0.00 seconds
  Pass "" (vp)
    Target graphics API: metal
    Full variant space:         1
    After settings filtering:   1
    After built-in stripping:   2
    After scriptable stripping: 2
    Processed in 0.00 seconds
  Pass "" (fp)
    Target graphics API: metal
    Full variant space:         1
    After settings filtering:   1
    After built-in stripping:   2
    After scriptable stripping: 2
    Processed in 0.00 seconds
  Pass "" (vp)
    Target graphics API: metal
    Full variant space:         1
    After settings filtering:   1
    After built-in stripping:   2
    After scriptable stripping: 2
    Processed in 0.00 seconds
  Pass "" (fp)
    Target graphics API: metal
    Full variant space:         1
    After settings filtering:   1
    After built-in stripping:   2
    After scriptable stripping: 2
    Processed in 0.00 seconds
  Pass "" (vp)
    Target graphics API: metal
    Full variant space:         1
    After settings filtering:   1
    After built-in stripping:   2
    After scriptable stripping: 2
    Processed in 0.00 seconds
  Pass "" (fp)
    Target graphics API: metal
    Full variant space:         1
    After settings filtering:   1
    After built-in stripping:   2
    After scriptable stripping: 2
    Processed in 0.00 seconds
  Pass "" (vp)
    Target graphics API: metal
    Full variant space:         1
    After settings filtering:   1
    After built-in stripping:   2
    After scriptable stripping: 2
    Processed in 0.00 seconds
  Pass "" (fp)
    Target graphics API: metal
    Full variant space:         1
    After settings filtering:   1
    After built-in stripping:   2
    After scriptable stripping: 2
    Processed in 0.00 seconds
  Pass  (vp, metal) finished in 0.05 seconds. Local cache hits 0 (0.00s CPU time), remote cache hits 0 (0.00s CPU time), compiled 2 variants (0.09s CPU time), skipped 0 variants.
    Prepared data for serialisation in 0.00s
  Pass  (fp, metal) finished in 0.05 seconds. Local cache hits 0 (0.00s CPU time), remote cache hits 0 (0.00s CPU time), compiled 2 variants (0.04s CPU time), skipped 0 variants.
    Prepared data for serialisation in 0.00s
  Pass  (vp, metal) finished in 0.06 seconds. Local cache hits 0 (0.00s CPU time), remote cache hits 0 (0.00s CPU time), compiled 2 variants (0.11s CPU time), skipped 0 variants.
    Prepared data for serialisation in 0.00s
  Pass  (fp, metal) finished in 0.06 seconds. Local cache hits 0 (0.00s CPU time), remote cache hits 0 (0.00s CPU time), compiled 2 variants (0.06s CPU time), skipped 0 variants.
    Prepared data for serialisation in 0.00s
  Pass  (vp, metal) finished in 0.20 seconds. Local cache hits 0 (0.00s CPU time), remote cache hits 0 (0.00s CPU time), compiled 2 variants (0.29s CPU time), skipped 0 variants.
    Prepared data for serialisation in 0.00s
  Pass  (fp, metal) finished in 0.19 seconds. Local cache hits 0 (0.00s CPU time), remote cache hits 0 (0.00s CPU time), compiled 2 variants (0.07s CPU time), skipped 0 variants.
    Prepared data for serialisation in 0.00s
  Pass  (vp, metal) finished in 0.29 seconds. Local cache hits 0 (0.00s CPU time), remote cache hits 0 (0.00s CPU time), compiled 2 variants (0.51s CPU time), skipped 0 variants.
    Prepared data for serialisation in 0.00s
  Pass  (fp, metal) finished in 0.27 seconds. Local cache hits 0 (0.00s CPU time), remote cache hits 0 (0.00s CPU time), compiled 2 variants (0.09s CPU time), skipped 0 variants.
    Prepared data for serialisation in 0.00s
  Pass  (vp, metal) finished in 0.26 seconds. Local cache hits 0 (0.00s CPU time), remote cache hits 0 (0.00s CPU time), compiled 2 variants (0.11s CPU time), skipped 0 variants.
    Prepared data for serialisation in 0.00s
  Pass  (fp, metal) finished in 0.22 seconds. Local cache hits 0 (0.00s CPU time), remote cache hits 0 (0.00s CPU time), compiled 2 variants (0.08s CPU time), skipped 0 variants.
    Prepared data for serialisation in 0.00s
  Pass  (vp, metal) finished in 0.22 seconds. Local cache hits 0 (0.00s CPU time), remote cache hits 0 (0.00s CPU time), compiled 2 variants (0.18s CPU time), skipped 0 variants.
    Prepared data for serialisation in 0.00s
  Pass  (fp, metal) finished in 0.17 seconds. Local cache hits 0 (0.00s CPU time), remote cache hits 0 (0.00s CPU time), compiled 2 variants (0.12s CPU time), skipped 0 variants.
    Prepared data for serialisation in 0.00s
  Pass  (vp, metal) finished in 0.31 seconds. Local cache hits 0 (0.00s CPU time), remote cache hits 0 (0.00s CPU time), compiled 2 variants (0.34s CPU time), skipped 0 variants.
    Prepared data for serialisation in 0.00s
  Pass  (fp, metal) finished in 0.26 seconds. Local cache hits 0 (0.00s CPU time), remote cache hits 0 (0.00s CPU time), compiled 2 variants (0.04s CPU time), skipped 0 variants.
    Prepared data for serialisation in 0.00s
  Pass  (vp, metal) finished in 0.30 seconds. Local cache hits 0 (0.00s CPU time), remote cache hits 0 (0.00s CPU time), compiled 2 variants (0.51s CPU time), skipped 0 variants.
    Prepared data for serialisation in 0.00s
  Pass  (fp, metal) finished in 0.28 seconds. Local cache hits 0 (0.00s CPU time), remote cache hits 0 (0.00s CPU time), compiled 2 variants (0.07s CPU time), skipped 0 variants.
    Prepared data for serialisation in 0.00s
  Pass  (vp, metal) finished in 0.36 seconds. Local cache hits 0 (0.00s CPU time), remote cache hits 0 (0.00s CPU time), compiled 2 variants (0.62s CPU time), skipped 0 variants.
    Prepared data for serialisation in 0.00s
  Pass  (fp, metal) finished in 0.32 seconds. Local cache hits 0 (0.00s CPU time), remote cache hits 0 (0.00s CPU time), compiled 2 variants (0.13s CPU time), skipped 0 variants.
    Prepared data for serialisation in 0.00s
  Pass  (vp, metal) finished in 0.27 seconds. Local cache hits 0 (0.00s CPU time), remote cache hits 0 (0.00s CPU time), compiled 2 variants (0.45s CPU time), skipped 0 variants.
    Prepared data for serialisation in 0.00s
  Pass  (fp, metal) finished in 0.17 seconds. Local cache hits 0 (0.00s CPU time), remote cache hits 0 (0.00s CPU time), compiled 2 variants (0.07s CPU time), skipped 0 variants.
    Prepared data for serialisation in 0.00s
Serialized binary data for shader Hidden/Internal-ODSWorldTexture in 0.00s
    metal (total internal programs: 40, unique: 28)
Compiling shader "Hidden/Internal-CubemapToEquirect"
  Pass "" (vp)
    Target graphics API: metal
    Full variant space:         1
    After settings filtering:   1
    After built-in stripping:   2
    After scriptable stripping: 2
    Processed in 0.00 seconds
  Pass "" (fp)
    Target graphics API: metal
    Full variant space:         1
    After settings filtering:   1
    After built-in stripping:   2
    After scriptable stripping: 2
    Processed in 0.00 seconds
  Pass  (vp, metal) finished in 0.04 seconds. Local cache hits 0 (0.00s CPU time), remote cache hits 0 (0.00s CPU time), compiled 2 variants (0.07s CPU time), skipped 0 variants.
    Prepared data for serialisation in 0.00s
  Pass  (fp, metal) finished in 0.04 seconds. Local cache hits 0 (0.00s CPU time), remote cache hits 0 (0.00s CPU time), compiled 2 variants (0.05s CPU time), skipped 0 variants.
    Prepared data for serialisation in 0.00s
Serialized binary data for shader Hidden/Internal-CubemapToEquirect in 0.00s
    metal (total internal programs: 4, unique: 4)
Compiling shader "Hidden/VR/BlitFromTex2DToTexArraySlice"
  Pass "" (vp)
    Target graphics API: metal
    Full variant space:         1
    After settings filtering:   1
    After built-in stripping:   2
    After scriptable stripping: 2
    Processed in 0.00 seconds
  Pass "" (fp)
    Target graphics API: metal
    Full variant space:         1
    After settings filtering:   1
    After built-in stripping:   2
    After scriptable stripping: 2
    Processed in 0.00 seconds
  Pass "" (vp)
    Target graphics API: metal
    Full variant space:         1
    After settings filtering:   1
    After built-in stripping:   2
    After scriptable stripping: 2
    Processed in 0.00 seconds
  Pass "" (fp)
    Target graphics API: metal
    Full variant space:         1
    After settings filtering:   1
    After built-in stripping:   2
    After scriptable stripping: 2
    Processed in 0.00 seconds
  Pass "" (gp)
    Target graphics API: metal
    Full variant space:         1
    After settings filtering:   1
    After built-in stripping:   2
    After scriptable stripping: 2
    Processed in 0.00 seconds
  Pass  (vp, metal) finished in 0.04 seconds. Local cache hits 0 (0.00s CPU time), remote cache hits 0 (0.00s CPU time), compiled 2 variants (0.07s CPU time), skipped 0 variants.
    Prepared data for serialisation in 0.00s
  Pass  (fp, metal) finished in 0.04 seconds. Local cache hits 0 (0.00s CPU time), remote cache hits 0 (0.00s CPU time), compiled 2 variants (0.04s CPU time), skipped 0 variants.
    Prepared data for serialisation in 0.00s
  Pass  (vp, metal) finished in -0.00 seconds. Local cache hits 0 (0.00s CPU time), remote cache hits 0 (0.00s CPU time), compiled 0 variants (0.00s CPU time), skipped 2 variants.
    Prepared data for serialisation in 0.00s
  Pass  (fp, metal) finished in 0.00 seconds. Local cache hits 0 (0.00s CPU time), remote cache hits 0 (0.00s CPU time), compiled 0 variants (0.00s CPU time), skipped 2 variants.
    Prepared data for serialisation in 0.00s
  Pass  (gp, metal) finished in -0.00 seconds. Local cache hits 0 (0.00s CPU time), remote cache hits 0 (0.00s CPU time), compiled 0 variants (0.00s CPU time), skipped 2 variants.
    Prepared data for serialisation in 0.00s
Serialized binary data for shader Hidden/VR/BlitFromTex2DToTexArraySlice in 0.00s
    metal (total internal programs: 4, unique: 4)
Compiling shader "Hidden/VideoComposite"
  Pass "Default" (vp)
    Target graphics API: metal
    Full variant space:         1
    After settings filtering:   1
    After built-in stripping:   2
    After scriptable stripping: 2
    Processed in 0.00 seconds
  Pass "Default" (fp)
    Target graphics API: metal
    Full variant space:         1
    After settings filtering:   1
    After built-in stripping:   2
    After scriptable stripping: 2
    Processed in 0.00 seconds
  Pass Default (vp, metal) finished in 0.07 seconds. Local cache hits 0 (0.00s CPU time), remote cache hits 0 (0.00s CPU time), compiled 2 variants (0.11s CPU time), skipped 0 variants.
    Prepared data for serialisation in 0.00s
  Pass Default (fp, metal) finished in 0.07 seconds. Local cache hits 0 (0.00s CPU time), remote cache hits 0 (0.00s CPU time), compiled 2 variants (0.06s CPU time), skipped 0 variants.
    Prepared data for serialisation in 0.00s
Serialized binary data for shader Hidden/VideoComposite in 0.00s
    metal (total internal programs: 4, unique: 4)
Compiling shader "Hidden/VideoDecode"
  Pass "YCbCr_To_RGB1" (vp)
    Target graphics API: metal
    Full variant space:         2
    After settings filtering:   2
    After built-in stripping:   4
    After scriptable stripping: 4
    Processed in 0.00 seconds
  Pass "YCbCr_To_RGB1" (fp)
    Target graphics API: metal
    Full variant space:         2
    After settings filtering:   2
    After built-in stripping:   4
    After scriptable stripping: 4
    Processed in 0.00 seconds
  Pass "YCbCrA_To_RGBAFull" (vp)
    Target graphics API: metal
    Full variant space:         2
    After settings filtering:   2
    After built-in stripping:   4
    After scriptable stripping: 4
    Processed in 0.00 seconds
  Pass "YCbCrA_To_RGBAFull" (fp)
    Target graphics API: metal
    Full variant space:         2
    After settings filtering:   2
    After built-in stripping:   4
    After scriptable stripping: 4
    Processed in 0.00 seconds
  Pass "YCbCrA_To_RGBA" (vp)
    Target graphics API: metal
    Full variant space:         2
    After settings filtering:   2
    After built-in stripping:   4
    After scriptable stripping: 4
    Processed in 0.00 seconds
  Pass "YCbCrA_To_RGBA" (fp)
    Target graphics API: metal
    Full variant space:         2
    After settings filtering:   2
    After built-in stripping:   4
    After scriptable stripping: 4
    Processed in 0.00 seconds
  Pass "Flip_RGBA_To_RGBA" (vp)
    Target graphics API: metal
    Full variant space:         2
    After settings filtering:   2
    After built-in stripping:   4
    After scriptable stripping: 4
    Processed in 0.00 seconds
  Pass "Flip_RGBA_To_RGBA" (fp)
    Target graphics API: metal
    Full variant space:         2
    After settings filtering:   2
    After built-in stripping:   4
    After scriptable stripping: 4
    Processed in 0.00 seconds
  Pass "Flip_RGBASplit_To_RGBA" (vp)
    Target graphics API: metal
    Full variant space:         2
    After settings filtering:   2
    After built-in stripping:   4
    After scriptable stripping: 4
    Processed in 0.00 seconds
  Pass "Flip_RGBASplit_To_RGBA" (fp)
    Target graphics API: metal
    Full variant space:         2
    After settings filtering:   2
    After built-in stripping:   4
    After scriptable stripping: 4
    Processed in 0.00 seconds
  Pass "Flip_NV12_To_RGB1" (vp)
    Target graphics API: metal
    Full variant space:         2
    After settings filtering:   2
    After built-in stripping:   4
    After scriptable stripping: 4
    Processed in 0.00 seconds
  Pass "Flip_NV12_To_RGB1" (fp)
    Target graphics API: metal
    Full variant space:         2
    After settings filtering:   2
    After built-in stripping:   4
    After scriptable stripping: 4
    Processed in 0.00 seconds
  Pass "Flip_NV12_To_RGBA" (vp)
    Target graphics API: metal
    Full variant space:         2
    After settings filtering:   2
    After built-in stripping:   4
    After scriptable stripping: 4
    Processed in 0.00 seconds
  Pass "Flip_NV12_To_RGBA" (fp)
    Target graphics API: metal
    Full variant space:         2
    After settings filtering:   2
    After built-in stripping:   4
    After scriptable stripping: 4
    Processed in 0.00 seconds
  Pass "Flip_P010_To_RGB1" (vp)
    Target graphics API: metal
    Full variant space:         1
    After settings filtering:   1
    After built-in stripping:   2
    After scriptable stripping: 2
    Processed in 0.00 seconds
  Pass "Flip_P010_To_RGB1" (fp)
    Target graphics API: metal
    Full variant space:         1
    After settings filtering:   1
    After built-in stripping:   2
    After scriptable stripping: 2
    Processed in 0.00 seconds
  Pass YCbCr_To_RGB1 (vp, metal) finished in 0.18 seconds. Local cache hits 0 (0.00s CPU time), remote cache hits 0 (0.00s CPU time), compiled 4 variants (0.55s CPU time), skipped 0 variants.
    Prepared data for serialisation in 0.00s
  Pass YCbCr_To_RGB1 (fp, metal) finished in 0.18 seconds. Local cache hits 0 (0.00s CPU time), remote cache hits 0 (0.00s CPU time), compiled 4 variants (0.39s CPU time), skipped 0 variants.
    Prepared data for serialisation in 0.00s
  Pass YCbCrA_To_RGBAFull (vp, metal) finished in 0.22 seconds. Local cache hits 0 (0.00s CPU time), remote cache hits 0 (0.00s CPU time), compiled 4 variants (0.45s CPU time), skipped 0 variants.
    Prepared data for serialisation in 0.00s
  Pass YCbCrA_To_RGBAFull (fp, metal) finished in 0.14 seconds. Local cache hits 0 (0.00s CPU time), remote cache hits 0 (0.00s CPU time), compiled 4 variants (0.36s CPU time), skipped 0 variants.
    Prepared data for serialisation in 0.00s
  Pass YCbCrA_To_RGBA (vp, metal) finished in 0.18 seconds. Local cache hits 0 (0.00s CPU time), remote cache hits 0 (0.00s CPU time), compiled 4 variants (0.37s CPU time), skipped 0 variants.
    Prepared data for serialisation in 0.00s
  Pass YCbCrA_To_RGBA (fp, metal) finished in 0.15 seconds. Local cache hits 0 (0.00s CPU time), remote cache hits 0 (0.00s CPU time), compiled 4 variants (0.33s CPU time), skipped 0 variants.
    Prepared data for serialisation in 0.00s
  Pass Flip_RGBA_To_RGBA (vp, metal) finished in 0.18 seconds. Local cache hits 1 (0.00s CPU time), remote cache hits 0 (0.00s CPU time), compiled 3 variants (0.44s CPU time), skipped 0 variants.
    Prepared data for serialisation in 0.00s
  Pass Flip_RGBA_To_RGBA (fp, metal) finished in 0.13 seconds. Local cache hits 1 (0.00s CPU time), remote cache hits 0 (0.00s CPU time), compiled 3 variants (0.09s CPU time), skipped 0 variants.
    Prepared data for serialisation in 0.00s
  Pass Flip_RGBASplit_To_RGBA (vp, metal) finished in 0.14 seconds. Local cache hits 0 (0.00s CPU time), remote cache hits 0 (0.00s CPU time), compiled 4 variants (0.41s CPU time), skipped 0 variants.
    Prepared data for serialisation in 0.00s
  Pass Flip_RGBASplit_To_RGBA (fp, metal) finished in 0.13 seconds. Local cache hits 0 (0.00s CPU time), remote cache hits 0 (0.00s CPU time), compiled 4 variants (0.23s CPU time), skipped 0 variants.
    Prepared data for serialisation in 0.00s
  Pass Flip_NV12_To_RGB1 (vp, metal) finished in 0.15 seconds. Local cache hits 0 (0.00s CPU time), remote cache hits 0 (0.00s CPU time), compiled 4 variants (0.35s CPU time), skipped 0 variants.
    Prepared data for serialisation in 0.00s
  Pass Flip_NV12_To_RGB1 (fp, metal) finished in 0.11 seconds. Local cache hits 0 (0.00s CPU time), remote cache hits 0 (0.00s CPU time), compiled 4 variants (0.22s CPU time), skipped 0 variants.
    Prepared data for serialisation in 0.00s
  Pass Flip_NV12_To_RGBA (vp, metal) finished in 0.13 seconds. Local cache hits 0 (0.00s CPU time), remote cache hits 0 (0.00s CPU time), compiled 4 variants (0.26s CPU time), skipped 0 variants.
    Prepared data for serialisation in 0.00s
  Pass Flip_NV12_To_RGBA (fp, metal) finished in 0.11 seconds. Local cache hits 0 (0.00s CPU time), remote cache hits 0 (0.00s CPU time), compiled 4 variants (0.24s CPU time), skipped 0 variants.
    Prepared data for serialisation in 0.00s
  Pass Flip_P010_To_RGB1 (vp, metal) finished in 0.07 seconds. Local cache hits 0 (0.00s CPU time), remote cache hits 0 (0.00s CPU time), compiled 2 variants (0.11s CPU time), skipped 0 variants.
    Prepared data for serialisation in 0.00s
  Pass Flip_P010_To_RGB1 (fp, metal) finished in 0.05 seconds. Local cache hits 0 (0.00s CPU time), remote cache hits 0 (0.00s CPU time), compiled 2 variants (0.05s CPU time), skipped 0 variants.
    Prepared data for serialisation in 0.00s
Serialized binary data for shader Hidden/VideoDecode in 0.00s
    metal (total internal programs: 60, unique: 38)
Compiling shader "Hidden/VideoDecodeOSX"
  Pass "Flip_RGBARect_To_RGBA" (vp)
  Pass "Flip_RGBARect_To_RGBA" (fp)
  Pass "Flip_RGBASplitRect_To_RGBA" (vp)
  Pass "Flip_RGBASplitRect_To_RGBA" (fp)
    Prepared data for serialisation in 0.00s
    Prepared data for serialisation in 0.00s
    Prepared data for serialisation in 0.00s
    Prepared data for serialisation in 0.00s
Serialized binary data for shader Hidden/VideoDecodeOSX in 0.00s
    metal (total internal programs: 0, unique: 0)
Compiling shader "Hidden/TextCore/Distance Field SSD"
  Pass "" (vp)
    Target graphics API: metal
    Full variant space:         1
    After settings filtering:   1
    After built-in stripping:   2
    After scriptable stripping: 2
    Processed in 0.00 seconds
  Pass "" (fp)
    Target graphics API: metal
    Full variant space:         1
    After settings filtering:   1
    After built-in stripping:   2
    After scriptable stripping: 2
    Processed in 0.00 seconds
  Pass  (vp, metal) finished in 0.07 seconds. Local cache hits 0 (0.00s CPU time), remote cache hits 0 (0.00s CPU time), compiled 2 variants (0.14s CPU time), skipped 0 variants.
    Prepared data for serialisation in 0.00s
  Pass  (fp, metal) finished in 0.07 seconds. Local cache hits 0 (0.00s CPU time), remote cache hits 0 (0.00s CPU time), compiled 2 variants (0.07s CPU time), skipped 0 variants.
    Prepared data for serialisation in 0.00s
Serialized binary data for shader Hidden/TextCore/Distance Field SSD in 0.00s
    metal (total internal programs: 4, unique: 4)
Compiling shader "Hidden/Physics2D/SDF_CircleGeometry"
  Pass "" (vp)
    Target graphics API: metal
    Full variant space:         2
    After settings filtering:   2
    After built-in stripping:   2
    After scriptable stripping: 2
    Processed in 0.00 seconds
  Pass "" (fp)
    Target graphics API: metal
    Full variant space:         2
    After settings filtering:   2
    After built-in stripping:   2
    After scriptable stripping: 2
    Processed in 0.00 seconds
  Pass  (vp, metal) finished in 0.08 seconds. Local cache hits 0 (0.00s CPU time), remote cache hits 0 (0.00s CPU time), compiled 2 variants (0.14s CPU time), skipped 0 variants.
    Prepared data for serialisation in 0.00s
  Pass  (fp, metal) finished in 0.08 seconds. Local cache hits 0 (0.00s CPU time), remote cache hits 0 (0.00s CPU time), compiled 2 variants (0.11s CPU time), skipped 0 variants.
    Prepared data for serialisation in 0.00s
Serialized binary data for shader Hidden/Physics2D/SDF_CircleGeometry in 0.00s
    metal (total internal programs: 4, unique: 4)
Compiling shader "Hidden/Physics2D/SDF_CapsuleGeometry"
  Pass "" (vp)
    Target graphics API: metal
    Full variant space:         2
    After settings filtering:   2
    After built-in stripping:   2
    After scriptable stripping: 2
    Processed in 0.00 seconds
  Pass "" (fp)
    Target graphics API: metal
    Full variant space:         2
    After settings filtering:   2
    After built-in stripping:   2
    After scriptable stripping: 2
    Processed in 0.00 seconds
  Pass  (vp, metal) finished in 0.07 seconds. Local cache hits 0 (0.00s CPU time), remote cache hits 0 (0.00s CPU time), compiled 2 variants (0.14s CPU time), skipped 0 variants.
    Prepared data for serialisation in 0.00s
  Pass  (fp, metal) finished in 0.07 seconds. Local cache hits 0 (0.00s CPU time), remote cache hits 0 (0.00s CPU time), compiled 2 variants (0.10s CPU time), skipped 0 variants.
    Prepared data for serialisation in 0.00s
Serialized binary data for shader Hidden/Physics2D/SDF_CapsuleGeometry in 0.00s
    metal (total internal programs: 4, unique: 4)
Compiling shader "Hidden/Physics2D/SDF_PolygonGeometry"
  Pass "" (vp)
    Target graphics API: metal
    Full variant space:         2
    After settings filtering:   2
    After built-in stripping:   2
    After scriptable stripping: 2
    Processed in 0.00 seconds
  Pass "" (fp)
    Target graphics API: metal
    Full variant space:         2
    After settings filtering:   2
    After built-in stripping:   2
    After scriptable stripping: 2
    Processed in 0.00 seconds
  Pass  (vp, metal) finished in 0.17 seconds. Local cache hits 0 (0.00s CPU time), remote cache hits 0 (0.00s CPU time), compiled 2 variants (0.33s CPU time), skipped 0 variants.
    Prepared data for serialisation in 0.00s
  Pass  (fp, metal) finished in 0.20 seconds. Local cache hits 0 (0.00s CPU time), remote cache hits 0 (0.00s CPU time), compiled 2 variants (0.40s CPU time), skipped 0 variants.
    Prepared data for serialisation in 0.00s
Serialized binary data for shader Hidden/Physics2D/SDF_PolygonGeometry in 0.00s
    metal (total internal programs: 4, unique: 4)
Compiling shader "Hidden/Physics2D/SDF_Line"
  Pass "" (vp)
    Target graphics API: metal
    Full variant space:         2
    After settings filtering:   2
    After built-in stripping:   2
    After scriptable stripping: 2
    Processed in 0.00 seconds
  Pass "" (fp)
    Target graphics API: metal
    Full variant space:         2
    After settings filtering:   2
    After built-in stripping:   2
    After scriptable stripping: 2
    Processed in 0.00 seconds
  Pass  (vp, metal) finished in 0.06 seconds. Local cache hits 0 (0.00s CPU time), remote cache hits 0 (0.00s CPU time), compiled 2 variants (0.11s CPU time), skipped 0 variants.
    Prepared data for serialisation in 0.00s
  Pass  (fp, metal) finished in 0.06 seconds. Local cache hits 0 (0.00s CPU time), remote cache hits 0 (0.00s CPU time), compiled 2 variants (0.06s CPU time), skipped 0 variants.
    Prepared data for serialisation in 0.00s
Serialized binary data for shader Hidden/Physics2D/SDF_Line in 0.00s
    metal (total internal programs: 4, unique: 4)
Compiling shader "Hidden/Physics2D/SDF_Point"
  Pass "" (vp)
    Target graphics API: metal
    Full variant space:         2
    After settings filtering:   2
    After built-in stripping:   2
    After scriptable stripping: 2
    Processed in 0.00 seconds
  Pass "" (fp)
    Target graphics API: metal
    Full variant space:         2
    After settings filtering:   2
    After built-in stripping:   2
    After scriptable stripping: 2
    Processed in 0.00 seconds
  Pass  (vp, metal) finished in 0.05 seconds. Local cache hits 0 (0.00s CPU time), remote cache hits 0 (0.00s CPU time), compiled 2 variants (0.10s CPU time), skipped 0 variants.
    Prepared data for serialisation in 0.00s
  Pass  (fp, metal) finished in 0.05 seconds. Local cache hits 0 (0.00s CPU time), remote cache hits 0 (0.00s CPU time), compiled 2 variants (0.04s CPU time), skipped 0 variants.
    Prepared data for serialisation in 0.00s
Serialized binary data for shader Hidden/Physics2D/SDF_Point in 0.00s
    metal (total internal programs: 4, unique: 4)
Compiling shader "glTF/PbrSpecularGlossiness"
  Pass "FORWARD" (vp)
    Target graphics API: metal
    Full variant space:         664
    After settings filtering:   664
    After built-in stripping:   16
    After scriptable stripping: 16
    Processed in 0.00 seconds
  Pass "FORWARD" (fp)
    Target graphics API: metal
    Full variant space:         504
    After settings filtering:   504
    After built-in stripping:   8
    After scriptable stripping: 8
    Processed in 0.00 seconds
  Pass "FORWARD_DELTA" (vp)
    Target graphics API: metal
    Full variant space:         188
    After settings filtering:   188
    After built-in stripping:   26
    After scriptable stripping: 26
    Processed in 0.00 seconds
  Pass "FORWARD_DELTA" (fp)
    Target graphics API: metal
    Full variant space:         188
    After settings filtering:   188
    After built-in stripping:   26
    After scriptable stripping: 26
    Processed in 0.00 seconds
  Pass "ShadowCaster" (vp)
    Target graphics API: metal
    Full variant space:         4
    After settings filtering:   4
    After built-in stripping:   4
    After scriptable stripping: 4
    Processed in 0.00 seconds
  Pass "ShadowCaster" (fp)
    Target graphics API: metal
    Full variant space:         4
    After settings filtering:   4
    After built-in stripping:   4
    After scriptable stripping: 4
    Processed in 0.00 seconds
  Pass "DEFERRED" (vp)
    Target graphics API: metal
    Full variant space:         76
    After settings filtering:   76
    After built-in stripping:   8
    After scriptable stripping: 8
    Processed in 0.00 seconds
  Pass "DEFERRED" (fp)
    Target graphics API: metal
    Full variant space:         76
    After settings filtering:   76
    After built-in stripping:   8
    After scriptable stripping: 8
    Processed in 0.00 seconds
  Pass "FORWARD" (vp)
    Target graphics API: metal
    Full variant space:         136
    After settings filtering:   136
    After built-in stripping:   16
    After scriptable stripping: 16
    Processed in 0.00 seconds
  Pass "FORWARD" (fp)
    Target graphics API: metal
    Full variant space:         96
    After settings filtering:   96
    After built-in stripping:   8
    After scriptable stripping: 8
    Processed in 0.00 seconds
  Pass "FORWARD_DELTA" (vp)
    Target graphics API: metal
    Full variant space:         140
    After settings filtering:   140
    After built-in stripping:   20
    After scriptable stripping: 20
    Processed in 0.00 seconds
  Pass "FORWARD_DELTA" (fp)
    Target graphics API: metal
    Full variant space:         140
    After settings filtering:   140
    After built-in stripping:   20
    After scriptable stripping: 20
    Processed in 0.00 seconds
  Pass "ShadowCaster" (vp)
    Target graphics API: metal
    Full variant space:         2
    After settings filtering:   2
    After built-in stripping:   4
    After scriptable stripping: 4
    Processed in 0.00 seconds
  Pass "ShadowCaster" (fp)
    Target graphics API: metal
    Full variant space:         2
    After settings filtering:   2
    After built-in stripping:   4
    After scriptable stripping: 4
    Processed in 0.00 seconds
  Pass FORWARD (vp, metal) finished in 0.00 seconds. Local cache hits 16 (0.01s CPU time), remote cache hits 0 (0.00s CPU time), compiled 0 variants (0.00s CPU time), skipped 0 variants.
    Prepared data for serialisation in 0.00s
  Pass FORWARD (fp, metal) finished in 0.00 seconds. Local cache hits 8 (0.01s CPU time), remote cache hits 0 (0.00s CPU time), compiled 0 variants (0.00s CPU time), skipped 0 variants.
    Prepared data for serialisation in 0.00s
  Pass FORWARD_DELTA (vp, metal) finished in 0.00 seconds. Local cache hits 26 (0.01s CPU time), remote cache hits 0 (0.00s CPU time), compiled 0 variants (0.00s CPU time), skipped 0 variants.
    Prepared data for serialisation in 0.00s
  Pass FORWARD_DELTA (fp, metal) finished in 0.00 seconds. Local cache hits 26 (0.01s CPU time), remote cache hits 0 (0.00s CPU time), compiled 0 variants (0.00s CPU time), skipped 0 variants.
    Prepared data for serialisation in 0.00s
  Pass ShadowCaster (vp, metal) finished in 0.00 seconds. Local cache hits 4 (0.00s CPU time), remote cache hits 0 (0.00s CPU time), compiled 0 variants (0.00s CPU time), skipped 0 variants.
    Prepared data for serialisation in 0.00s
  Pass ShadowCaster (fp, metal) finished in 0.00 seconds. Local cache hits 4 (0.00s CPU time), remote cache hits 0 (0.00s CPU time), compiled 0 variants (0.00s CPU time), skipped 0 variants.
    Prepared data for serialisation in 0.00s
  Pass DEFERRED (vp, metal) finished in 0.00 seconds. Local cache hits 8 (0.00s CPU time), remote cache hits 0 (0.00s CPU time), compiled 0 variants (0.00s CPU time), skipped 0 variants.
    Prepared data for serialisation in 0.00s
  Pass DEFERRED (fp, metal) finished in 0.00 seconds. Local cache hits 8 (0.00s CPU time), remote cache hits 0 (0.00s CPU time), compiled 0 variants (0.00s CPU time), skipped 0 variants.
    Prepared data for serialisation in 0.00s
  Pass FORWARD (vp, metal) finished in 0.00 seconds. Local cache hits 16 (0.01s CPU time), remote cache hits 0 (0.00s CPU time), compiled 0 variants (0.00s CPU time), skipped 0 variants.
    Prepared data for serialisation in 0.00s
  Pass FORWARD (fp, metal) finished in 0.00 seconds. Local cache hits 8 (0.01s CPU time), remote cache hits 0 (0.00s CPU time), compiled 0 variants (0.00s CPU time), skipped 0 variants.
    Prepared data for serialisation in 0.00s
  Pass FORWARD_DELTA (vp, metal) finished in 0.00 seconds. Local cache hits 20 (0.01s CPU time), remote cache hits 0 (0.00s CPU time), compiled 0 variants (0.00s CPU time), skipped 0 variants.
    Prepared data for serialisation in 0.00s
  Pass FORWARD_DELTA (fp, metal) finished in 0.00 seconds. Local cache hits 20 (0.01s CPU time), remote cache hits 0 (0.00s CPU time), compiled 0 variants (0.00s CPU time), skipped 0 variants.
    Prepared data for serialisation in 0.00s
  Pass ShadowCaster (vp, metal) finished in 0.00 seconds. Local cache hits 4 (0.00s CPU time), remote cache hits 0 (0.00s CPU time), compiled 0 variants (0.00s CPU time), skipped 0 variants.
    Prepared data for serialisation in 0.00s
  Pass ShadowCaster (fp, metal) finished in 0.00 seconds. Local cache hits 4 (0.00s CPU time), remote cache hits 0 (0.00s CPU time), compiled 0 variants (0.00s CPU time), skipped 0 variants.
    Prepared data for serialisation in 0.00s
Serialized binary data for shader glTF/PbrSpecularGlossiness in 0.00s
    metal (total internal programs: 172, unique: 122)
Compiling shader "glTF/PbrMetallicRoughness"
  Pass "FORWARD" (vp)
    Target graphics API: metal
    Full variant space:         664
    After settings filtering:   664
    After built-in stripping:   16
    After scriptable stripping: 16
    Processed in 0.00 seconds
  Pass "FORWARD" (fp)
    Target graphics API: metal
    Full variant space:         504
    After settings filtering:   504
    After built-in stripping:   8
    After scriptable stripping: 8
    Processed in 0.00 seconds
  Pass "FORWARD_DELTA" (vp)
    Target graphics API: metal
    Full variant space:         188
    After settings filtering:   188
    After built-in stripping:   26
    After scriptable stripping: 26
    Processed in 0.00 seconds
  Pass "FORWARD_DELTA" (fp)
    Target graphics API: metal
    Full variant space:         188
    After settings filtering:   188
    After built-in stripping:   26
    After scriptable stripping: 26
    Processed in 0.00 seconds
  Pass "ShadowCaster" (vp)
    Target graphics API: metal
    Full variant space:         4
    After settings filtering:   4
    After built-in stripping:   4
    After scriptable stripping: 4
    Processed in 0.00 seconds
  Pass "ShadowCaster" (fp)
    Target graphics API: metal
    Full variant space:         4
    After settings filtering:   4
    After built-in stripping:   4
    After scriptable stripping: 4
    Processed in 0.00 seconds
  Pass "DEFERRED" (vp)
    Target graphics API: metal
    Full variant space:         76
    After settings filtering:   76
    After built-in stripping:   8
    After scriptable stripping: 8
    Processed in 0.00 seconds
  Pass "DEFERRED" (fp)
    Target graphics API: metal
    Full variant space:         76
    After settings filtering:   76
    After built-in stripping:   8
    After scriptable stripping: 8
    Processed in 0.00 seconds
  Pass "FORWARD" (vp)
    Target graphics API: metal
    Full variant space:         208
    After settings filtering:   208
    After built-in stripping:   16
    After scriptable stripping: 16
    Processed in 0.00 seconds
  Pass "FORWARD" (fp)
    Target graphics API: metal
    Full variant space:         148
    After settings filtering:   148
    After built-in stripping:   8
    After scriptable stripping: 8
    Processed in 0.00 seconds
  Pass "FORWARD_DELTA" (vp)
    Target graphics API: metal
    Full variant space:         140
    After settings filtering:   140
    After built-in stripping:   20
    After scriptable stripping: 20
    Processed in 0.00 seconds
  Pass "FORWARD_DELTA" (fp)
    Target graphics API: metal
    Full variant space:         140
    After settings filtering:   140
    After built-in stripping:   20
    After scriptable stripping: 20
    Processed in 0.00 seconds
  Pass "ShadowCaster" (vp)
    Target graphics API: metal
    Full variant space:         2
    After settings filtering:   2
    After built-in stripping:   4
    After scriptable stripping: 4
    Processed in 0.00 seconds
  Pass "ShadowCaster" (fp)
    Target graphics API: metal
    Full variant space:         2
    After settings filtering:   2
    After built-in stripping:   4
    After scriptable stripping: 4
    Processed in 0.00 seconds
  Pass FORWARD (vp, metal) finished in 0.00 seconds. Local cache hits 16 (0.01s CPU time), remote cache hits 0 (0.00s CPU time), compiled 0 variants (0.00s CPU time), skipped 0 variants.
    Prepared data for serialisation in 0.00s
  Pass FORWARD (fp, metal) finished in 0.00 seconds. Local cache hits 8 (0.00s CPU time), remote cache hits 0 (0.00s CPU time), compiled 0 variants (0.00s CPU time), skipped 0 variants.
    Prepared data for serialisation in 0.00s
  Pass FORWARD_DELTA (vp, metal) finished in 0.00 seconds. Local cache hits 26 (0.02s CPU time), remote cache hits 0 (0.00s CPU time), compiled 0 variants (0.00s CPU time), skipped 0 variants.
    Prepared data for serialisation in 0.00s
  Pass FORWARD_DELTA (fp, metal) finished in 0.00 seconds. Local cache hits 26 (0.01s CPU time), remote cache hits 0 (0.00s CPU time), compiled 0 variants (0.00s CPU time), skipped 0 variants.
    Prepared data for serialisation in 0.00s
  Pass ShadowCaster (vp, metal) finished in 0.00 seconds. Local cache hits 4 (0.00s CPU time), remote cache hits 0 (0.00s CPU time), compiled 0 variants (0.00s CPU time), skipped 0 variants.
    Prepared data for serialisation in 0.00s
  Pass ShadowCaster (fp, metal) finished in 0.00 seconds. Local cache hits 4 (0.00s CPU time), remote cache hits 0 (0.00s CPU time), compiled 0 variants (0.00s CPU time), skipped 0 variants.
    Prepared data for serialisation in 0.00s
  Pass DEFERRED (vp, metal) finished in 0.00 seconds. Local cache hits 8 (0.01s CPU time), remote cache hits 0 (0.00s CPU time), compiled 0 variants (0.00s CPU time), skipped 0 variants.
    Prepared data for serialisation in 0.00s
  Pass DEFERRED (fp, metal) finished in 0.00 seconds. Local cache hits 8 (0.01s CPU time), remote cache hits 0 (0.00s CPU time), compiled 0 variants (0.00s CPU time), skipped 0 variants.
    Prepared data for serialisation in 0.00s
  Pass FORWARD (vp, metal) finished in 0.00 seconds. Local cache hits 16 (0.01s CPU time), remote cache hits 0 (0.00s CPU time), compiled 0 variants (0.00s CPU time), skipped 0 variants.
    Prepared data for serialisation in 0.00s
  Pass FORWARD (fp, metal) finished in 0.00 seconds. Local cache hits 8 (0.01s CPU time), remote cache hits 0 (0.00s CPU time), compiled 0 variants (0.00s CPU time), skipped 0 variants.
    Prepared data for serialisation in 0.00s
  Pass FORWARD_DELTA (vp, metal) finished in 0.00 seconds. Local cache hits 20 (0.01s CPU time), remote cache hits 0 (0.00s CPU time), compiled 0 variants (0.00s CPU time), skipped 0 variants.
    Prepared data for serialisation in 0.00s
  Pass FORWARD_DELTA (fp, metal) finished in 0.00 seconds. Local cache hits 20 (0.02s CPU time), remote cache hits 0 (0.00s CPU time), compiled 0 variants (0.00s CPU time), skipped 0 variants.
    Prepared data for serialisation in 0.00s
  Pass ShadowCaster (vp, metal) finished in 0.00 seconds. Local cache hits 4 (0.00s CPU time), remote cache hits 0 (0.00s CPU time), compiled 0 variants (0.00s CPU time), skipped 0 variants.
    Prepared data for serialisation in 0.00s
  Pass ShadowCaster (fp, metal) finished in 0.00 seconds. Local cache hits 4 (0.00s CPU time), remote cache hits 0 (0.00s CPU time), compiled 0 variants (0.00s CPU time), skipped 0 variants.
    Prepared data for serialisation in 0.00s
Serialized binary data for shader glTF/PbrMetallicRoughness in 0.00s
    metal (total internal programs: 172, unique: 122)
Compiling shader "glTF/Unlit"
  Pass "" (vp)
    Target graphics API: metal
    Full variant space:         4
    After settings filtering:   4
    After built-in stripping:   2
    After scriptable stripping: 2
    Processed in 0.00 seconds
  Pass "" (fp)
    Target graphics API: metal
    Full variant space:         4
    After settings filtering:   4
    After built-in stripping:   2
    After scriptable stripping: 2
    Processed in 0.00 seconds
  Pass  (vp, metal) finished in 0.00 seconds. Local cache hits 2 (0.00s CPU time), remote cache hits 0 (0.00s CPU time), compiled 0 variants (0.00s CPU time), skipped 0 variants.
    Prepared data for serialisation in 0.00s
  Pass  (fp, metal) finished in 0.00 seconds. Local cache hits 2 (0.00s CPU time), remote cache hits 0 (0.00s CPU time), compiled 0 variants (0.00s CPU time), skipped 0 variants.
    Prepared data for serialisation in 0.00s
Serialized binary data for shader glTF/Unlit in 0.00s
    metal (total internal programs: 4, unique: 4)
SpriteAtlasDatabase::Cleanup
[40m[32minfo[39m[22m[49m: Microsoft.AspNetCore.Hosting.Diagnostics[1]
      Request starting HTTP/2 POST http://ilpp/UnityILPP.PostProcessing/Ping application/grpc -
[40m[32minfo[39m[22m[49m: Microsoft.AspNetCore.Routing.EndpointMiddleware[0]
      Executing endpoint 'gRPC - /UnityILPP.PostProcessing/Ping'
[40m[32minfo[39m[22m[49m: Microsoft.AspNetCore.Routing.EndpointMiddleware[1]
      Executed endpoint 'gRPC - /UnityILPP.PostProcessing/Ping'
[40m[32minfo[39m[22m[49m: Microsoft.AspNetCore.Hosting.Diagnostics[2]
      Request finished HTTP/2 POST http://ilpp/UnityILPP.PostProcessing/Ping application/grpc - - 200 - application/grpc 2.0442ms
[Licensing::Client] Successfully resolved entitlement details
[Licensing::Module] License group:
  Id: F4-AZ6T-383H-7KTU-RM2U-XXXX
  Product: Unity Personal
  Type: ULF
  Expiration: Unlimited
[Licensing::Module] License group:
  Id: 11270701585829-UnityPersXXXX
  Product: Unity Personal
  Type: Assigned
  Expiration: Unlimited
Starting: /Applications/Unity/Hub/Editor/6000.3.22f1/Unity.app/Contents/Resources/BuildPipeline/bee_backend --ipc --dagfile="Library/Bee/Playeraea36e5e.dag" --profile="Library/Bee/backend1.traceevents" Player
WorkingDir: /Users/mziwamadoda/Projects/Binteca/Interactive/milzetvrstudio/Unity
DisplayProgressbar: Incremental Player Build
[ 35/590    0s] CopyFiles /Users/mziwamadoda/Projects/Binteca/Interactive/milzetvrstudio/Artifacts/Builds/milzetvrstudio.app/Contents/Resources/Data/globalgamemanagers
[ 36/590    0s] CopyFiles /Users/mziwamadoda/Projects/Binteca/Interactive/milzetvrstudio/Artifacts/Builds/milzetvrstudio.app/Contents/Resources/Data/globalgamemanagers.assets
[ 37/590    0s] CopyFiles /Users/mziwamadoda/Projects/Binteca/Interactive/milzetvrstudio/Artifacts/Builds/milzetvrstudio.app/Contents/Resources/Data/resources.assets
[ 38/590    0s] CopyFiles /Users/mziwamadoda/Projects/Binteca/Interactive/milzetvrstudio/Artifacts/Builds/milzetvrstudio.app/Contents/Resources/Data/globalgamemanagers.assets.resS
[ 39/590    0s] CopyFiles /Users/mziwamadoda/Projects/Binteca/Interactive/milzetvrstudio/Artifacts/Builds/milzetvrstudio.app/Contents/Resources/Data/level0
[ 40/590    0s] CopyFiles /Users/mziwamadoda/Projects/Binteca/Interactive/milzetvrstudio/Artifacts/Builds/milzetvrstudio.app/Contents/Resources/Data/resources.assets.resS
[ 71/590    0s] CopyFiles /Users/mziwamadoda/Projects/Binteca/Interactive/milzetvrstudio/Artifacts/Builds/milzetvrstudio.app/Contents/Resources/Data/Resources/unity_builtin_extra
[ 80/590    0s] CopyFiles /Users/mziwamadoda/Projects/Binteca/Interactive/milzetvrstudio/Artifacts/Builds/milzetvrstudio.app/Contents/Resources/Data/sharedassets0.assets
[ 81/590    0s] CopyFiles /Users/mziwamadoda/Projects/Binteca/Interactive/milzetvrstudio/Artifacts/Builds/milzetvrstudio.app/Contents/Resources/Data/sharedassets0.assets.resS
[191/590    0s] AddBootConfigGUID Library/Bee/artifacts/MacStandalonePlayerBuildProgram/boot.config
[192/590    0s] CopyFiles /Users/mziwamadoda/Projects/Binteca/Interactive/milzetvrstudio/Artifacts/Builds/milzetvrstudio.app/Contents/Resources/Data/boot.config
[193/590    0s] UnityLinker /Users/mziwamadoda/Projects/Binteca/Interactive/milzetvrstudio/Unity/Library/Bee/artifacts/unitylinker_hph0.traceevents
/Applications/Unity/Hub/Editor/6000.3.22f1/Unity.app/Contents/Resources/Scripting/il2cpp/build/deploy/UnityLinker --allowed-assembly=/Applications/Unity/Hub/Editor/6000.3.22f1/Unity.app/Contents/PlaybackEngines/MacStandaloneSupport/Variations/mono/Managed/UnityEngine.AIModule.dll --allowed-assembly=/Applications/Unity/Hub/Editor/6000.3.22f1/Unity.app/Contents/PlaybackEngines/MacStandaloneSupport/Variations/mono/Managed/UnityEngine.ARModule.dll --allowed-assembly=/Applications/Unity/Hub/Editor/6000.3.22f1/Unity.app/Contents/PlaybackEngines/MacStandaloneSupport/Variations/mono/Managed/UnityEngine.AccessibilityModule.dll --allowed-assembly=/Applications/Unity/Hub/Editor/6000.3.22f1/Unity.app/Contents/PlaybackEngines/MacStandaloneSupport/Variations/mono/Managed/UnityEngine.AdaptivePerformanceModule.dll --allowed-assembly=/Applications/Unity/Hub/Editor/6000.3.22f1/Unity.app/Contents/PlaybackEngines/MacStandaloneSupport/Variations/mono/Managed/UnityEngine.AndroidJNIModule.dll --allowed-assembly=/Applications/Unity/Hub/Editor/6000.3.22f1/Unity.app/Contents/PlaybackEngines/MacStandaloneSupport/Variations/mono/Managed/UnityEngine.AnimationModule.dll --allowed-assembly=/Applications/Unity/Hub/Editor/6000.3.22f1/Unity.app/Contents/PlaybackEngines/MacStandaloneSupport/Variations/mono/Managed/UnityEngine.AssetBundleModule.dll --allowed-assembly=/Applications/Unity/Hub/Editor/6000.3.22f1/Unity.app/Contents/PlaybackEngines/MacStandaloneSupport/Variations/mono/Managed/UnityEngine.AudioModule.dll --allowed-assembly=/Applications/Unity/Hub/Editor/6000.3.22f1/Unity.app/Contents/PlaybackEngines/MacStandaloneSupport/Variations/mono/Managed/UnityEngine.ClothModule.dll --allowed-assembly=/Applications/Unity/Hub/Editor/6000.3.22f1/Unity.app/Contents/PlaybackEngines/MacStandaloneSupport/Variations/mono/Managed/UnityEngine.ClusterInputModule.dll --allowed-assembly=/Applications/Unity/Hub/Editor/6000.3.22f1/Unity.app/Contents/PlaybackEngines/MacStandaloneSupport/Variations/mono/Managed/UnityEngine.ClusterRendererModule.dll --allowed-assembly=/Applications/Unity/Hub/Editor/6000.3.22f1/Unity.app/Contents/PlaybackEngines/MacStandaloneSupport/Variations/mono/Managed/UnityEngine.ContentLoadModule.dll --allowed-assembly=/Applications/Unity/Hub/Editor/6000.3.22f1/Unity.app/Contents/PlaybackEngines/MacStandaloneSupport/Variations/mono/Managed/UnityEngine.CoreModule.dll --allowed-assembly=/Applications/Unity/Hub/Editor/6000.3.22f1/Unity.app/Contents/PlaybackEngines/MacStandaloneSupport/Variations/mono/Managed/UnityEngine.CrashReportingModule.dll --allowed-assembly=/Applications/Unity/Hub/Editor/6000.3.22f1/Unity.app/Contents/PlaybackEngines/MacStandaloneSupport/Variations/mono/Managed/UnityEngine.DSPGraphModule.dll --allowed-assembly=/Applications/Unity/Hub/Editor/6000.3.22f1/Unity.app/Contents/PlaybackEngines/MacStandaloneSupport/Variations/mono/Managed/UnityEngine.DirectorModule.dll --allowed-assembly=/Applications/Unity/Hub/Editor/6000.3.22f1/Unity.app/Contents/PlaybackEngines/MacStandaloneSupport/Variations/mono/Managed/UnityEngine.GIModule.dll --allowed-assembly=/Applications/Unity/Hub/Editor/6000.3.22f1/Unity.app/Contents/PlaybackEngines/MacStandaloneSupport/Variations/mono/Managed/UnityEngine.GameCenterModule.dll --allowed-assembly=/Applications/Unity/Hub/Editor/6000.3.22f1/Unity.app/Contents/PlaybackEngines/MacStandaloneSupport/Variations/mono/Managed/UnityEngine.GraphicsStateCollectionSerializerModule.dll --allowed-assembly=/Applications/Unity/Hub/Editor/6000.3.22f1/Unity.app/Contents/PlaybackEngines/MacStandaloneSupport/Variations/mono/Managed/UnityEngine.GridModule.dll --allowed-assembly=/Applications/Unity/Hub/Editor/6000.3.22f1/Unity.app/Contents/PlaybackEngines/MacStandaloneSupport/Variations/mono/Managed/UnityEngine.HierarchyCoreModule.dll --allowed-assembly=/Applications/Unity/Hub/Editor/6000.3.22f1/Unity.app/Contents/PlaybackEngines/MacStandaloneSupport/Variations/mono/Managed/UnityEngine.HierarchyModule.dll --allowed-assembly=/Applications/Unity/Hub/Editor/6000.3.22f1/Unity.app/Contents/PlaybackEngines/MacStandaloneSupport/Variations/mono/Managed/UnityEngine.HotReloadModule.dll --allowed-assembly=/Applications/Unity/Hub/Editor/6000.3.22f1/Unity.app/Contents/PlaybackEngines/MacStandaloneSupport/Variations/mono/Managed/UnityEngine.IMGUIModule.dll --allowed-assembly=/Applications/Unity/Hub/Editor/6000.3.22f1/Unity.app/Contents/PlaybackEngines/MacStandaloneSupport/Variations/mono/Managed/UnityEngine.IdentifiersModule.dll --allowed-assembly=/Applications/Unity/Hub/Editor/6000.3.22f1/Unity.app/Contents/PlaybackEngines/MacStandaloneSupport/Variations/mono/Managed/UnityEngine.ImageConversionModule.dll --allowed-assembly=/Applications/Unity/Hub/Editor/6000.3.22f1/Unity.app/Contents/PlaybackEngines/MacStandaloneSupport/Variations/mono/Managed/UnityEngine.InputForUIModule.dll --allowed-assembly=/Applications/Unity/Hub/Editor/6000.3.22f1/Unity.app/Contents/PlaybackEngines/MacStandaloneSupport/Variations/mono/Managed/UnityEngine.InputLegacyModule.dll --allowed-assembly=/Applications/Unity/Hub/Editor/6000.3.22f1/Unity.app/Contents/PlaybackEngines/MacStandaloneSupport/Variations/mono/Managed/UnityEngine.InputModule.dll --allowed-assembly=/Applications/Unity/Hub/Editor/6000.3.22f1/Unity.app/Contents/PlaybackEngines/MacStandaloneSupport/Variations/mono/Managed/UnityEngine.InsightsModule.dll --allowed-assembly=/Applications/Unity/Hub/Editor/6000.3.22f1/Unity.app/Contents/PlaybackEngines/MacStandaloneSupport/Variations/mono/Managed/UnityEngine.JSONSerializeModule.dll --allowed-assembly=/Applications/Unity/Hub/Editor/6000.3.22f1/Unity.app/Contents/PlaybackEngines/MacStandaloneSupport/Variations/mono/Managed/UnityEngine.LocalizationModule.dll --allowed-assembly=/Applications/Unity/Hub/Editor/6000.3.22f1/Unity.app/Contents/PlaybackEngines/MacStandaloneSupport/Variations/mono/Managed/UnityEngine.MarshallingModule.dll --allowed-assembly=/Applications/Unity/Hub/Editor/6000.3.22f1/Unity.app/Contents/PlaybackEngines/MacStandaloneSupport/Variations/mono/Managed/UnityEngine.MultiplayerModule.dll --allowed-assembly=/Applications/Unity/Hub/Editor/6000.3.22f1/Unity.app/Contents/PlaybackEngines/MacStandaloneSupport/Variations/mono/Managed/UnityEngine.ParticleSystemModule.dll --allowed-assembly=/Applications/Unity/Hub/Editor/6000.3.22f1/Unity.app/Contents/PlaybackEngines/MacStandaloneSupport/Variations/mono/Managed/UnityEngine.PerformanceReportingModule.dll --allowed-assembly=/Applications/Unity/Hub/Editor/6000.3.22f1/Unity.app/Contents/PlaybackEngines/MacStandaloneSupport/Variations/mono/Managed/UnityEngine.Physics2DModule.dll --allowed-assembly=/Applications/Unity/Hub/Editor/6000.3.22f1/Unity.app/Contents/PlaybackEngines/MacStandaloneSupport/Variations/mono/Managed/UnityEngine.PhysicsBackendPhysXModule.dll --allowed-assembly=/Applications/Unity/Hub/Editor/6000.3.22f1/Unity.app/Contents/PlaybackEngines/MacStandaloneSupport/Variations/mono/Managed/UnityEngine.PhysicsModule.dll --allowed-assembly=/Applications/Unity/Hub/Editor/6000.3.22f1/Unity.app/Contents/PlaybackEngines/MacStandaloneSupport/Variations/mono/Managed/UnityEngine.PropertiesModule.dll --allowed-assembly=/Applications/Unity/Hub/Editor/6000.3.22f1/Unity.app/Contents/PlaybackEngines/MacStandaloneSupport/Variations/mono/Managed/UnityEngine.RenderAs2DModule.dll --allowed-assembly=/Applications/Unity/Hub/Editor/6000.3.22f1/Unity.app/Contents/PlaybackEngines/MacStandaloneSupport/Variations/mono/Managed/UnityEngine.RuntimeInitializeOnLoadManagerInitializerModule.dll --allowed-assembly=/Applications/Unity/Hub/Editor/6000.3.22f1/Unity.app/Contents/PlaybackEngines/MacStandaloneSupport/Variations/mono/Managed/UnityEngine.ScreenCaptureModule.dll --allowed-assembly=/Applications/Unity/Hub/Editor/6000.3.22f1/Unity.app/Contents/PlaybackEngines/MacStandaloneSupport/Variations/mono/Managed/UnityEngine.ShaderRuntimeModule.dll --allowed-assembly=/Applications/Unity/Hub/Editor/6000.3.22f1/Unity.app/Contents/PlaybackEngines/MacStandaloneSupport/Variations/mono/Managed/UnityEngine.ShaderVariantAnalyticsModule.dll --allowed-assembly=/Applications/Unity/Hub/Editor/6000.3.22f1/Unity.app/Contents/PlaybackEngines/MacStandaloneSupport/Variations/mono/Managed/UnityEngine.SharedInternalsModule.dll --allowed-assembly=/Applications/Unity/Hub/Editor/6000.3.22f1/Unity.app/Contents/PlaybackEngines/MacStandaloneSupport/Variations/mono/Managed/UnityEngine.SpriteMaskModule.dll --allowed-assembly=/Applications/Unity/Hub/Editor/6000.3.22f1/Unity.app/Contents/PlaybackEngines/MacStandaloneSupport/Variations/mono/Managed/UnityEngine.SpriteShapeModule.dll --allowed-assembly=/Applications/Unity/Hub/Editor/6000.3.22f1/Unity.app/Contents/PlaybackEngines/MacStandaloneSupport/Variations/mono/Managed/UnityEngine.StreamingModule.dll --allowed-assembly=/Applications/Unity/Hub/Editor/6000.3.22f1/Unity.app/Contents/PlaybackEngines/MacStandaloneSupport/Variations/mono/Managed/UnityEngine.SubstanceModule.dll --allowed-assembly=/Applications/Unity/Hub/Editor/6000.3.22f1/Unity.app/Contents/PlaybackEngines/MacStandaloneSupport/Variations/mono/Managed/UnityEngine.SubsystemsModule.dll --allowed-assembly=/Applications/Unity/Hub/Editor/6000.3.22f1/Unity.app/Contents/PlaybackEngines/MacStandaloneSupport/Variations/mono/Managed/UnityEngine.TLSModule.dll --allowed-assembly=/Applications/Unity/Hub/Editor/6000.3.22f1/Unity.app/Contents/PlaybackEngines/MacStandaloneSupport/Variations/mono/Managed/UnityEngine.TerrainModule.dll --allowed-assembly=/Applications/Unity/Hub/Editor/6000.3.22f1/Unity.app/Contents/PlaybackEngines/MacStandaloneSupport/Variations/mono/Managed/UnityEngine.TerrainPhysicsModule.dll --allowed-assembly=/Applications/Unity/Hub/Editor/6000.3.22f1/Unity.app/Contents/PlaybackEngines/MacStandaloneSupport/Variations/mono/Managed/UnityEngine.TextCoreFontEngineModule.dll --allowed-assembly=/Applications/Unity/Hub/Editor/6000.3.22f1/Unity.app/Contents/PlaybackEngines/MacStandaloneSupport/Variations/mono/Managed/UnityEngine.TextCoreTextEngineModule.dll --allowed-assembly=/Applications/Unity/Hub/Editor/6000.3.22f1/Unity.app/Contents/PlaybackEngines/MacStandaloneSupport/Variations/mono/Managed/UnityEngine.TextRenderingModule.dll --allowed-assembly=/Applications/Unity/Hub/Editor/6000.3.22f1/Unity.app/Contents/PlaybackEngines/MacStandaloneSupport/Variations/mono/Managed/UnityEngine.TilemapModule.dll --allowed-assembly=/Applications/Unity/Hub/Editor/6000.3.22f1/Unity.app/Contents/PlaybackEngines/MacStandaloneSupport/Variations/mono/Managed/UnityEngine.UIElementsModule.dll --allowed-assembly=/Applications/Unity/Hub/Editor/6000.3.22f1/Unity.app/Contents/PlaybackEngines/MacStandaloneSupport/Variations/mono/Managed/UnityEngine.UIModule.dll --allowed-assembly=/Applications/Unity/Hub/Editor/6000.3.22f1/Unity.app/Contents/PlaybackEngines/MacStandaloneSupport/Variations/mono/Managed/UnityEngine.UmbraModule.dll --allowed-assembly=/Applications/Unity/Hub/Editor/6000.3.22f1/Unity.app/Contents/PlaybackEngines/MacStandaloneSupport/Variations/mono/Managed/UnityEngine.UnityAnalyticsCommonModule.dll --allowed-assembly=/Applications/Unity/Hub/Editor/6000.3.22f1/Unity.app/Contents/PlaybackEngines/MacStandaloneSupport/Variations/mono/Managed/UnityEngine.UnityAnalyticsModule.dll --allowed-assembly=/Applications/Unity/Hub/Editor/6000.3.22f1/Unity.app/Contents/PlaybackEngines/MacStandaloneSupport/Variations/mono/Managed/UnityEngine.UnityConnectModule.dll --allowed-assembly=/Applications/Unity/Hub/Editor/6000.3.22f1/Unity.app/Contents/PlaybackEngines/MacStandaloneSupport/Variations/mono/Managed/UnityEngine.UnityConsentModule.dll --allowed-assembly=/Applications/Unity/Hub/Editor/6000.3.22f1/Unity.app/Contents/PlaybackEngines/MacStandaloneSupport/Variations/mono/Managed/UnityEngine.UnityCurlModule.dll --allowed-assembly=/Applications/Unity/Hub/Editor/6000.3.22f1/Unity.app/Contents/PlaybackEngines/MacStandaloneSupport/Variations/mono/Managed/UnityEngine.UnityWebRequestAssetBundleModule.dll --allowed-assembly=/Applications/Unity/Hub/Editor/6000.3.22f1/Unity.app/Contents/PlaybackEngines/MacStandaloneSupport/Variations/mono/Managed/UnityEngine.UnityWebRequestAudioModule.dll --allowed-assembly=/Applications/Unity/Hub/Editor/6000.3.22f1/Unity.app/Contents/PlaybackEngines/MacStandaloneSupport/Variations/mono/Managed/UnityEngine.UnityWebRequestModule.dll --allowed-assembly=/Applications/Unity/Hub/Editor/6000.3.22f1/Unity.app/Contents/PlaybackEngines/MacStandaloneSupport/Variations/mono/Managed/UnityEngine.UnityWebRequestTextureModule.dll --allowed-assembly=/Applications/Unity/Hub/Editor/6000.3.22f1/Unity.app/Contents/PlaybackEngines/MacStandaloneSupport/Variations/mono/Managed/UnityEngine.UnityWebRequestWWWModule.dll --allowed-assembly=/Applications/Unity/Hub/Editor/6000.3.22f1/Unity.app/Contents/PlaybackEngines/MacStandaloneSupport/Variations/mono/Managed/UnityEngine.VFXModule.dll --allowed-assembly=/Applications/Unity/Hub/Editor/6000.3.22f1/Unity.app/Contents/PlaybackEngines/MacStandaloneSupport/Variations/mono/Managed/UnityEngine.VRModule.dll --allowed-assembly=/Applications/Unity/Hub/Editor/6000.3.22f1/Unity.app/Contents/PlaybackEngines/MacStandaloneSupport/Variations/mono/Managed/UnityEngine.VectorGraphicsModule.dll --allowed-assembly=/Applications/Unity/Hub/Editor/6000.3.22f1/Unity.app/Contents/PlaybackEngines/MacStandaloneSupport/Variations/mono/Managed/UnityEngine.VehiclesModule.dll --allowed-assembly=/Applications/Unity/Hub/Editor/6000.3.22f1/Unity.app/Contents/PlaybackEngines/MacStandaloneSupport/Variations/mono/Managed/UnityEngine.VideoModule.dll --allowed-assembly=/Applications/Unity/Hub/Editor/6000.3.22f1/Unity.app/Contents/PlaybackEngines/MacStandaloneSupport/Variations/mono/Managed/UnityEngine.VirtualTexturingModule.dll --allowed-assembly=/Applications/Unity/Hub/Editor/6000.3.22f1/Unity.app/Contents/PlaybackEngines/MacStandaloneSupport/Variations/mono/Managed/UnityEngine.WindModule.dll --allowed-assembly=/Applications/Unity/Hub/Editor/6000.3.22f1/Unity.app/Contents/PlaybackEngines/MacStandaloneSupport/Variations/mono/Managed/UnityEngine.XRModule.dll --allowed-assembly=/Applications/Unity/Hub/Editor/6000.3.22f1/Unity.app/Contents/PlaybackEngines/MacStandaloneSupport/Variations/mono/Managed/UnityEngine.dll --allowed-assembly=/Users/mziwamadoda/Projects/Binteca/Interactive/milzetvrstudio/Unity/Library/Bee/PlayerScriptAssemblies/Assembly-CSharp.dll --allowed-assembly=/Users/mziwamadoda/Projects/Binteca/Interactive/milzetvrstudio/Unity/Library/Bee/PlayerScriptAssemblies/glTFast.dll --allowed-assembly=/Users/mziwamadoda/Projects/Binteca/Interactive/milzetvrstudio/Unity/Library/Bee/PlayerScriptAssemblies/glTFast.Documentation.Examples.dll --allowed-assembly=/Users/mziwamadoda/Projects/Binteca/Interactive/milzetvrstudio/Unity/Library/Bee/PlayerScriptAssemblies/glTFast.dots.dll --allowed-assembly=/Users/mziwamadoda/Projects/Binteca/Interactive/milzetvrstudio/Unity/Library/Bee/PlayerScriptAssemblies/glTFast.Export.dll --allowed-assembly=/Users/mziwamadoda/Projects/Binteca/Interactive/milzetvrstudio/Unity/Library/Bee/PlayerScriptAssemblies/glTFast.Newtonsoft.dll --allowed-assembly=/Users/mziwamadoda/Projects/Binteca/Interactive/milzetvrstudio/Unity/Library/Bee/PlayerScriptAssemblies/Meta.XR.BuildingBlocks.AIBlocks.dll --allowed-assembly=/Users/mziwamadoda/Projects/Binteca/Interactive/milzetvrstudio/Unity/Library/Bee/PlayerScriptAssemblies/Meta.XR.BuildingBlocks.dll --allowed-assembly=/Users/mziwamadoda/Projects/Binteca/Interactive/milzetvrstudio/Unity/Library/Bee/PlayerScriptAssemblies/Meta.XR.EnvironmentDepth.dll --allowed-assembly=/Users/mziwamadoda/Projects/Binteca/Interactive/milzetvrstudio/Unity/Library/Bee/PlayerScriptAssemblies/Meta.XR.ImmersiveDebugger.dll --allowed-assembly=/Users/mziwamadoda/Projects/Binteca/Interactive/milzetvrstudio/Unity/Library/Bee/PlayerScriptAssemblies/Meta.XR.ImmersiveDebugger.Interface.dll --allowed-assembly=/Users/mziwamadoda/Projects/Binteca/Interactive/milzetvrstudio/Unity/Library/Bee/PlayerScriptAssemblies/meta.xr.mrutilitykit.dll --allowed-assembly=/Users/mziwamadoda/Projects/Binteca/Interactive/milzetvrstudio/Unity/Library/Bee/PlayerScriptAssemblies/Meta.XR.MultiplayerBlocks.Shared.dll --allowed-assembly=/Users/mziwamadoda/Projects/Binteca/Interactive/milzetvrstudio/Unity/Library/Bee/PlayerScriptAssemblies/Oculus.VR.dll --allowed-assembly=/Users/mziwamadoda/Projects/Binteca/Interactive/milzetvrstudio/Unity/Library/Bee/PlayerScriptAssemblies/Unity.AI.Navigation.dll --allowed-assembly=/Users/mziwamadoda/Projects/Binteca/Interactive/milzetvrstudio/Unity/Library/Bee/PlayerScriptAssemblies/Unity.Burst.dll --allowed-assembly=/Users/mziwamadoda/Projects/Binteca/Interactive/milzetvrstudio/Unity/Library/Bee/PlayerScriptAssemblies/Unity.Collections.dll --allowed-assembly=/Users/mziwamadoda/Projects/Binteca/Interactive/milzetvrstudio/Unity/Library/Bee/PlayerScriptAssemblies/Unity.InputSystem.dll --allowed-assembly=/Users/mziwamadoda/Projects/Binteca/Interactive/milzetvrstudio/Unity/Library/Bee/PlayerScriptAssemblies/Unity.InputSystem.ForUI.dll --allowed-assembly=/Users/mziwamadoda/Projects/Binteca/Interactive/milzetvrstudio/Unity/Library/Bee/PlayerScriptAssemblies/Unity.InternalAPIEngineBridge.004.dll --allowed-assembly=/Users/mziwamadoda/Projects/Binteca/Interactive/milzetvrstudio/Unity/Library/Bee/PlayerScriptAssemblies/Unity.Mathematics.dll --allowed-assembly=/Users/mziwamadoda/Projects/Binteca/Interactive/milzetvrstudio/Unity/Library/Bee/PlayerScriptAssemblies/Unity.TextMeshPro.dll --allowed-assembly=/Users/mziwamadoda/Projects/Binteca/Interactive/milzetvrstudio/Unity/Library/Bee/PlayerScriptAssemblies/Unity.Timeline.dll --allowed-assembly=/Users/mziwamadoda/Projects/Binteca/Interactive/milzetvrstudio/Unity/Library/Bee/PlayerScriptAssemblies/Unity.XR.CoreUtils.dll --allowed-assembly=/Users/mziwamadoda/Projects/Binteca/Interactive/milzetvrstudio/Unity/Library/Bee/PlayerScriptAssemblies/Unity.XR.Management.dll --allowed-assembly=/Users/mziwamadoda/Projects/Binteca/Interactive/milzetvrstudio/Unity/Library/Bee/PlayerScriptAssemblies/Unity.XR.OpenXR.dll --allowed-assembly=/Users/mziwamadoda/Projects/Binteca/Interactive/milzetvrstudio/Unity/Library/Bee/PlayerScriptAssemblies/Unity.XR.OpenXR.Features.ConformanceAutomation.dll --allowed-assembly=/Users/mziwamadoda/Projects/Binteca/Interactive/milzetvrstudio/Unity/Library/Bee/PlayerScriptAssemblies/Unity.XR.OpenXR.Features.MetaQuestSupport.dll --allowed-assembly=/Users/mziwamadoda/Projects/Binteca/Interactive/milzetvrstudio/Unity/Library/Bee/PlayerScriptAssemblies/Unity.XR.OpenXR.Features.MockRuntime.dll --allowed-assembly=/Users/mziwamadoda/Projects/Binteca/Interactive/milzetvrstudio/Unity/Library/Bee/PlayerScriptAssemblies/Unity.XR.OpenXR.Features.OculusQuestSupport.dll --allowed-assembly=/Users/mziwamadoda/Projects/Binteca/Interactive/milzetvrstudio/Unity/Library/Bee/PlayerScriptAssemblies/Unity.XR.OpenXR.Features.RuntimeDebugger.dll --allowed-assembly=/Users/mziwamadoda/Projects/Binteca/Interactive/milzetvrstudio/Unity/Library/Bee/PlayerScriptAssemblies/UnityEngine.SpatialTracking.dll --allowed-assembly=/Users/mziwamadoda/Projects/Binteca/Interactive/milzetvrstudio/Unity/Library/Bee/PlayerScriptAssemblies/UnityEngine.UI.dll --allowed-assembly=/Users/mziwamadoda/Projects/Binteca/Interactive/milzetvrstudio/Unity/Library/Bee/PlayerScriptAssemblies/UnityEngine.XR.LegacyInputHelpers.dll --allowed-assembly=/Users/mziwamadoda/Projects/Binteca/Interactive/milzetvrstudio/Unity/Library/PackageCache/com.unity.collections@84e8eb3fc12e/Unity.Collections.LowLevel.ILSupport/Unity.Collections.LowLevel.ILSupport.dll --allowed-assembly=/Users/mziwamadoda/Projects/Binteca/Interactive/milzetvrstudio/Unity/Library/PackageCache/com.unity.burst@2f3d916873ea/Unity.Burst.Unsafe.dll --allowed-assembly=/Users/mziwamadoda/Projects/Binteca/Interactive/milzetvrstudio/Unity/Library/PackageCache/com.unity.nuget.newtonsoft-json@4dfd81071c64/Runtime/AOT/Newtonsoft.Json.dll --allowed-assembly=/Applications/Unity/Hub/Editor/6000.3.22f1/Unity.app/Contents/Resources/Scripting/MonoBleedingEdge/lib/mono/unityjit-macos/Accessibility.dll --allowed-assembly=/Applications/Unity/Hub/Editor/6000.3.22f1/Unity.app/Contents/Resources/Scripting/MonoBleedingEdge/lib/mono/unityjit-macos/Commons.Xml.Relaxng.dll --allowed-assembly=/Applications/Unity/Hub/Editor/6000.3.22f1/Unity.app/Contents/Resources/Scripting/MonoBleedingEdge/lib/mono/unityjit-macos/CustomMarshalers.dll --allowed-assembly=/Applications/Unity/Hub/Editor/6000.3.22f1/Unity.app/Contents/Resources/Scripting/MonoBleedingEdge/lib/mono/unityjit-macos/Facades/Microsoft.Win32.Primitives.dll --allowed-assembly=/Applications/Unity/Hub/Editor/6000.3.22f1/Unity.app/Contents/Resources/Scripting/MonoBleedingEdge/lib/mono/unityjit-macos/Facades/Microsoft.Win32.Registry.AccessControl.dll --allowed-assembly=/Applications/Unity/Hub/Editor/6000.3.22f1/Unity.app/Contents/Resources/Scripting/MonoBleedingEdge/lib/mono/unityjit-macos/Facades/Microsoft.Win32.Registry.dll --allowed-assembly=/Applications/Unity/Hub/Editor/6000.3.22f1/Unity.app/Contents/Resources/Scripting/MonoBleedingEdge/lib/mono/unityjit-macos/Facades/System.AppContext.dll --allowed-assembly=/Applications/Unity/Hub/Editor/6000.3.22f1/Unity.app/Contents/Resources/Scripting/MonoBleedingEdge/lib/mono/unityjit-macos/Facades/System.Buffers.dll --allowed-assembly=/Applications/Unity/Hub/Editor/6000.3.22f1/Unity.app/Contents/Resources/Scripting/MonoBleedingEdge/lib/mono/unityjit-macos/Facades/System.Collections.Concurrent.dll --allowed-assembly=/Applications/Unity/Hub/Editor/6000.3.22f1/Unity.app/Contents/Resources/Scripting/MonoBleedingEdge/lib/mono/unityjit-macos/Facades/System.Collections.NonGeneric.dll --allowed-assembly=/Applications/Unity/Hub/Editor/6000.3.22f1/Unity.app/Contents/Resources/Scripting/MonoBleedingEdge/lib/mono/unityjit-macos/Facades/System.Collections.Specialized.dll --allowed-assembly=/Applications/Unity/Hub/Editor/6000.3.22f1/Unity.app/Contents/Resources/Scripting/MonoBleedingEdge/lib/mono/unityjit-macos/Facades/System.Collections.dll --allowed-assembly=/Applications/Unity/Hub/Editor/6000.3.22f1/Unity.app/Contents/Resources/Scripting/MonoBleedingEdge/lib/mono/unityjit-macos/Facades/System.ComponentModel.Annotations.dll --allowed-assembly=/Applications/Unity/Hub/Editor/6000.3.22f1/Unity.app/Contents/Resources/Scripting/MonoBleedingEdge/lib/mono/unityjit-macos/Facades/System.ComponentModel.EventBasedAsync.dll --allowed-assembly=/Applications/Unity/Hub/Editor/6000.3.22f1/Unity.app/Contents/Resources/Scripting/MonoBleedingEdge/lib/mono/unityjit-macos/Facades/System.ComponentModel.Primitives.dll --allowed-assembly=/Applications/Unity/Hub/Editor/6000.3.22f1/Unity.app/Contents/Resources/Scripting/MonoBleedingEdge/lib/mono/unityjit-macos/Facades/System.ComponentModel.TypeConverter.dll --allowed-assembly=/Applications/Unity/Hub/Editor/6000.3.22f1/Unity.app/Contents/Resources/Scripting/MonoBleedingEdge/lib/mono/unityjit-macos/Facades/System.ComponentModel.dll --allowed-assembly=/Applications/Unity/Hub/Editor/6000.3.22f1/Unity.app/Contents/Resources/Scripting/MonoBleedingEdge/lib/mono/unityjit-macos/Facades/System.Console.dll --allowed-assembly=/Applications/Unity/Hub/Editor/6000.3.22f1/Unity.app/Contents/Resources/Scripting/MonoBleedingEdge/lib/mono/unityjit-macos/Facades/System.Data.Common.dll --allowed-assembly=/Applications/Unity/Hub/Editor/6000.3.22f1/Unity.app/Contents/Resources/Scripting/MonoBleedingEdge/lib/mono/unityjit-macos/Facades/System.Data.SqlClient.dll --allowed-assembly=/Applications/Unity/Hub/Editor/6000.3.22f1/Unity.app/Contents/Resources/Scripting/MonoBleedingEdge/lib/mono/unityjit-macos/Facades/System.Diagnostics.Contracts.dll --allowed-assembly=/Applications/Unity/Hub/Editor/6000.3.22f1/Unity.app/Contents/Resources/Scripting/MonoBleedingEdge/lib/mono/unityjit-macos/Facades/System.Diagnostics.Debug.dll --allowed-assembly=/Applications/Unity/Hub/Editor/6000.3.22f1/Unity.app/Contents/Resources/Scripting/MonoBleedingEdge/lib/mono/unityjit-macos/Facades/System.Diagnostics.FileVersionInfo.dll --allowed-assembly=/Applications/Unity/Hub/Editor/6000.3.22f1/Unity.app/Contents/Resources/Scripting/MonoBleedingEdge/lib/mono/unityjit-macos/Facades/System.Diagnostics.Process.dll --allowed-assembly=/Applications/Unity/Hub/Editor/6000.3.22f1/Unity.app/Contents/Resources/Scripting/MonoBleedingEdge/lib/mono/unityjit-macos/Facades/System.Diagnostics.StackTrace.dll --allowed-assembly=/Applications/Unity/Hub/Editor/6000.3.22f1/Unity.app/Contents/Resources/Scripting/MonoBleedingEdge/lib/mono/unityjit-macos/Facades/System.Diagnostics.TextWriterTraceListener.dll --allowed-assembly=/Applications/Unity/Hub/Editor/6000.3.22f1/Unity.app/Contents/Resources/Scripting/MonoBleedingEdge/lib/mono/unityjit-macos/Facades/System.Diagnostics.Tools.dll --allowed-assembly=/Applications/Unity/Hub/Editor/6000.3.22f1/Unity.app/Contents/Resources/Scripting/MonoBleedingEdge/lib/mono/unityjit-macos/Facades/System.Diagnostics.TraceEvent.dll --allowed-assembly=/Applications/Unity/Hub/Editor/6000.3.22f1/Unity.app/Contents/Resources/Scripting/MonoBleedingEdge/lib/mono/unityjit-macos/Facades/System.Diagnostics.TraceSource.dll --allowed-assembly=/Applications/Unity/Hub/Editor/6000.3.22f1/Unity.app/Contents/Resources/Scripting/MonoBleedingEdge/lib/mono/unityjit-macos/Facades/System.Diagnostics.Tracing.dll --allowed-assembly=/Applications/Unity/Hub/Editor/6000.3.22f1/Unity.app/Contents/Resources/Scripting/MonoBleedingEdge/lib/mono/unityjit-macos/Facades/System.Drawing.Primitives.dll --allowed-assembly=/Applications/Unity/Hub/Editor/6000.3.22f1/Unity.app/Contents/Resources/Scripting/MonoBleedingEdge/lib/mono/unityjit-macos/Facades/System.Dynamic.Runtime.dll --allowed-assembly=/Applications/Unity/Hub/Editor/6000.3.22f1/Unity.app/Contents/Resources/Scripting/MonoBleedingEdge/lib/mono/unityjit-macos/Facades/System.Globalization.Calendars.dll --allowed-assembly=/Applications/Unity/Hub/Editor/6000.3.22f1/Unity.app/Contents/Resources/Scripting/MonoBleedingEdge/lib/mono/unityjit-macos/Facades/System.Globalization.Extensions.dll --allowed-assembly=/Applications/Unity/Hub/Editor/6000.3.22f1/Unity.app/Contents/Resources/Scripting/MonoBleedingEdge/lib/mono/unityjit-macos/Facades/System.Globalization.dll --allowed-assembly=/Applications/Unity/Hub/Editor/6000.3.22f1/Unity.app/Contents/Resources/Scripting/MonoBleedingEdge/lib/mono/unityjit-macos/Facades/System.IO.Compression.ZipFile.dll --allowed-assembly=/Applications/Unity/Hub/Editor/6000.3.22f1/Unity.app/Contents/Resources/Scripting/MonoBleedingEdge/lib/mono/unityjit-macos/Facades/System.IO.FileSystem.AccessControl.dll --allowed-assembly=/Applications/Unity/Hub/Editor/6000.3.22f1/Unity.app/Contents/Resources/Scripting/MonoBleedingEdge/lib/mono/unityjit-macos/Facades/System.IO.FileSystem.DriveInfo.dll --allowed-assembly=/Applications/Unity/Hub/Editor/6000.3.22f1/Unity.app/Contents/Resources/Scripting/MonoBleedingEdge/lib/mono/unityjit-macos/Facades/System.IO.FileSystem.Primitives.dll --allowed-assembly=/Applications/Unity/Hub/Editor/6000.3.22f1/Unity.app/Contents/Resources/Scripting/MonoBleedingEdge/lib/mono/unityjit-macos/Facades/System.IO.FileSystem.Watcher.dll --allowed-assembly=/Applications/Unity/Hub/Editor/6000.3.22f1/Unity.app/Contents/Resources/Scripting/MonoBleedingEdge/lib/mono/unityjit-macos/Facades/System.IO.FileSystem.dll --allowed-assembly=/Applications/Unity/Hub/Editor/6000.3.22f1/Unity.app/Contents/Resources/Scripting/MonoBleedingEdge/lib/mono/unityjit-macos/Facades/System.IO.IsolatedStorage.dll --allowed-assembly=/Applications/Unity/Hub/Editor/6000.3.22f1/Unity.app/Contents/Resources/Scripting/MonoBleedingEdge/lib/mono/unityjit-macos/Facades/System.IO.MemoryMappedFiles.dll --allowed-assembly=/Applications/Unity/Hub/Editor/6000.3.22f1/Unity.app/Contents/Resources/Scripting/MonoBleedingEdge/lib/mono/unityjit-macos/Facades/System.IO.Pipes.dll --allowed-assembly=/Applications/Unity/Hub/Editor/6000.3.22f1/Unity.app/Contents/Resources/Scripting/MonoBleedingEdge/lib/mono/unityjit-macos/Facades/System.IO.UnmanagedMemoryStream.dll --allowed-assembly=/Applications/Unity/Hub/Editor/6000.3.22f1/Unity.app/Contents/Resources/Scripting/MonoBleedingEdge/lib/mono/unityjit-macos/Facades/System.IO.dll --allowed-assembly=/Applications/Unity/Hub/Editor/6000.3.22f1/Unity.app/Contents/Resources/Scripting/MonoBleedingEdge/lib/mono/unityjit-macos/Facades/System.Linq.Expressions.dll --allowed-assembly=/Applications/Unity/Hub/Editor/6000.3.22f1/Unity.app/Contents/Resources/Scripting/MonoBleedingEdge/lib/mono/unityjit-macos/Facades/System.Linq.Parallel.dll --allowed-assembly=/Applications/Unity/Hub/Editor/6000.3.22f1/Unity.app/Contents/Resources/Scripting/MonoBleedingEdge/lib/mono/unityjit-macos/Facades/System.Linq.Queryable.dll --allowed-assembly=/Applications/Unity/Hub/Editor/6000.3.22f1/Unity.app/Contents/Resources/Scripting/MonoBleedingEdge/lib/mono/unityjit-macos/Facades/System.Linq.dll --allowed-assembly=/Applications/Unity/Hub/Editor/6000.3.22f1/Unity.app/Contents/Resources/Scripting/MonoBleedingEdge/lib/mono/unityjit-macos/Facades/System.Memory.dll --allowed-assembly=/Applications/Unity/Hub/Editor/6000.3.22f1/Unity.app/Contents/Resources/Scripting/MonoBleedingEdge/lib/mono/unityjit-macos/Facades/System.Net.AuthenticationManager.dll --allowed-assembly=/Applications/Unity/Hub/Editor/6000.3.22f1/Unity.app/Contents/Resources/Scripting/MonoBleedingEdge/lib/mono/unityjit-macos/Facades/System.Net.Cache.dll --allowed-assembly=/Applications/Unity/Hub/Editor/6000.3.22f1/Unity.app/Contents/Resources/Scripting/MonoBleedingEdge/lib/mono/unityjit-macos/Facades/System.Net.Http.Rtc.dll --allowed-assembly=/Applications/Unity/Hub/Editor/6000.3.22f1/Unity.app/Contents/Resources/Scripting/MonoBleedingEdge/lib/mono/unityjit-macos/Facades/System.Net.HttpListener.dll --allowed-assembly=/Applications/Unity/Hub/Editor/6000.3.22f1/Unity.app/Contents/Resources/Scripting/MonoBleedingEdge/lib/mono/unityjit-macos/Facades/System.Net.Mail.dll --allowed-assembly=/Applications/Unity/Hub/Editor/6000.3.22f1/Unity.app/Contents/Resources/Scripting/MonoBleedingEdge/lib/mono/unityjit-macos/Facades/System.Net.NameResolution.dll --allowed-assembly=/Applications/Unity/Hub/Editor/6000.3.22f1/Unity.app/Contents/Resources/Scripting/MonoBleedingEdge/lib/mono/unityjit-macos/Facades/System.Net.NetworkInformation.dll --allowed-assembly=/Applications/Unity/Hub/Editor/6000.3.22f1/Unity.app/Contents/Resources/Scripting/MonoBleedingEdge/lib/mono/unityjit-macos/Facades/System.Net.Ping.dll --allowed-assembly=/Applications/Unity/Hub/Editor/6000.3.22f1/Unity.app/Contents/Resources/Scripting/MonoBleedingEdge/lib/mono/unityjit-macos/Facades/System.Net.Primitives.dll --allowed-assembly=/Applications/Unity/Hub/Editor/6000.3.22f1/Unity.app/Contents/Resources/Scripting/MonoBleedingEdge/lib/mono/unityjit-macos/Facades/System.Net.Requests.dll --allowed-assembly=/Applications/Unity/Hub/Editor/6000.3.22f1/Unity.app/Contents/Resources/Scripting/MonoBleedingEdge/lib/mono/unityjit-macos/Facades/System.Net.Security.dll --allowed-assembly=/Applications/Unity/Hub/Editor/6000.3.22f1/Unity.app/Contents/Resources/Scripting/MonoBleedingEdge/lib/mono/unityjit-macos/Facades/System.Net.ServicePoint.dll --allowed-assembly=/Applications/Unity/Hub/Editor/6000.3.22f1/Unity.app/Contents/Resources/Scripting/MonoBleedingEdge/lib/mono/unityjit-macos/Facades/System.Net.Sockets.dll --allowed-assembly=/Applications/Unity/Hub/Editor/6000.3.22f1/Unity.app/Contents/Resources/Scripting/MonoBleedingEdge/lib/mono/unityjit-macos/Facades/System.Net.Utilities.dll --allowed-assembly=/Applications/Unity/Hub/Editor/6000.3.22f1/Unity.app/Contents/Resources/Scripting/MonoBleedingEdge/lib/mono/unityjit-macos/Facades/System.Net.WebHeaderCollection.dll --allowed-assembly=/Applications/Unity/Hub/Editor/6000.3.22f1/Unity.app/Contents/Resources/Scripting/MonoBleedingEdge/lib/mono/unityjit-macos/Facades/System.Net.WebSockets.Client.dll --allowed-assembly=/Applications/Unity/Hub/Editor/6000.3.22f1/Unity.app/Contents/Resources/Scripting/MonoBleedingEdge/lib/mono/unityjit-macos/Facades/System.Net.WebSockets.dll --allowed-assembly=/Applications/Unity/Hub/Editor/6000.3.22f1/Unity.app/Contents/Resources/Scripting/MonoBleedingEdge/lib/mono/unityjit-macos/Facades/System.ObjectModel.dll --allowed-assembly=/Applications/Unity/Hub/Editor/6000.3.22f1/Unity.app/Contents/Resources/Scripting/MonoBleedingEdge/lib/mono/unityjit-macos/Facades/System.Reflection.DispatchProxy.dll --allowed-assembly=/Applications/Unity/Hub/Editor/6000.3.22f1/Unity.app/Contents/Resources/Scripting/MonoBleedingEdge/lib/mono/unityjit-macos/Facades/System.Reflection.Emit.ILGeneration.dll --allowed-assembly=/Applications/Unity/Hub/Editor/6000.3.22f1/Unity.app/Contents/Resources/Scripting/MonoBleedingEdge/lib/mono/unityjit-macos/Facades/System.Reflection.Emit.Lightweight.dll --allowed-assembly=/Applications/Unity/Hub/Editor/6000.3.22f1/Unity.app/Contents/Resources/Scripting/MonoBleedingEdge/lib/mono/unityjit-macos/Facades/System.Reflection.Emit.dll --allowed-assembly=/Applications/Unity/Hub/Editor/6000.3.22f1/Unity.app/Contents/Resources/Scripting/MonoBleedingEdge/lib/mono/unityjit-macos/Facades/System.Reflection.Extensions.dll --allowed-assembly=/Applications/Unity/Hub/Editor/6000.3.22f1/Unity.app/Contents/Resources/Scripting/MonoBleedingEdge/lib/mono/unityjit-macos/Facades/System.Reflection.Primitives.dll --allowed-assembly=/Applications/Unity/Hub/Editor/6000.3.22f1/Unity.app/Contents/Resources/Scripting/MonoBleedingEdge/lib/mono/unityjit-macos/Facades/System.Reflection.TypeExtensions.dll --allowed-assembly=/Applications/Unity/Hub/Editor/6000.3.22f1/Unity.app/Contents/Resources/Scripting/MonoBleedingEdge/lib/mono/unityjit-macos/Facades/System.Reflection.dll --allowed-assembly=/Applications/Unity/Hub/Editor/6000.3.22f1/Unity.app/Contents/Resources/Scripting/MonoBleedingEdge/lib/mono/unityjit-macos/Facades/System.Resources.Reader.dll --allowed-assembly=/Applications/Unity/Hub/Editor/6000.3.22f1/Unity.app/Contents/Resources/Scripting/MonoBleedingEdge/lib/mono/unityjit-macos/Facades/System.Resources.ReaderWriter.dll --allowed-assembly=/Applications/Unity/Hub/Editor/6000.3.22f1/Unity.app/Contents/Resources/Scripting/MonoBleedingEdge/lib/mono/unityjit-macos/Facades/System.Resources.ResourceManager.dll --allowed-assembly=/Applications/Unity/Hub/Editor/6000.3.22f1/Unity.app/Contents/Resources/Scripting/MonoBleedingEdge/lib/mono/unityjit-macos/Facades/System.Resources.Writer.dll --allowed-assembly=/Applications/Unity/Hub/Editor/6000.3.22f1/Unity.app/Contents/Resources/Scripting/MonoBleedingEdge/lib/mono/unityjit-macos/Facades/System.Runtime.CompilerServices.VisualC.dll --allowed-assembly=/Applications/Unity/Hub/Editor/6000.3.22f1/Unity.app/Contents/Resources/Scripting/MonoBleedingEdge/lib/mono/unityjit-macos/Facades/System.Runtime.Extensions.dll --allowed-assembly=/Applications/Unity/Hub/Editor/6000.3.22f1/Unity.app/Contents/Resources/Scripting/MonoBleedingEdge/lib/mono/unityjit-macos/Facades/System.Runtime.Handles.dll --allowed-assembly=/Applications/Unity/Hub/Editor/6000.3.22f1/Unity.app/Contents/Resources/Scripting/MonoBleedingEdge/lib/mono/unityjit-macos/Facades/System.Runtime.InteropServices.RuntimeInformation.dll --allowed-assembly=/Applications/Unity/Hub/Editor/6000.3.22f1/Unity.app/Contents/Resources/Scripting/MonoBleedingEdge/lib/mono/unityjit-macos/Facades/System.Runtime.InteropServices.WindowsRuntime.dll --allowed-assembly=/Applications/Unity/Hub/Editor/6000.3.22f1/Unity.app/Contents/Resources/Scripting/MonoBleedingEdge/lib/mono/unityjit-macos/Facades/System.Runtime.InteropServices.dll --allowed-assembly=/Applications/Unity/Hub/Editor/6000.3.22f1/Unity.app/Contents/Resources/Scripting/MonoBleedingEdge/lib/mono/unityjit-macos/Facades/System.Runtime.Loader.dll --allowed-assembly=/Applications/Unity/Hub/Editor/6000.3.22f1/Unity.app/Contents/Resources/Scripting/MonoBleedingEdge/lib/mono/unityjit-macos/Facades/System.Runtime.Numerics.dll --allowed-assembly=/Applications/Unity/Hub/Editor/6000.3.22f1/Unity.app/Contents/Resources/Scripting/MonoBleedingEdge/lib/mono/unityjit-macos/Facades/System.Runtime.Serialization.Formatters.dll --allowed-assembly=/Applications/Unity/Hub/Editor/6000.3.22f1/Unity.app/Contents/Resources/Scripting/MonoBleedingEdge/lib/mono/unityjit-macos/Facades/System.Runtime.Serialization.Json.dll --allowed-assembly=/Applications/Unity/Hub/Editor/6000.3.22f1/Unity.app/Contents/Resources/Scripting/MonoBleedingEdge/lib/mono/unityjit-macos/Facades/System.Runtime.Serialization.Primitives.dll --allowed-assembly=/Applications/Unity/Hub/Editor/6000.3.22f1/Unity.app/Contents/Resources/Scripting/MonoBleedingEdge/lib/mono/unityjit-macos/Facades/System.Runtime.Serialization.Xml.dll --allowed-assembly=/Applications/Unity/Hub/Editor/6000.3.22f1/Unity.app/Contents/Resources/Scripting/MonoBleedingEdge/lib/mono/unityjit-macos/Facades/System.Runtime.dll --allowed-assembly=/Applications/Unity/Hub/Editor/6000.3.22f1/Unity.app/Contents/Resources/Scripting/MonoBleedingEdge/lib/mono/unityjit-macos/Facades/System.Security.AccessControl.dll --allowed-assembly=/Applications/Unity/Hub/Editor/6000.3.22f1/Unity.app/Contents/Resources/Scripting/MonoBleedingEdge/lib/mono/unityjit-macos/Facades/System.Security.Claims.dll --allowed-assembly=/Applications/Unity/Hub/Editor/6000.3.22f1/Unity.app/Contents/Resources/Scripting/MonoBleedingEdge/lib/mono/unityjit-macos/Facades/System.Security.Cryptography.Algorithms.dll --allowed-assembly=/Applications/Unity/Hub/Editor/6000.3.22f1/Unity.app/Contents/Resources/Scripting/MonoBleedingEdge/lib/mono/unityjit-macos/Facades/System.Security.Cryptography.Cng.dll --allowed-assembly=/Applications/Unity/Hub/Editor/6000.3.22f1/Unity.app/Contents/Resources/Scripting/MonoBleedingEdge/lib/mono/unityjit-macos/Facades/System.Security.Cryptography.Csp.dll --allowed-assembly=/Applications/Unity/Hub/Editor/6000.3.22f1/Unity.app/Contents/Resources/Scripting/MonoBleedingEdge/lib/mono/unityjit-macos/Facades/System.Security.Cryptography.DeriveBytes.dll --allowed-assembly=/Applications/Unity/Hub/Editor/6000.3.22f1/Unity.app/Contents/Resources/Scripting/MonoBleedingEdge/lib/mono/unityjit-macos/Facades/System.Security.Cryptography.Encoding.dll --allowed-assembly=/Applications/Unity/Hub/Editor/6000.3.22f1/Unity.app/Contents/Resources/Scripting/MonoBleedingEdge/lib/mono/unityjit-macos/Facades/System.Security.Cryptography.Encryption.Aes.dll --allowed-assembly=/Applications/Unity/Hub/Editor/6000.3.22f1/Unity.app/Contents/Resources/Scripting/MonoBleedingEdge/lib/mono/unityjit-macos/Facades/System.Security.Cryptography.Encryption.ECDiffieHellman.dll --allowed-assembly=/Applications/Unity/Hub/Editor/6000.3.22f1/Unity.app/Contents/Resources/Scripting/MonoBleedingEdge/lib/mono/unityjit-macos/Facades/System.Security.Cryptography.Encryption.ECDsa.dll --allowed-assembly=/Applications/Unity/Hub/Editor/6000.3.22f1/Unity.app/Contents/Resources/Scripting/MonoBleedingEdge/lib/mono/unityjit-macos/Facades/System.Security.Cryptography.Encryption.dll --allowed-assembly=/Applications/Unity/Hub/Editor/6000.3.22f1/Unity.app/Contents/Resources/Scripting/MonoBleedingEdge/lib/mono/unityjit-macos/Facades/System.Security.Cryptography.Hashing.Algorithms.dll --allowed-assembly=/Applications/Unity/Hub/Editor/6000.3.22f1/Unity.app/Contents/Resources/Scripting/MonoBleedingEdge/lib/mono/unityjit-macos/Facades/System.Security.Cryptography.Hashing.dll --allowed-assembly=/Applications/Unity/Hub/Editor/6000.3.22f1/Unity.app/Contents/Resources/Scripting/MonoBleedingEdge/lib/mono/unityjit-macos/Facades/System.Security.Cryptography.OpenSsl.dll --allowed-assembly=/Applications/Unity/Hub/Editor/6000.3.22f1/Unity.app/Contents/Resources/Scripting/MonoBleedingEdge/lib/mono/unityjit-macos/Facades/System.Security.Cryptography.Pkcs.dll --allowed-assembly=/Applications/Unity/Hub/Editor/6000.3.22f1/Unity.app/Contents/Resources/Scripting/MonoBleedingEdge/lib/mono/unityjit-macos/Facades/System.Security.Cryptography.Primitives.dll --allowed-assembly=/Applications/Unity/Hub/Editor/6000.3.22f1/Unity.app/Contents/Resources/Scripting/MonoBleedingEdge/lib/mono/unityjit-macos/Facades/System.Security.Cryptography.ProtectedData.dll --allowed-assembly=/Applications/Unity/Hub/Editor/6000.3.22f1/Unity.app/Contents/Resources/Scripting/MonoBleedingEdge/lib/mono/unityjit-macos/Facades/System.Security.Cryptography.RSA.dll --allowed-assembly=/Applications/Unity/Hub/Editor/6000.3.22f1/Unity.app/Contents/Resources/Scripting/MonoBleedingEdge/lib/mono/unityjit-macos/Facades/System.Security.Cryptography.RandomNumberGenerator.dll --allowed-assembly=/Applications/Unity/Hub/Editor/6000.3.22f1/Unity.app/Contents/Resources/Scripting/MonoBleedingEdge/lib/mono/unityjit-macos/Facades/System.Security.Cryptography.X509Certificates.dll --allowed-assembly=/Applications/Unity/Hub/Editor/6000.3.22f1/Unity.app/Contents/Resources/Scripting/MonoBleedingEdge/lib/mono/unityjit-macos/Facades/System.Security.Principal.Windows.dll --allowed-assembly=/Applications/Unity/Hub/Editor/6000.3.22f1/Unity.app/Contents/Resources/Scripting/MonoBleedingEdge/lib/mono/unityjit-macos/Facades/System.Security.Principal.dll --allowed-assembly=/Applications/Unity/Hub/Editor/6000.3.22f1/Unity.app/Contents/Resources/Scripting/MonoBleedingEdge/lib/mono/unityjit-macos/Facades/System.Security.SecureString.dll --allowed-assembly=/Applications/Unity/Hub/Editor/6000.3.22f1/Unity.app/Contents/Resources/Scripting/MonoBleedingEdge/lib/mono/unityjit-macos/Facades/System.ServiceModel.Duplex.dll --allowed-assembly=/Applications/Unity/Hub/Editor/6000.3.22f1/Unity.app/Contents/Resources/Scripting/MonoBleedingEdge/lib/mono/unityjit-macos/Facades/System.ServiceModel.Http.dll --allowed-assembly=/Applications/Unity/Hub/Editor/6000.3.22f1/Unity.app/Contents/Resources/Scripting/MonoBleedingEdge/lib/mono/unityjit-macos/Facades/System.ServiceModel.NetTcp.dll --allowed-assembly=/Applications/Unity/Hub/Editor/6000.3.22f1/Unity.app/Contents/Resources/Scripting/MonoBleedingEdge/lib/mono/unityjit-macos/Facades/System.ServiceModel.Primitives.dll --allowed-assembly=/Applications/Unity/Hub/Editor/6000.3.22f1/Unity.app/Contents/Resources/Scripting/MonoBleedingEdge/lib/mono/unityjit-macos/Facades/System.ServiceModel.Security.dll --allowed-assembly=/Applications/Unity/Hub/Editor/6000.3.22f1/Unity.app/Contents/Resources/Scripting/MonoBleedingEdge/lib/mono/unityjit-macos/Facades/System.ServiceProcess.ServiceController.dll --allowed-assembly=/Applications/Unity/Hub/Editor/6000.3.22f1/Unity.app/Contents/Resources/Scripting/MonoBleedingEdge/lib/mono/unityjit-macos/Facades/System.Text.Encoding.CodePages.dll --allowed-assembly=/Applications/Unity/Hub/Editor/6000.3.22f1/Unity.app/Contents/Resources/Scripting/MonoBleedingEdge/lib/mono/unityjit-macos/Facades/System.Text.Encoding.Extensions.dll --allowed-assembly=/Applications/Unity/Hub/Editor/6000.3.22f1/Unity.app/Contents/Resources/Scripting/MonoBleedingEdge/lib/mono/unityjit-macos/Facades/System.Text.Encoding.dll --allowed-assembly=/Applications/Unity/Hub/Editor/6000.3.22f1/Unity.app/Contents/Resources/Scripting/MonoBleedingEdge/lib/mono/unityjit-macos/Facades/System.Text.RegularExpressions.dll --allowed-assembly=/Applications/Unity/Hub/Editor/6000.3.22f1/Unity.app/Contents/Resources/Scripting/MonoBleedingEdge/lib/mono/unityjit-macos/Facades/System.Threading.AccessControl.dll --allowed-assembly=/Applications/Unity/Hub/Editor/6000.3.22f1/Unity.app/Contents/Resources/Scripting/MonoBleedingEdge/lib/mono/unityjit-macos/Facades/System.Threading.Overlapped.dll --allowed-assembly=/Applications/Unity/Hub/Editor/6000.3.22f1/Unity.app/Contents/Resources/Scripting/MonoBleedingEdge/lib/mono/unityjit-macos/Facades/System.Threading.Tasks.Extensions.dll --allowed-assembly=/Applications/Unity/Hub/Editor/6000.3.22f1/Unity.app/Contents/Resources/Scripting/MonoBleedingEdge/lib/mono/unityjit-macos/Facades/System.Threading.Tasks.Parallel.dll --allowed-assembly=/Applications/Unity/Hub/Editor/6000.3.22f1/Unity.app/Contents/Resources/Scripting/MonoBleedingEdge/lib/mono/unityjit-macos/Facades/System.Threading.Tasks.dll --allowed-assembly=/Applications/Unity/Hub/Editor/6000.3.22f1/Unity.app/Contents/Resources/Scripting/MonoBleedingEdge/lib/mono/unityjit-macos/Facades/System.Threading.Thread.dll --allowed-assembly=/Applications/Unity/Hub/Editor/6000.3.22f1/Unity.app/Contents/Resources/Scripting/MonoBleedingEdge/lib/mono/unityjit-macos/Facades/System.Threading.ThreadPool.dll --allowed-assembly=/Applications/Unity/Hub/Editor/6000.3.22f1/Unity.app/Contents/Resources/Scripting/MonoBleedingEdge/lib/mono/unityjit-macos/Facades/System.Threading.Timer.dll --allowed-assembly=/Applications/Unity/Hub/Editor/6000.3.22f1/Unity.app/Contents/Resources/Scripting/MonoBleedingEdge/lib/mono/unityjit-macos/Facades/System.Threading.dll --allowed-assembly=/Applications/Unity/Hub/Editor/6000.3.22f1/Unity.app/Contents/Resources/Scripting/MonoBleedingEdge/lib/mono/unityjit-macos/Facades/System.ValueTuple.dll --allowed-assembly=/Applications/Unity/Hub/Editor/6000.3.22f1/Unity.app/Contents/Resources/Scripting/MonoBleedingEdge/lib/mono/unityjit-macos/Facades/System.Xml.ReaderWriter.dll --allowed-assembly=/Applications/Unity/Hub/Editor/6000.3.22f1/Unity.app/Contents/Resources/Scripting/MonoBleedingEdge/lib/mono/unityjit-macos/Facades/System.Xml.XDocument.dll --allowed-assembly=/Applications/Unity/Hub/Editor/6000.3.22f1/Unity.app/Contents/Resources/Scripting/MonoBleedingEdge/lib/mono/unityjit-macos/Facades/System.Xml.XPath.XDocument.dll --allowed-assembly=/Applications/Unity/Hub/Editor/6000.3.22f1/Unity.app/Contents/Resources/Scripting/MonoBleedingEdge/lib/mono/unityjit-macos/Facades/System.Xml.XPath.XmlDocument.dll --allowed-assembly=/Applications/Unity/Hub/Editor/6000.3.22f1/Unity.app/Contents/Resources/Scripting/MonoBleedingEdge/lib/mono/unityjit-macos/Facades/System.Xml.XPath.dll --allowed-assembly=/Applications/Unity/Hub/Editor/6000.3.22f1/Unity.app/Contents/Resources/Scripting/MonoBleedingEdge/lib/mono/unityjit-macos/Facades/System.Xml.XmlDocument.dll --allowed-assembly=/Applications/Unity/Hub/Editor/6000.3.22f1/Unity.app/Contents/Resources/Scripting/MonoBleedingEdge/lib/mono/unityjit-macos/Facades/System.Xml.XmlSerializer.dll --allowed-assembly=/Applications/Unity/Hub/Editor/6000.3.22f1/Unity.app/Contents/Resources/Scripting/MonoBleedingEdge/lib/mono/unityjit-macos/Facades/System.Xml.Xsl.Primitives.dll --allowed-assembly=/Applications/Unity/Hub/Editor/6000.3.22f1/Unity.app/Contents/Resources/Scripting/MonoBleedingEdge/lib/mono/unityjit-macos/Facades/netstandard.dll --allowed-assembly=/Applications/Unity/Hub/Editor/6000.3.22f1/Unity.app/Contents/Resources/Scripting/MonoBleedingEdge/lib/mono/unityjit-macos/I18N.CJK.dll --allowed-assembly=/Applications/Unity/Hub/Editor/6000.3.22f1/Unity.app/Contents/Resources/Scripting/MonoBleedingEdge/lib/mono/unityjit-macos/I18N.MidEast.dll --allowed-assembly=/Applications/Unity/Hub/Editor/6000.3.22f1/Unity.app/Contents/Resources/Scripting/MonoBleedingEdge/lib/mono/unityjit-macos/I18N.Other.dll --allowed-assembly=/Applications/Unity/Hub/Editor/6000.3.22f1/Unity.app/Contents/Resources/Scripting/MonoBleedingEdge/lib/mono/unityjit-macos/I18N.Rare.dll --allowed-assembly=/Applications/Unity/Hub/Editor/6000.3.22f1/Unity.app/Contents/Resources/Scripting/MonoBleedingEdge/lib/mono/unityjit-macos/I18N.West.dll --allowed-assembly=/Applications/Unity/Hub/Editor/6000.3.22f1/Unity.app/Contents/Resources/Scripting/MonoBleedingEdge/lib/mono/unityjit-macos/I18N.dll --allowed-assembly=/Applications/Unity/Hub/Editor/6000.3.22f1/Unity.app/Contents/Resources/Scripting/MonoBleedingEdge/lib/mono/unityjit-macos/IBM.Data.DB2.dll --allowed-assembly=/Applications/Unity/Hub/Editor/6000.3.22f1/Unity.app/Contents/Resources/Scripting/MonoBleedingEdge/lib/mono/unityjit-macos/ICSharpCode.SharpZipLib.dll --allowed-assembly=/Applications/Unity/Hub/Editor/6000.3.22f1/Unity.app/Contents/Resources/Scripting/MonoBleedingEdge/lib/mono/unityjit-macos/Microsoft.Build.Engine.dll --allowed-assembly=/Applications/Unity/Hub/Editor/6000.3.22f1/Unity.app/Contents/Resources/Scripting/MonoBleedingEdge/lib/mono/unityjit-macos/Microsoft.Build.Framework.dll --allowed-assembly=/Applications/Unity/Hub/Editor/6000.3.22f1/Unity.app/Contents/Resources/Scripting/MonoBleedingEdge/lib/mono/unityjit-macos/Microsoft.Build.Tasks.v4.0.dll --allowed-assembly=/Applications/Unity/Hub/Editor/6000.3.22f1/Unity.app/Contents/Resources/Scripting/MonoBleedingEdge/lib/mono/unityjit-macos/Microsoft.Build.Utilities.v4.0.dll --allowed-assembly=/Applications/Unity/Hub/Editor/6000.3.22f1/Unity.app/Contents/Resources/Scripting/MonoBleedingEdge/lib/mono/unityjit-macos/Microsoft.Build.dll --allowed-assembly=/Applications/Unity/Hub/Editor/6000.3.22f1/Unity.app/Contents/Resources/Scripting/MonoBleedingEdge/lib/mono/unityjit-macos/Microsoft.CSharp.dll --allowed-assembly=/Applications/Unity/Hub/Editor/6000.3.22f1/Unity.app/Contents/Resources/Scripting/MonoBleedingEdge/lib/mono/unityjit-macos/Microsoft.VisualC.dll --allowed-assembly=/Applications/Unity/Hub/Editor/6000.3.22f1/Unity.app/Contents/Resources/Scripting/MonoBleedingEdge/lib/mono/unityjit-macos/Microsoft.Web.Infrastructure.dll --allowed-assembly=/Applications/Unity/Hub/Editor/6000.3.22f1/Unity.app/Contents/Resources/Scripting/MonoBleedingEdge/lib/mono/unityjit-macos/Mono.Btls.Interface.dll --allowed-assembly=/Applications/Unity/Hub/Editor/6000.3.22f1/Unity.app/Contents/Resources/Scripting/MonoBleedingEdge/lib/mono/unityjit-macos/Mono.C5.dll --allowed-assembly=/Applications/Unity/Hub/Editor/6000.3.22f1/Unity.app/Contents/Resources/Scripting/MonoBleedingEdge/lib/mono/unityjit-macos/Mono.CSharp.dll --allowed-assembly=/Applications/Unity/Hub/Editor/6000.3.22f1/Unity.app/Contents/Resources/Scripting/MonoBleedingEdge/lib/mono/unityjit-macos/Mono.Cairo.dll --allowed-assembly=/Applications/Unity/Hub/Editor/6000.3.22f1/Unity.app/Contents/Resources/Scripting/MonoBleedingEdge/lib/mono/unityjit-macos/Mono.CompilerServices.SymbolWriter.dll --allowed-assembly=/Applications/Unity/Hub/Editor/6000.3.22f1/Unity.app/Contents/Resources/Scripting/MonoBleedingEdge/lib/mono/unityjit-macos/Mono.Data.Sqlite.dll --allowed-assembly=/Applications/Unity/Hub/Editor/6000.3.22f1/Unity.app/Contents/Resources/Scripting/MonoBleedingEdge/lib/mono/unityjit-macos/Mono.Data.Tds.dll --allowed-assembly=/Applications/Unity/Hub/Editor/6000.3.22f1/Unity.app/Contents/Resources/Scripting/MonoBleedingEdge/lib/mono/unityjit-macos/Mono.Http.dll --allowed-assembly=/Applications/Unity/Hub/Editor/6000.3.22f1/Unity.app/Contents/Resources/Scripting/MonoBleedingEdge/lib/mono/unityjit-macos/Mono.Management.dll --allowed-assembly=/Applications/Unity/Hub/Editor/6000.3.22f1/Unity.app/Contents/Resources/Scripting/MonoBleedingEdge/lib/mono/unityjit-macos/Mono.Messaging.RabbitMQ.dll --allowed-assembly=/Applications/Unity/Hub/Editor/6000.3.22f1/Unity.app/Contents/Resources/Scripting/MonoBleedingEdge/lib/mono/unityjit-macos/Mono.Messaging.dll --allowed-assembly=/Applications/Unity/Hub/Editor/6000.3.22f1/Unity.app/Contents/Resources/Scripting/MonoBleedingEdge/lib/mono/unityjit-macos/Mono.Options.dll --allowed-assembly=/Applications/Unity/Hub/Editor/6000.3.22f1/Unity.app/Contents/Resources/Scripting/MonoBleedingEdge/lib/mono/unityjit-macos/Mono.Parallel.dll --allowed-assembly=/Applications/Unity/Hub/Editor/6000.3.22f1/Unity.app/Contents/Resources/Scripting/MonoBleedingEdge/lib/mono/unityjit-macos/Mono.Posix.dll --allowed-assembly=/Applications/Unity/Hub/Editor/6000.3.22f1/Unity.app/Contents/Resources/Scripting/MonoBleedingEdge/lib/mono/unityjit-macos/Mono.Profiler.Log.dll --allowed-assembly=/Applications/Unity/Hub/Editor/6000.3.22f1/Unity.app/Contents/Resources/Scripting/MonoBleedingEdge/lib/mono/unityjit-macos/Mono.Security.Win32.dll --allowed-assembly=/Applications/Unity/Hub/Editor/6000.3.22f1/Unity.app/Contents/Resources/Scripting/MonoBleedingEdge/lib/mono/unityjit-macos/Mono.Security.dll --allowed-assembly=/Applications/Unity/Hub/Editor/6000.3.22f1/Unity.app/Contents/Resources/Scripting/MonoBleedingEdge/lib/mono/unityjit-macos/Mono.Simd.dll --allowed-assembly=/Applications/Unity/Hub/Editor/6000.3.22f1/Unity.app/Contents/Resources/Scripting/MonoBleedingEdge/lib/mono/unityjit-macos/Mono.Tasklets.dll --allowed-assembly=/Applications/Unity/Hub/Editor/6000.3.22f1/Unity.app/Contents/Resources/Scripting/MonoBleedingEdge/lib/mono/unityjit-macos/Mono.WebBrowser.dll --allowed-assembly=/Applications/Unity/Hub/Editor/6000.3.22f1/Unity.app/Contents/Resources/Scripting/MonoBleedingEdge/lib/mono/unityjit-macos/Mono.XBuild.Tasks.dll --allowed-assembly=/Applications/Unity/Hub/Editor/6000.3.22f1/Unity.app/Contents/Resources/Scripting/MonoBleedingEdge/lib/mono/unityjit-macos/Novell.Directory.Ldap.dll --allowed-assembly=/Applications/Unity/Hub/Editor/6000.3.22f1/Unity.app/Contents/Resources/Scripting/MonoBleedingEdge/lib/mono/unityjit-macos/PEAPI.dll --allowed-assembly=/Applications/Unity/Hub/Editor/6000.3.22f1/Unity.app/Contents/Resources/Scripting/MonoBleedingEdge/lib/mono/unityjit-macos/RabbitMQ.Client.dll --allowed-assembly=/Applications/Unity/Hub/Editor/6000.3.22f1/Unity.app/Contents/Resources/Scripting/MonoBleedingEdge/lib/mono/unityjit-macos/SMDiagnostics.dll --allowed-assembly=/Applications/Unity/Hub/Editor/6000.3.22f1/Unity.app/Contents/Resources/Scripting/MonoBleedingEdge/lib/mono/unityjit-macos/System.ComponentModel.Composition.dll --allowed-assembly=/Applications/Unity/Hub/Editor/6000.3.22f1/Unity.app/Contents/Resources/Scripting/MonoBleedingEdge/lib/mono/unityjit-macos/System.ComponentModel.DataAnnotations.dll --allowed-assembly=/Applications/Unity/Hub/Editor/6000.3.22f1/Unity.app/Contents/Resources/Scripting/MonoBleedingEdge/lib/mono/unityjit-macos/System.Configuration.Install.dll --allowed-assembly=/Applications/Unity/Hub/Editor/6000.3.22f1/Unity.app/Contents/Resources/Scripting/MonoBleedingEdge/lib/mono/unityjit-macos/System.Configuration.dll --allowed-assembly=/Applications/Unity/Hub/Editor/6000.3.22f1/Unity.app/Contents/Resources/Scripting/MonoBleedingEdge/lib/mono/unityjit-macos/System.Core.dll --allowed-assembly=/Applications/Unity/Hub/Editor/6000.3.22f1/Unity.app/Contents/Resources/Scripting/MonoBleedingEdge/lib/mono/unityjit-macos/System.Data.DataSetExtensions.dll --allowed-assembly=/Applications/Unity/Hub/Editor/6000.3.22f1/Unity.app/Contents/Resources/Scripting/MonoBleedingEdge/lib/mono/unityjit-macos/System.Data.Entity.dll --allowed-assembly=/Applications/Unity/Hub/Editor/6000.3.22f1/Unity.app/Contents/Resources/Scripting/MonoBleedingEdge/lib/mono/unityjit-macos/System.Data.Linq.dll --allowed-assembly=/Applications/Unity/Hub/Editor/6000.3.22f1/Unity.app/Contents/Resources/Scripting/MonoBleedingEdge/lib/mono/unityjit-macos/System.Data.OracleClient.dll --allowed-assembly=/Applications/Unity/Hub/Editor/6000.3.22f1/Unity.app/Contents/Resources/Scripting/MonoBleedingEdge/lib/mono/unityjit-macos/System.Data.Services.Client.dll --allowed-assembly=/Applications/Unity/Hub/Editor/6000.3.22f1/Unity.app/Contents/Resources/Scripting/MonoBleedingEdge/lib/mono/unityjit-macos/System.Data.Services.dll --allowed-assembly=/Applications/Unity/Hub/Editor/6000.3.22f1/Unity.app/Contents/Resources/Scripting/MonoBleedingEdge/lib/mono/unityjit-macos/System.Data.dll --allowed-assembly=/Applications/Unity/Hub/Editor/6000.3.22f1/Unity.app/Contents/Resources/Scripting/MonoBleedingEdge/lib/mono/unityjit-macos/System.Deployment.dll --allowed-assembly=/Applications/Unity/Hub/Editor/6000.3.22f1/Unity.app/Contents/Resources/Scripting/MonoBleedingEdge/lib/mono/unityjit-macos/System.Design.dll --allowed-assembly=/Applications/Unity/Hub/Editor/6000.3.22f1/Unity.app/Contents/Resources/Scripting/MonoBleedingEdge/lib/mono/unityjit-macos/System.DirectoryServices.Protocols.dll --allowed-assembly=/Applications/Unity/Hub/Editor/6000.3.22f1/Unity.app/Contents/Resources/Scripting/MonoBleedingEdge/lib/mono/unityjit-macos/System.DirectoryServices.dll --allowed-assembly=/Applications/Unity/Hub/Editor/6000.3.22f1/Unity.app/Contents/Resources/Scripting/MonoBleedingEdge/lib/mono/unityjit-macos/System.Drawing.Design.dll --allowed-assembly=/Applications/Unity/Hub/Editor/6000.3.22f1/Unity.app/Contents/Resources/Scripting/MonoBleedingEdge/lib/mono/unityjit-macos/System.Drawing.dll --allowed-assembly=/Applications/Unity/Hub/Editor/6000.3.22f1/Unity.app/Contents/Resources/Scripting/MonoBleedingEdge/lib/mono/unityjit-macos/System.Dynamic.dll --allowed-assembly=/Applications/Unity/Hub/Editor/6000.3.22f1/Unity.app/Contents/Resources/Scripting/MonoBleedingEdge/lib/mono/unityjit-macos/System.EnterpriseServices.dll --allowed-assembly=/Applications/Unity/Hub/Editor/6000.3.22f1/Unity.app/Contents/Resources/Scripting/MonoBleedingEdge/lib/mono/unityjit-macos/System.IO.Compression.FileSystem.dll --allowed-assembly=/Applications/Unity/Hub/Editor/6000.3.22f1/Unity.app/Contents/Resources/Scripting/MonoBleedingEdge/lib/mono/unityjit-macos/System.IO.Compression.dll --allowed-assembly=/Applications/Unity/Hub/Editor/6000.3.22f1/Unity.app/Contents/Resources/Scripting/MonoBleedingEdge/lib/mono/unityjit-macos/System.IdentityModel.Selectors.dll --allowed-assembly=/Applications/Unity/Hub/Editor/6000.3.22f1/Unity.app/Contents/Resources/Scripting/MonoBleedingEdge/lib/mono/unityjit-macos/System.IdentityModel.dll --allowed-assembly=/Applications/Unity/Hub/Editor/6000.3.22f1/Unity.app/Contents/Resources/Scripting/MonoBleedingEdge/lib/mono/unityjit-macos/System.Json.Microsoft.dll --allowed-assembly=/Applications/Unity/Hub/Editor/6000.3.22f1/Unity.app/Contents/Resources/Scripting/MonoBleedingEdge/lib/mono/unityjit-macos/System.Json.dll --allowed-assembly=/Applications/Unity/Hub/Editor/6000.3.22f1/Unity.app/Contents/Resources/Scripting/MonoBleedingEdge/lib/mono/unityjit-macos/System.Management.dll --allowed-assembly=/Applications/Unity/Hub/Editor/6000.3.22f1/Unity.app/Contents/Resources/Scripting/MonoBleedingEdge/lib/mono/unityjit-macos/System.Messaging.dll --allowed-assembly=/Applications/Unity/Hub/Editor/6000.3.22f1/Unity.app/Contents/Resources/Scripting/MonoBleedingEdge/lib/mono/unityjit-macos/System.Net.Http.Formatting.dll --allowed-assembly=/Applications/Unity/Hub/Editor/6000.3.22f1/Unity.app/Contents/Resources/Scripting/MonoBleedingEdge/lib/mono/unityjit-macos/System.Net.Http.WebRequest.dll --allowed-assembly=/Applications/Unity/Hub/Editor/6000.3.22f1/Unity.app/Contents/Resources/Scripting/MonoBleedingEdge/lib/mono/unityjit-macos/System.Net.Http.dll --allowed-assembly=/Applications/Unity/Hub/Editor/6000.3.22f1/Unity.app/Contents/Resources/Scripting/MonoBleedingEdge/lib/mono/unityjit-macos/System.Net.dll --allowed-assembly=/Applications/Unity/Hub/Editor/6000.3.22f1/Unity.app/Contents/Resources/Scripting/MonoBleedingEdge/lib/mono/unityjit-macos/System.Numerics.Vectors.dll --allowed-assembly=/Applications/Unity/Hub/Editor/6000.3.22f1/Unity.app/Contents/Resources/Scripting/MonoBleedingEdge/lib/mono/unityjit-macos/System.Numerics.dll --allowed-assembly=/Applications/Unity/Hub/Editor/6000.3.22f1/Unity.app/Contents/Resources/Scripting/MonoBleedingEdge/lib/mono/unityjit-macos/System.Reactive.Core.dll --allowed-assembly=/Applications/Unity/Hub/Editor/6000.3.22f1/Unity.app/Contents/Resources/Scripting/MonoBleedingEdge/lib/mono/unityjit-macos/System.Reactive.Debugger.dll --allowed-assembly=/Applications/Unity/Hub/Editor/6000.3.22f1/Unity.app/Contents/Resources/Scripting/MonoBleedingEdge/lib/mono/unityjit-macos/System.Reactive.Experimental.dll --allowed-assembly=/Applications/Unity/Hub/Editor/6000.3.22f1/Unity.app/Contents/Resources/Scripting/MonoBleedingEdge/lib/mono/unityjit-macos/System.Reactive.Interfaces.dll --allowed-assembly=/Applications/Unity/Hub/Editor/6000.3.22f1/Unity.app/Contents/Resources/Scripting/MonoBleedingEdge/lib/mono/unityjit-macos/System.Reactive.Linq.dll --allowed-assembly=/Applications/Unity/Hub/Editor/6000.3.22f1/Unity.app/Contents/Resources/Scripting/MonoBleedingEdge/lib/mono/unityjit-macos/System.Reactive.Observable.Aliases.dll --allowed-assembly=/Applications/Unity/Hub/Editor/6000.3.22f1/Unity.app/Contents/Resources/Scripting/MonoBleedingEdge/lib/mono/unityjit-macos/System.Reactive.PlatformServices.dll --allowed-assembly=/Applications/Unity/Hub/Editor/6000.3.22f1/Unity.app/Contents/Resources/Scripting/MonoBleedingEdge/lib/mono/unityjit-macos/System.Reactive.Providers.dll --allowed-assembly=/Applications/Unity/Hub/Editor/6000.3.22f1/Unity.app/Contents/Resources/Scripting/MonoBleedingEdge/lib/mono/unityjit-macos/System.Reactive.Runtime.Remoting.dll --allowed-assembly=/Applications/Unity/Hub/Editor/6000.3.22f1/Unity.app/Contents/Resources/Scripting/MonoBleedingEdge/lib/mono/unityjit-macos/System.Reactive.Windows.Forms.dll --allowed-assembly=/Applications/Unity/Hub/Editor/6000.3.22f1/Unity.app/Contents/Resources/Scripting/MonoBleedingEdge/lib/mono/unityjit-macos/System.Reactive.Windows.Threading.dll --allowed-assembly=/Applications/Unity/Hub/Editor/6000.3.22f1/Unity.app/Contents/Resources/Scripting/MonoBleedingEdge/lib/mono/unityjit-macos/System.Reflection.Context.dll --allowed-assembly=/Applications/Unity/Hub/Editor/6000.3.22f1/Unity.app/Contents/Resources/Scripting/MonoBleedingEdge/lib/mono/unityjit-macos/System.Runtime.Caching.dll --allowed-assembly=/Applications/Unity/Hub/Editor/6000.3.22f1/Unity.app/Contents/Resources/Scripting/MonoBleedingEdge/lib/mono/unityjit-macos/System.Runtime.DurableInstancing.dll --allowed-assembly=/Applications/Unity/Hub/Editor/6000.3.22f1/Unity.app/Contents/Resources/Scripting/MonoBleedingEdge/lib/mono/unityjit-macos/System.Runtime.Remoting.dll --allowed-assembly=/Applications/Unity/Hub/Editor/6000.3.22f1/Unity.app/Contents/Resources/Scripting/MonoBleedingEdge/lib/mono/unityjit-macos/System.Runtime.Serialization.Formatters.Soap.dll --allowed-assembly=/Applications/Unity/Hub/Editor/6000.3.22f1/Unity.app/Contents/Resources/Scripting/MonoBleedingEdge/lib/mono/unityjit-macos/System.Runtime.Serialization.dll --allowed-assembly=/Applications/Unity/Hub/Editor/6000.3.22f1/Unity.app/Contents/Resources/Scripting/MonoBleedingEdge/lib/mono/unityjit-macos/System.Security.dll --allowed-assembly=/Applications/Unity/Hub/Editor/6000.3.22f1/Unity.app/Contents/Resources/Scripting/MonoBleedingEdge/lib/mono/unityjit-macos/System.ServiceModel.Activation.dll --allowed-assembly=/Applications/Unity/Hub/Editor/6000.3.22f1/Unity.app/Contents/Resources/Scripting/MonoBleedingEdge/lib/mono/unityjit-macos/System.ServiceModel.Discovery.dll --allowed-assembly=/Applications/Unity/Hub/Editor/6000.3.22f1/Unity.app/Contents/Resources/Scripting/MonoBleedingEdge/lib/mono/unityjit-macos/System.ServiceModel.Internals.dll --allowed-assembly=/Applications/Unity/Hub/Editor/6000.3.22f1/Unity.app/Contents/Resources/Scripting/MonoBleedingEdge/lib/mono/unityjit-macos/System.ServiceModel.Routing.dll --allowed-assembly=/Applications/Unity/Hub/Editor/6000.3.22f1/Unity.app/Contents/Resources/Scripting/MonoBleedingEdge/lib/mono/unityjit-macos/System.ServiceModel.Web.dll --allowed-assembly=/Applications/Unity/Hub/Editor/6000.3.22f1/Unity.app/Contents/Resources/Scripting/MonoBleedingEdge/lib/mono/unityjit-macos/System.ServiceModel.dll --allowed-assembly=/Applications/Unity/Hub/Editor/6000.3.22f1/Unity.app/Contents/Resources/Scripting/MonoBleedingEdge/lib/mono/unityjit-macos/System.ServiceProcess.dll --allowed-assembly=/Applications/Unity/Hub/Editor/6000.3.22f1/Unity.app/Contents/Resources/Scripting/MonoBleedingEdge/lib/mono/unityjit-macos/System.Threading.Tasks.Dataflow.dll --allowed-assembly=/Applications/Unity/Hub/Editor/6000.3.22f1/Unity.app/Contents/Resources/Scripting/MonoBleedingEdge/lib/mono/unityjit-macos/System.Transactions.dll --allowed-assembly=/Applications/Unity/Hub/Editor/6000.3.22f1/Unity.app/Contents/Resources/Scripting/MonoBleedingEdge/lib/mono/unityjit-macos/System.Web.Abstractions.dll --allowed-assembly=/Applications/Unity/Hub/Editor/6000.3.22f1/Unity.app/Contents/Resources/Scripting/MonoBleedingEdge/lib/mono/unityjit-macos/System.Web.ApplicationServices.dll --allowed-assembly=/Applications/Unity/Hub/Editor/6000.3.22f1/Unity.app/Contents/Resources/Scripting/MonoBleedingEdge/lib/mono/unityjit-macos/System.Web.DynamicData.dll --allowed-assembly=/Applications/Unity/Hub/Editor/6000.3.22f1/Unity.app/Contents/Resources/Scripting/MonoBleedingEdge/lib/mono/unityjit-macos/System.Web.Extensions.Design.dll --allowed-assembly=/Applications/Unity/Hub/Editor/6000.3.22f1/Unity.app/Contents/Resources/Scripting/MonoBleedingEdge/lib/mono/unityjit-macos/System.Web.Extensions.dll --allowed-assembly=/Applications/Unity/Hub/Editor/6000.3.22f1/Unity.app/Contents/Resources/Scripting/MonoBleedingEdge/lib/mono/unityjit-macos/System.Web.Http.SelfHost.dll --allowed-assembly=/Applications/Unity/Hub/Editor/6000.3.22f1/Unity.app/Contents/Resources/Scripting/MonoBleedingEdge/lib/mono/unityjit-macos/System.Web.Http.WebHost.dll --allowed-assembly=/Applications/Unity/Hub/Editor/6000.3.22f1/Unity.app/Contents/Resources/Scripting/MonoBleedingEdge/lib/mono/unityjit-macos/System.Web.Http.dll --allowed-assembly=/Applications/Unity/Hub/Editor/6000.3.22f1/Unity.app/Contents/Resources/Scripting/MonoBleedingEdge/lib/mono/unityjit-macos/System.Web.Mobile.dll --allowed-assembly=/Applications/Unity/Hub/Editor/6000.3.22f1/Unity.app/Contents/Resources/Scripting/MonoBleedingEdge/lib/mono/unityjit-macos/System.Web.Mvc.dll --allowed-assembly=/Applications/Unity/Hub/Editor/6000.3.22f1/Unity.app/Contents/Resources/Scripting/MonoBleedingEdge/lib/mono/unityjit-macos/System.Web.Razor.dll --allowed-assembly=/Applications/Unity/Hub/Editor/6000.3.22f1/Unity.app/Contents/Resources/Scripting/MonoBleedingEdge/lib/mono/unityjit-macos/System.Web.RegularExpressions.dll --allowed-assembly=/Applications/Unity/Hub/Editor/6000.3.22f1/Unity.app/Contents/Resources/Scripting/MonoBleedingEdge/lib/mono/unityjit-macos/System.Web.Routing.dll --allowed-assembly=/Applications/Unity/Hub/Editor/6000.3.22f1/Unity.app/Contents/Resources/Scripting/MonoBleedingEdge/lib/mono/unityjit-macos/System.Web.Services.dll --allowed-assembly=/Applications/Unity/Hub/Editor/6000.3.22f1/Unity.app/Contents/Resources/Scripting/MonoBleedingEdge/lib/mono/unityjit-macos/System.Web.WebPages.Deployment.dll --allowed-assembly=/Applications/Unity/Hub/Editor/6000.3.22f1/Unity.app/Contents/Resources/Scripting/MonoBleedingEdge/lib/mono/unityjit-macos/System.Web.WebPages.Razor.dll --allowed-assembly=/Applications/Unity/Hub/Editor/6000.3.22f1/Unity.app/Contents/Resources/Scripting/MonoBleedingEdge/lib/mono/unityjit-macos/System.Web.WebPages.dll --allowed-assembly=/Applications/Unity/Hub/Editor/6000.3.22f1/Unity.app/Contents/Resources/Scripting/MonoBleedingEdge/lib/mono/unityjit-macos/System.Web.dll --allowed-assembly=/Applications/Unity/Hub/Editor/6000.3.22f1/Unity.app/Contents/Resources/Scripting/MonoBleedingEdge/lib/mono/unityjit-macos/System.Windows.Forms.DataVisualization.dll --allowed-assembly=/Applications/Unity/Hub/Editor/6000.3.22f1/Unity.app/Contents/Resources/Scripting/MonoBleedingEdge/lib/mono/unityjit-macos/System.Windows.Forms.dll --allowed-assembly=/Applications/Unity/Hub/Editor/6000.3.22f1/Unity.app/Contents/Resources/Scripting/MonoBleedingEdge/lib/mono/unityjit-macos/System.Windows.dll --allowed-assembly=/Applications/Unity/Hub/Editor/6000.3.22f1/Unity.app/Contents/Resources/Scripting/MonoBleedingEdge/lib/mono/unityjit-macos/System.Workflow.Activities.dll --allowed-assembly=/Applications/Unity/Hub/Editor/6000.3.22f1/Unity.app/Contents/Resources/Scripting/MonoBleedingEdge/lib/mono/unityjit-macos/System.Workflow.ComponentModel.dll --allowed-assembly=/Applications/Unity/Hub/Editor/6000.3.22f1/Unity.app/Contents/Resources/Scripting/MonoBleedingEdge/lib/mono/unityjit-macos/System.Workflow.Runtime.dll --allowed-assembly=/Applications/Unity/Hub/Editor/6000.3.22f1/Unity.app/Contents/Resources/Scripting/MonoBleedingEdge/lib/mono/unityjit-macos/System.Xaml.dll --allowed-assembly=/Applications/Unity/Hub/Editor/6000.3.22f1/Unity.app/Contents/Resources/Scripting/MonoBleedingEdge/lib/mono/unityjit-macos/System.Xml.Linq.dll --allowed-assembly=/Applications/Unity/Hub/Editor/6000.3.22f1/Unity.app/Contents/Resources/Scripting/MonoBleedingEdge/lib/mono/unityjit-macos/System.Xml.Serialization.dll --allowed-assembly=/Applications/Unity/Hub/Editor/6000.3.22f1/Unity.app/Contents/Resources/Scripting/MonoBleedingEdge/lib/mono/unityjit-macos/System.Xml.dll --allowed-assembly=/Applications/Unity/Hub/Editor/6000.3.22f1/Unity.app/Contents/Resources/Scripting/MonoBleedingEdge/lib/mono/unityjit-macos/System.dll --allowed-assembly=/Applications/Unity/Hub/Editor/6000.3.22f1/Unity.app/Contents/Resources/Scripting/MonoBleedingEdge/lib/mono/unityjit-macos/SystemWebTestShim.dll --allowed-assembly=/Applications/Unity/Hub/Editor/6000.3.22f1/Unity.app/Contents/Resources/Scripting/MonoBleedingEdge/lib/mono/unityjit-macos/WebMatrix.Data.dll --allowed-assembly=/Applications/Unity/Hub/Editor/6000.3.22f1/Unity.app/Contents/Resources/Scripting/MonoBleedingEdge/lib/mono/unityjit-macos/WindowsBase.dll --allowed-assembly=/Applications/Unity/Hub/Editor/6000.3.22f1/Unity.app/Contents/Resources/Scripting/MonoBleedingEdge/lib/mono/unityjit-macos/cscompmgd.dll --allowed-assembly=/Applications/Unity/Hub/Editor/6000.3.22f1/Unity.app/Contents/Resources/Scripting/MonoBleedingEdge/lib/mono/unityjit-macos/monodoc.dll --allowed-assembly=/Applications/Unity/Hub/Editor/6000.3.22f1/Unity.app/Contents/Resources/Scripting/MonoBleedingEdge/lib/mono/unityjit-macos/mscorlib.dll --out=Library/Bee/artifacts/MacStandalonePlayerBuildProgram/ManagedStripped --include-link-xml=/Users/mziwamadoda/Projects/Binteca/Interactive/milzetvrstudio/Unity/Library/Bee/artifacts/UnityLinkerInputs/TypesInScenes.xml --include-link-xml=/Users/mziwamadoda/Projects/Binteca/Interactive/milzetvrstudio/Unity/Library/Bee/artifacts/UnityLinkerInputs/SerializedTypes.xml --include-link-xml=/Users/mziwamadoda/Projects/Binteca/Interactive/milzetvrstudio/Unity/Library/InputSystem/StandaloneOSXLink.xml --include-link-xml=/Users/mziwamadoda/Projects/Binteca/Interactive/milzetvrstudio/Unity/Assets/Milzet/link.xml --include-directory=/Applications/Unity/Hub/Editor/6000.3.22f1/Unity.app/Contents/PlaybackEngines/MacStandaloneSupport/Variations/mono/Managed --include-directory=/Users/mziwamadoda/Projects/Binteca/Interactive/milzetvrstudio/Unity/Library/Bee/PlayerScriptAssemblies --include-directory=/Users/mziwamadoda/Projects/Binteca/Interactive/milzetvrstudio/Unity/Library/PackageCache/com.unity.collections@84e8eb3fc12e/Unity.Collections.LowLevel.ILSupport --include-directory=/Users/mziwamadoda/Projects/Binteca/Interactive/milzetvrstudio/Unity/Library/PackageCache/com.unity.burst@2f3d916873ea --include-directory=/Users/mziwamadoda/Projects/Binteca/Interactive/milzetvrstudio/Unity/Library/PackageCache/com.unity.nuget.newtonsoft-json@4dfd81071c64/Runtime/AOT --include-directory=/Applications/Unity/Hub/Editor/6000.3.22f1/Unity.app/Contents/Resources/Scripting/MonoBleedingEdge/lib/mono/unityjit-macos --include-directory=/Applications/Unity/Hub/Editor/6000.3.22f1/Unity.app/Contents/Resources/Scripting/MonoBleedingEdge/lib/mono/unityjit-macos/Facades --rule-set=Copy --profiler-report --profiler-output-file=/Users/mziwamadoda/Projects/Binteca/Interactive/milzetvrstudio/Unity/Library/Bee/artifacts/unitylinker_hph0.traceevents --dotnetprofile=unityaot-macos --dotnetruntime=Mono --platform=MacOSX --use-editor-options --editor-settings-flag=Development --engine-modules-asset-file=/Applications/Unity/Hub/Editor/6000.3.22f1/Unity.app/Contents/PlaybackEngines/MacStandaloneSupport/modules.asset --editor-data-file=/Users/mziwamadoda/Projects/Binteca/Interactive/milzetvrstudio/Unity/Library/Bee/artifacts/UnityLinkerInputs/EditorToUnityLinkerData.json --include-unity-root-assembly=/Applications/Unity/Hub/Editor/6000.3.22f1/Unity.app/Contents/PlaybackEngines/MacStandaloneSupport/Variations/mono/Managed/UnityEngine.AIModule.dll --include-unity-root-assembly=/Applications/Unity/Hub/Editor/6000.3.22f1/Unity.app/Contents/PlaybackEngines/MacStandaloneSupport/Variations/mono/Managed/UnityEngine.ARModule.dll --include-unity-root-assembly=/Applications/Unity/Hub/Editor/6000.3.22f1/Unity.app/Contents/PlaybackEngines/MacStandaloneSupport/Variations/mono/Managed/UnityEngine.AccessibilityModule.dll --include-unity-root-assembly=/Applications/Unity/Hub/Editor/6000.3.22f1/Unity.app/Contents/PlaybackEngines/MacStandaloneSupport/Variations/mono/Managed/UnityEngine.AdaptivePerformanceModule.dll --include-unity-root-assembly=/Applications/Unity/Hub/Editor/6000.3.22f1/Unity.app/Contents/PlaybackEngines/MacStandaloneSupport/Variations/mono/Managed/UnityEngine.AndroidJNIModule.dll --include-unity-root-assembly=/Applications/Unity/Hub/Editor/6000.3.22f1/Unity.app/Contents/PlaybackEngines/MacStandaloneSupport/Variations/mono/Managed/UnityEngine.AnimationModule.dll --include-unity-root-assembly=/Applications/Unity/Hub/Editor/6000.3.22f1/Unity.app/Contents/PlaybackEngines/MacStandaloneSupport/Variations/mono/Managed/UnityEngine.AssetBundleModule.dll --include-unity-root-assembly=/Applications/Unity/Hub/Editor/6000.3.22f1/Unity.app/Contents/PlaybackEngines/MacStandaloneSupport/Variations/mono/Managed/UnityEngine.AudioModule.dll --include-unity-root-assembly=/Applications/Unity/Hub/Editor/6000.3.22f1/Unity.app/Contents/PlaybackEngines/MacStandaloneSupport/Variations/mono/Managed/UnityEngine.ClothModule.dll --include-unity-root-assembly=/Applications/Unity/Hub/Editor/6000.3.22f1/Unity.app/Contents/PlaybackEngines/MacStandaloneSupport/Variations/mono/Managed/UnityEngine.ClusterInputModule.dll --include-unity-root-assembly=/Applications/Unity/Hub/Editor/6000.3.22f1/Unity.app/Contents/PlaybackEngines/MacStandaloneSupport/Variations/mono/Managed/UnityEngine.ClusterRendererModule.dll --include-unity-root-assembly=/Applications/Unity/Hub/Editor/6000.3.22f1/Unity.app/Contents/PlaybackEngines/MacStandaloneSupport/Variations/mono/Managed/UnityEngine.ContentLoadModule.dll --include-unity-root-assembly=/Applications/Unity/Hub/Editor/6000.3.22f1/Unity.app/Contents/PlaybackEngines/MacStandaloneSupport/Variations/mono/Managed/UnityEngine.CoreModule.dll --include-unity-root-assembly=/Applications/Unity/Hub/Editor/6000.3.22f1/Unity.app/Contents/PlaybackEngines/MacStandaloneSupport/Variations/mono/Managed/UnityEngine.CrashReportingModule.dll --include-unity-root-assembly=/Applications/Unity/Hub/Editor/6000.3.22f1/Unity.app/Contents/PlaybackEngines/MacStandaloneSupport/Variations/mono/Managed/UnityEngine.DSPGraphModule.dll --include-unity-root-assembly=/Applications/Unity/Hub/Editor/6000.3.22f1/Unity.app/Contents/PlaybackEngines/MacStandaloneSupport/Variations/mono/Managed/UnityEngine.DirectorModule.dll --include-unity-root-assembly=/Applications/Unity/Hub/Editor/6000.3.22f1/Unity.app/Contents/PlaybackEngines/MacStandaloneSupport/Variations/mono/Managed/UnityEngine.GIModule.dll --include-unity-root-assembly=/Applications/Unity/Hub/Editor/6000.3.22f1/Unity.app/Contents/PlaybackEngines/MacStandaloneSupport/Variations/mono/Managed/UnityEngine.GameCenterModule.dll --include-unity-root-assembly=/Applications/Unity/Hub/Editor/6000.3.22f1/Unity.app/Contents/PlaybackEngines/MacStandaloneSupport/Variations/mono/Managed/UnityEngine.GraphicsStateCollectionSerializerModule.dll --include-unity-root-assembly=/Applications/Unity/Hub/Editor/6000.3.22f1/Unity.app/Contents/PlaybackEngines/MacStandaloneSupport/Variations/mono/Managed/UnityEngine.GridModule.dll --include-unity-root-assembly=/Applications/Unity/Hub/Editor/6000.3.22f1/Unity.app/Contents/PlaybackEngines/MacStandaloneSupport/Variations/mono/Managed/UnityEngine.HierarchyCoreModule.dll --include-unity-root-assembly=/Applications/Unity/Hub/Editor/6000.3.22f1/Unity.app/Contents/PlaybackEngines/MacStandaloneSupport/Variations/mono/Managed/UnityEngine.HierarchyModule.dll --include-unity-root-assembly=/Applications/Unity/Hub/Editor/6000.3.22f1/Unity.app/Contents/PlaybackEngines/MacStandaloneSupport/Variations/mono/Managed/UnityEngine.HotReloadModule.dll --include-unity-root-assembly=/Applications/Unity/Hub/Editor/6000.3.22f1/Unity.app/Contents/PlaybackEngines/MacStandaloneSupport/Variations/mono/Managed/UnityEngine.IMGUIModule.dll --include-unity-root-assembly=/Applications/Unity/Hub/Editor/6000.3.22f1/Unity.app/Contents/PlaybackEngines/MacStandaloneSupport/Variations/mono/Managed/UnityEngine.IdentifiersModule.dll --include-unity-root-assembly=/Applications/Unity/Hub/Editor/6000.3.22f1/Unity.app/Contents/PlaybackEngines/MacStandaloneSupport/Variations/mono/Managed/UnityEngine.ImageConversionModule.dll --include-unity-root-assembly=/Applications/Unity/Hub/Editor/6000.3.22f1/Unity.app/Contents/PlaybackEngines/MacStandaloneSupport/Variations/mono/Managed/UnityEngine.InputForUIModule.dll --include-unity-root-assembly=/Applications/Unity/Hub/Editor/6000.3.22f1/Unity.app/Contents/PlaybackEngines/MacStandaloneSupport/Variations/mono/Managed/UnityEngine.InputLegacyModule.dll --include-unity-root-assembly=/Applications/Unity/Hub/Editor/6000.3.22f1/Unity.app/Contents/PlaybackEngines/MacStandaloneSupport/Variations/mono/Managed/UnityEngine.InputModule.dll --include-unity-root-assembly=/Applications/Unity/Hub/Editor/6000.3.22f1/Unity.app/Contents/PlaybackEngines/MacStandaloneSupport/Variations/mono/Managed/UnityEngine.InsightsModule.dll --include-unity-root-assembly=/Applications/Unity/Hub/Editor/6000.3.22f1/Unity.app/Contents/PlaybackEngines/MacStandaloneSupport/Variations/mono/Managed/UnityEngine.JSONSerializeModule.dll --include-unity-root-assembly=/Applications/Unity/Hub/Editor/6000.3.22f1/Unity.app/Contents/PlaybackEngines/MacStandaloneSupport/Variations/mono/Managed/UnityEngine.LocalizationModule.dll --include-unity-root-assembly=/Applications/Unity/Hub/Editor/6000.3.22f1/Unity.app/Contents/PlaybackEngines/MacStandaloneSupport/Variations/mono/Managed/UnityEngine.MarshallingModule.dll --include-unity-root-assembly=/Applications/Unity/Hub/Editor/6000.3.22f1/Unity.app/Contents/PlaybackEngines/MacStandaloneSupport/Variations/mono/Managed/UnityEngine.MultiplayerModule.dll --include-unity-root-assembly=/Applications/Unity/Hub/Editor/6000.3.22f1/Unity.app/Contents/PlaybackEngines/MacStandaloneSupport/Variations/mono/Managed/UnityEngine.ParticleSystemModule.dll --include-unity-root-assembly=/Applications/Unity/Hub/Editor/6000.3.22f1/Unity.app/Contents/PlaybackEngines/MacStandaloneSupport/Variations/mono/Managed/UnityEngine.PerformanceReportingModule.dll --include-unity-root-assembly=/Applications/Unity/Hub/Editor/6000.3.22f1/Unity.app/Contents/PlaybackEngines/MacStandaloneSupport/Variations/mono/Managed/UnityEngine.Physics2DModule.dll --include-unity-root-assembly=/Applications/Unity/Hub/Editor/6000.3.22f1/Unity.app/Contents/PlaybackEngines/MacStandaloneSupport/Variations/mono/Managed/UnityEngine.PhysicsBackendPhysXModule.dll --include-unity-root-assembly=/Applications/Unity/Hub/Editor/6000.3.22f1/Unity.app/Contents/PlaybackEngines/MacStandaloneSupport/Variations/mono/Managed/UnityEngine.PhysicsModule.dll --include-unity-root-assembly=/Applications/Unity/Hub/Editor/6000.3.22f1/Unity.app/Contents/PlaybackEngines/MacStandaloneSupport/Variations/mono/Managed/UnityEngine.PropertiesModule.dll --include-unity-root-assembly=/Applications/Unity/Hub/Editor/6000.3.22f1/Unity.app/Contents/PlaybackEngines/MacStandaloneSupport/Variations/mono/Managed/UnityEngine.RenderAs2DModule.dll --include-unity-root-assembly=/Applications/Unity/Hub/Editor/6000.3.22f1/Unity.app/Contents/PlaybackEngines/MacStandaloneSupport/Variations/mono/Managed/UnityEngine.RuntimeInitializeOnLoadManagerInitializerModule.dll --include-unity-root-assembly=/Applications/Unity/Hub/Editor/6000.3.22f1/Unity.app/Contents/PlaybackEngines/MacStandaloneSupport/Variations/mono/Managed/UnityEngine.ScreenCaptureModule.dll --include-unity-root-assembly=/Applications/Unity/Hub/Editor/6000.3.22f1/Unity.app/Contents/PlaybackEngines/MacStandaloneSupport/Variations/mono/Managed/UnityEngine.ShaderRuntimeModule.dll --include-unity-root-assembly=/Applications/Unity/Hub/Editor/6000.3.22f1/Unity.app/Contents/PlaybackEngines/MacStandaloneSupport/Variations/mono/Managed/UnityEngine.ShaderVariantAnalyticsModule.dll --include-unity-root-assembly=/Applications/Unity/Hub/Editor/6000.3.22f1/Unity.app/Contents/PlaybackEngines/MacStandaloneSupport/Variations/mono/Managed/UnityEngine.SharedInternalsModule.dll --include-unity-root-assembly=/Applications/Unity/Hub/Editor/6000.3.22f1/Unity.app/Contents/PlaybackEngines/MacStandaloneSupport/Variations/mono/Managed/UnityEngine.SpriteMaskModule.dll --include-unity-root-assembly=/Applications/Unity/Hub/Editor/6000.3.22f1/Unity.app/Contents/PlaybackEngines/MacStandaloneSupport/Variations/mono/Managed/UnityEngine.SpriteShapeModule.dll --include-unity-root-assembly=/Applications/Unity/Hub/Editor/6000.3.22f1/Unity.app/Contents/PlaybackEngines/MacStandaloneSupport/Variations/mono/Managed/UnityEngine.StreamingModule.dll --include-unity-root-assembly=/Applications/Unity/Hub/Editor/6000.3.22f1/Unity.app/Contents/PlaybackEngines/MacStandaloneSupport/Variations/mono/Managed/UnityEngine.SubstanceModule.dll --include-unity-root-assembly=/Applications/Unity/Hub/Editor/6000.3.22f1/Unity.app/Contents/PlaybackEngines/MacStandaloneSupport/Variations/mono/Managed/UnityEngine.SubsystemsModule.dll --include-unity-root-assembly=/Applications/Unity/Hub/Editor/6000.3.22f1/Unity.app/Contents/PlaybackEngines/MacStandaloneSupport/Variations/mono/Managed/UnityEngine.TLSModule.dll --include-unity-root-assembly=/Applications/Unity/Hub/Editor/6000.3.22f1/Unity.app/Contents/PlaybackEngines/MacStandaloneSupport/Variations/mono/Managed/UnityEngine.TerrainModule.dll --include-unity-root-assembly=/Applications/Unity/Hub/Editor/6000.3.22f1/Unity.app/Contents/PlaybackEngines/MacStandaloneSupport/Variations/mono/Managed/UnityEngine.TerrainPhysicsModule.dll --include-unity-root-assembly=/Applications/Unity/Hub/Editor/6000.3.22f1/Unity.app/Contents/PlaybackEngines/MacStandaloneSupport/Variations/mono/Managed/UnityEngine.TextCoreFontEngineModule.dll --include-unity-root-assembly=/Applications/Unity/Hub/Editor/6000.3.22f1/Unity.app/Contents/PlaybackEngines/MacStandaloneSupport/Variations/mono/Managed/UnityEngine.TextCoreTextEngineModule.dll --include-unity-root-assembly=/Applications/Unity/Hub/Editor/6000.3.22f1/Unity.app/Contents/PlaybackEngines/MacStandaloneSupport/Variations/mono/Managed/UnityEngine.TextRenderingModule.dll --include-unity-root-assembly=/Applications/Unity/Hub/Editor/6000.3.22f1/Unity.app/Contents/PlaybackEngines/MacStandaloneSupport/Variations/mono/Managed/UnityEngine.TilemapModule.dll --include-unity-root-assembly=/Applications/Unity/Hub/Editor/6000.3.22f1/Unity.app/Contents/PlaybackEngines/MacStandaloneSupport/Variations/mono/Managed/UnityEngine.UIElementsModule.dll --include-unity-root-assembly=/Applications/Unity/Hub/Editor/6000.3.22f1/Unity.app/Contents/PlaybackEngines/MacStandaloneSupport/Variations/mono/Managed/UnityEngine.UIModule.dll --include-unity-root-assembly=/Applications/Unity/Hub/Editor/6000.3.22f1/Unity.app/Contents/PlaybackEngines/MacStandaloneSupport/Variations/mono/Managed/UnityEngine.UmbraModule.dll --include-unity-root-assembly=/Applications/Unity/Hub/Editor/6000.3.22f1/Unity.app/Contents/PlaybackEngines/MacStandaloneSupport/Variations/mono/Managed/UnityEngine.UnityAnalyticsCommonModule.dll --include-unity-root-assembly=/Applications/Unity/Hub/Editor/6000.3.22f1/Unity.app/Contents/PlaybackEngines/MacStandaloneSupport/Variations/mono/Managed/UnityEngine.UnityAnalyticsModule.dll --include-unity-root-assembly=/Applications/Unity/Hub/Editor/6000.3.22f1/Unity.app/Contents/PlaybackEngines/MacStandaloneSupport/Variations/mono/Managed/UnityEngine.UnityConnectModule.dll --include-unity-root-assembly=/Applications/Unity/Hub/Editor/6000.3.22f1/Unity.app/Contents/PlaybackEngines/MacStandaloneSupport/Variations/mono/Managed/UnityEngine.UnityConsentModule.dll --include-unity-root-assembly=/Applications/Unity/Hub/Editor/6000.3.22f1/Unity.app/Contents/PlaybackEngines/MacStandaloneSupport/Variations/mono/Managed/UnityEngine.UnityCurlModule.dll --include-unity-root-assembly=/Applications/Unity/Hub/Editor/6000.3.22f1/Unity.app/Contents/PlaybackEngines/MacStandaloneSupport/Variations/mono/Managed/UnityEngine.UnityWebRequestAssetBundleModule.dll --include-unity-root-assembly=/Applications/Unity/Hub/Editor/6000.3.22f1/Unity.app/Contents/PlaybackEngines/MacStandaloneSupport/Variations/mono/Managed/UnityEngine.UnityWebRequestAudioModule.dll --include-unity-root-assembly=/Applications/Unity/Hub/Editor/6000.3.22f1/Unity.app/Contents/PlaybackEngines/MacStandaloneSupport/Variations/mono/Managed/UnityEngine.UnityWebRequestModule.dll --include-unity-root-assembly=/Applications/Unity/Hub/Editor/6000.3.22f1/Unity.app/Contents/PlaybackEngines/MacStandaloneSupport/Variations/mono/Managed/UnityEngine.UnityWebRequestTextureModule.dll --include-unity-root-assembly=/Applications/Unity/Hub/Editor/6000.3.22f1/Unity.app/Contents/PlaybackEngines/MacStandaloneSupport/Variations/mono/Managed/UnityEngine.UnityWebRequestWWWModule.dll --include-unity-root-assembly=/Applications/Unity/Hub/Editor/6000.3.22f1/Unity.app/Contents/PlaybackEngines/MacStandaloneSupport/Variations/mono/Managed/UnityEngine.VFXModule.dll --include-unity-root-assembly=/Applications/Unity/Hub/Editor/6000.3.22f1/Unity.app/Contents/PlaybackEngines/MacStandaloneSupport/Variations/mono/Managed/UnityEngine.VRModule.dll --include-unity-root-assembly=/Applications/Unity/Hub/Editor/6000.3.22f1/Unity.app/Contents/PlaybackEngines/MacStandaloneSupport/Variations/mono/Managed/UnityEngine.VectorGraphicsModule.dll --include-unity-root-assembly=/Applications/Unity/Hub/Editor/6000.3.22f1/Unity.app/Contents/PlaybackEngines/MacStandaloneSupport/Variations/mono/Managed/UnityEngine.VehiclesModule.dll --include-unity-root-assembly=/Applications/Unity/Hub/Editor/6000.3.22f1/Unity.app/Contents/PlaybackEngines/MacStandaloneSupport/Variations/mono/Managed/UnityEngine.VideoModule.dll --include-unity-root-assembly=/Applications/Unity/Hub/Editor/6000.3.22f1/Unity.app/Contents/PlaybackEngines/MacStandaloneSupport/Variations/mono/Managed/UnityEngine.VirtualTexturingModule.dll --include-unity-root-assembly=/Applications/Unity/Hub/Editor/6000.3.22f1/Unity.app/Contents/PlaybackEngines/MacStandaloneSupport/Variations/mono/Managed/UnityEngine.WindModule.dll --include-unity-root-assembly=/Applications/Unity/Hub/Editor/6000.3.22f1/Unity.app/Contents/PlaybackEngines/MacStandaloneSupport/Variations/mono/Managed/UnityEngine.XRModule.dll --include-unity-root-assembly=/Applications/Unity/Hub/Editor/6000.3.22f1/Unity.app/Contents/PlaybackEngines/MacStandaloneSupport/Variations/mono/Managed/UnityEngine.dll --include-unity-root-assembly=/Users/mziwamadoda/Projects/Binteca/Interactive/milzetvrstudio/Unity/Library/Bee/PlayerScriptAssemblies/Assembly-CSharp.dll --include-unity-root-assembly=/Users/mziwamadoda/Projects/Binteca/Interactive/milzetvrstudio/Unity/Library/Bee/PlayerScriptAssemblies/glTFast.dll --include-unity-root-assembly=/Users/mziwamadoda/Projects/Binteca/Interactive/milzetvrstudio/Unity/Library/Bee/PlayerScriptAssemblies/glTFast.Documentation.Examples.dll --include-unity-root-assembly=/Users/mziwamadoda/Projects/Binteca/Interactive/milzetvrstudio/Unity/Library/Bee/PlayerScriptAssemblies/glTFast.dots.dll --include-unity-root-assembly=/Users/mziwamadoda/Projects/Binteca/Interactive/milzetvrstudio/Unity/Library/Bee/PlayerScriptAssemblies/glTFast.Export.dll --include-unity-root-assembly=/Users/mziwamadoda/Projects/Binteca/Interactive/milzetvrstudio/Unity/Library/Bee/PlayerScriptAssemblies/glTFast.Newtonsoft.dll --include-unity-root-assembly=/Users/mziwamadoda/Projects/Binteca/Interactive/milzetvrstudio/Unity/Library/Bee/PlayerScriptAssemblies/Meta.XR.BuildingBlocks.AIBlocks.dll --include-unity-root-assembly=/Users/mziwamadoda/Projects/Binteca/Interactive/milzetvrstudio/Unity/Library/Bee/PlayerScriptAssemblies/Meta.XR.BuildingBlocks.dll --include-unity-root-assembly=/Users/mziwamadoda/Projects/Binteca/Interactive/milzetvrstudio/Unity/Library/Bee/PlayerScriptAssemblies/Meta.XR.EnvironmentDepth.dll --include-unity-root-assembly=/Users/mziwamadoda/Projects/Binteca/Interactive/milzetvrstudio/Unity/Library/Bee/PlayerScriptAssemblies/Meta.XR.ImmersiveDebugger.dll --include-unity-root-assembly=/Users/mziwamadoda/Projects/Binteca/Interactive/milzetvrstudio/Unity/Library/Bee/PlayerScriptAssemblies/Meta.XR.ImmersiveDebugger.Interface.dll --include-unity-root-assembly=/Users/mziwamadoda/Projects/Binteca/Interactive/milzetvrstudio/Unity/Library/Bee/PlayerScriptAssemblies/meta.xr.mrutilitykit.dll --include-unity-root-assembly=/Users/mziwamadoda/Projects/Binteca/Interactive/milzetvrstudio/Unity/Library/Bee/PlayerScriptAssemblies/Meta.XR.MultiplayerBlocks.Shared.dll --include-unity-root-assembly=/Users/mziwamadoda/Projects/Binteca/Interactive/milzetvrstudio/Unity/Library/Bee/PlayerScriptAssemblies/Oculus.VR.dll --include-unity-root-assembly=/Users/mziwamadoda/Projects/Binteca/Interactive/milzetvrstudio/Unity/Library/Bee/PlayerScriptAssemblies/Unity.AI.Navigation.dll --include-unity-root-assembly=/Users/mziwamadoda/Projects/Binteca/Interactive/milzetvrstudio/Unity/Library/Bee/PlayerScriptAssemblies/Unity.Burst.dll --include-unity-root-assembly=/Users/mziwamadoda/Projects/Binteca/Interactive/milzetvrstudio/Unity/Library/Bee/PlayerScriptAssemblies/Unity.Collections.dll --include-unity-root-assembly=/Users/mziwamadoda/Projects/Binteca/Interactive/milzetvrstudio/Unity/Library/Bee/PlayerScriptAssemblies/Unity.InputSystem.dll --include-unity-root-assembly=/Users/mziwamadoda/Projects/Binteca/Interactive/milzetvrstudio/Unity/Library/Bee/PlayerScriptAssemblies/Unity.InputSystem.ForUI.dll --include-unity-root-assembly=/Users/mziwamadoda/Projects/Binteca/Interactive/milzetvrstudio/Unity/Library/Bee/PlayerScriptAssemblies/Unity.InternalAPIEngineBridge.004.dll --include-unity-root-assembly=/Users/mziwamadoda/Projects/Binteca/Interactive/milzetvrstudio/Unity/Library/Bee/PlayerScriptAssemblies/Unity.Mathematics.dll --include-unity-root-assembly=/Users/mziwamadoda/Projects/Binteca/Interactive/milzetvrstudio/Unity/Library/Bee/PlayerScriptAssemblies/Unity.TextMeshPro.dll --include-unity-root-assembly=/Users/mziwamadoda/Projects/Binteca/Interactive/milzetvrstudio/Unity/Library/Bee/PlayerScriptAssemblies/Unity.Timeline.dll --include-unity-root-assembly=/Users/mziwamadoda/Projects/Binteca/Interactive/milzetvrstudio/Unity/Library/Bee/PlayerScriptAssemblies/Unity.XR.CoreUtils.dll --include-unity-root-assembly=/Users/mziwamadoda/Projects/Binteca/Interactive/milzetvrstudio/Unity/Library/Bee/PlayerScriptAssemblies/Unity.XR.Management.dll --include-unity-root-assembly=/Users/mziwamadoda/Projects/Binteca/Interactive/milzetvrstudio/Unity/Library/Bee/PlayerScriptAssemblies/Unity.XR.OpenXR.dll --include-unity-root-assembly=/Users/mziwamadoda/Projects/Binteca/Interactive/milzetvrstudio/Unity/Library/Bee/PlayerScriptAssemblies/Unity.XR.OpenXR.Features.ConformanceAutomation.dll --include-unity-root-assembly=/Users/mziwamadoda/Projects/Binteca/Interactive/milzetvrstudio/Unity/Library/Bee/PlayerScriptAssemblies/Unity.XR.OpenXR.Features.MetaQuestSupport.dll --include-unity-root-assembly=/Users/mziwamadoda/Projects/Binteca/Interactive/milzetvrstudio/Unity/Library/Bee/PlayerScriptAssemblies/Unity.XR.OpenXR.Features.MockRuntime.dll --include-unity-root-assembly=/Users/mziwamadoda/Projects/Binteca/Interactive/milzetvrstudio/Unity/Library/Bee/PlayerScriptAssemblies/Unity.XR.OpenXR.Features.OculusQuestSupport.dll --include-unity-root-assembly=/Users/mziwamadoda/Projects/Binteca/Interactive/milzetvrstudio/Unity/Library/Bee/PlayerScriptAssemblies/Unity.XR.OpenXR.Features.RuntimeDebugger.dll --include-unity-root-assembly=/Users/mziwamadoda/Projects/Binteca/Interactive/milzetvrstudio/Unity/Library/Bee/PlayerScriptAssemblies/UnityEngine.SpatialTracking.dll --include-unity-root-assembly=/Users/mziwamadoda/Projects/Binteca/Interactive/milzetvrstudio/Unity/Library/Bee/PlayerScriptAssemblies/UnityEngine.UI.dll --include-unity-root-assembly=/Users/mziwamadoda/Projects/Binteca/Interactive/milzetvrstudio/Unity/Library/Bee/PlayerScriptAssemblies/UnityEngine.XR.LegacyInputHelpers.dll --include-unity-root-assembly=/Users/mziwamadoda/Projects/Binteca/Interactive/milzetvrstudio/Unity/Library/Pa/Users/mziwamadoda/Projects/Binteca/Interactive/milzetvrstudio/Unity/Library/PackageCache/com.unity.burst@2f3d916873ea/.Runtime/bcl.exe exited after 8290 ms.
stdout:
Starting 1 library requests
Done
stderr:

/Users/mziwamadoda/Projects/Binteca/Interactive/milzetvrstudio/Unity/Library/PackageCache/com.unity.burst@2f3d916873ea/.Runtime/bcl.exe exited after 6305 ms.
stdout:
Starting 1 library requests
Done
stderr:

/Users/mziwamadoda/Projects/Binteca/Interactive/milzetvrstudio/Unity/Library/PackageCache/com.unity.burst@2f3d916873ea/.Runtime/hostmac/llvm-lipo exited after 73 ms.
stdout:
stderr:

ckageCache/com.unity.collections@84e8eb3fc12e/Unity.Collections.LowLevel.ILSupport/Unity.Collections.LowLevel.ILSupport.dll --include-unity-root-assembly=/Users/mziwamadoda/Projects/Binteca/Interactive/milzetvrstudio/Unity/Library/PackageCache/com.unity.burst@2f3d916873ea/Unity.Burst.Unsafe.dll --include-unity-root-assembly=/Users/mziwamadoda/Projects/Binteca/Interactive/milzetvrstudio/Unity/Library/PackageCache/com.unity.nuget.newtonsoft-json@4dfd81071c64/Runtime/AOT/Newtonsoft.Json.dll --print-command-line --enable-analytics
[413/590    0s] CopyFiles /Users/mziwamadoda/Projects/Binteca/Interactive/milzetvrstudio/Artifacts/Builds/milzetvrstudio.app/Contents/Resources/Data/Managed/Assembly-CSharp.dll
[434/590    0s] CopyFiles /Users/mziwamadoda/Projects/Binteca/Interactive/milzetvrstudio/Artifacts/Builds/milzetvrstudio.app/Contents/Resources/Data/Managed/Assembly-CSharp.pdb
[586/590    0s] ExtractUsedFeatures Library/Bee/artifacts/MacStandalonePlayerBuildProgram/Features/Assembly-CSharp-FeaturesChecked.txt
[587/590   14s] GenerateNativePluginsForAssemblies Library/Bee/artifacts/MacStandalonePlayerBuildProgram/AsyncPluginsFromLinker
[588/590    0s] MacOSCodeSignDylibCopy /Users/mziwamadoda/Projects/Binteca/Interactive/milzetvrstudio/Artifacts/Builds/milzetvrstudio.app/Contents/PlugIns/lib_burst_generated.bundle
[589/590    0s] MacOSCodeSignBundleInPlace /Users/mziwamadoda/Projects/Binteca/Interactive/milzetvrstudio/Artifacts/Builds/milzetvrstudio.app/Contents/MacOS/Milzet VR Studio (+1 other)
*** Tundra build success (16.72 seconds), 18 items updated, 590 evaluated
ExitCode: 0 Duration: 16s
IOException: Could not create file "/Users/mziwamadoda/Projects/Binteca/Interactive/milzetvrstudio/Artifacts/Builds/RuntimeActionBindings.json". File already exists.
  at System.IO.FileStream..ctor (System.String path, System.IO.FileMode mode, System.IO.FileAccess access, System.IO.FileShare share, System.Int32 bufferSize, System.Boolean anonymous, System.IO.FileOptions options) [0x0019e] in <c5eeda5e65d44b388e164c6c5cfe0702>:0 
  at System.IO.FileStream..ctor (System.String path, System.IO.FileMode mode, System.IO.FileAccess access, System.IO.FileShare share, System.Int32 bufferSize, System.IO.FileOptions options) [0x00000] in <c5eeda5e65d44b388e164c6c5cfe0702>:0 
  at (wrapper remoting-invoke-with-check) System.IO.FileStream..ctor(string,System.IO.FileMode,System.IO.FileAccess,System.IO.FileShare,int,System.IO.FileOptions)
  at System.IO.FileSystem.CopyFile (System.String sourceFullPath, System.String destFullPath, System.Boolean overwrite) [0x00038] in <c5eeda5e65d44b388e164c6c5cfe0702>:0 
  at System.IO.FileInfo.CopyTo (System.String destFileName, System.Boolean overwrite) [0x00032] in <c5eeda5e65d44b388e164c6c5cfe0702>:0 
  at System.IO.FileInfo.CopyTo (System.String destFileName) [0x00000] in <c5eeda5e65d44b388e164c6c5cfe0702>:0 
  at (wrapper remoting-invoke-with-check) System.IO.FileInfo.CopyTo(string)
  at Meta.XR.InputActions.RuntimeSettings.UpdateBindingsOnDisk (System.Boolean supportPlaymode, System.Boolean clean, System.String buildPath) [0x0003d] in ./Library/PackageCache/com.meta.xr.sdk.core@f8b4cfb2789f/Scripts/InputActions/RuntimeSettings.cs:144 
  at OVRDumpBuildInfo.OnPostprocessBuild (UnityEditor.Build.Reporting.BuildReport report) [0x00023] in ./Library/PackageCache/com.meta.xr.sdk.core@f8b4cfb2789f/Editor/OVRDumpBuildInfo.cs:58 
  at UnityEditor.Build.BuildPipelineInterfaces+<>c__DisplayClass21_0.<OnBuildPostProcess>b__1 (UnityEditor.Build.IPostprocessBuildWithReport bpp) [0x00000] in /Users/bokken/build/output/unity/unity/Editor/Mono/BuildPipeline/BuildPipelineInterfaces.cs:619 
  at UnityEditor.Build.BuildPipelineInterfaces.InvokeCallbackInterfacesPair[T1,T2] (System.Collections.Generic.List`1[T] oneInterfaces, System.Action`1[T] invocationOne, System.Collections.Generic.List`1[T] twoInterfaces, System.Action`1[T] invocationTwo, System.Boolean exitOnFailure) [0x000ff] in /Users/bokken/build/output/unity/unity/Editor/Mono/BuildPipeline/BuildPipelineInterfaces.cs:492 
UnityEngine.DebugLogHandler:Internal_LogException_Injected(Exception, IntPtr)
UnityEngine.DebugLogHandler:Internal_LogException(Exception, Object)
UnityEngine.DebugLogHandler:LogException(Exception, Object)
UnityEngine.Logger:LogException(Exception, Object)
UnityEngine.Debug:LogException(Exception)
UnityEditor.Build.BuildPipelineInterfaces:InvokeCallbackInterfacesPair(List`1, Action`1, List`1, Action`1, Boolean) (at /Users/bokken/build/output/unity/unity/Editor/Mono/BuildPipeline/BuildPipelineInterfaces.cs:505)
UnityEditor.Build.BuildPipelineInterfaces:OnBuildPostProcess(BuildReport) (at /Users/bokken/build/output/unity/unity/Editor/Mono/BuildPipeline/BuildPipelineInterfaces.cs:617)
UnityEditor.BuildPipeline:BuildPlayerInternalNoCheck_Injected(String[], ManagedSpanWrapper&, ManagedSpanWrapper&, BuildTargetGroup, BuildTarget, Int32, BuildOptions, String[], Boolean)
UnityEditor.BuildPipeline:BuildPlayerInternalNoCheck(String[], String, String, BuildTargetGroup, BuildTarget, Int32, BuildOptions, String[], Boolean)
UnityEditor.BuildPipeline:BuildPlayerInternal(String[], String, String, BuildTargetGroup, BuildTarget, Int32, BuildOptions, String[]) (at /Users/bokken/build/output/unity/unity/Editor/Mono/BuildPipeline.bindings.cs:494)
UnityEditor.BuildPipeline:BuildPlayer(String[], String, String, BuildTargetGroup, BuildTarget, Int32, BuildOptions, String[]) (at /Users/bokken/build/output/unity/unity/Editor/Mono/BuildPipeline.bindings.cs:410)
UnityEditor.BuildPipeline:BuildPlayer(BuildPlayerOptions) (at /Users/bokken/build/output/unity/unity/Editor/Mono/BuildPipeline.bindings.cs:356)
Milzet.Editor.BuildViewer:Build(BuildTarget, String) (at Assets/Milzet/Editor/BuildViewer.cs:34)
Milzet.Editor.BuildViewer:Mac() (at Assets/Milzet/Editor/BuildViewer.cs:30)
Milzet.Editor.BuildViewer:StartupRepair() (at Assets/Milzet/Editor/BuildViewer.cs:29)

(Filename: ./Library/PackageCache/com.meta.xr.sdk.core@f8b4cfb2789f/Scripts/InputActions/RuntimeSettings.cs Line: 144)

Total cache size 266996609
Total cache size after purge 266996609, took 00:00:00.3911237
Refreshing native plugins compatible for Editor in 11.38 ms, found 9 plugins.
Preloading 0 native plugins for Editor in 0.00 ms.
Asset Pipeline Refresh (id=5c51efa12d7b14b498edf24dcff7040c): Total: 0.405 seconds - Initiated by RefreshV2(NoUpdateAssetOptions)
	Summary:
		Imports: total=0 (actual=0, local cache=0, cache server=0)
		Asset DB Process Time: managed=0 ms, native=381 ms
		Asset DB Callback time: managed=2 ms, native=20 ms
		Scripting: domain reloads=0, domain reload time=0 ms, compile time=0 ms, other=0 ms
		Project Asset Count: scripts=1245, non-scripts=1531
		Asset File Changes: new=0, changed=0, moved=0, deleted=2
		Scan Filter Count: 1
	InvokeCustomDependenciesCallbacks: 0.001ms
	InvokePackagesCallback: 0.001ms
	ApplyChangesToAssetFolders: 0.444ms
	Scan: 349.414ms
	OnSourceAssetsModified: 0.131ms
	CategorizeAssetsWithTransientArtifact: 0.027ms
	ProcessAssetsWithTransientArtifactChanges: 0.254ms
	UnregisterDeletedAssets: 0.115ms
	CategorizeAssets: 14.881ms
	ImportOutOfDateAssets: 1.972ms (0.247ms without children)
		ReloadNativeAssets: 0.605ms
		UnloadImportedAssets: 0.151ms
		EnsureUptoDateAssetsAreRegisteredWithGuidPM: 0.571ms
		InitializingProgressBar: 0.000ms
		PostProcessAllAssetNotificationsAddChangedAssets: 0.000ms
		OnDemandSchedulerStart: 0.398ms
	PostProcessAllAssets: 2.990ms
	Hotreload: 20.293ms
	GatherAllCurrentPrimaryArtifactRevisions: 0.643ms
	UnloadStreamsBegin: 3.809ms
	PersistCurrentRevisions: 0.440ms
	UnloadStreamsEnd: 0.002ms
	Untracked: 9.455ms

Start importing ProjectSettings/ProjectSettings.asset using Guid(00000000000000004000000000000000) (LibraryAssetImporter) -> (artifact id: 'abdb7ac283a04b4d0f0539bb582dcda0') in 0.010163916 seconds
Refreshing native plugins compatible for Editor in 5.16 ms, found 9 plugins.
Preloading 0 native plugins for Editor in 0.00 ms.
Asset Pipeline Refresh (id=b564f3c5b08404b8488613897328a645): Total: 0.038 seconds - Initiated by StopAssetImportingV2(NoUpdateAssetOptions)
Asset Pipeline Refresh (id=0726e1c0a0e4842f4bb486e1f3e46aed): Total: 0.119 seconds - Initiated by RefreshV2(NoUpdateAssetOptions)
Start importing ProjectSettings/ProjectSettings.asset using Guid(00000000000000004000000000000000) (LibraryAssetImporter) -> (artifact id: 'abdb7ac283a04b4d0f0539bb582dcda0') in 0.001458917 seconds
Refreshing native plugins compatible for Editor in 5.79 ms, found 9 plugins.
Preloading 0 native plugins for Editor in 0.00 ms.
Asset Pipeline Refresh (id=8996dff9f58fb4a44b41e25cea1252dc): Total: 0.020 seconds - Initiated by StopAssetImportingV2(NoUpdateAssetOptions)
Refreshing native plugins compatible for Editor in 5.27 ms, found 9 plugins.
Preloading 0 native plugins for Editor in 0.00 ms.

-------------------------------------------------------------------------------
Build Report
Uncompressed usage by category (Percentages based on user generated assets only):
Textures               18.7 mb	 90.1% 
Meshes                 287.0 kb	 1.4% 
Animations             33.0 kb	 0.2% 
Sounds                 0.0 kb	 0.0% 
Shaders                448.1 kb	 2.1% 
Other Assets           1.1 mb	 5.1% 
Levels                 0.7 kb	 0.0% 
File headers           64.0 kb	 0.3% 
Total User Assets      20.7 mb	 100.0% 
Complete build size    345.6 mb
Used Assets and files from the Resources folder, sorted by uncompressed size:
 2.7 mb	 0.8% Built-in Texture2D: Splash Screen Unity Logo
 2.1 mb	 0.6% Assets/Milzet/StartupSource/Project/UI/Fonts/Chinese/ArialTC-Regular SDF.asset
 1.1 mb	 0.3% Assets/Milzet/StartupSource/Project/UI/Fonts/Korean/NotoSansKR-Fallback SDF.asset
 1.0 mb	 0.3% Assets/TextMesh Pro/Resources/Fonts & Materials/LiberationSans SDF.asset
 1.0 mb	 0.3% Packages/com.meta.xr.sdk.core/Textures/bar_background_semi_rounded.png
 1.0 mb	 0.3% Packages/com.meta.xr.sdk.core/Textures/bar_background.png
 1.0 mb	 0.3% Packages/com.meta.xr.sdk.core/Scripts/ImmersiveDebugger/UserInterface/Resources/Textures/panel_background.png
 629.2 kb	 0.2% Resources/unity_builtin_extra
 555.7 kb	 0.2% Assets/Milzet/StartupSource/Project/UI/Fonts/Japanese/ArialJP-Regular SDF 1.asset
 352.6 kb	 0.1% Assets/Milzet/StartupSource/Project/PresencePlatformBrand/UI/MetaPresencePlatform.png
 344.5 kb	 0.1% Assets/TextMesh Pro/Fonts/LiberationSans.ttf
 341.5 kb	 0.1% Assets/TextMesh Pro/Sprites/EmojiOne.png
 341.5 kb	 0.1% Packages/com.meta.xr.sdk.core/Scripts/ImmersiveDebugger/UserInterface/Resources/Textures/toggle_on.png
 341.5 kb	 0.1% Packages/com.meta.xr.sdk.core/Scripts/ImmersiveDebugger/UserInterface/Resources/Textures/toggle_off.png
 303.0 kb	 0.1% Assets/Milzet/StartupSource/Project/PresencePlatformBrand/Models/MetaLogo3dAnimated.fbx
 278.5 kb	 0.1% Assets/Milzet/StartupSource/Project/PresencePlatformBrand/UI/Optimistic_Text_Bd SDF.asset
 278.2 kb	 0.1% Assets/Milzet/StartupSource/Project/PresencePlatformBrand/UI/Optimistic_Text_Md SDF.asset
 265.2 kb	 0.1% Assets/Milzet/StartupSource/Project/UI/Fonts/Russian/ArialRU-Regular SDF.asset
 265.1 kb	 0.1% Assets/Milzet/StartupSource/Project/UI/Fonts/Greek/ArialGR-Regular SDF.asset
 263.8 kb	 0.1% Assets/Milzet/StartupSource/Project/UI/Fonts/LatinOutliers/ArialLO-Regular SDF.asset
 258.8 kb	 0.1% Assets/Milzet/StartupSource/Project/UI/Fonts/ArialFontFallback-Regular SDF.asset
 256.6 kb	 0.1% Packages/com.meta.xr.sdk.core/Scripts/ImmersiveDebugger/UserInterface/Resources/Textures/icon_background.png
 256.1 kb	 0.1% Packages/com.meta.xr.sdk.core/Scripts/ImmersiveDebugger/UserInterface/Resources/Textures/minimize_icon.png
 256.1 kb	 0.1% Packages/com.meta.xr.sdk.core/Scripts/ImmersiveDebugger/UserInterface/Resources/Textures/inspectors_icon.png
 256.1 kb	 0.1% Packages/com.meta.xr.sdk.core/Scripts/ImmersiveDebugger/UserInterface/Resources/Textures/hierarchy_icon.png
 256.1 kb	 0.1% Packages/com.meta.xr.sdk.core/Scripts/ImmersiveDebugger/UserInterface/Resources/Textures/compress_icon.png
 256.1 kb	 0.1% Packages/com.meta.xr.sdk.core/Scripts/ImmersiveDebugger/UserInterface/Resources/Textures/categories_icon.png
 256.1 kb	 0.1% Packages/com.meta.xr.sdk.core/Scripts/ImmersiveDebugger/UserInterface/Resources/Textures/warning_icon.png
 256.1 kb	 0.1% Packages/com.meta.xr.sdk.core/Scripts/ImmersiveDebugger/UserInterface/Resources/Textures/shift_icon.png
 256.1 kb	 0.1% Packages/com.meta.xr.sdk.core/Scripts/ImmersiveDebugger/UserInterface/Resources/Textures/rotate_icon.png
 256.1 kb	 0.1% Packages/com.meta.xr.sdk.core/Scripts/ImmersiveDebugger/UserInterface/Resources/Textures/opacity_icon.png
 256.1 kb	 0.1% Packages/com.meta.xr.sdk.core/Scripts/ImmersiveDebugger/UserInterface/Resources/Textures/notice_icon.png
 256.1 kb	 0.1% Packages/com.meta.xr.sdk.core/Scripts/ImmersiveDebugger/UserInterface/Resources/Textures/move_icon.png
 256.1 kb	 0.1% Packages/com.meta.xr.sdk.core/Scripts/ImmersiveDebugger/UserInterface/Resources/Textures/expand_icon.png
 256.1 kb	 0.1% Packages/com.meta.xr.sdk.core/Scripts/ImmersiveDebugger/UserInterface/Resources/Textures/error_icon.png
 256.1 kb	 0.1% Packages/com.meta.xr.sdk.core/Scripts/ImmersiveDebugger/UserInterface/Resources/Textures/down_icon.png
 256.1 kb	 0.1% Packages/com.meta.xr.sdk.core/Scripts/ImmersiveDebugger/UserInterface/Resources/Textures/console_icon.png
 256.1 kb	 0.1% Packages/com.meta.xr.sdk.core/Scripts/ImmersiveDebugger/UserInterface/Resources/Textures/close_icon.png
 256.1 kb	 0.1% Packages/com.meta.xr.sdk.core/Scripts/ImmersiveDebugger/UserInterface/Resources/Textures/pointer.png
 256.1 kb	 0.1% Packages/com.meta.xr.sdk.core/Scripts/ImmersiveDebugger/UserInterface/Resources/Textures/eye_icon.png
 256.1 kb	 0.1% Packages/com.meta.xr.sdk.core/Scripts/ImmersiveDebugger/UserInterface/Resources/Textures/bin_icon.png
 182.7 kb	 0.1% Packages/com.meta.xr.sdk.core/Scripts/BuildingBlocks/AIBlocks/Resources/NMSCompute.compute
 178.3 kb	 0.1% Packages/com.meta.xr.sdk.core/Scripts/ImmersiveDebugger/UserInterface/Resources/Fonts/RobotoMono-VariableFont_wght.ttf
 67.3 kb	 0.0% Packages/com.unity.cloud.gltfast/Runtime/Shader/Built-In/glTFPbrMetallicRoughness.shader
 67.0 kb	 0.0% Packages/com.unity.cloud.gltfast/Runtime/Shader/Built-In/glTFPbrSpecularGlossiness.shader
 64.6 kb	 0.0% Packages/com.meta.xr.sdk.core/Scripts/ImmersiveDebugger/UserInterface/Resources/Textures/icon_background_02.png
 64.1 kb	 0.0% Packages/com.meta.xr.sdk.core/Scripts/ImmersiveDebugger/UserInterface/Resources/Textures/caret_right_icon.png
 64.1 kb	 0.0% Packages/com.meta.xr.sdk.core/Scripts/ImmersiveDebugger/UserInterface/Resources/Textures/caret_down_icon.png
 40.5 kb	 0.0% Packages/com.meta.xr.sdk.core/Resources/Underlay Impostor.shader
 25.4 kb	 0.0% Packages/com.meta.xr.sdk.core/Resources/Underlay Transparent Occluder.shader
 21.8 kb	 0.0% Packages/com.meta.xr.sdk.core/Resources/OVRMRCameraFrameLit.shader
 16.1 kb	 0.0% Assets/TextMesh Pro/Shaders/TMP_SDF-Mobile.shader
 15.5 kb	 0.0% Assets/TextMesh Pro/Shaders/TMP_SDF.shader
 14.7 kb	 0.0% Assets/Milzet/StartupSource/Project/PresencePlatformBrand/Timelines/MetaLogoTimeline.playable
 9.5 kb	 0.0% Packages/com.meta.xr.sdk.core/Shaders/UI Prerendered Opaque.shader
 8.5 kb	 0.0% Packages/com.meta.xr.sdk.core/Scripts/ImmersiveDebugger/Gizmos/DebugGizmos/Resources/PolylineUnlit.shader
 8.2 kb	 0.0% Assets/TextMesh Pro/Shaders/TMP_Sprite.shader
 8.0 kb	 0.0% Assets/XR/Settings/OpenXR Package Settings.asset
 7.9 kb	 0.0% Assets/Milzet/Resources/StudioStartup.prefab
 7.0 kb	 0.0% Packages/com.meta.xr.sdk.core/Shaders/EnvironmentDepth/Resources/DepthMask.shader
 6.6 kb	 0.0% Packages/com.meta.xr.sdk.core/Resources/OVRMRCameraFrame.shader
 5.9 kb	 0.0% Packages/com.unity.cloud.gltfast/Runtime/Shader/Built-In/glTFUnlit.shader
 5.4 kb	 0.0% Packages/com.meta.xr.sdk.core/Resources/Cubemap Blit.shader
 5.1 kb	 0.0% Packages/com.meta.xr.sdk.core/Shaders/EnvironmentDepth/Resources/DepthPreprocessing.shader
 5.1 kb	 0.0% Assets/Milzet/StartupSource/Project/PresencePlatformBrand/Timelines/MetaLogoAndTitleTimeline.playable
 5.0 kb	 0.0% Packages/com.meta.xr.sdk.core/Resources/Texture2D Blit.shader
 5.0 kb	 0.0% Packages/com.meta.xr.sdk.core/Resources/OVRMRUnlitTransparent.shader
 4.9 kb	 0.0% Packages/com.meta.xr.sdk.core/Scripts/ImmersiveDebugger/UserInterface/Resources/Shaders/idf_prerendered.shader
 4.8 kb	 0.0% Packages/com.meta.xr.sdk.core/Resources/Unlit Transparent Color.shader
 4.2 kb	 0.0% Packages/com.meta.xr.sdk.core/Resources/OVRMRUnlit.shader
 3.3 kb	 0.0% Assets/TextMesh Pro/Resources/Fonts & Materials/LiberationSans SDF - Fallback.asset
 3.2 kb	 0.0% Assets/TextMesh Pro/Resources/Sprite Assets/EmojiOne.asset
 3.1 kb	 0.0% Packages/com.meta.xr.mrutilitykit/Core/Resources/CopyDepthTexture.compute
 3.1 kb	 0.0% Packages/com.meta.xr.sdk.core/Scripts/BuildingBlocks/AIBlocks/Resources/CopyDepthTextureIntoNativeArray.compute
 2.7 kb	 0.0% Assets/Milzet/StartupSource/Project/PresencePlatformBrand/Animations/MetaLogo3dTransitionClip.anim
 2.7 kb	 0.0% Assets/Milzet/StartupSource/Project/UI/Menus/NewChapterBannerAnim.anim
 2.4 kb	 0.0% Assets/Resources/PerformanceTestRunInfo.json
 2.4 kb	 0.0% Assets/Milzet/StartupSource/Project/PresencePlatformBrand/Animations/MetaLogo3dTextClip.anim
 2.3 kb	 0.0% Assets/TextMesh Pro/Resources/Style Sheets/Default Style Sheet.asset
 1.6 kb	 0.0% Assets/TextMesh Pro/Resources/Fonts & Materials/LiberationSans SDF - Drop Shadow.mat
 1.6 kb	 0.0% Assets/TextMesh Pro/Resources/Fonts & Materials/LiberationSans SDF - Outline.mat
 1.2 kb	 0.0% Packages/com.meta.xr.sdk.core/Scripts/ImmersiveDebugger/UserInterface/Resources/Materials/TextureDiffused.mat
 0.9 kb	 0.0% Assets/Milzet/StartupSource/Project/PresencePlatformBrand/Models/Materials/MetaTextMat.mat
 0.9 kb	 0.0% Assets/Milzet/StartupSource/Project/PresencePlatformBrand/Models/Materials/MetaTubeStartMat.mat
 0.9 kb	 0.0% Assets/Milzet/StartupSource/Project/PresencePlatformBrand/Models/Materials/MetaLogoMat.mat
 0.5 kb	 0.0% Packages/com.meta.xr.sdk.core/Scripts/SystemHaptics/Resources/SystemHapticsPatternClips/Error.systemhaptic
 0.4 kb	 0.0% Built-in Sprite: 
 0.4 kb	 0.0% Packages/com.meta.xr.sdk.core/Scripts/SystemHaptics/Resources/SystemHapticsPatternClips/Grab.systemhaptic
 0.4 kb	 0.0% Packages/com.meta.xr.sdk.core/Scripts/SystemHaptics/Resources/SystemHapticsPatternClips/Press.systemhaptic
 0.3 kb	 0.0% Packages/com.meta.xr.sdk.core/Scripts/SystemHaptics/Resources/SystemHapticsPatternClips/Warning.systemhaptic
 0.3 kb	 0.0% Assets/TextMesh Pro/Resources/LineBreaking Following Characters.txt
 0.3 kb	 0.0% Assets/TextMesh Pro/Resources/TMP Settings.asset
 0.3 kb	 0.0% Packages/com.meta.xr.sdk.core/Scripts/SystemHaptics/Resources/SystemHapticsPatternClips/Success.systemhaptic
 0.2 kb	 0.0% Packages/com.meta.xr.sdk.core/Scripts/SystemHaptics/Resources/SystemHapticsPatternClips/Hover.systemhaptic
 0.2 kb	 0.0% Packages/com.meta.xr.sdk.core/Scripts/SystemHaptics/Resources/SystemHapticsPatternClips/Select.systemhaptic
 0.2 kb	 0.0% Packages/com.meta.xr.sdk.core/Scripts/SystemHaptics/Resources/SystemHapticsPatternClips/Deselect.systemhaptic
 0.2 kb	 0.0% Packages/com.meta.xr.sdk.core/Scripts/SystemHaptics/Resources/SystemHapticsPatternClips/Release.systemhaptic
 0.2 kb	 0.0% Packages/com.unity.xr.openxr/Runtime/ConformanceAutomation/ConformanceAutomationFeature.cs
 0.2 kb	 0.0% Packages/com.unity.xr.openxr/Runtime/RuntimeDebugger/RuntimeDebuggerOpenXRFeature.cs
 0.2 kb	 0.0% Packages/com.meta.xr.sdk.core/Scripts/BuildingBlocks/SampleSpatialAnchorControllerScripts/SpatialAnchorLocalStorageManagerBuildingBlock.cs
 0.2 kb	 0.0% Packages/com.unity.xr.openxr/Runtime/Features/Extensions/XrPerformanceSettingsTypes.cs
 0.2 kb	 0.0% Packages/com.unity.mathematics/Unity.Mathematics/Il2CppEagerStaticClassConstructionAttribute.cs
 0.2 kb	 0.0% Assets/Resources/ImmersiveDebuggerSettings.asset
 0.2 kb	 0.0% Packages/com.unity.xr.openxr/Runtime/OculusQuest/OculusQuestFeature.cs
 0.2 kb	 0.0% Packages/com.unity.xr.openxr/Runtime/Features/Extensions/XrPerformanceSettingsFeature.cs
 0.2 kb	 0.0% Packages/com.meta.xr.sdk.core/Scripts/ImmersiveDebugger/Utils/Resources/Values/PanelPositionConstants.asset
 0.2 kb	 0.0% Packages/com.meta.xr.sdk.core/Scripts/BuildingBlocks/PassthroughProjectionSurfaceBuildingBlock.cs
 0.2 kb	 0.0% Packages/com.unity.xr.openxr/Runtime/Features/Interactions/MetaQuestTouchProControllerProfile.cs
 0.2 kb	 0.0% Packages/com.unity.xr.openxr/Runtime/Features/Interactions/MetaQuestTouchPlusControllerProfile.cs
 0.2 kb	 0.0% Packages/com.unity.xr.core-utils/Runtime/ARTrackablesParentTransformChangedEventArgs.cs
 0.2 kb	 0.0% Packages/com.unity.collections/Unity.Collections/GenerateTestsForBurstCompatibilityAttribute.cs
 0.2 kb	 0.0% Packages/com.meta.xr.sdk.core/Scripts/BuildingBlocks/MultiplayerBlocks/Shared/Colocation/Scripts/ColocationSessionEventHandler.cs
 0.2 kb	 0.0% Packages/com.unity.xr.openxr/Runtime/MetaQuest/MetaQuestFeature.cs
 0.2 kb	 0.0% Packages/com.unity.xr.openxr/Runtime/Features/Interactions/MicrosoftMotionControllerProfile.cs
 0.2 kb	 0.0% Packages/com.unity.inputsystem/InputSystem/Runtime/Devices/Commands/QueryEditorWindowCoordinatesCommand.cs
 0.2 kb	 0.0% Packages/com.unity.inputsystem/InputSystem/Runtime/Devices/Commands/InitiateUserAccountPairingCommand.cs
 0.2 kb	 0.0% Packages/com.unity.inputsystem/InputSystem/Editor/UITKAssetEditor/Views/CompositePartBindingPropertiesView.cs
 0.2 kb	 0.0% Packages/com.unity.inputsystem/InputSystem/Editor/UITKAssetEditor/Views/CollectionViewSelectionChangeFilter.cs
 0.2 kb	 0.0% Packages/com.unity.inputsystem/InputSystem/Editor/UITKAssetEditor/InputActionsEditorSettingsProvider.cs
 0.2 kb	 0.0% Packages/com.unity.inputsystem/InputSystem/Editor/PropertyDrawers/InputActionReferenceSearchProviders.cs
 0.2 kb	 0.0% Packages/com.unity.inputsystem/InputSystem/Editor/PropertyDrawers/InputActionReferencePropertyDrawer.cs
 0.2 kb	 0.0% Packages/com.unity.inputsystem/InputSystem/Editor/Devices/Remote/RemoteInputPlayerConnectionEditor.cs
 0.2 kb	 0.0% Packages/com.unity.inputsystem/InputSystem/Editor/Analytics/InputActionsEditorSessionAnalytic.cs
 0.2 kb	 0.0% Packages/com.unity.inputsystem/InputSystem/Editor/Actions/InputControlSchemeEditorExtensions.cs
 0.2 kb	 0.0% Packages/com.meta.xr.sdk.core/Scripts/ImmersiveDebugger/UserInterface/Generic/Controllers/InteractableController.cs
 0.2 kb	 0.0% Packages/com.meta.xr.sdk.core/Scripts/BuildingBlocks/MultiplayerBlocks/Shared/Colocation/ColocationPackage/Runtime/AutomaticColocationLauncher.cs
 0.2 kb	 0.0% Packages/com.unity.xr.openxr/Runtime/RuntimeDebugger/DebuggerState.cs
 0.2 kb	 0.0% Packages/com.unity.inputsystem/InputSystem/Editor/Plugins/UI/StandaloneInputModuleEditor.cs
 0.2 kb	 0.0% Packages/com.unity.inputsystem/InputSystem/Editor/Plugins/UI/InputSystemUIInputModuleEditor.cs
 0.2 kb	 0.0% Packages/com.meta.xr.sdk.core/Scripts/ImmersiveDebugger/UsageExample/ExampleCustomIntegrationConfig.cs
 0.2 kb	 0.0% Packages/com.meta.xr.sdk.core/Scripts/BuildingBlocks/SampleSpatialAnchorControllerScripts/SpatialAnchorSpawnerBuildingBlock.cs
 0.2 kb	 0.0% Packages/com.meta.xr.sdk.core/Scripts/BuildingBlocks/MultiplayerBlocks/Shared/NetworkGrabbableObject/Scripts/TransferOwnershipOnSelect.cs
 0.2 kb	 0.0% Packages/com.meta.xr.sdk.core/Scripts/BuildingBlocks/AIBlocks/Providers/UnityInferenceEngineProvider.cs
 0.2 kb	 0.0% Packages/com.meta.xr.sdk.core/Scripts/BuildingBlocks/AIBlocks/Agents/ObjectDetectionVisualizer.cs
 0.2 kb	 0.0% Packages/com.meta.xr.mrutilitykit/Core/Scripts/SceneDecorator/Modifier/KeepUprightWithSurfaceModifier.cs
 0.2 kb	 0.0% Packages/com.meta.xr.mrutilitykit/Core/Scripts/SceneDecorator/Modifier/KeepUprightWithAnchorModifier.cs
 0.2 kb	 0.0% Packages/com.meta.xr.mrutilitykit/Core/Scripts/SceneDecorator/Distributions/StaggeredConcentricDistribution.cs
 0.1 kb	 0.0% Packages/com.unity.xr.openxr/Runtime/Features/Interactions/ValveIndexControllerProfile.cs
 0.1 kb	 0.0% Packages/com.unity.xr.openxr/Runtime/Features/Interactions/OculusTouchControllerProfile.cs
 0.1 kb	 0.0% Packages/com.unity.xr.openxr/Runtime/Features/Interactions/KHRSimpleControllerProfile.cs
 0.1 kb	 0.0% Packages/com.unity.xr.openxr/Runtime/Features/Interactions/HandCommonPosesInteraction.cs
 0.1 kb	 0.0% Packages/com.unity.xr.openxr/Runtime/Features/Interactions/HPReverbG2ControllerProfile.cs
 0.1 kb	 0.0% Packages/com.unity.inputsystem/InputSystem/Runtime/Devices/Commands/QuerySamplingFrequencyCommand.cs
 0.1 kb	 0.0% Packages/com.unity.inputsystem/InputSystem/Runtime/Devices/Commands/QueryPairedUserAccountCommand.cs
 0.1 kb	 0.0% Packages/com.unity.inputsystem/InputSystem/Editor/UITKAssetEditor/Views/CompositeBindingPropertiesView.cs
 0.1 kb	 0.0% Packages/com.unity.inputsystem/InputSystem/Editor/UITKAssetEditor/InputActionsEditorWindowUtils.cs
 0.1 kb	 0.0% Packages/com.unity.inputsystem/InputSystem/Editor/PropertyDrawers/InputActionAssetSearchProvider.cs
 0.1 kb	 0.0% Packages/com.unity.inputsystem/InputSystem/Editor/ProjectWideActions/ProjectWideActionsBuildProvider.cs
 0.1 kb	 0.0% Packages/com.unity.inputsystem/InputSystem/Editor/Plugins/OnScreen/UGUIOnScreenControlEditorUtils.cs
 0.1 kb	 0.0% Packages/com.unity.inputsystem/InputSystem/Editor/Internal/SerializedPropertyLinqExtensions.cs
 0.1 kb	 0.0% Packages/com.unity.inputsystem/InputSystem/Editor/Internal/InputActionSerializationHelpers.cs
 0.1 kb	 0.0% Packages/com.unity.inputsystem/InputSystem/Editor/EditorInputControlLayoutCache.cs
 0.1 kb	 0.0% Packages/com.unity.inputsystem/InputSystem/Editor/ControlPicker/Layouts/TouchscreenControlPickerLayout.cs
 0.1 kb	 0.0% Packages/com.unity.inputsystem/InputSystem/Editor/ControlPicker/Layouts/DefaultInputControlPickerLayout.cs
 0.1 kb	 0.0% Packages/com.unity.inputsystem/InputSystem/Editor/Analytics/VirtualMouseInputEditorAnalytic.cs
 0.1 kb	 0.0% Packages/com.unity.inputsystem/InputSystem/Editor/Analytics/PlayerInputManagerEditorAnalytic.cs
 0.1 kb	 0.0% Packages/com.unity.cloud.gltfast/Runtime/Scripts/Animations/AnimationModuleDataInstanceApplierFactory.cs
 0.1 kb	 0.0% Packages/com.meta.xr.sdk.core/Scripts/ImmersiveDebugger/UserInterface/Generic/Controllers/Implementations/OverlayCanvasPanel.cs
 0.1 kb	 0.0% Packages/com.meta.xr.sdk.core/Scripts/BuildingBlocks/MultiplayerBlocks/Shared/Colocation/ColocationPackage/Runtime/NetworkImpl/ShareAndLocalizeParams.cs
 0.1 kb	 0.0% Packages/com.unity.xr.legacyinputhelpers/Runtime/ArmModels/TransitionArmModel.cs
 0.1 kb	 0.0% Packages/com.unity.inputsystem/InputSystem/Runtime/Utilities/DisplayStringFormatAttribute.cs
 0.1 kb	 0.0% Packages/com.unity.inputsystem/InputSystem/Runtime/Plugins/XR/Haptics/SendBufferedHapticsCommand.cs
 0.1 kb	 0.0% Packages/com.unity.inputsystem/InputSystem/Runtime/Plugins/XR/Haptics/GetHapticCapabilitiesCommand.cs
 0.1 kb	 0.0% Packages/com.unity.inputsystem/InputSystem/Runtime/Plugins/XR/Haptics/GetCurrentHapticStateCommand.cs
 0.1 kb	 0.0% Packages/com.unity.inputsystem/InputSystem/Runtime/Plugins/UI/ExtendedSubmitCancelEventData.cs
 0.1 kb	 0.0% Packages/com.unity.inputsystem/InputSystem/Runtime/Plugins/Android/AndroidGameController.cs
 0.1 kb	 0.0% Packages/com.unity.inputsystem/InputSystem/Runtime/Controls/Processors/NormalizeVector3Processor.cs
 0.1 kb	 0.0% Packages/com.unity.inputsystem/InputSystem/Runtime/Controls/Processors/NormalizeVector2Processor.cs
 0.1 kb	 0.0% Packages/com.unity.inputsystem/InputSystem/Runtime/Controls/Processors/EditorWindowSpaceProcessor.cs
 0.1 kb	 0.0% Packages/com.unity.inputsystem/InputSystem/Runtime/Controls/Processors/CompensateRotationProcessor.cs
 0.1 kb	 0.0% Packages/com.unity.inputsystem/InputSystem/Runtime/Controls/Processors/CompensateDirectionProcessor.cs
 0.1 kb	 0.0% Packages/com.unity.inputsystem/InputSystem/Editor/Plugins/HID/HIDSupportEditorInitializer.cs
 0.1 kb	 0.0% Packages/com.unity.inputsystem/InputSystem/Editor/Controls/Processors/StickDeadzoneProcessorEditor.cs
 0.1 kb	 0.0% Packages/com.unity.inputsystem/InputSystem/Editor/Controls/Processors/AxisDeadzoneProcessorEditor.cs
 0.1 kb	 0.0% Packages/com.unity.inputsystem/InputSystem/Editor/Actions/Interactions/MultiTapInteractionEditor.cs
 0.1 kb	 0.0% Packages/com.unity.collections/Unity.Collections/UnsafeParallelHashSetExtensions.gen.cs
 0.1 kb	 0.0% Packages/com.unity.collections/Unity.Collections/UnsafeParallelHashMap.cs
 0.1 kb	 0.0% Packages/com.meta.xr.sdk.core/Scripts/ImmersiveDebugger/Interface/CustomIntegrationConfig.cs
 0.1 kb	 0.0% Packages/com.meta.xr.sdk.core/Scripts/BuildingBlocks/Variants/InstallationRoutineCheckpoint.cs
 0.1 kb	 0.0% Packages/com.meta.xr.sdk.core/Scripts/BuildingBlocks/SpatialAnchorManagerBlockScripts/SpatialAnchorCoreBuildingBlock.cs
 0.1 kb	 0.0% Packages/com.meta.xr.sdk.core/Scripts/BuildingBlocks/SampleSpatialAnchorControllerScripts/SpatialAnchorLoaderBuildingBlock.cs
 0.1 kb	 0.0% Packages/com.meta.xr.sdk.core/Scripts/BuildingBlocks/MultiplayerBlocks/Shared/CustomMatchmaking/CustomMatchmakingUtils.cs
 0.1 kb	 0.0% Packages/com.meta.xr.sdk.core/Scripts/BuildingBlocks/MultiplayerBlocks/Shared/Colocation/Scripts/NetworkBootstrapperUtils.cs
 0.1 kb	 0.0% Packages/com.meta.xr.mrutilitykit/Core/Scripts/SceneDecorator/Modifier/DontDestroyOnLoadModifier.cs
 0.1 kb	 0.0% Packages/com.meta.xr.mrutilitykit/Core/Scripts/SceneDecorator/Masks/AnchorComponentDistanceMask.cs
 0.1 kb	 0.0% Packages/com.unity.xr.openxr/Runtime/Features/Interactions/MicrosoftHandInteraction.cs
 0.1 kb	 0.0% Packages/com.unity.xr.openxr/Runtime/Features/Interactions/HandInteractionProfile.cs
 0.1 kb	 0.0% Packages/com.unity.xr.openxr/Runtime/Features/Interactions/HTCViveControllerProfile.cs
 0.1 kb	 0.0% Packages/com.unity.xr.core-utils/Runtime/CapabilityProfile/Dictionary/CustomCapabilityKeyAttribute.cs
 0.1 kb	 0.0% Packages/com.unity.inputsystem/InputSystem/Runtime/State/IInputStateCallbackReceiver.cs
 0.1 kb	 0.0% Packages/com.unity.inputsystem/InputSystem/Runtime/Plugins/InputForUI/InputSystemProvider.cs
 0.1 kb	 0.0% Packages/com.unity.inputsystem/InputSystem/Runtime/Plugins/DualShock/DualShockGamepadHID.cs
 0.1 kb	 0.0% Packages/com.unity.inputsystem/InputSystem/Runtime/Devices/IInputUpdateCallbackReceiver.cs
 0.1 kb	 0.0% Packages/com.unity.inputsystem/InputSystem/Runtime/Devices/Commands/SetSamplingFrequencyCommand.cs
 0.1 kb	 0.0% Packages/com.unity.inputsystem/InputSystem/Runtime/Devices/Commands/SetIMECursorPositionCommand.cs
 0.1 kb	 0.0% Packages/com.unity.inputsystem/InputSystem/Runtime/Devices/Commands/QueryKeyboardLayoutCommand.cs
 0.1 kb	 0.0% Packages/com.unity.inputsystem/InputSystem/Runtime/Devices/Commands/EnableIMECompositionCommand.cs
 0.1 kb	 0.0% Packages/com.unity.inputsystem/InputSystem/Runtime/Controls/InputControlLayoutAttribute.cs
 0.1 kb	 0.0% Packages/com.unity.inputsystem/InputSystem/Runtime/Actions/InputActionRebindingExtensions.cs
 0.1 kb	 0.0% Packages/com.unity.inputsystem/InputSystem/Runtime/Actions/DeferBindingResolutionContext.cs
 0.1 kb	 0.0% Packages/com.unity.inputsystem/InputSystem/Editor/UITKAssetEditor/Views/NameAndParametersListView.cs
 0.1 kb	 0.0% Packages/com.unity.inputsystem/InputSystem/Editor/UITKAssetEditor/Views/InputActionMapsTreeViewItem.cs
 0.1 kb	 0.0% Packages/com.unity.inputsystem/InputSystem/Editor/UITKAssetEditor/InputActionsEditorConstants.cs
 0.1 kb	 0.0% Packages/com.unity.inputsystem/InputSystem/Editor/Settings/InputSettingsBuildProvider.cs
 0.1 kb	 0.0% Packages/com.unity.inputsystem/InputSystem/Editor/Settings/EditorPlayerSettingHelpers.cs
 0.1 kb	 0.0% Packages/com.unity.inputsystem/InputSystem/Editor/PropertyDrawers/InputActionPropertyDrawer.cs
 0.1 kb	 0.0% Packages/com.unity.inputsystem/InputSystem/Editor/PropertyDrawers/GamepadButtonPropertyDrawer.cs
 0.1 kb	 0.0% Packages/com.unity.inputsystem/InputSystem/Editor/Internal/SerializedPropertyHelpers.cs
 0.1 kb	 0.0% Packages/com.unity.inputsystem/InputSystem/Editor/Internal/AdvancedDropdown/AdvancedDropdownDataSource.cs
 0.1 kb	 0.0% Packages/com.unity.inputsystem/InputSystem/Editor/InputSystemPackageControl.cs
 0.1 kb	 0.0% Packages/com.unity.inputsystem/InputSystem/Editor/InputSystemEditorInitializer.cs
 0.1 kb	 0.0% Packages/com.unity.inputsystem/InputSystem/Editor/Debugger/SampleFrequencyCalculator.cs
 0.1 kb	 0.0% Packages/com.unity.inputsystem/InputSystem/Editor/Debugger/InputDeviceDebuggerWindow.cs
 0.1 kb	 0.0% Packages/com.unity.inputsystem/InputSystem/Editor/Debugger/InputActionDebuggerWindow.cs
 0.1 kb	 0.0% Packages/com.unity.inputsystem/InputSystem/Editor/ControlPicker/InputControlPickerDropdown.cs
 0.1 kb	 0.0% Packages/com.unity.inputsystem/InputSystem/Editor/ControlPicker/IInputControlPickerLayout.cs
 0.1 kb	 0.0% Packages/com.unity.inputsystem/InputSystem/Editor/AssetImporter/InputActionImporterEditor.cs
 0.1 kb	 0.0% Packages/com.unity.inputsystem/InputSystem/Editor/AssetImporter/InputActionAssetIconLoader.cs
 0.1 kb	 0.0% Packages/com.unity.inputsystem/InputSystem/Editor/AssetEditor/InputBindingPropertiesView.cs
 0.1 kb	 0.0% Packages/com.unity.inputsystem/InputSystem/Editor/AssetEditor/InputActionPropertiesView.cs
 0.1 kb	 0.0% Packages/com.unity.inputsystem/InputSystem/Editor/Analytics/PlayerInputEditorAnalytic.cs
 0.1 kb	 0.0% Packages/com.unity.inputsystem/InputSystem/Editor/Analytics/OnScreenStickEditorAnalytic.cs
 0.1 kb	 0.0% Packages/com.unity.inputsystem/InputSystem/Editor/Analytics/InputExitPlayModeAnalytic.cs
 0.1 kb	 0.0% Packages/com.unity.inputsystem/InputSystem/Editor/Analytics/InputComponentEditorAnalytic.cs
 0.1 kb	 0.0% Packages/com.unity.collections/Unity.Collections/UnsafeNotBurstCompatible.cs
 0.1 kb	 0.0% Packages/com.meta.xr.sdk.core/Scripts/ImmersiveDebugger/UserInterface/ToggleForGizmo.cs
 0.1 kb	 0.0% Packages/com.meta.xr.sdk.core/Scripts/ImmersiveDebugger/UserInterface/HierarchyItemButton.cs
 0.1 kb	 0.0% Packages/com.meta.xr.sdk.core/Scripts/ImmersiveDebugger/UserInterface/Generic/MonoBehaviours/PointerHandler.cs
 0.1 kb	 0.0% Packages/com.meta.xr.sdk.core/Scripts/ImmersiveDebugger/UserInterface/Generic/MonoBehaviours/OverlayCanvas.cs
 0.1 kb	 0.0% Packages/com.meta.xr.sdk.core/Scripts/ImmersiveDebugger/UserInterface/Generic/Controllers/Implementations/ToggleWithLabel.cs
 0.1 kb	 0.0% Packages/com.meta.xr.sdk.core/Scripts/ImmersiveDebugger/UserInterface/Generic/Controllers/Implementations/ScrollViewport.cs
 0.1 kb	 0.0% Packages/com.meta.xr.sdk.core/Scripts/ImmersiveDebugger/UserInterface/Generic/Controllers/Implementations/DropdownMenuItem.cs
 0.1 kb	 0.0% Packages/com.meta.xr.sdk.core/Scripts/ImmersiveDebugger/UserInterface/Generic/Controllers/Implementations/ButtonWithLabel.cs
 0.1 kb	 0.0% Packages/com.meta.xr.sdk.core/Scripts/ImmersiveDebugger/UserInterface/Generic/Controllers/Implementations/ButtonWithIcon.cs
 0.1 kb	 0.0% Packages/com.meta.xr.sdk.core/Scripts/ImmersiveDebugger/UserInterface/ButtonForAction.cs
 0.1 kb	 0.0% Packages/com.meta.xr.sdk.core/Scripts/ImmersiveDebugger/UsageExample/RuntimeAPIExample.cs
 0.1 kb	 0.0% Packages/com.meta.xr.sdk.core/Scripts/BuildingBlocks/MultiplayerBlocks/Shared/Colocation/ColocationPackage/Runtime/Utils/AnchorDebugVisual.cs
 0.1 kb	 0.0% Packages/com.meta.xr.sdk.core/Scripts/BuildingBlocks/MultiplayerBlocks/Shared/Colocation/ColocationPackage/Runtime/SharedAnchorManager.cs
 0.1 kb	 0.0% Packages/com.meta.xr.sdk.core/Scripts/BuildingBlocks/MultiplayerBlocks/Shared/Colocation/ColocationPackage/Runtime/NetworkImpl/INetworkMessenger.cs
 0.1 kb	 0.0% Packages/com.meta.xr.sdk.core/Scripts/BuildingBlocks/MultiplayerBlocks/Shared/Colocation/ColocationPackage/Runtime/AlignCameraToAnchor.cs
 0.1 kb	 0.0% Packages/com.meta.xr.mrutilitykit/Core/Scripts/EnvironmentDepthManagerRaycastExtensions.cs
 0.1 kb	 0.0% Packages/com.unity.xr.legacyinputhelpers/Runtime/ArmModels/SwingArmModel.cs
 0.1 kb	 0.0% Packages/com.unity.xr.core-utils/Runtime/Datums/AnimationCurveDatumProperty.cs
 0.1 kb	 0.0% Packages/com.unity.xr.core-utils/Runtime/Attributes/ScriptableSettingsPathAttribute.cs
 0.1 kb	 0.0% Packages/com.unity.ugui/Runtime/UGUI/EventSystem/UIElements/UIToolkitInteroperabilityBridge.cs
 0.1 kb	 0.0% Packages/com.unity.inputsystem/InputSystem/Runtime/Utilities/Observables/ForDeviceEventObservable.cs
 0.1 kb	 0.0% Packages/com.unity.inputsystem/InputSystem/Runtime/Plugins/XR/Haptics/SendHapticImpulseCommand.cs
 0.1 kb	 0.0% Packages/com.unity.inputsystem/InputSystem/Runtime/Plugins/Android/AndroidSensors.cs
 0.1 kb	 0.0% Packages/com.unity.inputsystem/InputSystem/Runtime/Controls/Processors/StickDeadzoneProcessor.cs
 0.1 kb	 0.0% Packages/com.unity.inputsystem/InputSystem/Runtime/Controls/Processors/ScaleVector3Processor.cs
 0.1 kb	 0.0% Packages/com.unity.inputsystem/InputSystem/Runtime/Controls/Processors/ScaleVector2Processor.cs
 0.1 kb	 0.0% Packages/com.unity.inputsystem/InputSystem/Runtime/Controls/Processors/InvertVector3Processor.cs
 0.1 kb	 0.0% Packages/com.unity.inputsystem/InputSystem/Runtime/Controls/Processors/InvertVector2Processor.cs
 0.1 kb	 0.0% Packages/com.unity.inputsystem/InputSystem/Runtime/Controls/Processors/AxisDeadzoneProcessor.cs
 0.1 kb	 0.0% Packages/com.unity.inputsystem/InputSystem/Runtime/Actions/Composites/TwoModifiersComposite.cs
 0.1 kb	 0.0% Packages/com.unity.inputsystem/InputSystem/Runtime/Actions/Composites/ButtonWithTwoModifiers.cs
 0.1 kb	 0.0% Packages/com.unity.inputsystem/InputSystem/Runtime/Actions/Composites/ButtonWithOneModifier.cs
 0.1 kb	 0.0% Packages/com.unity.inputsystem/InputSystem/Editor/AssetEditor/NameAndParameterListView.cs
 0.1 kb	 0.0% Packages/com.unity.inputsystem/InputSystem/Editor/Actions/Interactions/SlowTapInteractionEditor.cs
 0.1 kb	 0.0% Packages/com.unity.inputsystem/InputSystem/Editor/Actions/Interactions/PressInteractionEditor.cs
 0.1 kb	 0.0% Packages/com.unity.inputsystem/InputSystem/Editor/Actions/Interactions/HoldInteractionEditor.cs
 0.1 kb	 0.0% Packages/com.unity.inputsystem/InputSystem/Editor/Actions/Composites/Vector3CompositeEditor.cs
 0.1 kb	 0.0% Packages/com.unity.inputsystem/InputSystem/Editor/Actions/Composites/Vector2CompositeEditor.cs
 0.1 kb	 0.0% Packages/com.unity.collections/Unity.Collections/UnsafeScratchAllocator.cs
 0.1 kb	 0.0% Packages/com.unity.collections/Unity.Collections/NativeParallelHashMapExtensions.cs
 0.1 kb	 0.0% Packages/com.unity.cloud.gltfast/Runtime/Scripts/Export/GltfBuiltInShaderMaterialExporter.cs
 0.1 kb	 0.0% Packages/com.unity.cloud.gltfast/Runtime/DocExamples/TextureAddOnExample.cs
 0.1 kb	 0.0% Packages/com.unity.cloud.gltfast/Runtime/DocExamples/MultipleInstances.cs
 0.1 kb	 0.0% Packages/com.unity.cloud.gltfast/Runtime/DocExamples/LoadGltfFromMemory.cs
 0.1 kb	 0.0% Packages/com.meta.xr.sdk.core/Scripts/ImmersiveDebugger/UserInterface/Resources/Styles/ImageStyles/MemberDescriptionBackground.asset
 0.1 kb	 0.0% Packages/com.meta.xr.sdk.core/Scripts/ImmersiveDebugger/UserInterface/Resources/Styles/ImageStyles/DropdownValueBackgroundRoot.asset
 0.1 kb	 0.0% Packages/com.meta.xr.sdk.core/Scripts/ImmersiveDebugger/RuntimeAPIResults.cs
 0.1 kb	 0.0% Packages/com.meta.xr.sdk.core/Scripts/ImmersiveDebugger/Managers/SubManagersForAddon.cs
 0.1 kb	 0.0% Packages/com.meta.xr.sdk.core/Scripts/ImmersiveDebugger/InspectedData/SerializableInspectedItems.cs
 0.1 kb	 0.0% Packages/com.meta.xr.sdk.core/Scripts/ImmersiveDebugger/DebugInspector/RuntimeInspectorManager.cs
 0.1 kb	 0.0% Packages/com.meta.xr.sdk.core/Scripts/ImmersiveDebugger/DebugInspector/DebugInspectorManager.cs
 0.1 kb	 0.0% Packages/com.meta.xr.sdk.core/Scripts/BuildingBlocks/MultiplayerBlocks/Shared/PlayerNameTag/Scripts/PlayerNameTagSpawner.cs
 0.1 kb	 0.0% Packages/com.meta.xr.sdk.core/Scripts/BuildingBlocks/MultiplayerBlocks/Shared/NetworkedAvatar/Scripts/IAvatarStreamConfig.cs
 0.1 kb	 0.0% Packages/com.meta.xr.sdk.core/Scripts/BuildingBlocks/MultiplayerBlocks/Shared/CustomMatchmaking/CustomMatchmaking.cs
 0.1 kb	 0.0% Packages/com.meta.xr.sdk.core/Scripts/BuildingBlocks/MultiplayerBlocks/Shared/Colocation/Scripts/ColocationController.cs
 0.1 kb	 0.0% Packages/com.meta.xr.sdk.core/Scripts/BuildingBlocks/MultiplayerBlocks/Shared/Colocation/Scripts/ColocationConstants.cs
 0.1 kb	 0.0% Packages/com.meta.xr.sdk.core/Scripts/BuildingBlocks/AIBlocks/UnityInferenceEngine/TextOnlyLLMRunner.cs
 0.1 kb	 0.0% Packages/com.meta.xr.sdk.core/Scripts/BuildingBlocks/AIBlocks/UnityInferenceEngine/OnDeviceLLMConfig.cs
 0.1 kb	 0.0% Packages/com.meta.xr.sdk.core/Scripts/BuildingBlocks/AIBlocks/Tasks/ITextToSpeechTask.cs
 0.1 kb	 0.0% Packages/com.meta.xr.sdk.core/Scripts/BuildingBlocks/AIBlocks/Tasks/ISpeechToTextTask.cs
 0.1 kb	 0.0% Packages/com.meta.xr.sdk.core/Scripts/BuildingBlocks/AIBlocks/Tasks/IObjectDetectionTask.cs
 0.1 kb	 0.0% Packages/com.meta.xr.sdk.core/Scripts/BuildingBlocks/AIBlocks/Providers/ReplicateProvider.cs
 0.1 kb	 0.0% Packages/com.meta.xr.sdk.core/Scripts/BuildingBlocks/AIBlocks/Providers/HuggingFaceProvider.cs
 0.1 kb	 0.0% Packages/com.meta.xr.sdk.core/Scripts/BuildingBlocks/AIBlocks/Providers/ElevenLabsProvider.cs
 0.1 kb	 0.0% Packages/com.meta.xr.sdk.core/Scripts/BuildingBlocks/AIBlocks/Providers/CredentialStorage.cs
 0.1 kb	 0.0% Packages/com.meta.xr.sdk.core/Scripts/BuildingBlocks/AIBlocks/DepthTools/DepthTextureAccess.cs
 0.1 kb	 0.0% Packages/com.meta.xr.sdk.core/Scripts/BuildingBlocks/AIBlocks/Agents/TextToSpeechAgent.cs
 0.1 kb	 0.0% Packages/com.meta.xr.sdk.core/Scripts/BuildingBlocks/AIBlocks/Agents/SpeechToTextAgent.cs
 0.1 kb	 0.0% Packages/com.meta.xr.sdk.core/Scripts/BuildingBlocks/AIBlocks/Agents/ObjectDetectionAgent.cs
 0.1 kb	 0.0% Packages/com.meta.xr.mrutilitykit/Core/Scripts/SceneDecorator/Pool/SingletonMonoBehavior.cs
 0.1 kb	 0.0% Packages/com.meta.xr.mrutilitykit/Core/Scripts/SceneDecorator/Modifier/RotationModifierSpaceMap.cs
 0.1 kb	 0.0% Packages/com.meta.xr.mrutilitykit/Core/Scripts/SceneDecorator/Masks/InsideCurrentRoomMask.cs
 0.1 kb	 0.0% Packages/com.meta.xr.mrutilitykit/Core/Scripts/SceneDecorator/Editor/SceneDecorationEditor.cs
 0.1 kb	 0.0% Packages/com.meta.xr.mrutilitykit/Core/Scripts/DestructibleGlobalMeshSpawner.cs
 0.1 kb	 0.0% Assets/Milzet/StartupSource/Project/Scripts/Timeline/Tracks/UICanvas/UICanvasMixerBehaviour.cs
 0.1 kb	 0.0% Assets/Milzet/Runtime/StartupPoseExtensions.cs
 0.1 kb	 0.0% Packages/com.unity.xr.openxr/Runtime/Features/Interactions/PalmPoseInteraction.cs
 0.1 kb	 0.0% Packages/com.unity.xr.openxr/Runtime/Features/Interactions/EyeGazeInteraction.cs
 0.1 kb	 0.0% Packages/com.unity.xr.legacyinputhelpers/Runtime/TrackedPoseDriver/BasePoseProvider.cs
 0.1 kb	 0.0% Packages/com.unity.xr.core-utils/Runtime/CapabilityProfile/Dictionary/StandardCapabilityKeys.cs
 0.1 kb	 0.0% Packages/com.unity.ugui/Runtime/TMP/TMP_SpriteAssetImportFormats.cs
 0.1 kb	 0.0% Packages/com.unity.timeline/Runtime/Animation/AnimationPreviewUpdateCallback.cs
 0.1 kb	 0.0% Packages/com.unity.timeline/Runtime/Animation/AnimationOutputWeightProcessor.cs
 0.1 kb	 0.0% Packages/com.unity.inputsystem/InputSystem/Runtime/State/IInputStateChangeMonitor.cs
 0.1 kb	 0.0% Packages/com.unity.inputsystem/InputSystem/Runtime/Plugins/iOS/IOSGameController.cs
 0.1 kb	 0.0% Packages/com.unity.inputsystem/InputSystem/Runtime/Plugins/Users/InputUserAccountHandle.cs
 0.1 kb	 0.0% Packages/com.unity.inputsystem/InputSystem/Runtime/Plugins/Switch/SwitchProControllerHID.cs
 0.1 kb	 0.0% Packages/com.unity.inputsystem/InputSystem/Runtime/Plugins/OSX/OSXGameController.cs
 0.1 kb	 0.0% Packages/com.unity.inputsystem/InputSystem/Runtime/Plugins/EnhancedTouch/EnhancedTouchSupport.cs
 0.1 kb	 0.0% Packages/com.unity.inputsystem/InputSystem/Runtime/InputManagerStateMonitors.cs
 0.1 kb	 0.0% Packages/com.unity.inputsystem/InputSystem/Runtime/Events/DeviceConfigurationEvent.cs
 0.1 kb	 0.0% Packages/com.unity.inputsystem/InputSystem/Runtime/Devices/Remote/RemoteInputPlayerConnection.cs
 0.1 kb	 0.0% Packages/com.unity.inputsystem/InputSystem/Runtime/Devices/InputDeviceDescription.cs
 0.1 kb	 0.0% Packages/com.unity.inputsystem/InputSystem/Runtime/Devices/Haptics/DualMotorRumbleCommand.cs
 0.1 kb	 0.0% Packages/com.unity.inputsystem/InputSystem/Runtime/Devices/Commands/WarpMousePositionCommand.cs
 0.1 kb	 0.0% Packages/com.unity.inputsystem/InputSystem/Runtime/Devices/Commands/QueryEnabledStateCommand.cs
 0.1 kb	 0.0% Packages/com.unity.inputsystem/InputSystem/Runtime/Devices/Commands/QueryDimensionsCommand.cs
 0.1 kb	 0.0% Packages/com.unity.inputsystem/InputSystem/Runtime/Devices/Commands/QueryCanRunInBackground.cs
 0.1 kb	 0.0% Packages/com.unity.inputsystem/InputSystem/Runtime/Devices/Commands/IInputDeviceCommandInfo.cs
 0.1 kb	 0.0% Packages/com.unity.inputsystem/InputSystem/Runtime/Controls/InputControlAttribute.cs
 0.1 kb	 0.0% Packages/com.unity.inputsystem/InputSystem/Runtime/Controls/DiscreteButtonControl.cs
 0.1 kb	 0.0% Packages/com.unity.inputsystem/InputSystem/Runtime/Actions/InputBindingCompositeContext.cs
 0.1 kb	 0.0% Packages/com.unity.inputsystem/InputSystem/Runtime/Actions/InputActionSetupExtensions.cs
 0.1 kb	 0.0% Packages/com.unity.inputsystem/InputSystem/Runtime/Actions/InputActionParameters.cs
 0.1 kb	 0.0% Packages/com.unity.inputsystem/InputSystem/Editor/UITKAssetEditor/Views/VisualElementExtensions.cs
 0.1 kb	 0.0% Packages/com.unity.inputsystem/InputSystem/Editor/UITKAssetEditor/Views/InputActionsTreeViewItem.cs
 0.1 kb	 0.0% Packages/com.unity.inputsystem/InputSystem/Editor/UITKAssetEditor/Views/InputActionsEditorView.cs
 0.1 kb	 0.0% Packages/com.unity.inputsystem/InputSystem/Editor/UITKAssetEditor/Views/BindingPropertiesView.cs
 0.1 kb	 0.0% Packages/com.unity.inputsystem/InputSystem/Editor/UITKAssetEditor/SerializedInputBinding.cs
 0.1 kb	 0.0% Packages/com.unity.inputsystem/InputSystem/Editor/UITKAssetEditor/SerializedInputActionMap.cs
 0.1 kb	 0.0% Packages/com.unity.inputsystem/InputSystem/Editor/UITKAssetEditor/SerializedInputAction.cs
 0.1 kb	 0.0% Packages/com.unity.inputsystem/InputSystem/Editor/UITKAssetEditor/InputActionsEditorWindow.cs
 0.1 kb	 0.0% Packages/com.unity.inputsystem/InputSystem/Editor/UITKAssetEditor/InputActionsEditorState.cs
 0.1 kb	 0.0% Packages/com.unity.inputsystem/InputSystem/Editor/UITKAssetEditor/Commands/ControlSchemeCommands.cs
 0.1 kb	 0.0% Packages/com.unity.inputsystem/InputSystem/Editor/Settings/InputSettingsProvider.cs
 0.1 kb	 0.0% Packages/com.unity.inputsystem/InputSystem/Editor/PropertyDrawers/InputControlPathDrawer.cs
 0.1 kb	 0.0% Packages/com.unity.inputsystem/InputSystem/Editor/PropertyDrawers/InputActionDrawerBase.cs
 0.1 kb	 0.0% Packages/com.unity.inputsystem/InputSystem/Editor/PropertyDrawers/InputActionAssetDrawer.cs
 0.1 kb	 0.0% Packages/com.unity.inputsystem/InputSystem/Editor/ProjectWideActions/ProjectWideActionsAsset.cs
 0.1 kb	 0.0% Packages/com.unity.inputsystem/InputSystem/Editor/Plugins/PlayerInput/PlayerInputManagerEditor.cs
 0.1 kb	 0.0% Packages/com.unity.inputsystem/InputSystem/Editor/Plugins/EnhancedTouch/TouchSimulationEditor.cs
 0.1 kb	 0.0% Packages/com.unity.inputsystem/InputSystem/Editor/Internal/AdvancedDropdown/AdvancedDropdownWindow.cs
 0.1 kb	 0.0% Packages/com.unity.inputsystem/InputSystem/Editor/Internal/AdvancedDropdown/AdvancedDropdownState.cs
 0.1 kb	 0.0% Packages/com.unity.inputsystem/InputSystem/Editor/InputSystemPluginControl.cs
 0.1 kb	 0.0% Packages/com.unity.inputsystem/InputSystem/Editor/InputLayoutCodeGenerator.cs
 0.1 kb	 0.0% Packages/com.unity.inputsystem/InputSystem/Editor/InputAssetEditorUtils.cs
 0.1 kb	 0.0% Packages/com.unity.inputsystem/InputSystem/Editor/Debugger/InputLatencyCalculator.cs
 0.1 kb	 0.0% Packages/com.unity.inputsystem/InputSystem/Editor/ControlPicker/InputControlPickerState.cs
 0.1 kb	 0.0% Packages/com.unity.inputsystem/InputSystem/Editor/ControlPicker/InputControlPathEditor.cs
 0.1 kb	 0.0% Packages/com.unity.inputsystem/InputSystem/Editor/ControlPicker/InputControlDropdownItem.cs
 0.1 kb	 0.0% Packages/com.unity.inputsystem/InputSystem/Editor/AssetImporter/InputActionCodeGenerator.cs
 0.1 kb	 0.0% Packages/com.unity.inputsystem/InputSystem/Editor/AssetImporter/InputActionAssetEditor.cs
 0.1 kb	 0.0% Packages/com.unity.inputsystem/InputSystem/Editor/AssetImporter/IInputActionAssetEditor.cs
 0.1 kb	 0.0% Packages/com.unity.inputsystem/InputSystem/Editor/AssetEditor/InputActionAssetManager.cs
 0.1 kb	 0.0% Packages/com.unity.inputsystem/InputSystem/Actions/InputActionStateMonitorIndex.cs
 0.1 kb	 0.0% Packages/com.unity.collections/Unity.Collections/UnsafeAtomicCounter.cs
 0.1 kb	 0.0% Packages/com.meta.xr.sdk.core/Scripts/ImmersiveDebugger/Utils/MemberInfoExtensions.cs
 0.1 kb	 0.0% Packages/com.meta.xr.sdk.core/Scripts/ImmersiveDebugger/UserInterface/Utils/ProxyInputModule.cs
 0.1 kb	 0.0% Packages/com.meta.xr.sdk.core/Scripts/ImmersiveDebugger/UserInterface/Utils/ProxyCameraRig.cs
 0.1 kb	 0.0% Packages/com.meta.xr.sdk.core/Scripts/ImmersiveDebugger/UserInterface/Utils/PanelScrollRect.cs
 0.1 kb	 0.0% Packages/com.meta.xr.sdk.core/Scripts/ImmersiveDebugger/UserInterface/Utils/PanelRaycaster.cs
 0.1 kb	 0.0% Packages/com.meta.xr.sdk.core/Scripts/ImmersiveDebugger/UserInterface/Utils/PanelInputModule.cs
 0.1 kb	 0.0% Packages/com.meta.xr.sdk.core/Scripts/ImmersiveDebugger/UserInterface/Resources/Styles/LayoutStyles/ConsoleLineLogDetailsLabel.asset
 0.1 kb	 0.0% Packages/com.meta.xr.sdk.core/Scripts/ImmersiveDebugger/UserInterface/Resources/Styles/ImageStyles/PanelButtonBackground.asset
 0.1 kb	 0.0% Packages/com.meta.xr.sdk.core/Scripts/ImmersiveDebugger/UserInterface/Resources/Styles/ImageStyles/MemberValueBackground.asset
 0.1 kb	 0.0% Packages/com.meta.xr.sdk.core/Scripts/ImmersiveDebugger/UserInterface/Resources/Styles/ImageStyles/MemberActionBackground.asset
 0.1 kb	 0.0% Packages/com.meta.xr.sdk.core/Scripts/ImmersiveDebugger/UserInterface/Resources/Styles/ImageStyles/LogDetailPaneCloseButton.asset
 0.1 kb	 0.0% Packages/com.meta.xr.sdk.core/Scripts/ImmersiveDebugger/UserInterface/Resources/Styles/ImageStyles/LogDetailPaneBackground.asset
 0.1 kb	 0.0% Packages/com.meta.xr.sdk.core/Scripts/ImmersiveDebugger/UserInterface/Resources/Styles/ImageStyles/InspectorTitleBackground.asset
 0.1 kb	 0.0% Packages/com.meta.xr.sdk.core/Scripts/ImmersiveDebugger/UserInterface/Resources/Styles/ImageStyles/HierarchyItemBackground.asset
 0.1 kb	 0.0% Packages/com.meta.xr.sdk.core/Scripts/ImmersiveDebugger/UserInterface/Resources/Styles/ImageStyles/HierarchyDivBackground.asset
 0.1 kb	 0.0% Packages/com.meta.xr.sdk.core/Scripts/ImmersiveDebugger/UserInterface/Resources/Styles/ImageStyles/DropdownValueBackground.asset
 0.1 kb	 0.0% Packages/com.meta.xr.sdk.core/Scripts/ImmersiveDebugger/UserInterface/Resources/Styles/ImageStyles/ConsoleLineBackground.asset
 0.1 kb	 0.0% Packages/com.meta.xr.sdk.core/Scripts/ImmersiveDebugger/UserInterface/Resources/Styles/ImageStyles/CloseButtonBackground.asset
 0.1 kb	 0.0% Packages/com.meta.xr.sdk.core/Scripts/ImmersiveDebugger/UserInterface/Resources/Styles/ImageStyles/CategoryButtonBackground.asset
 0.1 kb	 0.0% Packages/com.meta.xr.sdk.core/Scripts/ImmersiveDebugger/UserInterface/Resources/Styles/ImageStyles/CategoriesDivBackground.asset
 0.1 kb	 0.0% Packages/com.meta.xr.sdk.core/Scripts/ImmersiveDebugger/UserInterface/InspectorPanel.cs
 0.1 kb	 0.0% Packages/com.meta.xr.sdk.core/Scripts/ImmersiveDebugger/UserInterface/IPanelRegistrar.cs
 0.1 kb	 0.0% Packages/com.meta.xr.sdk.core/Scripts/ImmersiveDebugger/UserInterface/IDebugUIPanel.cs
 0.1 kb	 0.0% Packages/com.meta.xr.sdk.core/Scripts/ImmersiveDebugger/UserInterface/Generic/Styles/Implementations/TextStyle.cs
 0.1 kb	 0.0% Packages/com.meta.xr.sdk.core/Scripts/ImmersiveDebugger/UserInterface/Generic/Styles/Implementations/LayoutStyle.cs
 0.1 kb	 0.0% Packages/com.meta.xr.sdk.core/Scripts/ImmersiveDebugger/UserInterface/Generic/Styles/Implementations/ImageStyle.cs
 0.1 kb	 0.0% Packages/com.meta.xr.sdk.core/Scripts/ImmersiveDebugger/UserInterface/Generic/Controllers/Interface.cs
 0.1 kb	 0.0% Packages/com.meta.xr.sdk.core/Scripts/ImmersiveDebugger/UserInterface/Generic/Controllers/Implementations/ScrollView.cs
 0.1 kb	 0.0% Packages/com.meta.xr.sdk.core/Scripts/ImmersiveDebugger/UserInterface/Generic/Controllers/Implementations/Background.cs
 0.1 kb	 0.0% Packages/com.meta.xr.sdk.core/Scripts/ImmersiveDebugger/UserInterface/Generic/Controllers/Controller.cs
 0.1 kb	 0.0% Packages/com.meta.xr.sdk.core/Scripts/ImmersiveDebugger/UserInterface/DebugInterface.cs
 0.1 kb	 0.0% Packages/com.meta.xr.sdk.core/Scripts/ImmersiveDebugger/UserInterface/CategoryButton.cs
 0.1 kb	 0.0% Packages/com.meta.xr.sdk.core/Scripts/ImmersiveDebugger/Interface/DebugAttributes.cs
 0.1 kb	 0.0% Packages/com.meta.xr.sdk.core/Scripts/ImmersiveDebugger/Gizmos/GizmoTypesRegistry.cs
 0.1 kb	 0.0% Packages/com.meta.xr.sdk.core/Scripts/ImmersiveDebugger/Gizmos/GizmoRendererManager.cs
 0.1 kb	 0.0% Packages/com.meta.xr.sdk.core/Scripts/BuildingBlocks/MultiplayerBlocks/Shared/Colocation/ColocationPackage/Runtime/NetworkImpl/NetworkDataUtils.cs
 0.1 kb	 0.0% Packages/com.meta.xr.sdk.core/Scripts/BuildingBlocks/MultiplayerBlocks/Shared/Colocation/ColocationPackage/Runtime/NetworkImpl/NetworkAdapter.cs
 0.1 kb	 0.0% Assets/TextMesh Pro/Resources/LineBreaking Leading Characters.txt
 0.1 kb	 0.0% Packages/com.unity.xr.openxr/Runtime/MockRuntime/MockRuntime.cs
 0.1 kb	 0.0% Packages/com.unity.xr.openxr/Runtime/Features/OpenXRInteractionFeature.cs
 0.1 kb	 0.0% Packages/com.unity.xr.openxr/Runtime/Features/OpenXRFeatureAttribute.cs
 0.1 kb	 0.0% Packages/com.unity.xr.openxr/Runtime/Features/FoveatedRenderingFeature.cs
 0.1 kb	 0.0% Packages/com.unity.xr.management/Runtime/XRManagementAnalytics.cs
 0.1 kb	 0.0% Packages/com.unity.xr.management/Runtime/XRConfigurationData.cs
 0.1 kb	 0.0% Packages/com.unity.xr.legacyinputhelpers/Runtime/TrackedPoseDriver/TrackedPoseDriver.cs
 0.1 kb	 0.0% Packages/com.unity.xr.legacyinputhelpers/Runtime/CameraOffset.cs
 0.1 kb	 0.0% Packages/com.unity.ugui/Runtime/UGUI/UI/Core/Layout/HorizontalOrVerticalLayoutGroup.cs
 0.1 kb	 0.0% Packages/com.unity.inputsystem/InputSystem/Runtime/Utilities/NameAndParameters.cs
 0.1 kb	 0.0% Packages/com.unity.inputsystem/InputSystem/Runtime/Utilities/CSharpCodeHelpers.cs
 0.1 kb	 0.0% Packages/com.unity.inputsystem/InputSystem/Runtime/Plugins/UI/TrackedDeviceRaycaster.cs
 0.1 kb	 0.0% Packages/com.unity.inputsystem/InputSystem/Runtime/Plugins/UI/MultiplayerEventSystem.cs
 0.1 kb	 0.0% Packages/com.unity.inputsystem/InputSystem/Runtime/Plugins/UI/InputSystemUIInputModule.cs
 0.1 kb	 0.0% Packages/com.unity.inputsystem/InputSystem/Runtime/Plugins/UI/ExtendedPointerEventData.cs
 0.1 kb	 0.0% Packages/com.unity.inputsystem/InputSystem/Runtime/Plugins/UI/ExtendedAxisEventData.cs
 0.1 kb	 0.0% Packages/com.unity.inputsystem/InputSystem/Runtime/Plugins/DualShock/IDualShockHaptics.cs
 0.1 kb	 0.0% Packages/com.unity.inputsystem/InputSystem/Runtime/Controls/Processors/NormalizeProcessor.cs
 0.1 kb	 0.0% Packages/com.unity.inputsystem/InputSystem/Runtime/Actions/Interactions/SlowTapInteraction.cs
 0.1 kb	 0.0% Packages/com.unity.inputsystem/InputSystem/Runtime/Actions/Interactions/MultiTapInteraction.cs
 0.1 kb	 0.0% Packages/com.unity.inputsystem/InputSystem/Runtime/Actions/Composites/OneModifierComposite.cs
 0.1 kb	 0.0% Packages/com.unity.inputsystem/InputSystem/Editor/Utilities/DirtyAssetTracker.cs
 0.1 kb	 0.0% Packages/com.unity.inputsystem/InputSystem/Editor/Plugins/HID/HIDDescriptorWindow.cs
 0.1 kb	 0.0% Packages/com.unity.inputsystem/InputSystem/Editor/AssetEditor/ParameterListView.cs
 0.1 kb	 0.0% Packages/com.unity.inputsystem/InputSystem/Editor/AssetEditor/InputActionTreeViewItems.cs
 0.1 kb	 0.0% Packages/com.unity.inputsystem/InputSystem/Editor/Actions/Interactions/TapInteractionEditor.cs
 0.1 kb	 0.0% Packages/com.unity.inputsystem/InputSystem/Editor/Actions/Composites/AxisCompositeEditor.cs
 0.1 kb	 0.0% Packages/com.unity.collections/Unity.Collections/UnsafeUtilityEx.cs
 0.1 kb	 0.0% Packages/com.unity.collections/Unity.Collections/UnsafeAppendBuffer.cs
 0.1 kb	 0.0% Packages/com.unity.collections/Unity.Collections/NativeParallelHashSetExtensions.gen.cs
 0.1 kb	 0.0% Packages/com.unity.collections/Unity.Collections/Jobs/RegisterGenericJobTypeAttribute.cs
 0.1 kb	 0.0% Packages/com.unity.collections/Unity.Collections/DoubleRewindableAllocators.cs
 0.1 kb	 0.0% Packages/com.unity.collections/Unity.Collections/DataStreamExtensions.cs
 0.1 kb	 0.0% Packages/com.unity.cloud.gltfast/Runtime/Scripts/Newtonsoft/Schema/TextureInfoExtensions.cs
 0.1 kb	 0.0% Packages/com.unity.cloud.gltfast/Runtime/Scripts/Newtonsoft/Schema/MeshPrimitiveExtensions.cs
 0.1 kb	 0.0% Packages/com.unity.cloud.gltfast/Runtime/Scripts/Newtonsoft/Schema/AnimationChannelTarget.cs
 0.1 kb	 0.0% Packages/com.unity.cloud.gltfast/Runtime/Scripts/Newtonsoft/Schema/AccessorSparseIndices.cs
 0.1 kb	 0.0% Packages/com.unity.cloud.gltfast/Runtime/Scripts/Export/BuiltInStandardMaterialExport.cs
 0.1 kb	 0.0% Packages/com.unity.cloud.gltfast/Runtime/DocExamples/WebpTextureAddon.cs
 0.1 kb	 0.0% Packages/com.unity.cloud.gltfast/Runtime/DocExamples/PngTextureAddon.cs
 0.1 kb	 0.0% Packages/com.unity.cloud.gltfast/Runtime/DocExamples/ExportSamples.cs
 0.1 kb	 0.0% Packages/com.unity.cloud.gltfast/Runtime/DocExamples/CustomGltfImport.cs
 0.1 kb	 0.0% Packages/com.meta.xr.sdk.core/Scripts/ImmersiveDebugger/UserInterface/Resources/Styles/LayoutStyles/LogDetailsPaneBackground.asset
 0.1 kb	 0.0% Packages/com.meta.xr.sdk.core/Scripts/ImmersiveDebugger/UserInterface/Resources/Styles/LayoutStyles/LogDetailPaneCloseButton.asset
 0.1 kb	 0.0% Packages/com.meta.xr.sdk.core/Scripts/ImmersiveDebugger/UserInterface/Resources/Styles/LayoutStyles/InspectorTitleBackground.asset
 0.1 kb	 0.0% Packages/com.meta.xr.sdk.core/Scripts/ImmersiveDebugger/UserInterface/Resources/Styles/LayoutStyles/InspectorCategoryFlex.asset
 0.1 kb	 0.0% Packages/com.meta.xr.sdk.core/Scripts/ImmersiveDebugger/UserInterface/Resources/Styles/LayoutStyles/HierarchyItemLabelInner.asset
 0.1 kb	 0.0% Packages/com.meta.xr.sdk.core/Scripts/ImmersiveDebugger/UserInterface/Resources/Styles/LayoutStyles/CategoriesDivBackground.asset
 0.1 kb	 0.0% Packages/com.meta.xr.sdk.core/Scripts/ImmersiveDebugger/UserInterface/Resources/Styles/ImageStyles/InspectorModeIcon.asset
 0.1 kb	 0.0% Packages/com.meta.xr.sdk.core/Scripts/ImmersiveDebugger/UserInterface/Resources/Styles/ImageStyles/InspectorFoldoutIcon.asset
 0.1 kb	 0.0% Packages/com.meta.xr.sdk.core/Scripts/ImmersiveDebugger/UserInterface/Resources/Styles/ImageStyles/InspectorBackground.asset
 0.1 kb	 0.0% Packages/com.meta.xr.sdk.core/Scripts/ImmersiveDebugger/UserInterface/Resources/Styles/ImageStyles/DropdownBackground.asset
 0.1 kb	 0.0% Packages/com.meta.xr.sdk.core/Scripts/ImmersiveDebugger/Managers/IDebugManager.cs
 0.1 kb	 0.0% Packages/com.meta.xr.sdk.core/Scripts/ImmersiveDebugger/Managers/ActionManager.cs
 0.1 kb	 0.0% Packages/com.meta.xr.sdk.core/Scripts/EnvironmentDepth/EnvironmentDepthUtils.cs
 0.1 kb	 0.0% Packages/com.meta.xr.sdk.core/Scripts/EnvironmentDepth/EnvironmentDepthManager.cs
 0.1 kb	 0.0% Packages/com.meta.xr.sdk.core/Scripts/BuildingBlocks/SharedSpatialAnchorCore/SharedSpatialAnchorCoreBuildingBlock.cs
 0.1 kb	 0.0% Packages/com.meta.xr.sdk.core/Scripts/BuildingBlocks/SharedSpatialAnchorCore/SharedSpatialAnchorCore.cs
 0.1 kb	 0.0% Packages/com.meta.xr.sdk.core/Scripts/BuildingBlocks/MultiplayerBlocks/Shared/NetworkedAvatar/Scripts/IAvatarBehaviour.cs
 0.1 kb	 0.0% Packages/com.meta.xr.sdk.core/Scripts/BuildingBlocks/MultiplayerBlocks/Shared/LocalMatchmaking/LocalMatchmaking.cs
 0.1 kb	 0.0% Packages/com.meta.xr.sdk.core/Scripts/BuildingBlocks/ControllerButtonsMapperScripts/ControllerButtonsMapper.cs
 0.1 kb	 0.0% Packages/com.meta.xr.sdk.core/Scripts/BuildingBlocks/AIBlocks/UnityInferenceEngine/GPT2Tokenizer.cs
 0.1 kb	 0.0% Packages/com.meta.xr.sdk.core/Scripts/BuildingBlocks/AIBlocks/Transport/HttpTransport.cs
 0.1 kb	 0.0% Packages/com.meta.xr.sdk.core/Scripts/BuildingBlocks/AIBlocks/Providers/OpenAIProvider.cs
 0.1 kb	 0.0% Packages/com.meta.xr.sdk.core/Scripts/BuildingBlocks/AIBlocks/Providers/OllamaProvider.cs
 0.1 kb	 0.0% Packages/com.meta.xr.sdk.core/Scripts/BuildingBlocks/AIBlocks/Providers/LlamaApiProvider.cs
 0.1 kb	 0.0% Packages/com.meta.xr.sdk.core/Scripts/BuildingBlocks/AIBlocks/Providers/AIProviderBase.cs
 0.1 kb	 0.0% Packages/com.meta.xr.sdk.core/Scripts/BuildingBlocks/AIBlocks/Agents/LlmAgentHelper.cs
 0.1 kb	 0.0% Packages/com.meta.xr.mrutilitykit/Core/Scripts/SceneDecorator/Pool/PoolManagerSingleton.cs
 0.1 kb	 0.0% Packages/com.meta.xr.mrutilitykit/Core/Scripts/SceneDecorator/Pool/PoolManagerComponent.cs
 0.1 kb	 0.0% Packages/com.meta.xr.mrutilitykit/Core/Scripts/SceneDecorator/Modifier/ScaleUniformModifier.cs
 0.1 kb	 0.0% Packages/com.meta.xr.mrutilitykit/Core/Scripts/SceneDecorator/Masks/CellularNoiseMask.cs
 0.1 kb	 0.0% Packages/com.meta.xr.mrutilitykit/Core/Scripts/SceneDecorator/Masks/AnchorDistanceMask.cs
 0.1 kb	 0.0% Packages/com.meta.xr.mrutilitykit/Core/Scripts/SceneDecorator/Distributions/SimplexDistribution.cs
 0.1 kb	 0.0% Packages/com.meta.xr.mrutilitykit/Core/Scripts/SceneDecorator/Distributions/RandomDistribution.cs
 0.1 kb	 0.0% Packages/com.meta.xr.mrutilitykit/Core/Scripts/ICustomAnchorPrefabSpawner.cs
 0.1 kb	 0.0% Packages/com.meta.xr.mrutilitykit/Core/Scripts/DestructibleMeshComponent.cs
 0.1 kb	 0.0% Packages/com.meta.xr.mrutilitykit/Core/Scripts/BuildingBlocks/InstantContentPlacement/Scripts/VisualizeEnvRaycast.cs
 0.1 kb	 0.0% Packages/com.meta.xr.mrutilitykit/Core/Scripts/AnchorPrefabSpawnerUtilities.cs
 0.1 kb	 0.0% Assets/Resources/OculusRuntimeSettings.asset
 0.1 kb	 0.0% Assets/Milzet/StartupSource/Project/Scripts/Timeline/Tracks/UICanvas/UICanvasBehaviour.cs
 0.1 kb	 0.0% Assets/Milzet/StartupSource/Project/Scripts/Localization/IgnoreLocalization.cs
 0.1 kb	 0.0% Packages/com.unity.xr.openxr/Runtime/OpenXRNativeTypes.cs
 0.1 kb	 0.0% Packages/com.unity.xr.openxr/Runtime/OpenXRColorSubmissonModeList.cs
 0.1 kb	 0.0% Packages/com.unity.xr.openxr/Runtime/Features/Interactions/DPadInteraction.cs
 0.1 kb	 0.0% Packages/com.unity.xr.core-utils/Runtime/CapabilityProfile/Dictionary/ICapabilityModifier.cs
 0.1 kb	 0.0% Packages/com.unity.xr.core-utils/Runtime/CapabilityProfile/Dictionary/CapabilityDictionary.cs
 0.1 kb	 0.0% Packages/com.unity.xr.core-utils/Runtime/CapabilityProfile/CapabilityProfile.cs
 0.1 kb	 0.0% Packages/com.unity.xr.core-utils/Runtime/Attributes/FlagsPropertyAttribute.cs
 0.1 kb	 0.0% Packages/com.unity.ugui/Runtime/TMP/TMP_DynamicFontAssetUtilities.cs
 0.1 kb	 0.0% Packages/com.unity.timeline/Runtime/Utilities/AnimationPreviewUtilities.cs
 0.1 kb	 0.0% Packages/com.unity.timeline/Runtime/Playables/TimeNotificationBehaviour.cs
 0.1 kb	 0.0% Packages/com.unity.timeline/Runtime/Playables/ActivationControlPlayable.cs
 0.1 kb	 0.0% Packages/com.unity.timeline/Runtime/Events/INotificationOptionProvider.cs
 0.1 kb	 0.0% Packages/com.unity.inputsystem/InputSystem/Runtime/Utilities/Comparers.cs
 0.1 kb	 0.0% Packages/com.unity.inputsystem/InputSystem/Runtime/State/InputStateHistory.cs
 0.1 kb	 0.0% Packages/com.unity.inputsystem/InputSystem/Runtime/State/InputStateBuffers.cs
 0.1 kb	 0.0% Packages/com.unity.inputsystem/InputSystem/Runtime/State/IInputStateTypeInfo.cs
 0.1 kb	 0.0% Packages/com.unity.inputsystem/InputSystem/Runtime/Plugins/Users/InputUserSettings.cs
 0.1 kb	 0.0% Packages/com.unity.inputsystem/InputSystem/Runtime/Plugins/Switch/SwitchProController.cs
 0.1 kb	 0.0% Packages/com.unity.inputsystem/InputSystem/Runtime/Plugins/EnhancedTouch/TouchSimulation.cs
 0.1 kb	 0.0% Packages/com.unity.inputsystem/InputSystem/Runtime/NativeInputRuntime.cs
 0.1 kb	 0.0% Packages/com.unity.inputsystem/InputSystem/Runtime/InputEditorUserSettings.cs
 0.1 kb	 0.0% Packages/com.unity.inputsystem/InputSystem/Runtime/Events/InputEventListener.cs
 0.1 kb	 0.0% Packages/com.unity.inputsystem/InputSystem/Runtime/Events/IMECompositionEvent.cs
 0.1 kb	 0.0% Packages/com.unity.inputsystem/InputSystem/Runtime/Events/IInputEventTypeInfo.cs
 0.1 kb	 0.0% Packages/com.unity.inputsystem/InputSystem/Runtime/Events/DeviceRemoveEvent.cs
 0.1 kb	 0.0% Packages/com.unity.inputsystem/InputSystem/Runtime/Devices/InputDeviceMatcher.cs
 0.1 kb	 0.0% Packages/com.unity.inputsystem/InputSystem/Runtime/Devices/InputDeviceBuilder.cs
 0.1 kb	 0.0% Packages/com.unity.inputsystem/InputSystem/Runtime/Devices/ITextInputReceiver.cs
 0.1 kb	 0.0% Packages/com.unity.inputsystem/InputSystem/Runtime/Devices/IEventPreProcessor.cs
 0.1 kb	 0.0% Packages/com.unity.inputsystem/InputSystem/Runtime/Devices/ICustomDeviceReset.cs
 0.1 kb	 0.0% Packages/com.unity.inputsystem/InputSystem/Runtime/Devices/Commands/RequestSyncCommand.cs
 0.1 kb	 0.0% Packages/com.unity.inputsystem/InputSystem/Runtime/Devices/Commands/RequestResetCommand.cs
 0.1 kb	 0.0% Packages/com.unity.inputsystem/InputSystem/Runtime/Devices/Commands/QueryUserIdCommand.cs
 0.1 kb	 0.0% Packages/com.unity.inputsystem/InputSystem/Runtime/Devices/Commands/QueryKeyNameCommand.cs
 0.1 kb	 0.0% Packages/com.unity.inputsystem/InputSystem/Runtime/Devices/Commands/InputDeviceCommand.cs
 0.1 kb	 0.0% Packages/com.unity.inputsystem/InputSystem/Runtime/Devices/Commands/EnableDeviceCommand.cs
 0.1 kb	 0.0% Packages/com.unity.inputsystem/InputSystem/Runtime/Devices/Commands/DisableDeviceCommand.cs
 0.1 kb	 0.0% Packages/com.unity.inputsystem/InputSystem/Runtime/Controls/TouchPressControl.cs
 0.1 kb	 0.0% Packages/com.unity.inputsystem/InputSystem/Runtime/Controls/TouchPhaseControl.cs
 0.1 kb	 0.0% Packages/com.unity.inputsystem/InputSystem/Runtime/Controls/QuaternionControl.cs
 0.1 kb	 0.0% Packages/com.unity.inputsystem/InputSystem/Runtime/Controls/InputControlLayout.cs
 0.1 kb	 0.0% Packages/com.unity.inputsystem/InputSystem/Runtime/Controls/InputControlExtensions.cs
 0.1 kb	 0.0% Packages/com.unity.inputsystem/InputSystem/Runtime/Actions/InputInteractionContext.cs
 0.1 kb	 0.0% Packages/com.unity.inputsystem/InputSystem/Runtime/Actions/InputBindingComposite.cs
 0.1 kb	 0.0% Packages/com.unity.inputsystem/InputSystem/Runtime/Actions/IInputActionCollection.cs
 0.1 kb	 0.0% Packages/com.unity.inputsystem/InputSystem/Editor/VirtualMouseInputEditor.cs
 0.1 kb	 0.0% Packages/com.unity.inputsystem/InputSystem/Editor/UITKAssetEditor/Views/MatchingControlPaths.cs
 0.1 kb	 0.0% Packages/com.unity.inputsystem/InputSystem/Editor/UITKAssetEditor/Views/IViewStateCollection.cs
 0.1 kb	 0.0% Packages/com.unity.inputsystem/InputSystem/Editor/UITKAssetEditor/Views/ControlSchemesView.cs
 0.1 kb	 0.0% Packages/com.unity.inputsystem/InputSystem/Editor/UITKAssetEditor/Views/ActionPropertiesView.cs
 0.1 kb	 0.0% Packages/com.unity.inputsystem/InputSystem/Editor/UITKAssetEditor/EnumerableExtensions.cs
 0.1 kb	 0.0% Packages/com.unity.inputsystem/InputSystem/Editor/PropertyDrawers/InputActionMapDrawer.cs
 0.1 kb	 0.0% Packages/com.unity.inputsystem/InputSystem/Editor/PropertyDrawers/InputActionDrawer.cs
 0.1 kb	 0.0% Packages/com.unity.inputsystem/InputSystem/Editor/Plugins/iOS/InputSettingsiOSProvider.cs
 0.1 kb	 0.0% Packages/com.unity.inputsystem/InputSystem/Editor/Plugins/PlayerInput/PlayerInputEditor.cs
 0.1 kb	 0.0% Packages/com.unity.inputsystem/InputSystem/Editor/Plugins/OnScreen/OnScreenStickEditor.cs
 0.1 kb	 0.0% Packages/com.unity.inputsystem/InputSystem/Editor/Plugins/OnScreen/OnScreenButtonEditor.cs
 0.1 kb	 0.0% Packages/com.unity.inputsystem/InputSystem/Editor/Internal/InputEventTreeView.cs
 0.1 kb	 0.0% Packages/com.unity.inputsystem/InputSystem/Editor/Internal/InputControlTreeView.cs
 0.1 kb	 0.0% Packages/com.unity.inputsystem/InputSystem/Editor/Internal/BuildProviderHelpers.cs
 0.1 kb	 0.0% Packages/com.unity.inputsystem/InputSystem/Editor/Internal/AdvancedDropdown/MultiLevelDataSource.cs
 0.1 kb	 0.0% Packages/com.unity.inputsystem/InputSystem/Editor/Internal/AdvancedDropdown/CallbackDataSource.cs
 0.1 kb	 0.0% Packages/com.unity.inputsystem/InputSystem/Editor/Internal/AdvancedDropdown/AdvancedDropdownItem.cs
 0.1 kb	 0.0% Packages/com.unity.inputsystem/InputSystem/Editor/Internal/AdvancedDropdown/AdvancedDropdownGUI.cs
 0.1 kb	 0.0% Packages/com.unity.inputsystem/InputSystem/Editor/InputSystemStateManager.cs
 0.1 kb	 0.0% Packages/com.unity.inputsystem/InputSystem/Editor/InputParameterEditor.cs
 0.1 kb	 0.0% Packages/com.unity.inputsystem/InputSystem/Editor/DeviceSimulator/InputSystemPlugin.cs
 0.1 kb	 0.0% Packages/com.unity.inputsystem/InputSystem/Editor/Debugger/InputDebuggerWindow.cs
 0.1 kb	 0.0% Packages/com.unity.inputsystem/InputSystem/Editor/ControlPicker/InputControlPicker.cs
 0.1 kb	 0.0% Packages/com.unity.inputsystem/InputSystem/Editor/BuildPipeline/LinkFileGenerator.cs
 0.1 kb	 0.0% Packages/com.unity.inputsystem/InputSystem/Editor/AssetImporter/InputActionImporter.cs
 0.1 kb	 0.0% Packages/com.unity.inputsystem/InputSystem/Editor/AssetEditor/PropertiesViewBase.cs
 0.1 kb	 0.0% Packages/com.unity.inputsystem/InputSystem/Editor/AssetEditor/InputActionTreeView.cs
 0.1 kb	 0.0% Packages/com.unity.inputsystem/InputSystem/Editor/Analytics/InputEditorAnalytics.cs
 0.1 kb	 0.0% Packages/com.unity.inputsystem/InputSystem/Editor/Analytics/InputBuildAnalytic.cs
 0.1 kb	 0.0% Packages/com.unity.collections/Unity.Collections/NativeNotBurstCompatible.cs
 0.1 kb	 0.0% Packages/com.unity.cloud.gltfast/Runtime/Scripts/Animations/AnimationModuleProcessorFactory.cs
 0.1 kb	 0.0% Packages/com.meta.xr.sdk.core/Scripts/OVRVirtualKeyboard/OVRVirtualKeyboardInputFieldTextHandler.cs
 0.1 kb	 0.0% Packages/com.meta.xr.sdk.core/Scripts/OVRVirtualKeyboard/OVRVirtualKeyboardControllerInputHandler.cs
 0.1 kb	 0.0% Packages/com.meta.xr.sdk.core/Scripts/OVRGLTFAnimationNodeMorphTargetHandler.cs
 0.1 kb	 0.0% Packages/com.meta.xr.sdk.core/Scripts/ImmersiveDebugger/Utils/ValueContainer/Implementations/Vector3Container.cs
 0.1 kb	 0.0% Packages/com.meta.xr.sdk.core/Scripts/ImmersiveDebugger/Utils/ValueContainer/Implementations/Vector2Container.cs
 0.1 kb	 0.0% Packages/com.meta.xr.sdk.core/Scripts/ImmersiveDebugger/Utils/ValueContainer/Implementations/IntegerContainer.cs
 0.1 kb	 0.0% Packages/com.meta.xr.sdk.core/Scripts/ImmersiveDebugger/Utils/ValueContainer/Implementations/FloatContainer.cs
 0.1 kb	 0.0% Packages/com.meta.xr.sdk.core/Scripts/ImmersiveDebugger/Utils/InstanceHandle.cs
 0.1 kb	 0.0% Packages/com.meta.xr.sdk.core/Scripts/ImmersiveDebugger/Utils/InstanceCache.cs
 0.1 kb	 0.0% Packages/com.meta.xr.sdk.core/Scripts/ImmersiveDebugger/Utils/ConsoleLogsCache.cs
 0.1 kb	 0.0% Packages/com.meta.xr.sdk.core/Scripts/ImmersiveDebugger/Utils/AssemblyParser.cs
 0.1 kb	 0.0% Packages/com.meta.xr.sdk.core/Scripts/ImmersiveDebugger/UserInterface/Resources/Styles/LayoutStyles/VerticalValueFlex.asset
 0.1 kb	 0.0% Packages/com.meta.xr.sdk.core/Scripts/ImmersiveDebugger/UserInterface/Resources/Styles/LayoutStyles/MemberValueDynamic.asset
 0.1 kb	 0.0% Packages/com.meta.xr.sdk.core/Scripts/ImmersiveDebugger/UserInterface/Resources/Styles/LayoutStyles/MemberButtonToggle.asset
 0.1 kb	 0.0% Packages/com.meta.xr.sdk.core/Scripts/ImmersiveDebugger/UserInterface/Resources/Styles/LayoutStyles/LogDetailsScrollView.asset
 0.1 kb	 0.0% Packages/com.meta.xr.sdk.core/Scripts/ImmersiveDebugger/UserInterface/Resources/Styles/LayoutStyles/InspectorModeTitle.asset
 0.1 kb	 0.0% Packages/com.meta.xr.sdk.core/Scripts/ImmersiveDebugger/UserInterface/Resources/Styles/LayoutStyles/InspectorMainFlex.asset
 0.1 kb	 0.0% Packages/com.meta.xr.sdk.core/Scripts/ImmersiveDebugger/UserInterface/Resources/Styles/LayoutStyles/InspectorFlexFold.asset
 0.1 kb	 0.0% Packages/com.meta.xr.sdk.core/Scripts/ImmersiveDebugger/UserInterface/Resources/Styles/LayoutStyles/HierarchyItemLabel.asset
 0.1 kb	 0.0% Packages/com.meta.xr.sdk.core/Scripts/ImmersiveDebugger/UserInterface/Resources/Styles/LayoutStyles/HierarchyItemButton.asset
 0.1 kb	 0.0% Packages/com.meta.xr.sdk.core/Scripts/ImmersiveDebugger/UserInterface/Resources/Styles/LayoutStyles/DropdownValuesFlex.asset
 0.1 kb	 0.0% Packages/com.meta.xr.sdk.core/Scripts/ImmersiveDebugger/UserInterface/Resources/Styles/LayoutStyles/DropdownValueItem.asset
 0.1 kb	 0.0% Packages/com.meta.xr.sdk.core/Scripts/ImmersiveDebugger/UserInterface/Resources/Styles/LayoutStyles/DropdownMemberValue.asset
 0.1 kb	 0.0% Packages/com.meta.xr.sdk.core/Scripts/ImmersiveDebugger/UserInterface/Resources/Styles/LayoutStyles/DropdownBackground.asset
 0.1 kb	 0.0% Packages/com.meta.xr.sdk.core/Scripts/ImmersiveDebugger/UserInterface/Resources/Styles/LayoutStyles/DropdownArrowIcon.asset
 0.1 kb	 0.0% Packages/com.meta.xr.sdk.core/Scripts/ImmersiveDebugger/UserInterface/Resources/Styles/LayoutStyles/ConsoleLogDetails.asset
 0.1 kb	 0.0% Packages/com.meta.xr.sdk.core/Scripts/ImmersiveDebugger/UserInterface/Resources/Styles/LayoutStyles/ConsoleButtonCount.asset
 0.1 kb	 0.0% Packages/com.meta.xr.sdk.core/Scripts/ImmersiveDebugger/UserInterface/Resources/Styles/LayoutStyles/CategoryButtonFlex.asset
 0.1 kb	 0.0% Packages/com.meta.xr.sdk.core/Scripts/ImmersiveDebugger/UserInterface/Resources/Styles/LayoutStyles/CategoriesScrollView.asset
 0.1 kb	 0.0% Packages/com.meta.xr.sdk.core/Scripts/ImmersiveDebugger/UserInterface/Resources/Styles/ImageStyles/ToggleButtonIcon.asset
 0.1 kb	 0.0% Packages/com.meta.xr.sdk.core/Scripts/ImmersiveDebugger/UserInterface/Resources/Styles/ImageStyles/PanelButtonIcon.asset
 0.1 kb	 0.0% Packages/com.meta.xr.sdk.core/Scripts/ImmersiveDebugger/UserInterface/Resources/Styles/ImageStyles/PanelBackground.asset
 0.1 kb	 0.0% Packages/com.meta.xr.sdk.core/Scripts/ImmersiveDebugger/UserInterface/Resources/Styles/ImageStyles/MiniButtonIcon.asset
 0.1 kb	 0.0% Packages/com.meta.xr.sdk.core/Scripts/ImmersiveDebugger/UserInterface/Resources/Styles/ImageStyles/LogCollapseIcon.asset
 0.1 kb	 0.0% Packages/com.meta.xr.sdk.core/Scripts/ImmersiveDebugger/UserInterface/Resources/Styles/ImageStyles/DownArrowIcon.asset
 0.1 kb	 0.0% Packages/com.meta.xr.sdk.core/Scripts/ImmersiveDebugger/UserInterface/Resources/Styles/ImageStyles/CloseButtonIcon.asset
 0.1 kb	 0.0% Packages/com.meta.xr.sdk.core/Scripts/ImmersiveDebugger/UserInterface/Resources/Styles/ImageStyles/BarBackground.asset
 0.1 kb	 0.0% Packages/com.meta.xr.sdk.core/Scripts/ImmersiveDebugger/UserInterface/Inspector.cs
 0.1 kb	 0.0% Packages/com.meta.xr.sdk.core/Scripts/ImmersiveDebugger/UserInterface/Generic/Styles/Style.cs
 0.1 kb	 0.0% Packages/com.meta.xr.sdk.core/Scripts/ImmersiveDebugger/UserInterface/Generic/MonoBehaviours/Cursor.cs
 0.1 kb	 0.0% Packages/com.meta.xr.sdk.core/Scripts/ImmersiveDebugger/UserInterface/Generic/Controllers/Implementations/Toggle.cs
 0.1 kb	 0.0% Packages/com.meta.xr.sdk.core/Scripts/ImmersiveDebugger/UserInterface/Generic/Controllers/Implementations/TextArea.cs
 0.1 kb	 0.0% Packages/com.meta.xr.sdk.core/Scripts/ImmersiveDebugger/UserInterface/Generic/Controllers/Implementations/Switch.cs
 0.1 kb	 0.0% Packages/com.meta.xr.sdk.core/Scripts/ImmersiveDebugger/UserInterface/Generic/Controllers/Implementations/Slider.cs
 0.1 kb	 0.0% Packages/com.meta.xr.sdk.core/Scripts/ImmersiveDebugger/UserInterface/Generic/Controllers/Implementations/Panel.cs
 0.1 kb	 0.0% Packages/com.meta.xr.sdk.core/Scripts/ImmersiveDebugger/UserInterface/Generic/Controllers/Implementations/Label.cs
 0.1 kb	 0.0% Packages/com.meta.xr.sdk.core/Scripts/ImmersiveDebugger/UserInterface/Generic/Controllers/Implementations/Image.cs
 0.1 kb	 0.0% Packages/com.meta.xr.sdk.core/Scripts/ImmersiveDebugger/UserInterface/Generic/Controllers/Implementations/Dropdown.cs
 0.1 kb	 0.0% Packages/com.meta.xr.sdk.core/Scripts/ImmersiveDebugger/UserInterface/Generic/Controllers/Implementations/Button.cs
 0.1 kb	 0.0% Packages/com.meta.xr.sdk.core/Scripts/ImmersiveDebugger/UserInterface/DebugPanel.cs
 0.1 kb	 0.0% Packages/com.meta.xr.sdk.core/Scripts/ImmersiveDebugger/UserInterface/ConsoleLine.cs
 0.1 kb	 0.0% Packages/com.meta.xr.sdk.core/Scripts/ImmersiveDebugger/Gizmos/GizmoRenderer.cs
 0.1 kb	 0.0% Packages/com.meta.xr.sdk.core/Scripts/ImmersiveDebugger/Gizmos/DebugGizmos/PolylineRenderer.cs
 0.1 kb	 0.0% Packages/com.meta.xr.sdk.core/Scripts/BuildingBlocks/MultiplayerBlocks/Shared/Colocation/ColocationPackage/Runtime/NetworkImpl/INetworkData.cs
 0.1 kb	 0.0% Packages/com.meta.xr.mrutilitykit/Core/Scripts/Extensions/Vector3Extensions.cs
 0.1 kb	 0.0% Packages/com.meta.xr.mrutilitykit/Core/Scripts/Extensions/Vector2Extensions.cs
 0.1 kb	 0.0% Packages/com.unity.xr.openxr/Runtime/OpenXRProjectValidation.cs
 0.1 kb	 0.0% Packages/com.unity.xr.openxr/Runtime/OpenXRLoaderNoPreInit.cs
 0.1 kb	 0.0% Packages/com.unity.xr.management/Runtime/XRManagerSettings.cs
 0.1 kb	 0.0% Packages/com.unity.xr.management/Runtime/XRGeneralSettings.cs
 0.1 kb	 0.0% Packages/com.unity.xr.legacyinputhelpers/Runtime/ArmModels/ArmModel.cs
 0.1 kb	 0.0% Packages/com.unity.xr.core-utils/Runtime/ScriptableSettingsBase.cs
 0.1 kb	 0.0% Packages/com.unity.xr.core-utils/Runtime/Extensions/MonoBehaviourExtensions.cs
 0.1 kb	 0.0% Packages/com.unity.xr.core-utils/Runtime/Datums/StringDatumProperty.cs
 0.1 kb	 0.0% Packages/com.unity.xr.core-utils/Runtime/Datums/FloatDatumProperty.cs
 0.1 kb	 0.0% Packages/com.unity.xr.core-utils/Runtime/Datums/AnimationCurveDatum.cs
 0.1 kb	 0.0% Packages/com.unity.ugui/Runtime/UGUI/EventSystem/UIElements/WorldDocumentRaycaster.cs
 0.1 kb	 0.0% Packages/com.unity.ugui/Runtime/UGUI/EventSystem/InputModules/StandaloneInputModule.cs
 0.1 kb	 0.0% Packages/com.unity.inputsystem/InputSystem/Runtime/Utilities/StringHelpers.cs
 0.1 kb	 0.0% Packages/com.unity.inputsystem/InputSystem/Runtime/Utilities/SpriteUtilities.cs
 0.1 kb	 0.0% Packages/com.unity.inputsystem/InputSystem/Runtime/Utilities/PrimitiveValue.cs
 0.1 kb	 0.0% Packages/com.unity.inputsystem/InputSystem/Runtime/Utilities/PredictiveParser.cs
 0.1 kb	 0.0% Packages/com.unity.inputsystem/InputSystem/Runtime/Utilities/NumberHelpers.cs
 0.1 kb	 0.0% Packages/com.unity.inputsystem/InputSystem/Runtime/Utilities/MemoryHelpers.cs
 0.1 kb	 0.0% Packages/com.unity.inputsystem/InputSystem/Runtime/Utilities/InternedString.cs
 0.1 kb	 0.0% Packages/com.unity.inputsystem/InputSystem/Runtime/Utilities/ExceptionHelpers.cs
 0.1 kb	 0.0% Packages/com.unity.inputsystem/InputSystem/Runtime/Utilities/DelegateHelpers.cs
 0.1 kb	 0.0% Packages/com.unity.inputsystem/InputSystem/Runtime/Plugins/iOS/iOSStepCounter.cs
 0.1 kb	 0.0% Packages/com.unity.inputsystem/InputSystem/Runtime/Plugins/XR/TrackedPoseDriver.cs
 0.1 kb	 0.0% Packages/com.unity.inputsystem/InputSystem/Runtime/Plugins/XR/Haptics/BufferedRumble.cs
 0.1 kb	 0.0% Packages/com.unity.inputsystem/InputSystem/Runtime/Plugins/UI/VirtualMouseInput.cs
 0.1 kb	 0.0% Packages/com.unity.inputsystem/InputSystem/Runtime/Plugins/UI/INavigationEventData.cs
 0.1 kb	 0.0% Packages/com.unity.inputsystem/InputSystem/Runtime/Plugins/UI/BaseInputOverride.cs
 0.1 kb	 0.0% Packages/com.unity.inputsystem/InputSystem/Runtime/Plugins/DualShock/DualShockSupport.cs
 0.1 kb	 0.0% Packages/com.unity.inputsystem/InputSystem/Runtime/Plugins/DualShock/DualShockGamepad.cs
 0.1 kb	 0.0% Packages/com.unity.inputsystem/InputSystem/Runtime/InputManager.LegacyFocusHandling.cs
 0.1 kb	 0.0% Packages/com.unity.inputsystem/InputSystem/Runtime/Controls/Processors/ScaleProcessor.cs
 0.1 kb	 0.0% Packages/com.unity.inputsystem/InputSystem/Runtime/Controls/Processors/InvertProcessor.cs
 0.1 kb	 0.0% Packages/com.unity.inputsystem/InputSystem/Runtime/Controls/Processors/ClampProcessor.cs
 0.1 kb	 0.0% Packages/com.unity.inputsystem/InputSystem/Runtime/Actions/Interactions/TapInteraction.cs
 0.1 kb	 0.0% Packages/com.unity.inputsystem/InputSystem/Runtime/Actions/Interactions/PressInteraction.cs
 0.1 kb	 0.0% Packages/com.unity.inputsystem/InputSystem/Runtime/Actions/Interactions/HoldInteraction.cs
 0.1 kb	 0.0% Packages/com.unity.inputsystem/InputSystem/Runtime/Actions/InputActionTrace.cs
 0.1 kb	 0.0% Packages/com.unity.inputsystem/InputSystem/Runtime/Actions/Composites/Vector3Composite.cs
 0.1 kb	 0.0% Packages/com.unity.inputsystem/InputSystem/Runtime/Actions/Composites/Vector2Composite.cs
 0.1 kb	 0.0% Packages/com.unity.inputsystem/InputSystem/Runtime/Actions/Composites/AxisComposite.cs
 0.1 kb	 0.0% Packages/com.unity.collections/Unity.Collections/UnsafeBitArray.cs
 0.1 kb	 0.0% Packages/com.unity.collections/Unity.Collections/UTF8ArrayUnsafeUtility.cs
 0.1 kb	 0.0% Packages/com.unity.collections/Unity.Collections/StreamCompressionModel.cs
 0.1 kb	 0.0% Packages/com.unity.collections/Unity.Collections/NativeArrayExtensions.cs
 0.1 kb	 0.0% Packages/com.unity.collections/Unity.Collections/FixedStringInternalMethods.cs
 0.1 kb	 0.0% Packages/com.unity.collections/Unity.Collections/FixedStringFormatMethods.gen.cs
 0.1 kb	 0.0% Packages/com.unity.cloud.gltfast/Runtime/Scripts/Newtonsoft/Schema/TextureExtensions.cs
 0.1 kb	 0.0% Packages/com.unity.cloud.gltfast/Runtime/Scripts/Newtonsoft/Schema/PbrMetallicRoughness.cs
 0.1 kb	 0.0% Packages/com.unity.cloud.gltfast/Runtime/Scripts/Newtonsoft/Schema/OcclusionTextureInfo.cs
 0.1 kb	 0.0% Packages/com.unity.cloud.gltfast/Runtime/Scripts/Newtonsoft/Schema/NormalTextureInfo.cs
 0.1 kb	 0.0% Packages/com.unity.cloud.gltfast/Runtime/Scripts/Newtonsoft/Schema/MaterialExtensions.cs
 0.1 kb	 0.0% Packages/com.unity.cloud.gltfast/Runtime/Scripts/Newtonsoft/Schema/CameraPerspective.cs
 0.1 kb	 0.0% Packages/com.unity.cloud.gltfast/Runtime/Scripts/Newtonsoft/Schema/CameraOrthographic.cs
 0.1 kb	 0.0% Packages/com.unity.cloud.gltfast/Runtime/Scripts/Newtonsoft/Schema/BufferViewExtensions.cs
 0.1 kb	 0.0% Packages/com.unity.cloud.gltfast/Runtime/Scripts/Newtonsoft/Schema/AccessorSparseValues.cs
 0.1 kb	 0.0% Packages/com.unity.cloud.gltfast/Runtime/Scripts/MaterialsVariants/MultiMaterialsVariantsSlotInstances.cs
 0.1 kb	 0.0% Packages/com.unity.cloud.gltfast/Runtime/Scripts/ImportAddons/ImportAddonInstanceCollection.cs
 0.1 kb	 0.0% Packages/com.unity.cloud.gltfast/Runtime/Scripts/ImportAddons/IPostBeginSceneInstanceApplier.cs
 0.1 kb	 0.0% Packages/com.unity.cloud.gltfast/Runtime/Scripts/Export/StandardMaterialExportBase.cs
 0.1 kb	 0.0% Packages/com.unity.cloud.gltfast/Runtime/Scripts/Export/MetaMaterialExportBuiltIn.cs
 0.1 kb	 0.0% Packages/com.unity.cloud.gltfast/Runtime/Scripts/Export/GltfUnlitMaterialExporter.cs
 0.1 kb	 0.0% Packages/com.unity.cloud.gltfast/Runtime/DocExamples/SimpleExport.cs
 0.1 kb	 0.0% Packages/com.unity.cloud.gltfast/Runtime/DocExamples/ExtraData.cs
 0.1 kb	 0.0% Packages/com.unity.burst/Runtime/CompilerServices/SkipLocalsInitAttribute.cs
 0.1 kb	 0.0% Packages/com.unity.burst/Runtime/CompilerServices/IgnoreWarningAttribute.cs
 0.1 kb	 0.0% Packages/com.unity.ai.navigation/Runtime/NavMeshModifierVolume.cs
 0.1 kb	 0.0% Packages/com.meta.xr.sdk.core/Scripts/Util/SampleMetadata/SampleTelemetryEvents.cs
 0.1 kb	 0.0% Packages/com.meta.xr.sdk.core/Scripts/ImmersiveDebugger/UserInterface/Resources/Styles/LayoutStyles/SliderBackground.asset
 0.1 kb	 0.0% Packages/com.meta.xr.sdk.core/Scripts/ImmersiveDebugger/UserInterface/Resources/Styles/LayoutStyles/PanelScrollView.asset
 0.1 kb	 0.0% Packages/com.meta.xr.sdk.core/Scripts/ImmersiveDebugger/UserInterface/Resources/Styles/LayoutStyles/MiniCounterValue.asset
 0.1 kb	 0.0% Packages/com.meta.xr.sdk.core/Scripts/ImmersiveDebugger/UserInterface/Resources/Styles/LayoutStyles/MemberValueFlex.asset
 0.1 kb	 0.0% Packages/com.meta.xr.sdk.core/Scripts/ImmersiveDebugger/UserInterface/Resources/Styles/LayoutStyles/MemberDescriptor.asset
 0.1 kb	 0.0% Packages/com.meta.xr.sdk.core/Scripts/ImmersiveDebugger/UserInterface/Resources/Styles/LayoutStyles/LogsScrollView.asset
 0.1 kb	 0.0% Packages/com.meta.xr.sdk.core/Scripts/ImmersiveDebugger/UserInterface/Resources/Styles/LayoutStyles/InspectorTitle.asset
 0.1 kb	 0.0% Packages/com.meta.xr.sdk.core/Scripts/ImmersiveDebugger/UserInterface/Resources/Styles/LayoutStyles/InspectorPanel.asset
 0.1 kb	 0.0% Packages/com.meta.xr.sdk.core/Scripts/ImmersiveDebugger/UserInterface/Resources/Styles/LayoutStyles/InspectorFoldout.asset
 0.1 kb	 0.0% Packages/com.meta.xr.sdk.core/Scripts/ImmersiveDebugger/UserInterface/Resources/Styles/LayoutStyles/InspectorFlex.asset
 0.1 kb	 0.0% Packages/com.meta.xr.sdk.core/Scripts/ImmersiveDebugger/UserInterface/Resources/Styles/LayoutStyles/InspectorDivFlex.asset
 0.1 kb	 0.0% Packages/com.meta.xr.sdk.core/Scripts/ImmersiveDebugger/UserInterface/Resources/Styles/LayoutStyles/FillWithMargin.asset
 0.1 kb	 0.0% Packages/com.meta.xr.sdk.core/Scripts/ImmersiveDebugger/UserInterface/Resources/Styles/LayoutStyles/ConsoleLineLabel.asset
 0.1 kb	 0.0% Packages/com.meta.xr.sdk.core/Scripts/ImmersiveDebugger/UserInterface/Resources/Styles/LayoutStyles/ConsoleLineFlex.asset
 0.1 kb	 0.0% Packages/com.meta.xr.sdk.core/Scripts/ImmersiveDebugger/UserInterface/Resources/Styles/LayoutStyles/ConsoleButtons.asset
 0.1 kb	 0.0% Packages/com.meta.xr.sdk.core/Scripts/ImmersiveDebugger/UserInterface/Resources/Styles/LayoutStyles/ConsoleButton.asset
 0.1 kb	 0.0% Packages/com.meta.xr.sdk.core/Scripts/ImmersiveDebugger/UserInterface/Resources/Styles/LayoutStyles/CategorySubLabel.asset
 0.1 kb	 0.0% Packages/com.meta.xr.sdk.core/Scripts/ImmersiveDebugger/UserInterface/Resources/Styles/LayoutStyles/CategoryLabel.asset
 0.1 kb	 0.0% Packages/com.meta.xr.sdk.core/Scripts/ImmersiveDebugger/UserInterface/Resources/Styles/LayoutStyles/CategoryButton.asset
 0.1 kb	 0.0% Packages/com.meta.xr.sdk.core/Scripts/ImmersiveDebugger/UserInterface/Resources/Styles/LayoutStyles/CategoriesDiv.asset
 0.1 kb	 0.0% Packages/com.meta.xr.sdk.core/Scripts/ImmersiveDebugger/UserInterface/Resources/Styles/ImageStyles/WarningIcon.asset
 0.1 kb	 0.0% Packages/com.meta.xr.sdk.core/Scripts/ImmersiveDebugger/UserInterface/Resources/Styles/ImageStyles/PillWarning.asset
 0.1 kb	 0.0% Packages/com.meta.xr.sdk.core/Scripts/ImmersiveDebugger/UserInterface/Resources/Styles/ImageStyles/PillError.asset
 0.1 kb	 0.0% Packages/com.meta.xr.sdk.core/Scripts/ImmersiveDebugger/UserInterface/Resources/Styles/ImageStyles/NoticeIcon.asset
 0.1 kb	 0.0% Packages/com.meta.xr.sdk.core/Scripts/ImmersiveDebugger/UserInterface/Resources/Styles/ImageStyles/MiniCounter.asset
 0.1 kb	 0.0% Packages/com.meta.xr.sdk.core/Scripts/ImmersiveDebugger/UserInterface/Resources/Styles/ImageStyles/FoldoutIcon.asset
 0.1 kb	 0.0% Packages/com.meta.xr.sdk.core/Scripts/ImmersiveDebugger/UserInterface/Resources/Styles/ImageStyles/ErrorIcon.asset
 0.1 kb	 0.0% Packages/com.meta.xr.sdk.core/Scripts/ImmersiveDebugger/RuntimeSettings.cs
 0.1 kb	 0.0% Packages/com.meta.xr.sdk.core/Scripts/ImmersiveDebugger/Managers/WatchManager.cs
 0.1 kb	 0.0% Packages/com.meta.xr.sdk.core/Scripts/ImmersiveDebugger/Managers/TweakManager.cs
 0.1 kb	 0.0% Packages/com.meta.xr.sdk.core/Scripts/ImmersiveDebugger/Managers/Hooks/GizmoHook.cs
 0.1 kb	 0.0% Packages/com.meta.xr.sdk.core/Scripts/ImmersiveDebugger/Managers/Hooks/ActionHook.cs
 0.1 kb	 0.0% Packages/com.meta.xr.sdk.core/Scripts/ImmersiveDebugger/Managers/GizmoManager.cs
 0.1 kb	 0.0% Packages/com.meta.xr.sdk.core/Scripts/ImmersiveDebugger/Managers/DebugManager.cs
 0.1 kb	 0.0% Packages/com.meta.xr.sdk.core/Scripts/ImmersiveDebugger/InspectedData/InspectedData.cs
 0.1 kb	 0.0% Packages/com.meta.xr.sdk.core/Scripts/ImmersiveDebugger/DebugInspector/DebugInspector.cs
 0.1 kb	 0.0% Packages/com.meta.xr.sdk.core/Scripts/BuildingBlocks/SharedSpatialAnchorCore/SharedSpatialAnchorErrorHandler.cs
 0.1 kb	 0.0% Packages/com.meta.xr.sdk.core/Scripts/BuildingBlocks/RoomMesh/RoomMeshController.cs
 0.1 kb	 0.0% Packages/com.meta.xr.sdk.core/Scripts/BuildingBlocks/AIBlocks/Tasks/IChatTask.cs
 0.1 kb	 0.0% Packages/com.meta.xr.sdk.core/Editor/OVRPlatformToolSettings.cs
 0.1 kb	 0.0% Packages/com.meta.xr.mrutilitykit/Core/Scripts/SceneDecorator/SceneDecoratorTypes.cs
 0.1 kb	 0.0% Packages/com.meta.xr.mrutilitykit/Core/Scripts/SceneDecorator/SceneDecorator.cs
 0.1 kb	 0.0% Packages/com.meta.xr.mrutilitykit/Core/Scripts/SceneDecorator/SceneDecoration.cs
 0.1 kb	 0.0% Packages/com.meta.xr.mrutilitykit/Core/Scripts/SceneDecorator/Modifier/ScaleModifier.cs
 0.1 kb	 0.0% Packages/com.meta.xr.mrutilitykit/Core/Scripts/SceneDecorator/Modifier/RotationModifier.cs
 0.1 kb	 0.0% Packages/com.meta.xr.mrutilitykit/Core/Scripts/SceneDecorator/Masks/StochasticMask.cs
 0.1 kb	 0.0% Packages/com.meta.xr.mrutilitykit/Core/Scripts/SceneDecorator/Masks/SpaceMapGPUMask.cs
 0.1 kb	 0.0% Packages/com.meta.xr.mrutilitykit/Core/Scripts/SceneDecorator/Masks/SimplexNoiseMask.cs
 0.1 kb	 0.0% Packages/com.meta.xr.mrutilitykit/Core/Scripts/SceneDecorator/Masks/RayDistanceMask.cs
 0.1 kb	 0.0% Packages/com.meta.xr.mrutilitykit/Core/Scripts/SceneDecorator/Masks/NotInsideMask.cs
 0.1 kb	 0.0% Packages/com.meta.xr.mrutilitykit/Core/Scripts/SceneDecorator/Masks/CompositeMaskMul.cs
 0.1 kb	 0.0% Packages/com.meta.xr.mrutilitykit/Core/Scripts/SceneDecorator/Masks/CompositeMaskMin.cs
 0.1 kb	 0.0% Packages/com.meta.xr.mrutilitykit/Core/Scripts/SceneDecorator/Masks/CompositeMaskMax.cs
 0.1 kb	 0.0% Packages/com.meta.xr.mrutilitykit/Core/Scripts/SceneDecorator/Masks/CompositeMaskAvg.cs
 0.1 kb	 0.0% Packages/com.meta.xr.mrutilitykit/Core/Scripts/SceneDecorator/Masks/CompositeMaskAdd.cs
 0.1 kb	 0.0% Packages/com.meta.xr.mrutilitykit/Core/Scripts/SceneDecorator/Editor/ModifierEditor.cs
 0.1 kb	 0.0% Packages/com.meta.xr.mrutilitykit/Core/Scripts/SceneDecorator/Distributions/GridDistribution.cs
 0.1 kb	 0.0% Packages/com.meta.xr.mrutilitykit/Core/Scripts/ImmersiveSceneDebugger.cs
 0.1 kb	 0.0% Packages/com.meta.xr.mrutilitykit/Core/Scripts/BuildingBlocks/InstantContentPlacement/Scripts/PointAndLocate.cs
 0.1 kb	 0.0% Packages/com.meta.xr.mrutilitykit/Core/Scripts/BuildingBlocks/InstantContentPlacement/Scripts/PlaceWithAnchor.cs
 0.1 kb	 0.0% Packages/com.meta.xr.mrutilitykit/Core/Scripts/BuildingBlocks/InstantContentPlacement/Scripts/GrabAndLocate.cs
 0.1 kb	 0.0% Packages/com.meta.xr.mrutilitykit/Core/Scripts/BuildingBlocks/EffectMesh/Scripts/EffectMeshEvent.cs
 0.1 kb	 0.0% Assets/Milzet/StartupSource/Project/Scripts/Timeline/Tracks/UICanvas/UICanvasTrack.cs
 0.1 kb	 0.0% Packages/com.unity.xr.core-utils/Runtime/Attributes/EnumDisplayAttribute.cs
 0.1 kb	 0.0% Packages/com.unity.ugui/Runtime/TMP/TMP_ScrollbarEventHandler.cs
 0.1 kb	 0.0% Packages/com.unity.ugui/Runtime/TMP/TMP_PackageResourceImporter.cs
 0.1 kb	 0.0% Packages/com.unity.ugui/Runtime/InternalBridge/ObjectUtilsBridge.cs
 0.1 kb	 0.0% Packages/com.unity.timeline/Runtime/Utilities/TimelineCreateUtilities.cs
 0.1 kb	 0.0% Packages/com.unity.timeline/Runtime/Utilities/TimelineClipExtensions.cs
 0.1 kb	 0.0% Packages/com.unity.timeline/Runtime/Utilities/NotificationUtilities.cs
 0.1 kb	 0.0% Packages/com.unity.timeline/Runtime/Playables/PrefabControlPlayable.cs
 0.1 kb	 0.0% Packages/com.unity.timeline/Runtime/Playables/ParticleControlPlayable.cs
 0.1 kb	 0.0% Packages/com.unity.timeline/Runtime/Playables/DirectorControlPlayable.cs
 0.1 kb	 0.0% Packages/com.unity.timeline/Runtime/Events/Signals/CustomSignalEventDrawer.cs
 0.1 kb	 0.0% Packages/com.unity.timeline/Runtime/Attributes/TimelineHelpURLAttribute.cs
 0.1 kb	 0.0% Packages/com.unity.timeline/Runtime/Animation/AnimationPlayableAsset.cs
 0.1 kb	 0.0% Packages/com.unity.timeline/Runtime/Activation/ActivationPlayableAsset.cs
 0.1 kb	 0.0% Packages/com.unity.timeline/Runtime/Activation/ActivationMixerPlayable.cs
 0.1 kb	 0.0% Packages/com.unity.mathematics/Unity.Mathematics/PropertyAttributes.cs
 0.1 kb	 0.0% Packages/com.unity.inputsystem/InputSystem/Runtime/State/InputStateBlock.cs
 0.1 kb	 0.0% Packages/com.unity.inputsystem/InputSystem/Runtime/Plugins/XInput/XboxGamepadMacOS.cs
 0.1 kb	 0.0% Packages/com.unity.inputsystem/InputSystem/Runtime/Plugins/XInput/XInputSupport.cs
 0.1 kb	 0.0% Packages/com.unity.inputsystem/InputSystem/Runtime/Plugins/XInput/XInputController.cs
 0.1 kb	 0.0% Packages/com.unity.inputsystem/InputSystem/Runtime/Plugins/XInput/IXboxOneRumble.cs
 0.1 kb	 0.0% Packages/com.unity.inputsystem/InputSystem/Runtime/Plugins/WebGL/WebGLJoystick.cs
 0.1 kb	 0.0% Packages/com.unity.inputsystem/InputSystem/Runtime/Plugins/Switch/SwitchSupportHID.cs
 0.1 kb	 0.0% Packages/com.unity.inputsystem/InputSystem/Runtime/Plugins/PlayerInput/PlayerInputManager.cs
 0.1 kb	 0.0% Packages/com.unity.inputsystem/InputSystem/Runtime/Plugins/PlayerInput/DefaultInputActions.cs
 0.1 kb	 0.0% Packages/com.unity.inputsystem/InputSystem/Runtime/Plugins/OnScreen/OnScreenSupport.cs
 0.1 kb	 0.0% Packages/com.unity.inputsystem/InputSystem/Runtime/Plugins/OnScreen/OnScreenStick.cs
 0.1 kb	 0.0% Packages/com.unity.inputsystem/InputSystem/Runtime/Plugins/OnScreen/OnScreenControl.cs
 0.1 kb	 0.0% Packages/com.unity.inputsystem/InputSystem/Runtime/Plugins/OnScreen/OnScreenButton.cs
 0.1 kb	 0.0% Packages/com.unity.inputsystem/InputSystem/Runtime/Plugins/Linux/SDLDeviceBuilder.cs
 0.1 kb	 0.0% Packages/com.unity.inputsystem/InputSystem/Runtime/Plugins/EnhancedTouch/TouchHistory.cs
 0.1 kb	 0.0% Packages/com.unity.inputsystem/InputSystem/Runtime/Plugins/Android/AndroidSupport.cs
 0.1 kb	 0.0% Packages/com.unity.inputsystem/InputSystem/Runtime/InputSystemTestHooks.cs
 0.1 kb	 0.0% Packages/com.unity.inputsystem/InputSystem/Runtime/InputFeatureNames.cs
 0.1 kb	 0.0% Packages/com.unity.inputsystem/InputSystem/Runtime/IInputRuntime.cs
 0.1 kb	 0.0% Packages/com.unity.inputsystem/InputSystem/Runtime/IInputDiagnostics.cs
 0.1 kb	 0.0% Packages/com.unity.inputsystem/InputSystem/Runtime/Events/InputEventTrace.cs
 0.1 kb	 0.0% Packages/com.unity.inputsystem/InputSystem/Runtime/Events/InputEventStream.cs
 0.1 kb	 0.0% Packages/com.unity.inputsystem/InputSystem/Runtime/Events/InputEventPtr.cs
 0.1 kb	 0.0% Packages/com.unity.inputsystem/InputSystem/Runtime/Events/InputEventBuffer.cs
 0.1 kb	 0.0% Packages/com.unity.inputsystem/InputSystem/Runtime/Events/DeviceResetEvent.cs
 0.1 kb	 0.0% Packages/com.unity.inputsystem/InputSystem/Runtime/Events/DeltaStateEvent.cs
 0.1 kb	 0.0% Packages/com.unity.inputsystem/InputSystem/Runtime/Devices/Haptics/IDualMotorRumble.cs
 0.1 kb	 0.0% Packages/com.unity.inputsystem/InputSystem/Runtime/Devices/Haptics/DualMotorRumble.cs
 0.1 kb	 0.0% Packages/com.unity.inputsystem/InputSystem/Runtime/Controls/Vector3Control.cs
 0.1 kb	 0.0% Packages/com.unity.inputsystem/InputSystem/Runtime/Controls/Vector2Control.cs
 0.1 kb	 0.0% Packages/com.unity.inputsystem/InputSystem/Runtime/Controls/IntegerControl.cs
 0.1 kb	 0.0% Packages/com.unity.inputsystem/InputSystem/Runtime/Controls/DoubleControl.cs
 0.1 kb	 0.0% Packages/com.unity.inputsystem/InputSystem/Runtime/Controls/ButtonControl.cs
 0.1 kb	 0.0% Packages/com.unity.inputsystem/InputSystem/Runtime/Controls/AnyKeyControl.cs
 0.1 kb	 0.0% Packages/com.unity.inputsystem/InputSystem/Runtime/Actions/InputControlScheme.cs
 0.1 kb	 0.0% Packages/com.unity.inputsystem/InputSystem/Runtime/Actions/InputBindingResolver.cs
 0.1 kb	 0.0% Packages/com.unity.inputsystem/InputSystem/Runtime/Actions/InputActionReference.cs
 0.1 kb	 0.0% Packages/com.unity.inputsystem/InputSystem/Runtime/Actions/InputActionProperty.cs
 0.1 kb	 0.0% Packages/com.unity.inputsystem/InputSystem/Runtime/Actions/IInputInteraction.cs
 0.1 kb	 0.0% Packages/com.unity.inputsystem/InputSystem/Editor/UITKAssetEditor/Views/PropertiesView.cs
 0.1 kb	 0.0% Packages/com.unity.inputsystem/InputSystem/Editor/UITKAssetEditor/Views/DropManipulator.cs
 0.1 kb	 0.0% Packages/com.unity.inputsystem/InputSystem/Editor/UITKAssetEditor/Views/CopyPasteHelper.cs
 0.1 kb	 0.0% Packages/com.unity.inputsystem/InputSystem/Editor/UITKAssetEditor/Views/ActionsTreeView.cs
 0.1 kb	 0.0% Packages/com.unity.inputsystem/InputSystem/Editor/UITKAssetEditor/Views/ActionMapsView.cs
 0.1 kb	 0.0% Packages/com.unity.inputsystem/InputSystem/Editor/UITKAssetEditor/StateContainer.cs
 0.1 kb	 0.0% Packages/com.unity.inputsystem/InputSystem/Editor/UITKAssetEditor/ExpressionUtils.cs
 0.1 kb	 0.0% Packages/com.unity.inputsystem/InputSystem/Editor/Plugins/iOS/iOSPostProcessBuild.cs
 0.1 kb	 0.0% Packages/com.unity.inputsystem/InputSystem/Editor/Plugins/UnityRemote/UnityRemoteSupport.cs
 0.1 kb	 0.0% Packages/com.unity.inputsystem/InputSystem/Editor/Internal/TreeViewHelpers.cs
 0.1 kb	 0.0% Packages/com.unity.inputsystem/InputSystem/Editor/Internal/InputStateWindow.cs
 0.1 kb	 0.0% Packages/com.unity.inputsystem/InputSystem/Editor/Internal/EditorHelpers.cs
 0.1 kb	 0.0% Packages/com.unity.inputsystem/InputSystem/Editor/Internal/AdvancedDropdown/AdvancedDropdown.cs
 0.1 kb	 0.0% Packages/com.unity.inputsystem/InputSystem/Editor/InputSystemObject.cs
 0.1 kb	 0.0% Packages/com.unity.inputsystem/InputSystem/Editor/InputDiagnostics.cs
 0.1 kb	 0.0% Packages/com.unity.collections/Unity.Collections/UnsafeList.cs
 0.1 kb	 0.0% Packages/com.unity.collections/Unity.Collections/FixedStringParseMethods.cs
 0.1 kb	 0.0% Packages/com.unity.collections/Unity.Collections/FixedStringAppendMethods.cs
 0.1 kb	 0.0% Packages/com.unity.cloud.gltfast/Runtime/Scripts/Schema/MaterialsVariantsExtension.cs
 0.1 kb	 0.0% Packages/com.unity.cloud.gltfast/Runtime/Scripts/Export/VertexAttributeUsage.cs
 0.1 kb	 0.0% Packages/com.unity.cloud.gltfast/Runtime/Scripts/Animations/IAnimationProcessorFactory.cs
 0.1 kb	 0.0% Packages/com.meta.xr.sdk.core/Scripts/Util/OVRMixedRealityCaptureConfiguration.cs
 0.1 kb	 0.0% Packages/com.meta.xr.sdk.core/Scripts/OpenXRFeatures/MetaXREyeTrackedFoveationFeature.cs
 0.1 kb	 0.0% Packages/com.meta.xr.sdk.core/Scripts/OVRVirtualKeyboard/OVRVirtualKeyboardSampleWPMPrompt.cs
 0.1 kb	 0.0% Packages/com.meta.xr.sdk.core/Scripts/OVRVirtualKeyboard/OVRVirtualKeyboardSampleInputHandler.cs
 0.1 kb	 0.0% Packages/com.meta.xr.sdk.core/Scripts/OVRVirtualKeyboard/OVRVirtualKeyboardHandInputHandler.cs
 0.1 kb	 0.0% Packages/com.meta.xr.sdk.core/Scripts/Movement/OVRUnityHumanoidSkeletonRetargeter.cs
 0.1 kb	 0.0% Packages/com.meta.xr.sdk.core/Scripts/Movement/OVRHumanBodyBonesMappingsInterface.cs
 0.1 kb	 0.0% Packages/com.meta.xr.sdk.core/Scripts/ImmersiveDebugger/UserInterface/Values.cs
 0.1 kb	 0.0% Packages/com.meta.xr.sdk.core/Scripts/ImmersiveDebugger/UserInterface/Value.cs
 0.1 kb	 0.0% Packages/com.meta.xr.sdk.core/Scripts/ImmersiveDebugger/UserInterface/Utils/Utils.cs
 0.1 kb	 0.0% Packages/com.meta.xr.sdk.core/Scripts/ImmersiveDebugger/UserInterface/Resources/Styles/LayoutStyles/TextureValue.asset
 0.1 kb	 0.0% Packages/com.meta.xr.sdk.core/Scripts/ImmersiveDebugger/UserInterface/Resources/Styles/LayoutStyles/SliderPill.asset
 0.1 kb	 0.0% Packages/com.meta.xr.sdk.core/Scripts/ImmersiveDebugger/UserInterface/Resources/Styles/LayoutStyles/SliderFill.asset
 0.1 kb	 0.0% Packages/com.meta.xr.sdk.core/Scripts/ImmersiveDebugger/UserInterface/Resources/Styles/LayoutStyles/PillVertical.asset
 0.1 kb	 0.0% Packages/com.meta.xr.sdk.core/Scripts/ImmersiveDebugger/UserInterface/Resources/Styles/LayoutStyles/PanelTitle.asset
 0.1 kb	 0.0% Packages/com.meta.xr.sdk.core/Scripts/ImmersiveDebugger/UserInterface/Resources/Styles/LayoutStyles/PanelButton.asset
 0.1 kb	 0.0% Packages/com.meta.xr.sdk.core/Scripts/ImmersiveDebugger/UserInterface/Resources/Styles/LayoutStyles/MiniCounter.asset
 0.1 kb	 0.0% Packages/com.meta.xr.sdk.core/Scripts/ImmersiveDebugger/UserInterface/Resources/Styles/LayoutStyles/MiniButtons.asset
 0.1 kb	 0.0% Packages/com.meta.xr.sdk.core/Scripts/ImmersiveDebugger/UserInterface/Resources/Styles/LayoutStyles/MiniButton.asset
 0.1 kb	 0.0% Packages/com.meta.xr.sdk.core/Scripts/ImmersiveDebugger/UserInterface/Resources/Styles/LayoutStyles/MemberValue.asset
 0.1 kb	 0.0% Packages/com.meta.xr.sdk.core/Scripts/ImmersiveDebugger/UserInterface/Resources/Styles/LayoutStyles/MemberTitle.asset
 0.1 kb	 0.0% Packages/com.meta.xr.sdk.core/Scripts/ImmersiveDebugger/UserInterface/Resources/Styles/LayoutStyles/MemberSlider.asset
 0.1 kb	 0.0% Packages/com.meta.xr.sdk.core/Scripts/ImmersiveDebugger/UserInterface/Resources/Styles/LayoutStyles/MemberFlex.asset
 0.1 kb	 0.0% Packages/com.meta.xr.sdk.core/Scripts/ImmersiveDebugger/UserInterface/Resources/Styles/LayoutStyles/MemberButton.asset
 0.1 kb	 0.0% Packages/com.meta.xr.sdk.core/Scripts/ImmersiveDebugger/UserInterface/Resources/Styles/LayoutStyles/MemberAction.asset
 0.1 kb	 0.0% Packages/com.meta.xr.sdk.core/Scripts/ImmersiveDebugger/UserInterface/Resources/Styles/LayoutStyles/Interface.asset
 0.1 kb	 0.0% Packages/com.meta.xr.sdk.core/Scripts/ImmersiveDebugger/UserInterface/Resources/Styles/LayoutStyles/Inspector.asset
 0.1 kb	 0.0% Packages/com.meta.xr.sdk.core/Scripts/ImmersiveDebugger/UserInterface/Resources/Styles/LayoutStyles/HierarchyDiv.asset
 0.1 kb	 0.0% Packages/com.meta.xr.sdk.core/Scripts/ImmersiveDebugger/UserInterface/Resources/Styles/LayoutStyles/DynamicSpace.asset
 0.1 kb	 0.0% Packages/com.meta.xr.sdk.core/Scripts/ImmersiveDebugger/UserInterface/Resources/Styles/LayoutStyles/ConsolePanel.asset
 0.1 kb	 0.0% Packages/com.meta.xr.sdk.core/Scripts/ImmersiveDebugger/UserInterface/Resources/Styles/LayoutStyles/ConsoleLogs.asset
 0.1 kb	 0.0% Packages/com.meta.xr.sdk.core/Scripts/ImmersiveDebugger/UserInterface/Resources/Styles/LayoutStyles/ConsoleLine.asset
 0.1 kb	 0.0% Packages/com.meta.xr.sdk.core/Scripts/ImmersiveDebugger/UserInterface/Resources/Styles/LayoutStyles/ConsoleFlex.asset
 0.1 kb	 0.0% Packages/com.meta.xr.sdk.core/Scripts/ImmersiveDebugger/UserInterface/Resources/Styles/LayoutStyles/CloseButton.asset
 0.1 kb	 0.0% Packages/com.meta.xr.sdk.core/Scripts/ImmersiveDebugger/UserInterface/Resources/Styles/ImageStyles/PillInfo.asset
 0.1 kb	 0.0% Packages/com.meta.xr.sdk.core/Scripts/ImmersiveDebugger/UserInterface/Resources/Styles/ImageStyles/Default.asset
 0.1 kb	 0.0% Packages/com.meta.xr.sdk.core/Scripts/ImmersiveDebugger/UserInterface/Resources/Styles/ImageStyles/BinIcon.asset
 0.1 kb	 0.0% Packages/com.meta.xr.sdk.core/Scripts/ImmersiveDebugger/UserInterface/Member.cs
 0.1 kb	 0.0% Packages/com.meta.xr.sdk.core/Scripts/ImmersiveDebugger/UserInterface/LogEntry.cs
 0.1 kb	 0.0% Packages/com.meta.xr.sdk.core/Scripts/ImmersiveDebugger/UserInterface/Generic/Controllers/Implementations/Icon.cs
 0.1 kb	 0.0% Packages/com.meta.xr.sdk.core/Scripts/ImmersiveDebugger/UserInterface/Generic/Controllers/Implementations/Flex.cs
 0.1 kb	 0.0% Packages/com.meta.xr.sdk.core/Scripts/ImmersiveDebugger/UserInterface/DebugBar.cs
 0.1 kb	 0.0% Packages/com.meta.xr.sdk.core/Scripts/ImmersiveDebugger/UserInterface/Console.cs
 0.1 kb	 0.0% Packages/com.meta.xr.sdk.core/Scripts/ImmersiveDebugger/Gizmos/DebugGizmos/DebugGizmos.cs
 0.1 kb	 0.0% Packages/com.meta.xr.sdk.core/Scripts/BuildingBlocks/MultiplayerBlocks/Shared/Colocation/ColocationPackage/Runtime/Utils/Logger.cs
 0.1 kb	 0.0% Packages/com.meta.xr.sdk.core/Scripts/BuildingBlocks/MultiplayerBlocks/Shared/Colocation/ColocationPackage/Runtime/NetworkImpl/Player.cs
 0.1 kb	 0.0% Packages/com.meta.xr.sdk.core/Scripts/BuildingBlocks/MultiplayerBlocks/Shared/Colocation/ColocationPackage/Runtime/NetworkImpl/Anchor.cs
 0.1 kb	 0.0% Packages/com.meta.xr.mrutilitykit/Core/Scripts/EnvironmentRaycastManager.cs
 0.1 kb	 0.0% Packages/com.unity.xr.openxr/Runtime/WaitForRestartFinish.cs
 0.1 kb	 0.0% Packages/com.unity.xr.openxr/Runtime/OpenXRUnityAPI.cs
 0.1 kb	 0.0% Packages/com.unity.xr.openxr/Runtime/OpenXRDiagnosticReport.cs
 0.1 kb	 0.0% Packages/com.unity.xr.openxr/Runtime/Features/SpaceWarpFeature.cs
 0.1 kb	 0.0% Packages/com.unity.xr.openxr/Runtime/Features/OpenXRFeature.cs
 0.1 kb	 0.0% Packages/com.unity.xr.management/Runtime/XRLoaderHelper.cs
 0.1 kb	 0.0% Packages/com.unity.xr.management/Runtime/IXRLoaderPreInit.cs
 0.1 kb	 0.0% Packages/com.unity.xr.core-utils/Runtime/SerializableGuidUtil.cs
 0.1 kb	 0.0% Packages/com.unity.xr.core-utils/Runtime/OnDestroyNotifier.cs
 0.1 kb	 0.0% Packages/com.unity.xr.core-utils/Runtime/Extensions/Vector3Extensions.cs
 0.1 kb	 0.0% Packages/com.unity.xr.core-utils/Runtime/Extensions/Vector2Extensions.cs
 0.1 kb	 0.0% Packages/com.unity.xr.core-utils/Runtime/Extensions/TransformExtensions.cs
 0.1 kb	 0.0% Packages/com.unity.xr.core-utils/Runtime/Extensions/StopwatchExtensions.cs
 0.1 kb	 0.0% Packages/com.unity.xr.core-utils/Runtime/Extensions/QuaternionExtensions.cs
 0.1 kb	 0.0% Packages/com.unity.xr.core-utils/Runtime/Extensions/LayerMaskExtensions.cs
 0.1 kb	 0.0% Packages/com.unity.xr.core-utils/Runtime/Extensions/HashSetExtensions.cs
 0.1 kb	 0.0% Packages/com.unity.xr.core-utils/Runtime/Extensions/GameObjectExtensions.cs
 0.1 kb	 0.0% Packages/com.unity.xr.core-utils/Runtime/Extensions/DictionaryExtensions.cs
 0.1 kb	 0.0% Packages/com.unity.xr.core-utils/Runtime/Extensions/CollectionExtensions.cs
 0.1 kb	 0.0% Packages/com.unity.xr.core-utils/Runtime/Datums/IntDatumProperty.cs
 0.1 kb	 0.0% Packages/com.unity.xr.core-utils/Runtime/Bindings/IEventBinding.cs
 0.1 kb	 0.0% Packages/com.unity.xr.core-utils/Runtime/Bindings/BindingsGroup.cs
 0.1 kb	 0.0% Packages/com.unity.xr.core-utils/Runtime/Attributes/ReadOnlyAttribute.cs
 0.1 kb	 0.0% Packages/com.unity.ugui/Runtime/UGUI/UI/Core/Utility/ReflectionMethodsCache.cs
 0.1 kb	 0.0% Packages/com.unity.ugui/Runtime/UGUI/UI/Core/MultipleDisplayUtilities.cs
 0.1 kb	 0.0% Packages/com.unity.ugui/Runtime/UGUI/UI/Core/Layout/HorizontalLayoutGroup.cs
 0.1 kb	 0.0% Packages/com.unity.ugui/Runtime/UGUI/UI/Core/IGraphicEnabledDisabled.cs
 0.1 kb	 0.0% Packages/com.unity.ugui/Runtime/UGUI/UI/Core/GraphicRebuildTracker.cs
 0.1 kb	 0.0% Packages/com.unity.ugui/Runtime/UGUI/UI/Core/Culling/RectangularVertexClipper.cs
 0.1 kb	 0.0% Packages/com.unity.ugui/Runtime/UGUI/EventSystem/UIElements/PanelEventHandler.cs
 0.1 kb	 0.0% Packages/com.unity.ugui/Runtime/UGUI/EventSystem/Raycasters/Physics2DRaycaster.cs
 0.1 kb	 0.0% Packages/com.unity.ugui/Runtime/UGUI/EventSystem/InputModules/PointerInputModule.cs
 0.1 kb	 0.0% Packages/com.unity.timeline/Runtime/TimelinePlayable_Animation.cs
 0.1 kb	 0.0% Packages/com.unity.timeline/Runtime/TimelineAttributes.cs
 0.1 kb	 0.0% Packages/com.unity.timeline/Runtime/Playables/BasicScriptPlayable.cs
 0.1 kb	 0.0% Packages/com.unity.inputsystem/InputSystem/Runtime/Utilities/TypeTable.cs
 0.1 kb	 0.0% Packages/com.unity.inputsystem/InputSystem/Runtime/Utilities/TypeHelpers.cs
 0.1 kb	 0.0% Packages/com.unity.inputsystem/InputSystem/Runtime/Utilities/Substring.cs
 0.1 kb	 0.0% Packages/com.unity.inputsystem/InputSystem/Runtime/Utilities/SavedState.cs
 0.1 kb	 0.0% Packages/com.unity.inputsystem/InputSystem/Runtime/Utilities/Observables/Observable.cs
 0.1 kb	 0.0% Packages/com.unity.inputsystem/InputSystem/Runtime/Utilities/NamedValue.cs
 0.1 kb	 0.0% Packages/com.unity.inputsystem/InputSystem/Runtime/Utilities/MiscHelpers.cs
 0.1 kb	 0.0% Packages/com.unity.inputsystem/InputSystem/Runtime/Utilities/JsonParser.cs
 0.1 kb	 0.0% Packages/com.unity.inputsystem/InputSystem/Runtime/Utilities/ArrayHelpers.cs
 0.1 kb	 0.0% Packages/com.unity.inputsystem/InputSystem/Runtime/Plugins/iOS/InputSettingsiOS.cs
 0.1 kb	 0.0% Packages/com.unity.inputsystem/InputSystem/Runtime/Plugins/XR/XRLayoutBuilder.cs
 0.1 kb	 0.0% Packages/com.unity.inputsystem/InputSystem/Runtime/Plugins/UI/NavigationModel.cs
 0.1 kb	 0.0% Packages/com.unity.inputsystem/InputSystem/Runtime/InputUpdateType.cs
 0.1 kb	 0.0% Packages/com.unity.collections/Unity.Collections/UnsafeText.cs
 0.1 kb	 0.0% Packages/com.unity.collections/Unity.Collections/UnsafeStream.cs
 0.1 kb	 0.0% Packages/com.unity.collections/Unity.Collections/RewindableAllocator.cs
 0.1 kb	 0.0% Packages/com.unity.collections/Unity.Collections/FixedStringMethods.cs
 0.1 kb	 0.0% Packages/com.unity.collections/Unity.Collections/AutoFreeAllocator.cs
 0.1 kb	 0.0% Packages/com.unity.cloud.gltfast/Runtime/Scripts/UninterruptedDefaultDeferAgent.cs
 0.1 kb	 0.0% Packages/com.unity.cloud.gltfast/Runtime/Scripts/Newtonsoft/Schema/UnclassifiedData.cs
 0.1 kb	 0.0% Packages/com.unity.cloud.gltfast/Runtime/Scripts/Newtonsoft/Schema/RootExtensions.cs
 0.1 kb	 0.0% Packages/com.unity.cloud.gltfast/Runtime/Scripts/Newtonsoft/Schema/NodeExtensions.cs
 0.1 kb	 0.0% Packages/com.unity.cloud.gltfast/Runtime/Scripts/Newtonsoft/Schema/MeshPrimitive.cs
 0.1 kb	 0.0% Packages/com.unity.cloud.gltfast/Runtime/Scripts/Newtonsoft/Schema/AnimationSampler.cs
 0.1 kb	 0.0% Packages/com.unity.cloud.gltfast/Runtime/Scripts/Newtonsoft/Schema/AnimationChannel.cs
 0.1 kb	 0.0% Packages/com.unity.cloud.gltfast/Runtime/Scripts/Newtonsoft/Schema/AccessorSparse.cs
 0.1 kb	 0.0% Packages/com.unity.cloud.gltfast/Runtime/Scripts/MaterialsVariants/MaterialsVariantsSlotInstances.cs
 0.1 kb	 0.0% Packages/com.unity.cloud.gltfast/Runtime/Scripts/MaterialsVariants/IMaterialsVariantsSlotInstance.cs
 0.1 kb	 0.0% Packages/com.unity.cloud.gltfast/Runtime/Scripts/Loading/CustomHeaderDownloadProvider.cs
 0.1 kb	 0.0% Packages/com.unity.cloud.gltfast/Runtime/Scripts/ImportAddons/IDataInstanceApplierFactory.cs
 0.1 kb	 0.0% Packages/com.unity.cloud.gltfast/Runtime/Scripts/Export/StandardMaterialExport.cs
 0.1 kb	 0.0% Packages/com.unity.cloud.gltfast/Runtime/Scripts/Export/MeshMaterialCombination.cs
 0.1 kb	 0.0% Packages/com.unity.cloud.gltfast/Runtime/Scripts/Export/GameObjectExportSettings.cs
 0.1 kb	 0.0% Packages/com.unity.burst/Runtime/CompilerServices/AssumeRangeAttribute.cs
 0.1 kb	 0.0% Packages/com.meta.xr.sdk.core/Scripts/ImmersiveDebugger/UserInterface/Resources/Styles/LayoutStyles/Member.asset
 0.1 kb	 0.0% Packages/com.meta.xr.sdk.core/Scripts/ImmersiveDebugger/UserInterface/Resources/Styles/LayoutStyles/Foldout.asset
 0.1 kb	 0.0% Packages/com.meta.xr.sdk.core/Scripts/ImmersiveDebugger/UserInterface/Resources/Styles/LayoutStyles/Default.asset
 0.1 kb	 0.0% Packages/com.meta.xr.sdk.core/Scripts/ImmersiveDebugger/UserInterface/Resources/Styles/LayoutStyles/Content.asset
 0.1 kb	 0.0% Packages/com.meta.xr.sdk.core/Scripts/ImmersiveDebugger/UserInterface/Resources/Styles/LayoutStyles/Buttons.asset
 0.1 kb	 0.0% Packages/com.meta.xr.sdk.core/Scripts/ImmersiveDebugger/UserInterface/Resources/Styles/LayoutStyles/BarTime.asset
 0.1 kb	 0.0% Packages/com.meta.xr.sdk.core/Scripts/ImmersiveDebugger/UserInterface/Resources/Styles/ImageStyles/None.asset
 0.1 kb	 0.0% Packages/com.meta.xr.sdk.core/Scripts/ImmersiveDebugger/Telemetry/Telemetry.cs
 0.1 kb	 0.0% Packages/com.meta.xr.sdk.core/Scripts/ImmersiveDebugger/SceneSetup.cs
 0.1 kb	 0.0% Packages/com.meta.xr.sdk.core/Scripts/ImmersiveDebugger/RuntimeAPIs.cs
 0.1 kb	 0.0% Packages/com.meta.xr.sdk.core/Scripts/ImmersiveDebugger/Managers/Hooks/Watch.cs
 0.1 kb	 0.0% Packages/com.meta.xr.sdk.core/Scripts/ImmersiveDebugger/Managers/Hooks/Tweak.cs
 0.1 kb	 0.0% Packages/com.meta.xr.sdk.core/Scripts/ImmersiveDebugger/Managers/Category.cs
 0.1 kb	 0.0% Packages/com.meta.xr.sdk.core/Scripts/ImmersiveDebugger/Hierarchy/Manager.cs
 0.1 kb	 0.0% Packages/com.meta.xr.sdk.core/Scripts/BuildingBlocks/RoomMesh/RoomMeshEvent.cs
 0.1 kb	 0.0% Packages/com.meta.xr.sdk.core/Scripts/BuildingBlocks/PassthroughWindow/EnableUnpremultipliedAlpha.cs
 0.1 kb	 0.0% Packages/com.meta.xr.sdk.core/Scripts/BuildingBlocks/BuildingBlock.cs
 0.1 kb	 0.0% Packages/com.meta.xr.sdk.core/Scripts/BuildingBlocks/AIBlocks/Resources/GpuNMS.cs
 0.1 kb	 0.0% Packages/com.meta.xr.sdk.core/Scripts/BuildingBlocks/AIBlocks/Agents/LlmAgent.cs
 0.1 kb	 0.0% Packages/com.meta.xr.mrutilitykit/Core/Scripts/TelemetryConstants.cs
 0.1 kb	 0.0% Packages/com.meta.xr.mrutilitykit/Core/Scripts/SerializationHelpers.cs
 0.1 kb	 0.0% Packages/com.meta.xr.mrutilitykit/Core/Scripts/SceneDecorator/Masks/SlopeMask.cs
 0.1 kb	 0.0% Packages/com.meta.xr.mrutilitykit/Core/Scripts/SceneDecorator/Masks/RandomMask.cs
 0.1 kb	 0.0% Packages/com.meta.xr.mrutilitykit/Core/Scripts/SceneDecorator/Masks/HeightMask.cs
 0.1 kb	 0.0% Packages/com.meta.xr.mrutilitykit/Core/Scripts/SceneDecorator/Masks/CookieMask.cs
 0.1 kb	 0.0% Packages/com.meta.xr.mrutilitykit/Core/Scripts/SceneDecorator/Masks/ConstantMask.cs
 0.1 kb	 0.0% Packages/com.meta.xr.mrutilitykit/Core/Scripts/SceneDecorator/Masks/ColliderMask.cs
 0.1 kb	 0.0% Packages/com.meta.xr.mrutilitykit/Core/Scripts/SceneDecorator/Editor/MaskEditor.cs
 0.1 kb	 0.0% Packages/com.meta.xr.mrutilitykit/Core/Scripts/MRUKGlobalContext.cs
 0.1 kb	 0.0% Packages/com.meta.xr.mrutilitykit/Core/Scripts/FindSpawnPositions.cs
 0.1 kb	 0.0% Packages/com.meta.xr.mrutilitykit/Core/Scripts/BuildingBlocks/InstantContentPlacement/Scripts/SpaceLocator.cs
 0.1 kb	 0.0% Packages/com.meta.xr.mrutilitykit/Core/Scripts/AnchorPrefabSpawner.cs
 0.1 kb	 0.0% Assets/Milzet/StartupSource/Project/Scripts/Timeline/Tracks/UICanvas/UICanvasClip.cs
 0.1 kb	 0.0% Assets/Milzet/Runtime/StandaloneVerification.cs
 0.1 kb	 0.0% Assets/Milzet/Runtime/GeneratedVerification.cs
 0.1 kb	 0.0% Packages/com.unity.xr.openxr/Runtime/input/HapticControl.cs
 0.1 kb	 0.0% Packages/com.unity.xr.core-utils/Runtime/GUI/ScreenGUIUtils.cs
 0.1 kb	 0.0% Packages/com.unity.xr.core-utils/Runtime/Extensions/UnityEventExtensions.cs
 0.1 kb	 0.0% Packages/com.unity.ugui/Runtime/UGUI/UI/Animation/CoroutineTween.cs
 0.1 kb	 0.0% Packages/com.unity.ugui/Runtime/UGUI/EventSystem/EventInterfaces.cs
 0.1 kb	 0.0% Packages/com.unity.ugui/Runtime/TMP/TMPro_ExtensionMethods.cs
 0.1 kb	 0.0% Packages/com.unity.ugui/Runtime/TMP/TMP_TextParsingUtilities.cs
 0.1 kb	 0.0% Packages/com.unity.ugui/Runtime/TMP/TMP_TextElement_Legacy.cs
 0.1 kb	 0.0% Packages/com.unity.ugui/Runtime/TMP/TMP_FontAssetUtilities.cs
 0.1 kb	 0.0% Packages/com.unity.ugui/Runtime/TMP/MaterialReferenceManager.cs
 0.1 kb	 0.0% Packages/com.unity.ugui/Runtime/TMP/FontFeatureCommonGSUB.cs
 0.1 kb	 0.0% Packages/com.unity.timeline/Runtime/Utilities/IPropertyCollector.cs
 0.1 kb	 0.0% Packages/com.unity.timeline/Runtime/Utilities/AnimatorBindingCache.cs
 0.1 kb	 0.0% Packages/com.unity.timeline/Runtime/Playables/TimeControlPlayable.cs
 0.1 kb	 0.0% Packages/com.unity.timeline/Runtime/Extensions/SelectionExtensions.cs
 0.1 kb	 0.0% Packages/com.unity.timeline/Runtime/Evaluation/ScheduleRuntimeClip.cs
 0.1 kb	 0.0% Packages/com.unity.timeline/Runtime/Evaluation/InfiniteRuntimeClip.cs
 0.1 kb	 0.0% Packages/com.unity.timeline/Runtime/Control/ControlPlayableAsset.cs
 0.1 kb	 0.0% Packages/com.unity.timeline/Runtime/Audio/AudioPlayableAsset.cs
 0.1 kb	 0.0% Packages/com.unity.timeline/Runtime/Audio/AudioMixerProperties.cs
 0.1 kb	 0.0% Packages/com.unity.timeline/Runtime/Audio/AudioClipProperties.cs
 0.1 kb	 0.0% Packages/com.unity.timeline/Runtime/Attributes/TrackColorAttribute.cs
 0.1 kb	 0.0% Packages/com.unity.inputsystem/InputSystem/Runtime/Utilities/DynamicBitfield.cs
 0.1 kb	 0.0% Packages/com.unity.inputsystem/InputSystem/Runtime/State/InputState.cs
 0.1 kb	 0.0% Packages/com.unity.inputsystem/InputSystem/Runtime/Plugins/WebGL/WebGLSupport.cs
 0.1 kb	 0.0% Packages/com.unity.inputsystem/InputSystem/Runtime/Plugins/WebGL/WebGLGamepad.cs
 0.1 kb	 0.0% Packages/com.unity.inputsystem/InputSystem/Runtime/Plugins/Users/InputUser.cs
 0.1 kb	 0.0% Packages/com.unity.inputsystem/InputSystem/Runtime/Plugins/Linux/LinuxSupport.cs
 0.1 kb	 0.0% Packages/com.unity.inputsystem/InputSystem/Runtime/Plugins/EnhancedTouch/Touch.cs
 0.1 kb	 0.0% Packages/com.unity.inputsystem/InputSystem/Runtime/Plugins/EnhancedTouch/Finger.cs
 0.1 kb	 0.0% Packages/com.unity.inputsystem/InputSystem/Runtime/InputSystemState.cs
 0.1 kb	 0.0% Packages/com.unity.inputsystem/InputSystem/Runtime/InputSettings.cs
 0.1 kb	 0.0% Packages/com.unity.inputsystem/InputSystem/Runtime/InputMetrics.cs
 0.1 kb	 0.0% Packages/com.unity.inputsystem/InputSystem/Runtime/InputExtensions.cs
 0.1 kb	 0.0% Packages/com.unity.inputsystem/InputSystem/Runtime/InputAnalytics.cs
 0.1 kb	 0.0% Packages/com.unity.inputsystem/InputSystem/Runtime/Events/TextEvent.cs
 0.1 kb	 0.0% Packages/com.unity.inputsystem/InputSystem/Runtime/Events/StateEvent.cs
 0.1 kb	 0.0% Packages/com.unity.inputsystem/InputSystem/Runtime/Events/InputEvent.cs
 0.1 kb	 0.0% Packages/com.unity.inputsystem/InputSystem/Runtime/Events/ActionEvent.cs
 0.1 kb	 0.0% Packages/com.unity.inputsystem/InputSystem/Runtime/Devices/TrackedDevice.cs
 0.1 kb	 0.0% Packages/com.unity.inputsystem/InputSystem/Runtime/Devices/Remote/InputRemoting.cs
 0.1 kb	 0.0% Packages/com.unity.inputsystem/InputSystem/Runtime/Devices/Precompiled/FastTouchscreen.cs
 0.1 kb	 0.0% Packages/com.unity.inputsystem/InputSystem/Runtime/Devices/Precompiled/FastMouse.partial.cs
 0.1 kb	 0.0% Packages/com.unity.inputsystem/InputSystem/Runtime/Devices/IEventMerger.cs
 0.1 kb	 0.0% Packages/com.unity.inputsystem/InputSystem/Runtime/Controls/TouchControl.cs
 0.1 kb	 0.0% Packages/com.unity.inputsystem/InputSystem/Runtime/Controls/StickControl.cs
 0.1 kb	 0.0% Packages/com.unity.inputsystem/InputSystem/Runtime/Controls/KeyControl.cs
 0.1 kb	 0.0% Packages/com.unity.inputsystem/InputSystem/Runtime/Controls/InputProcessor.cs
 0.1 kb	 0.0% Packages/com.unity.inputsystem/InputSystem/Runtime/Controls/InputControlPath.cs
 0.1 kb	 0.0% Packages/com.unity.inputsystem/InputSystem/Runtime/Controls/DpadControl.cs
 0.1 kb	 0.0% Packages/com.unity.inputsystem/InputSystem/Runtime/Controls/DeltaControl.cs
 0.1 kb	 0.0% Packages/com.unity.inputsystem/InputSystem/Runtime/Controls/AxisControl.cs
 0.1 kb	 0.0% Packages/com.unity.inputsystem/InputSystem/Runtime/Actions/InputActionState.cs
 0.1 kb	 0.0% Packages/com.unity.inputsystem/InputSystem/Runtime/Actions/InputActionMap.cs
 0.1 kb	 0.0% Packages/com.unity.inputsystem/InputSystem/Runtime/Actions/InputActionAsset.cs
 0.1 kb	 0.0% Packages/com.unity.inputsystem/InputSystem/Editor/UITKAssetEditor/Views/Selectors.cs
 0.1 kb	 0.0% Packages/com.unity.inputsystem/InputSystem/Editor/UITKAssetEditor/Views/ContextMenu.cs
 0.1 kb	 0.0% Packages/com.unity.inputsystem/InputSystem/Editor/Internal/GUIHelpers.cs
 0.1 kb	 0.0% Packages/com.unity.collections/Unity.Collections/UnsafeQueue.cs
 0.1 kb	 0.0% Packages/com.unity.collections/Unity.Collections/NativeHashMap.cs
 0.1 kb	 0.0% Packages/com.unity.collections/Unity.Collections/FixedStringFormat.gen.cs
 0.1 kb	 0.0% Packages/com.unity.collections/Unity.Collections/FixedString.gen.cs
 0.1 kb	 0.0% Packages/com.unity.cloud.gltfast/Runtime/Scripts/Newtonsoft/Schema/GltfAnimation.cs
 0.1 kb	 0.0% Packages/com.unity.cloud.gltfast/Runtime/Scripts/Material/BuiltInMaterialGenerator.cs
 0.1 kb	 0.0% Packages/com.unity.cloud.gltfast/Runtime/Scripts/Animations/AnimationModuleProcessor.cs
 0.1 kb	 0.0% Packages/com.unity.cloud.gltfast/Runtime/Scripts/Animations/AnimationInstanceApplier.cs
 0.1 kb	 0.0% Packages/com.meta.xr.sdk.core/Scripts/Util/SampleMetadata/MetaCodeSampleAttribute.cs
 0.1 kb	 0.0% Packages/com.meta.xr.sdk.core/Scripts/Util/OVRPointerEventData.cs
 0.1 kb	 0.0% Packages/com.meta.xr.sdk.core/Scripts/Util/OVRPhysicsRaycaster.cs
 0.1 kb	 0.0% Packages/com.meta.xr.sdk.core/Scripts/Util/OVRMixedRealityCaptureSettings.cs
 0.1 kb	 0.0% Packages/com.meta.xr.sdk.core/Scripts/OVRVirtualKeyboard/OVRVirtualKeyboardSampleControls.cs
 0.1 kb	 0.0% Packages/com.meta.xr.sdk.core/Scripts/ImmersiveDebugger/UserInterface/Resources/Styles/LayoutStyles/H2.asset
 0.1 kb	 0.0% Packages/com.meta.xr.sdk.core/Scripts/ImmersiveDebugger/UserInterface/Resources/Styles/LayoutStyles/H1.asset
 0.1 kb	 0.0% Packages/com.meta.xr.sdk.core/Scripts/ImmersiveDebugger/UserInterface/Resources/Styles/LayoutStyles/Fill.asset
 0.1 kb	 0.0% Packages/com.meta.xr.sdk.core/Scripts/ImmersiveDebugger/UserInterface/Resources/Styles/LayoutStyles/Bar.asset
 0.1 kb	 0.0% Packages/com.meta.xr.mrutilitykit/Core/Scripts/PassthroughCameraAccess.cs
 0.1 kb	 0.0% Packages/com.unity.xr.openxr/Runtime/OpenXRUtility.cs
 0.1 kb	 0.0% Packages/com.unity.xr.openxr/Runtime/OpenXRSettings.cs
 0.1 kb	 0.0% Packages/com.unity.xr.openxr/Runtime/OpenXRRuntime.cs
 0.1 kb	 0.0% Packages/com.unity.xr.openxr/Runtime/OpenXRRestarter.cs
 0.1 kb	 0.0% Packages/com.unity.xr.openxr/Runtime/OpenXRLoaderBase.cs
 0.1 kb	 0.0% Packages/com.unity.xr.openxr/Runtime/OpenXRAnalytics.cs
 0.1 kb	 0.0% Packages/com.unity.xr.core-utils/Runtime/XRLoggingUtils.cs
 0.1 kb	 0.0% Packages/com.unity.xr.core-utils/Runtime/UnityObjectUtils.cs
 0.1 kb	 0.0% Packages/com.unity.xr.core-utils/Runtime/SerializableGuid.cs
 0.1 kb	 0.0% Packages/com.unity.xr.core-utils/Runtime/ReflectionUtils.cs
 0.1 kb	 0.0% Packages/com.unity.xr.core-utils/Runtime/NativeArrayUtils.cs
 0.1 kb	 0.0% Packages/com.unity.xr.core-utils/Runtime/MaterialUtils.cs
 0.1 kb	 0.0% Packages/com.unity.xr.core-utils/Runtime/GeometryUtils.cs
 0.1 kb	 0.0% Packages/com.unity.xr.core-utils/Runtime/GameObjectUtils.cs
 0.1 kb	 0.0% Packages/com.unity.xr.core-utils/Runtime/Extensions/TypeExtensions.cs
 0.1 kb	 0.0% Packages/com.unity.xr.core-utils/Runtime/Extensions/StringExtensions.cs
 0.1 kb	 0.0% Packages/com.unity.xr.core-utils/Runtime/Extensions/PoseExtensions.cs
 0.1 kb	 0.0% Packages/com.unity.xr.core-utils/Runtime/Extensions/ListExtensions.cs
 0.1 kb	 0.0% Packages/com.unity.xr.core-utils/Runtime/Extensions/GuidExtensions.cs
 0.1 kb	 0.0% Packages/com.unity.xr.core-utils/Runtime/Extensions/CameraExtensions.cs
 0.1 kb	 0.0% Packages/com.unity.xr.core-utils/Runtime/Extensions/BoundsExtensions.cs
 0.1 kb	 0.0% Packages/com.unity.xr.core-utils/Runtime/Datums/StringDatum.cs
 0.1 kb	 0.0% Packages/com.unity.xr.core-utils/Runtime/Datums/FloatDatum.cs
 0.1 kb	 0.0% Packages/com.unity.xr.core-utils/Runtime/ComponentUtils.cs
 0.1 kb	 0.0% Packages/com.unity.xr.core-utils/Runtime/Bindings/EventBinding.cs
 0.1 kb	 0.0% Packages/com.unity.ugui/Runtime/UGUI/UI/Core/SetPropertyUtility.cs
 0.1 kb	 0.0% Packages/com.unity.ugui/Runtime/UGUI/UI/Core/MaterialModifiers/IMaterialModifier.cs
 0.1 kb	 0.0% Packages/com.unity.ugui/Runtime/UGUI/UI/Core/Layout/VerticalLayoutGroup.cs
 0.1 kb	 0.0% Packages/com.unity.ugui/Runtime/UGUI/UI/Core/Layout/ContentSizeFitter.cs
 0.1 kb	 0.0% Packages/com.unity.ugui/Runtime/UGUI/UI/Core/Layout/AspectRatioFitter.cs
 0.1 kb	 0.0% Packages/com.unity.ugui/Runtime/UGUI/UI/Core/FontUpdateTracker.cs
 0.1 kb	 0.0% Packages/com.unity.ugui/Runtime/UGUI/UI/Core/CanvasUpdateRegistry.cs
 0.1 kb	 0.0% Packages/com.unity.ugui/Runtime/UGUI/UI/Core/AnimationTriggers.cs
 0.1 kb	 0.0% Packages/com.unity.ugui/Runtime/UGUI/EventSystem/UIElements/PanelRaycaster.cs
 0.1 kb	 0.0% Packages/com.unity.ugui/Runtime/UGUI/EventSystem/Raycasters/PhysicsRaycaster.cs
 0.1 kb	 0.0% Packages/com.unity.ugui/Runtime/UGUI/EventSystem/Raycasters/BaseRaycaster.cs
 0.1 kb	 0.0% Packages/com.unity.ugui/Runtime/UGUI/EventSystem/RaycasterManager.cs
 0.1 kb	 0.0% Packages/com.unity.ugui/Runtime/UGUI/EventSystem/RaycastResult.cs
 0.1 kb	 0.0% Packages/com.unity.ugui/Runtime/UGUI/EventSystem/InputModules/TouchInputModule.cs
 0.1 kb	 0.0% Packages/com.unity.ugui/Runtime/UGUI/EventSystem/InputModules/BaseInputModule.cs
 0.1 kb	 0.0% Packages/com.unity.ugui/Runtime/UGUI/EventSystem/ExecuteEvents.cs
 0.1 kb	 0.0% Packages/com.unity.ugui/Runtime/UGUI/EventSystem/EventData/PointerEventData.cs
 0.1 kb	 0.0% Packages/com.unity.ugui/Runtime/UGUI/EventSystem/EventData/BaseEventData.cs
 0.1 kb	 0.0% Packages/com.unity.ugui/Runtime/UGUI/EventSystem/EventData/AxisEventData.cs
 0.1 kb	 0.0% Packages/com.unity.ugui/Runtime/TMP/TMP_TextProcessingStack.cs
 0.1 kb	 0.0% Packages/com.unity.ugui/Runtime/TMP/TMP_FontFeaturesCommon.cs
 0.1 kb	 0.0% Packages/com.unity.timeline/Runtime/Extensions/TrackExtensions.cs
 0.1 kb	 0.0% Packages/com.unity.timeline/Runtime/ClipCaps.cs
 0.1 kb	 0.0% Packages/com.unity.mathematics/Unity.Mathematics/rigid_transform.cs
 0.1 kb	 0.0% Packages/com.unity.mathematics/Unity.Mathematics/math_unity_conversion.cs
 0.1 kb	 0.0% Packages/com.unity.mathematics/Unity.Mathematics/affine_transform.cs
 0.1 kb	 0.0% Packages/com.unity.mathematics/Unity.Mathematics/Geometry/MinMaxAABB.cs
 0.1 kb	 0.0% Packages/com.unity.inputsystem/InputSystem/Runtime/Utilities/FourCC.cs
 0.1 kb	 0.0% Packages/com.unity.inputsystem/InputSystem/Runtime/Plugins/iOS/iOSSupport.cs
 0.1 kb	 0.0% Packages/com.unity.inputsystem/InputSystem/Runtime/Plugins/XR/XRSupport.cs
 0.1 kb	 0.0% Packages/com.unity.inputsystem/InputSystem/Runtime/Plugins/XR/GenericXRDevice.cs
 0.1 kb	 0.0% Packages/com.unity.inputsystem/InputSystem/Runtime/Plugins/XR/Devices/WindowsMR.cs
 0.1 kb	 0.0% Packages/com.unity.inputsystem/InputSystem/Runtime/Plugins/XR/Controls/PoseControl.cs
 0.1 kb	 0.0% Packages/com.unity.inputsystem/InputSystem/Runtime/Plugins/UI/UISupport.cs
 0.1 kb	 0.0% Packages/com.unity.inputsystem/InputSystem/Runtime/Plugins/UI/PointerModel.cs
 0.1 kb	 0.0% Packages/com.unity.inputsystem/InputSystem/Runtime/Plugins/OSX/OSXSupport.cs
 0.1 kb	 0.0% Packages/com.unity.inputsystem/InputSystem/Runtime/Plugins/HID/HIDSupport.cs
 0.1 kb	 0.0% Packages/com.unity.inputsystem/InputSystem/Runtime/Plugins/HID/HIDParser.cs
 0.1 kb	 0.0% Packages/com.unity.collections/Unity.Collections/xxHash3.StreamingState.cs
 0.1 kb	 0.0% Packages/com.unity.collections/Unity.Collections/NativeSort.cs
 0.1 kb	 0.0% Packages/com.unity.collections/Unity.Collections/NativeBitArray.cs
 0.1 kb	 0.0% Packages/com.unity.collections/Unity.Collections/ListExtensions.cs
 0.1 kb	 0.0% Packages/com.unity.collections/Unity.Collections/Jobs/IJobParallelForDefer.cs
 0.1 kb	 0.0% Packages/com.unity.collections/Unity.Collections/Jobs/IJobParallelForBatch.cs
 0.1 kb	 0.0% Packages/com.unity.collections/Unity.Collections/FixedStringUtils.cs
 0.1 kb	 0.0% Packages/com.unity.collections/Unity.Collections/DataStreamWriter.cs
 0.1 kb	 0.0% Packages/com.unity.collections/Unity.Collections/DataStreamReader.cs
 0.1 kb	 0.0% Packages/com.unity.collections/Unity.Collections/ConcurrentMask.cs
 0.1 kb	 0.0% Packages/com.unity.collections/Unity.Collections/CollectionHelper.cs
 0.1 kb	 0.0% Packages/com.unity.collections/Unity.Collections/AllocatorManager.cs
 0.1 kb	 0.0% Packages/com.unity.cloud.gltfast/Runtime/Scripts/VertexBufferGeneratorBase.cs
 0.1 kb	 0.0% Packages/com.unity.cloud.gltfast/Runtime/Scripts/TimeBudgetPerFrameDeferAgent.cs
 0.1 kb	 0.0% Packages/com.unity.cloud.gltfast/Runtime/Scripts/Schema/TextureInfoExtensions.cs
 0.1 kb	 0.0% Packages/com.unity.cloud.gltfast/Runtime/Scripts/Schema/PbrSpecularGlossiness.cs
 0.1 kb	 0.0% Packages/com.unity.cloud.gltfast/Runtime/Scripts/Schema/MaterialPbrMetallicRoughness.cs
 0.1 kb	 0.0% Packages/com.unity.cloud.gltfast/Runtime/Scripts/Schema/AnimationChannelTarget.cs
 0.1 kb	 0.0% Packages/com.unity.cloud.gltfast/Runtime/Scripts/Schema/AccessorSparseIndices.cs
 0.1 kb	 0.0% Packages/com.unity.cloud.gltfast/Runtime/Scripts/Newtonsoft/Schema/TextureInfo.cs
 0.1 kb	 0.0% Packages/com.unity.cloud.gltfast/Runtime/Scripts/Newtonsoft/Schema/MeshExtras.cs
 0.1 kb	 0.0% Packages/com.unity.cloud.gltfast/Runtime/Scripts/Newtonsoft/Schema/IJsonObject.cs
 0.1 kb	 0.0% Packages/com.unity.cloud.gltfast/Runtime/Scripts/Newtonsoft/Schema/BufferView.cs
 0.1 kb	 0.0% Packages/com.unity.cloud.gltfast/Runtime/Scripts/MaterialsVariants/MaterialsVariantsComponent.cs
 0.1 kb	 0.0% Packages/com.unity.cloud.gltfast/Runtime/Scripts/Loading/DefaultDownloadProvider.cs
 0.1 kb	 0.0% Packages/com.unity.cloud.gltfast/Runtime/Scripts/ImportAddons/IPostJsonDeserialization.cs
 0.1 kb	 0.0% Packages/com.unity.cloud.gltfast/Runtime/Scripts/ImportAddons/IInstanceApplierFactory.cs
 0.1 kb	 0.0% Packages/com.unity.cloud.gltfast/Runtime/Scripts/ImageConversionImageLoader.cs
 0.1 kb	 0.0% Packages/com.unity.cloud.gltfast/Runtime/Scripts/IMaterialsVariantsProvider.cs
 0.1 kb	 0.0% Packages/com.unity.cloud.gltfast/Runtime/Scripts/IDefaultImageFormatLoader.cs
 0.1 kb	 0.0% Packages/com.unity.cloud.gltfast/Runtime/Scripts/GameObjectBoundsInstantiator.cs
 0.1 kb	 0.0% Packages/com.unity.cloud.gltfast/Runtime/Scripts/Export/NormalImageExport.cs
 0.1 kb	 0.0% Packages/com.unity.cloud.gltfast/Runtime/Scripts/Export/MaterialExportBase.cs
 0.1 kb	 0.0% Packages/com.unity.cloud.gltfast/Runtime/Scripts/Export/KhrLightsPunctual.cs
 0.1 kb	 0.0% Packages/com.unity.cloud.gltfast/Runtime/Scripts/Export/GltfMaterialExporter.cs
 0.1 kb	 0.0% Packages/com.unity.cloud.gltfast/Runtime/Scripts/Export/DracoExportSettings.cs
 0.1 kb	 0.0% Packages/com.unity.cloud.gltfast/Runtime/Scripts/CancellationTokenExtension.cs
 0.1 kb	 0.0% Packages/com.unity.cloud.gltfast/Runtime/DocExamples/WebP.cs
 0.1 kb	 0.0% Packages/com.unity.burst/Runtime/SafeStringArrayHelper.cs
 0.1 kb	 0.0% Packages/com.unity.burst/Runtime/Editor/BurstEditorOptions.cs
 0.1 kb	 0.0% Packages/com.unity.burst/Runtime/Editor/BurstCompileTarget.cs
 0.1 kb	 0.0% Packages/com.unity.burst/Runtime/Editor/BurstAssemblyDisable.cs
 0.1 kb	 0.0% Packages/com.unity.burst/Runtime/BurstCompileAttribute.cs
 0.1 kb	 0.0% Packages/com.unity.ai.navigation/Runtime/NavMeshSurface.cs
 0.1 kb	 0.0% Packages/com.unity.ai.navigation/Runtime/NavMeshModifier.cs
 0.1 kb	 0.0% Packages/com.meta.xr.sdk.core/Scripts/ImmersiveDebugger/UserInterface/Resources/Styles/TextStyles/HierarchyItemLabelDeactivated.asset
 0.1 kb	 0.0% Packages/com.meta.xr.sdk.core/Scripts/ImmersiveDebugger/Managers/Hooks/Hook.cs
 0.1 kb	 0.0% Packages/com.meta.xr.sdk.core/Scripts/ImmersiveDebugger/Hierarchy/Item.cs
 0.1 kb	 0.0% Packages/com.meta.xr.sdk.core/Scripts/BuildingBlocks/Telemetry.cs
 0.1 kb	 0.0% Packages/com.meta.xr.sdk.core/Scripts/BuildingBlocks/RunTimeUtils.cs
 0.1 kb	 0.0% Packages/com.meta.xr.mrutilitykit/Core/Scripts/SceneNavigation.cs
 0.1 kb	 0.0% Packages/com.meta.xr.mrutilitykit/Core/Scripts/SceneDecorator/Modifier/Modifier.cs
 0.1 kb	 0.0% Packages/com.meta.xr.mrutilitykit/Core/Scripts/SceneDecorator/Masks/Mask2D.cs
 0.1 kb	 0.0% Packages/com.meta.xr.mrutilitykit/Core/Scripts/SceneDebugger.cs
 0.1 kb	 0.0% Packages/com.meta.xr.mrutilitykit/Core/Scripts/MRUKTrackable.cs
 0.1 kb	 0.0% Packages/com.meta.xr.mrutilitykit/Core/Scripts/GridSliceResizer.cs
 0.1 kb	 0.0% Packages/com.meta.xr.mrutilitykit/Core/Scripts/Generated/MRUKNativeFuncs.cs
 0.1 kb	 0.0% Assets/Milzet/StartupSource/Project/Scripts/UI/UICanvas.cs
 0.1 kb	 0.0% Assets/Milzet/StartupSource/Project/Scripts/Animation/Tween.cs
 0.1 kb	 0.0% Assets/Milzet/Runtime/RoomPlacementMath.cs
 0.1 kb	 0.0% Assets/Milzet/Runtime/PresentationContract.cs
 0.1 kb	 0.0% Assets/Milzet/Runtime/CommonsVerification.cs
 0.1 kb	 0.0% Packages/com.unity.xr.openxr/Runtime/input/PoseControl.cs
 0.1 kb	 0.0% Packages/com.unity.xr.openxr/Runtime/input/OpenXRInput.cs
 0.1 kb	 0.0% Packages/com.unity.xr.openxr/Runtime/input/OpenXRHmd.cs
 0.1 kb	 0.0% Packages/com.unity.xr.openxr/Runtime/input/OpenXRDevice.cs
 0.1 kb	 0.0% Packages/com.unity.xr.openxr/Runtime/OpenXRConstants.cs
 0.1 kb	 0.0% Packages/com.unity.ugui/Runtime/TMP/TMPro_EventManager.cs
 0.1 kb	 0.0% Packages/com.unity.ugui/Runtime/TMP/TMP_UpdateRegistery.cs
 0.1 kb	 0.0% Packages/com.unity.ugui/Runtime/TMP/TMP_UpdateManager.cs
 0.1 kb	 0.0% Packages/com.unity.ugui/Runtime/TMP/TMP_TextUtilities.cs
 0.1 kb	 0.0% Packages/com.unity.ugui/Runtime/TMP/TMP_TextProcessingCommon.cs
 0.1 kb	 0.0% Packages/com.unity.ugui/Runtime/TMP/TMP_SpriteCharacter.cs
 0.1 kb	 0.0% Packages/com.unity.ugui/Runtime/TMP/TMP_SpriteAnimator.cs
 0.1 kb	 0.0% Packages/com.unity.ugui/Runtime/TMP/TMP_SelectionCaret.cs
 0.1 kb	 0.0% Packages/com.unity.ugui/Runtime/TMP/TMP_ResourcesManager.cs
 0.1 kb	 0.0% Packages/com.unity.ugui/Runtime/TMP/TMP_MaterialManager.cs
 0.1 kb	 0.0% Packages/com.unity.ugui/Runtime/TMP/TMP_InputValidator.cs
 0.1 kb	 0.0% Packages/com.unity.ugui/Runtime/TMP/TMP_FontFeatureTable.cs
 0.1 kb	 0.0% Packages/com.unity.ugui/Runtime/TMP/TMP_DefaultControls.cs
 0.1 kb	 0.0% Packages/com.unity.ugui/Runtime/TMP/TMP_Compatibility.cs
 0.1 kb	 0.0% Packages/com.unity.ugui/Runtime/TMP/TMP_ColorGradient.cs
 0.1 kb	 0.0% Packages/com.unity.ugui/Runtime/TMP/TMP_CharacterInfo.cs
 0.1 kb	 0.0% Packages/com.unity.ugui/Runtime/TMP/ITextPreProcessor.cs
 0.1 kb	 0.0% Packages/com.unity.ugui/Runtime/TMP/FontFeatureCommonGPOS.cs
 0.1 kb	 0.0% Packages/com.unity.timeline/Runtime/Utilities/WeightUtility.cs
 0.1 kb	 0.0% Packages/com.unity.timeline/Runtime/Utilities/IPropertyPreview.cs
 0.1 kb	 0.0% Packages/com.unity.timeline/Runtime/Utilities/Extrapolation.cs
 0.1 kb	 0.0% Packages/com.unity.timeline/Runtime/TimelinePlayable.cs
 0.1 kb	 0.0% Packages/com.unity.timeline/Runtime/TimelineAsset.cs
 0.1 kb	 0.0% Packages/com.unity.timeline/Runtime/Scripting/PlayableTrack.cs
 0.1 kb	 0.0% Packages/com.unity.timeline/Runtime/Events/Signals/SignalReceiver.cs
 0.1 kb	 0.0% Packages/com.unity.timeline/Runtime/Events/Signals/SignalEmitter.cs
 0.1 kb	 0.0% Packages/com.unity.timeline/Runtime/Evaluation/RuntimeElement.cs
 0.1 kb	 0.0% Packages/com.unity.timeline/Runtime/Evaluation/RuntimeClipBase.cs
 0.1 kb	 0.0% Packages/com.unity.timeline/Runtime/CurveEditUtility.cs
 0.1 kb	 0.0% Packages/com.unity.timeline/Runtime/Animation/AnimationTrack.cs
 0.1 kb	 0.0% Packages/com.unity.timeline/Runtime/Activation/ActivationTrack.cs
 0.1 kb	 0.0% Packages/com.unity.mathematics/Unity.Mathematics/double4x4.gen.cs
 0.1 kb	 0.0% Packages/com.unity.mathematics/Unity.Mathematics/double4x3.gen.cs
 0.1 kb	 0.0% Packages/com.unity.mathematics/Unity.Mathematics/double4x2.gen.cs
 0.1 kb	 0.0% Packages/com.unity.mathematics/Unity.Mathematics/double3x4.gen.cs
 0.1 kb	 0.0% Packages/com.unity.mathematics/Unity.Mathematics/double3x3.gen.cs
 0.1 kb	 0.0% Packages/com.unity.mathematics/Unity.Mathematics/double3x2.gen.cs
 0.1 kb	 0.0% Packages/com.unity.mathematics/Unity.Mathematics/double2x4.gen.cs
 0.1 kb	 0.0% Packages/com.unity.mathematics/Unity.Mathematics/double2x3.gen.cs
 0.1 kb	 0.0% Packages/com.unity.mathematics/Unity.Mathematics/double2x2.gen.cs
 0.1 kb	 0.0% Packages/com.unity.inputsystem/InputSystem/Runtime/Plugins/PlayerInput/PlayerInput.cs
 0.1 kb	 0.0% Packages/com.unity.inputsystem/InputSystem/Runtime/Plugins/PlayerInput/InputValue.cs
 0.1 kb	 0.0% Packages/com.unity.inputsystem/InputSystem/Runtime/InputSystem.cs
 0.1 kb	 0.0% Packages/com.unity.inputsystem/InputSystem/Runtime/InputManager.cs
 0.1 kb	 0.0% Packages/com.unity.inputsystem/InputSystem/Runtime/Devices/Touchscreen.cs
 0.1 kb	 0.0% Packages/com.unity.inputsystem/InputSystem/Runtime/Devices/Precompiled/FastMouse.cs
 0.1 kb	 0.0% Packages/com.unity.inputsystem/InputSystem/Runtime/Devices/Precompiled/FastKeyboard.cs
 0.1 kb	 0.0% Packages/com.unity.inputsystem/InputSystem/Runtime/Devices/InputDevice.cs
 0.1 kb	 0.0% Packages/com.unity.inputsystem/InputSystem/Runtime/Devices/Haptics/IHaptics.cs
 0.1 kb	 0.0% Packages/com.unity.inputsystem/InputSystem/Runtime/Controls/InputControl.cs
 0.1 kb	 0.0% Packages/com.unity.inputsystem/InputSystem/Runtime/Controls/CommonUsages.cs
 0.1 kb	 0.0% Packages/com.unity.inputsystem/InputSystem/Runtime/Actions/InputBinding.cs
 0.1 kb	 0.0% Packages/com.unity.inputsystem/InputSystem/Runtime/Actions/InputAction.cs
 0.1 kb	 0.0% Packages/com.unity.inputsystem/InputSystem/Editor/UITKAssetEditor/Commands/Commands.cs
 0.1 kb	 0.0% Packages/com.unity.inputsystem/InputSystem/Editor/Dialog.cs
 0.1 kb	 0.0% Packages/com.unity.inputsystem/InputSystem/AssemblyInfo.cs
 0.1 kb	 0.0% Packages/com.unity.collections/Unity.Collections/NativeText.gen.cs
 0.1 kb	 0.0% Packages/com.unity.collections/Unity.Collections/FixedList.gen.cs
 0.1 kb	 0.0% Packages/com.unity.cloud.gltfast/Runtime/Scripts/VertexBufferTexCoords.cs
 0.1 kb	 0.0% Packages/com.unity.cloud.gltfast/Runtime/Scripts/Schema/FakeSchema/MaterialExtension.cs
 0.1 kb	 0.0% Packages/com.unity.cloud.gltfast/Runtime/Scripts/Newtonsoft/Schema/GltfCamera.cs
 0.1 kb	 0.0% Packages/com.unity.cloud.gltfast/Runtime/Scripts/Material/MaterialGenerator.cs
 0.1 kb	 0.0% Packages/com.unity.cloud.gltfast/Runtime/Scripts/Material/IMaterialGenerator.cs
 0.1 kb	 0.0% Packages/com.unity.cloud.gltfast/Runtime/Scripts/Animations/IAnimationProcessor.cs
 0.1 kb	 0.0% Packages/com.meta.xr.sdk.core/Scripts/Util/OVRMixedRealityCaptureTest.cs
 0.1 kb	 0.0% Packages/com.meta.xr.sdk.core/Scripts/Util/OVRInputModule.cs
 0.1 kb	 0.0% Packages/com.meta.xr.sdk.core/Scripts/OpenXRFeatures/MetaXRSubsampledLayout.cs
 0.1 kb	 0.0% Packages/com.meta.xr.sdk.core/Scripts/OpenXRFeatures/MetaXRFoveationFeature.cs
 0.1 kb	 0.0% Packages/com.meta.xr.sdk.core/Scripts/OVRSemanticClassification.cs
 0.1 kb	 0.0% Packages/com.meta.xr.sdk.core/Scripts/OVRSceneObjectTransformType.cs
 0.1 kb	 0.0% Packages/com.meta.xr.sdk.core/Scripts/OVROverlayCanvas_TMPChanged.cs
 0.1 kb	 0.0% Packages/com.meta.xr.sdk.core/Scripts/OVRMicrogestureEventSource.cs
 0.1 kb	 0.0% Packages/com.meta.xr.sdk.core/Scripts/ImmersiveDebugger/UserInterface/Resources/Styles/TextStyles/InspectorTitleDeactivated.asset
 0.1 kb	 0.0% Assets/Milzet/Runtime/PackageExperience.cs
 0.1 kb	 0.0% Packages/com.unity.xr.openxr/Runtime/OpenXRLoader.cs
 0.1 kb	 0.0% Packages/com.unity.xr.management/Runtime/XRLoader.cs
 0.1 kb	 0.0% Packages/com.unity.xr.core-utils/Runtime/UndoBlock.cs
 0.1 kb	 0.0% Packages/com.unity.xr.core-utils/Runtime/TextureUtils.cs
 0.1 kb	 0.0% Packages/com.unity.xr.core-utils/Runtime/MathUtility.cs
 0.1 kb	 0.0% Packages/com.unity.xr.core-utils/Runtime/HashCodeUtil.cs
 0.1 kb	 0.0% Packages/com.unity.xr.core-utils/Runtime/DebugDraw.cs
 0.1 kb	 0.0% Packages/com.unity.xr.core-utils/Runtime/Datums/IntDatum.cs
 0.1 kb	 0.0% Packages/com.unity.xr.core-utils/Runtime/BoundsUtils.cs
 0.1 kb	 0.0% Packages/com.unity.ugui/Runtime/UGUI/UI/Core/VertexModifiers/PositionAsUV1.cs
 0.1 kb	 0.0% Packages/com.unity.ugui/Runtime/UGUI/UI/Core/VertexModifiers/IMeshModifier.cs
 0.1 kb	 0.0% Packages/com.unity.ugui/Runtime/UGUI/UI/Core/VertexModifiers/BaseMeshEffect.cs
 0.1 kb	 0.0% Packages/com.unity.ugui/Runtime/UGUI/UI/Core/StencilMaterial.cs
 0.1 kb	 0.0% Packages/com.unity.ugui/Runtime/UGUI/UI/Core/MaskableGraphic.cs
 0.1 kb	 0.0% Packages/com.unity.ugui/Runtime/UGUI/UI/Core/MaskUtilities.cs
 0.1 kb	 0.0% Packages/com.unity.ugui/Runtime/UGUI/UI/Core/Layout/LayoutUtility.cs
 0.1 kb	 0.0% Packages/com.unity.ugui/Runtime/UGUI/UI/Core/Layout/LayoutRebuilder.cs
 0.1 kb	 0.0% Packages/com.unity.ugui/Runtime/UGUI/UI/Core/Layout/LayoutElement.cs
 0.1 kb	 0.0% Packages/com.unity.ugui/Runtime/UGUI/UI/Core/Layout/ILayoutElement.cs
 0.1 kb	 0.0% Packages/com.unity.ugui/Runtime/UGUI/UI/Core/Layout/GridLayoutGroup.cs
 0.1 kb	 0.0% Packages/com.unity.ugui/Runtime/UGUI/UI/Core/GraphicRegistry.cs
 0.1 kb	 0.0% Packages/com.unity.ugui/Runtime/UGUI/UI/Core/GraphicRaycaster.cs
 0.1 kb	 0.0% Packages/com.unity.ugui/Runtime/UGUI/UI/Core/DefaultControls.cs
 0.1 kb	 0.0% Packages/com.unity.ugui/Runtime/UGUI/UI/Core/Culling/ClipperRegistry.cs
 0.1 kb	 0.0% Packages/com.unity.ugui/Runtime/UGUI/EventSystem/UIBehaviour.cs
 0.1 kb	 0.0% Packages/com.unity.ugui/Runtime/UGUI/EventSystem/InputModules/BaseInput.cs
 0.1 kb	 0.0% Packages/com.unity.ugui/Runtime/UGUI/EventSystem/EventTrigger.cs
 0.1 kb	 0.0% Packages/com.unity.ugui/Runtime/UGUI/EventSystem/EventSystem.cs
 0.1 kb	 0.0% Packages/com.unity.ugui/Runtime/TMP/TMPro_MeshUtilities.cs
 0.1 kb	 0.0% Packages/com.unity.ugui/Runtime/TMP/TMP_ShaderUtilities.cs
 0.1 kb	 0.0% Packages/com.unity.ugui/Runtime/TMP/TMP_RichTextTagsCommon.cs
 0.1 kb	 0.0% Packages/com.unity.ugui/Runtime/TMP/TMP_FontAssetCommon.cs
 0.1 kb	 0.0% Packages/com.unity.mathematics/Unity.Mathematics/quaternion.cs
 0.1 kb	 0.0% Packages/com.unity.mathematics/Unity.Mathematics/Noise/classicnoise4D.cs
 0.1 kb	 0.0% Packages/com.unity.mathematics/Unity.Mathematics/Noise/classicnoise3D.cs
 0.1 kb	 0.0% Packages/com.unity.mathematics/Unity.Mathematics/Noise/classicnoise2D.cs
 0.1 kb	 0.0% Packages/com.unity.mathematics/Unity.Mathematics/Noise/cellular2x2x2.cs
 0.1 kb	 0.0% Packages/com.unity.mathematics/Unity.Mathematics/Geometry/Plane.cs
 0.1 kb	 0.0% Packages/com.unity.inputsystem/InputSystem/Runtime/Plugins/XR/Devices/Oculus.cs
 0.1 kb	 0.0% Packages/com.unity.collections/Unity.Collections/UIntFloat.cs
 0.1 kb	 0.0% Packages/com.unity.collections/Unity.Collections/NativeStream.cs
 0.1 kb	 0.0% Packages/com.unity.collections/Unity.Collections/Jobs/EarlyInitHelpers.cs
 0.1 kb	 0.0% Packages/com.unity.cloud.gltfast/Runtime/Scripts/VertexBufferDescriptor.cs
 0.1 kb	 0.0% Packages/com.unity.cloud.gltfast/Runtime/Scripts/UninterruptedDeferAgent.cs
 0.1 kb	 0.0% Packages/com.unity.cloud.gltfast/Runtime/Scripts/Schema/TextureExtensions.cs
 0.1 kb	 0.0% Packages/com.unity.cloud.gltfast/Runtime/Scripts/Schema/OcclusionTextureInfo.cs
 0.1 kb	 0.0% Packages/com.unity.cloud.gltfast/Runtime/Scripts/Schema/NormalTextureInfo.cs
 0.1 kb	 0.0% Packages/com.unity.cloud.gltfast/Runtime/Scripts/Schema/NodeLightsPunctual.cs
 0.1 kb	 0.0% Packages/com.unity.cloud.gltfast/Runtime/Scripts/Schema/MeshGpuInstancing.cs
 0.1 kb	 0.0% Packages/com.unity.cloud.gltfast/Runtime/Scripts/Schema/MaterialExtensions.cs
 0.1 kb	 0.0% Packages/com.unity.cloud.gltfast/Runtime/Scripts/Schema/BufferViewExtensions.cs
 0.1 kb	 0.0% Packages/com.unity.cloud.gltfast/Runtime/Scripts/Schema/AccessorSparseValues.cs
 0.1 kb	 0.0% Packages/com.unity.cloud.gltfast/Runtime/Scripts/ReadOnlyDisposableData.cs
 0.1 kb	 0.0% Packages/com.unity.cloud.gltfast/Runtime/Scripts/Newtonsoft/Schema/Texture.cs
 0.1 kb	 0.0% Packages/com.unity.cloud.gltfast/Runtime/Scripts/Newtonsoft/Schema/Scene.cs
 0.1 kb	 0.0% Packages/com.unity.cloud.gltfast/Runtime/Scripts/Newtonsoft/Schema/Sampler.cs
 0.1 kb	 0.0% Packages/com.unity.cloud.gltfast/Runtime/Scripts/Newtonsoft/Schema/Material.cs
 0.1 kb	 0.0% Packages/com.unity.cloud.gltfast/Runtime/Scripts/Newtonsoft/Schema/Image.cs
 0.1 kb	 0.0% Packages/com.unity.cloud.gltfast/Runtime/Scripts/Newtonsoft/Schema/Buffer.cs
 0.1 kb	 0.0% Packages/com.unity.cloud.gltfast/Runtime/Scripts/Newtonsoft/Schema/Asset.cs
 0.1 kb	 0.0% Packages/com.unity.cloud.gltfast/Runtime/Scripts/Newtonsoft/Schema/Accessor.cs
 0.1 kb	 0.0% Packages/com.unity.cloud.gltfast/Runtime/Scripts/Newtonsoft/GltfImport.cs
 0.1 kb	 0.0% Packages/com.unity.cloud.gltfast/Runtime/Scripts/NativeArrayExtensions.cs
 0.1 kb	 0.0% Packages/com.unity.cloud.gltfast/Runtime/Scripts/MorphTargetsGenerator.cs
 0.1 kb	 0.0% Packages/com.unity.cloud.gltfast/Runtime/Scripts/MaterialsVariants/MaterialsVariantsControl.cs
 0.1 kb	 0.0% Packages/com.unity.cloud.gltfast/Runtime/Scripts/MaterialsVariants/IMaterialsVariantsSlot.cs
 0.1 kb	 0.0% Packages/com.unity.cloud.gltfast/Runtime/Scripts/Loading/IDownloadProvider.cs
 0.1 kb	 0.0% Packages/com.unity.cloud.gltfast/Runtime/Scripts/LightPunctualExtension.cs
 0.1 kb	 0.0% Packages/com.unity.cloud.gltfast/Runtime/Scripts/InstantiationSettings.cs
 0.1 kb	 0.0% Packages/com.unity.cloud.gltfast/Runtime/Scripts/ImportAddons/ImportAddonRegistry.cs
 0.1 kb	 0.0% Packages/com.unity.cloud.gltfast/Runtime/Scripts/ImportAddons/ImportAddonInstance.cs
 0.1 kb	 0.0% Packages/com.unity.cloud.gltfast/Runtime/Scripts/ImageFormatExtensions.cs
 0.1 kb	 0.0% Packages/com.unity.cloud.gltfast/Runtime/Scripts/GltfJsonUtilityParser.cs
 0.1 kb	 0.0% Packages/com.unity.cloud.gltfast/Runtime/Scripts/GameObjectSceneInstance.cs
 0.1 kb	 0.0% Packages/com.unity.cloud.gltfast/Runtime/Scripts/GameObjectInstantiator.cs
 0.1 kb	 0.0% Packages/com.unity.cloud.gltfast/Runtime/Scripts/Export/TextureComparer.cs
 0.1 kb	 0.0% Packages/com.unity.cloud.gltfast/Runtime/Scripts/Export/OrmImageExport.cs
 0.1 kb	 0.0% Packages/com.unity.cloud.gltfast/Runtime/Scripts/Export/MaterialExport.cs
 0.1 kb	 0.0% Packages/com.unity.cloud.gltfast/Runtime/Scripts/Export/ImageExportBase.cs
 0.1 kb	 0.0% Packages/com.unity.cloud.gltfast/Runtime/Scripts/Export/IMaterialExport.cs
 0.1 kb	 0.0% Packages/com.unity.cloud.gltfast/Runtime/Scripts/Export/IGltfWritable.cs
 0.1 kb	 0.0% Packages/com.unity.cloud.gltfast/Runtime/Scripts/Export/GameObjectExport.cs
 0.1 kb	 0.0% Packages/com.unity.cloud.gltfast/Runtime/Scripts/Export/ExportSettings.cs
 0.1 kb	 0.0% Packages/com.unity.burst/Runtime/Intrinsics/SimdDebugViews.cs
 0.1 kb	 0.0% Packages/com.unity.burst/Runtime/Editor/BurstReflection.cs
 0.1 kb	 0.0% Packages/com.unity.burst/Runtime/BurstCompilerOptions.cs
 0.1 kb	 0.0% Packages/com.unity.ai.navigation/Runtime/NavMeshLink.cs
 0.1 kb	 0.0% Packages/com.meta.xr.sdk.core/Scripts/Util/UIButtonSquishHelper.cs
 0.1 kb	 0.0% Packages/com.meta.xr.sdk.core/Scripts/InputActions/RuntimeSettings.cs
 0.1 kb	 0.0% Packages/com.meta.xr.sdk.core/Scripts/InputActions/InputActionSet.cs
 0.1 kb	 0.0% Packages/com.meta.xr.sdk.core/Scripts/ImmersiveDebugger/UserInterface/Resources/Styles/TextStyles/MemberDescriptorValue.asset
 0.1 kb	 0.0% Packages/com.meta.xr.sdk.core/Scripts/ImmersiveDebugger/UserInterface/Resources/Styles/TextStyles/ConsoleLogDetailsLabel.asset
 0.1 kb	 0.0% Packages/com.meta.xr.mrutilitykit/Core/Scripts/Utilities.cs
 0.1 kb	 0.0% Packages/com.meta.xr.mrutilitykit/Core/Scripts/Triangulator.cs
 0.1 kb	 0.0% Packages/com.meta.xr.mrutilitykit/Core/Scripts/SpaceMapGPU.cs
 0.1 kb	 0.0% Packages/com.meta.xr.mrutilitykit/Core/Scripts/SceneDecorator/Masks/Mask.cs
 0.1 kb	 0.0% Packages/com.meta.xr.mrutilitykit/Core/Scripts/RoomGuardian.cs
 0.1 kb	 0.0% Packages/com.meta.xr.mrutilitykit/Core/Scripts/MRUKStart.cs
 0.1 kb	 0.0% Packages/com.meta.xr.mrutilitykit/Core/Scripts/MRUKNative.cs
 0.1 kb	 0.0% Packages/com.meta.xr.mrutilitykit/Core/Scripts/MRUKAnchor.cs
 0.1 kb	 0.0% Packages/com.meta.xr.mrutilitykit/Core/Scripts/LabelFilter.cs
 0.1 kb	 0.0% Packages/com.meta.xr.mrutilitykit/Core/Scripts/EffectMesh.cs
 0.1 kb	 0.0% Assets/Milzet/Runtime/ViewerBootstrap.cs
 0.1 kb	 0.0% Assets/Milzet/Runtime/ScenarioContext.cs
 0.1 kb	 0.0% Assets/Milzet/Runtime/ProjectionMesh.cs
 0.1 kb	 0.0% Assets/Milzet/Runtime/PackageReader.cs
 0.1 kb	 0.0% Assets/Milzet/Runtime/PackagePlayer.cs
 0.1 kb	 0.0% Assets/Milzet/Runtime/ModelContract.cs
 0.1 kb	 0.0% Assets/Milzet/Runtime/ExperienceReader.cs
 0.1 kb	 0.0% Assets/Milzet/Runtime/ActivityContract.cs
 0.1 kb	 0.0% Packages/com.unity.ugui/Runtime/TMP/TextMeshProUGUI.cs
 0.1 kb	 0.0% Packages/com.unity.ugui/Runtime/TMP/TextContainer.cs
 0.1 kb	 0.0% Packages/com.unity.ugui/Runtime/TMP/TMP_TextElement.cs
 0.1 kb	 0.0% Packages/com.unity.ugui/Runtime/TMP/TMP_SubMeshUI.cs
 0.1 kb	 0.0% Packages/com.unity.ugui/Runtime/TMP/TMP_StyleSheet.cs
 0.1 kb	 0.0% Packages/com.unity.ugui/Runtime/TMP/TMP_SpriteGlyph.cs
 0.1 kb	 0.0% Packages/com.unity.ugui/Runtime/TMP/TMP_SpriteAsset.cs
 0.1 kb	 0.0% Packages/com.unity.ugui/Runtime/TMP/TMP_InputField.cs
 0.1 kb	 0.0% Packages/com.unity.ugui/Runtime/TMP/TMP_FontAsset.cs
 0.1 kb	 0.0% Packages/com.unity.ugui/Runtime/TMP/TMP_CoroutineTween.cs
 0.1 kb	 0.0% Packages/com.unity.ugui/Runtime/TMP/TMP_Character.cs
 0.1 kb	 0.0% Packages/com.unity.timeline/Runtime/Utilities/TimelineUndo.cs
 0.1 kb	 0.0% Packages/com.unity.timeline/Runtime/Utilities/TimeUtility.cs
 0.1 kb	 0.0% Packages/com.unity.timeline/Runtime/Utilities/HashUtility.cs
 0.1 kb	 0.0% Packages/com.unity.timeline/Runtime/Utilities/BlendUtility.cs
 0.1 kb	 0.0% Packages/com.unity.timeline/Runtime/TrackAsset.cs
 0.1 kb	 0.0% Packages/com.unity.timeline/Runtime/TimelineClip.cs
 0.1 kb	 0.0% Packages/com.unity.timeline/Runtime/Playables/ITimeControl.cs
 0.1 kb	 0.0% Packages/com.unity.timeline/Runtime/ILayerable.cs
 0.1 kb	 0.0% Packages/com.unity.timeline/Runtime/GroupTrack.cs
 0.1 kb	 0.0% Packages/com.unity.timeline/Runtime/Events/Signals/SignalAsset.cs
 0.1 kb	 0.0% Packages/com.unity.timeline/Runtime/Events/SignalTrack.cs
 0.1 kb	 0.0% Packages/com.unity.timeline/Runtime/Events/MarkerTrack.cs
 0.1 kb	 0.0% Packages/com.unity.timeline/Runtime/Events/MarkerList.cs
 0.1 kb	 0.0% Packages/com.unity.timeline/Runtime/Evaluation/RuntimeClip.cs
 0.1 kb	 0.0% Packages/com.unity.timeline/Runtime/Evaluation/IntervalTree.cs
 0.1 kb	 0.0% Packages/com.unity.timeline/Runtime/DiscreteTime.cs
 0.1 kb	 0.0% Packages/com.unity.timeline/Runtime/Control/ControlTrack.cs
 0.1 kb	 0.0% Packages/com.unity.timeline/Runtime/Audio/AudioTrack.cs
 0.1 kb	 0.0% Packages/com.unity.timeline/Runtime/AssetUpgrade/ClipUpgrade.cs
 0.1 kb	 0.0% Packages/com.unity.timeline/Runtime/Animation/ICurvesOwner.cs
 0.1 kb	 0.0% Packages/com.unity.mathematics/Unity.Mathematics/uint4x4.gen.cs
 0.1 kb	 0.0% Packages/com.unity.mathematics/Unity.Mathematics/uint4x3.gen.cs
 0.1 kb	 0.0% Packages/com.unity.mathematics/Unity.Mathematics/uint4x2.gen.cs
 0.1 kb	 0.0% Packages/com.unity.mathematics/Unity.Mathematics/uint4.gen.cs
 0.1 kb	 0.0% Packages/com.unity.mathematics/Unity.Mathematics/uint3x4.gen.cs
 0.1 kb	 0.0% Packages/com.unity.mathematics/Unity.Mathematics/uint3x3.gen.cs
 0.1 kb	 0.0% Packages/com.unity.mathematics/Unity.Mathematics/uint3x2.gen.cs
 0.1 kb	 0.0% Packages/com.unity.mathematics/Unity.Mathematics/uint3.gen.cs
 0.1 kb	 0.0% Packages/com.unity.mathematics/Unity.Mathematics/uint2x4.gen.cs
 0.1 kb	 0.0% Packages/com.unity.mathematics/Unity.Mathematics/uint2x3.gen.cs
 0.1 kb	 0.0% Packages/com.unity.mathematics/Unity.Mathematics/uint2x2.gen.cs
 0.1 kb	 0.0% Packages/com.unity.mathematics/Unity.Mathematics/uint2.gen.cs
 0.1 kb	 0.0% Packages/com.unity.mathematics/Unity.Mathematics/int4x4.gen.cs
 0.1 kb	 0.0% Packages/com.unity.mathematics/Unity.Mathematics/int4x3.gen.cs
 0.1 kb	 0.0% Packages/com.unity.mathematics/Unity.Mathematics/int4x2.gen.cs
 0.1 kb	 0.0% Packages/com.unity.mathematics/Unity.Mathematics/int3x4.gen.cs
 0.1 kb	 0.0% Packages/com.unity.mathematics/Unity.Mathematics/int3x3.gen.cs
 0.1 kb	 0.0% Packages/com.unity.mathematics/Unity.Mathematics/int3x2.gen.cs
 0.1 kb	 0.0% Packages/com.unity.mathematics/Unity.Mathematics/int2x4.gen.cs
 0.1 kb	 0.0% Packages/com.unity.mathematics/Unity.Mathematics/int2x3.gen.cs
 0.1 kb	 0.0% Packages/com.unity.mathematics/Unity.Mathematics/int2x2.gen.cs
 0.1 kb	 0.0% Packages/com.unity.mathematics/Unity.Mathematics/half4.gen.cs
 0.1 kb	 0.0% Packages/com.unity.mathematics/Unity.Mathematics/half3.gen.cs
 0.1 kb	 0.0% Packages/com.unity.mathematics/Unity.Mathematics/half2.gen.cs
 0.1 kb	 0.0% Packages/com.unity.mathematics/Unity.Mathematics/float4x4.gen.cs
 0.1 kb	 0.0% Packages/com.unity.mathematics/Unity.Mathematics/float4x3.gen.cs
 0.1 kb	 0.0% Packages/com.unity.mathematics/Unity.Mathematics/float4x2.gen.cs
 0.1 kb	 0.0% Packages/com.unity.mathematics/Unity.Mathematics/float4.gen.cs
 0.1 kb	 0.0% Packages/com.unity.mathematics/Unity.Mathematics/float3x4.gen.cs
 0.1 kb	 0.0% Packages/com.unity.mathematics/Unity.Mathematics/float3x3.gen.cs
 0.1 kb	 0.0% Packages/com.unity.mathematics/Unity.Mathematics/float3x2.gen.cs
 0.1 kb	 0.0% Packages/com.unity.mathematics/Unity.Mathematics/float3.gen.cs
 0.1 kb	 0.0% Packages/com.unity.mathematics/Unity.Mathematics/float2x4.gen.cs
 0.1 kb	 0.0% Packages/com.unity.mathematics/Unity.Mathematics/float2x3.gen.cs
 0.1 kb	 0.0% Packages/com.unity.mathematics/Unity.Mathematics/float2x2.gen.cs
 0.1 kb	 0.0% Packages/com.unity.mathematics/Unity.Mathematics/float2.gen.cs
 0.1 kb	 0.0% Packages/com.unity.mathematics/Unity.Mathematics/double4.gen.cs
 0.1 kb	 0.0% Packages/com.unity.mathematics/Unity.Mathematics/double3.gen.cs
 0.1 kb	 0.0% Packages/com.unity.mathematics/Unity.Mathematics/double2.gen.cs
 0.1 kb	 0.0% Packages/com.unity.mathematics/Unity.Mathematics/bool4x4.gen.cs
 0.1 kb	 0.0% Packages/com.unity.mathematics/Unity.Mathematics/bool4x3.gen.cs
 0.1 kb	 0.0% Packages/com.unity.mathematics/Unity.Mathematics/bool4x2.gen.cs
 0.1 kb	 0.0% Packages/com.unity.mathematics/Unity.Mathematics/bool4.gen.cs
 0.1 kb	 0.0% Packages/com.unity.mathematics/Unity.Mathematics/bool3x4.gen.cs
 0.1 kb	 0.0% Packages/com.unity.mathematics/Unity.Mathematics/bool3x3.gen.cs
 0.1 kb	 0.0% Packages/com.unity.mathematics/Unity.Mathematics/bool3x2.gen.cs
 0.1 kb	 0.0% Packages/com.unity.mathematics/Unity.Mathematics/bool3.gen.cs
 0.1 kb	 0.0% Packages/com.unity.mathematics/Unity.Mathematics/bool2x4.gen.cs
 0.1 kb	 0.0% Packages/com.unity.mathematics/Unity.Mathematics/bool2x3.gen.cs
 0.1 kb	 0.0% Packages/com.unity.mathematics/Unity.Mathematics/bool2x2.gen.cs
 0.1 kb	 0.0% Packages/com.unity.mathematics/Unity.Mathematics/bool2.gen.cs
 0.1 kb	 0.0% Packages/com.unity.mathematics/Unity.Mathematics/Noise/psrdnoise2D.cs
 0.1 kb	 0.0% Packages/com.unity.mathematics/Unity.Mathematics/Noise/noise3Dgrad.cs
 0.1 kb	 0.0% Packages/com.unity.mathematics/Unity.Mathematics/Noise/cellular3D.cs
 0.1 kb	 0.0% Packages/com.unity.mathematics/Unity.Mathematics/Noise/cellular2x2.cs
 0.1 kb	 0.0% Packages/com.unity.mathematics/Unity.Mathematics/Noise/cellular2D.cs
 0.1 kb	 0.0% Packages/com.unity.inputsystem/InputSystem/Runtime/Plugins/XR/Devices/GoogleVR.cs
 0.1 kb	 0.0% Packages/com.unity.inputsystem/InputSystem/Runtime/Devices/Sensor.cs
 0.1 kb	 0.0% Packages/com.unity.inputsystem/InputSystem/Runtime/Devices/Pointer.cs
 0.1 kb	 0.0% Packages/com.unity.inputsystem/InputSystem/Runtime/Devices/Mouse.cs
 0.1 kb	 0.0% Packages/com.unity.inputsystem/InputSystem/Runtime/Devices/Keyboard.cs
 0.1 kb	 0.0% Packages/com.unity.inputsystem/InputSystem/Runtime/Devices/Joystick.cs
 0.1 kb	 0.0% Packages/com.unity.inputsystem/InputSystem/Runtime/Devices/Gamepad.cs
 0.1 kb	 0.0% Packages/com.unity.inputsystem/InputSystem/Editor/DownloadableSample.cs
 0.1 kb	 0.0% Packages/com.unity.collections/Unity.Collections/xxHash3.AVX2.cs
 0.1 kb	 0.0% Packages/com.unity.cloud.gltfast/Runtime/Scripts/Schema/FakeSchema/MeshPrimitive.cs
 0.1 kb	 0.0% Packages/com.unity.cloud.gltfast/Runtime/Scripts/Material/MaterialProperty.cs
 0.1 kb	 0.0% Packages/com.unity.burst/Runtime/Intrinsics/Arm/NEON_AArch64_rdma.cs
 0.1 kb	 0.0% Packages/com.unity.burst/Runtime/Intrinsics/Arm/NEON_AArch64_dotprod.cs
 0.1 kb	 0.0% Packages/com.unity.burst/Runtime/Intrinsics/Arm/NEON_AArch64_crypto.cs
 0.1 kb	 0.0% Packages/com.meta.xr.sdk.core/Scripts/Util/SampleMetadata/SampleMetadata.cs
 0.1 kb	 0.0% Packages/com.meta.xr.sdk.core/Scripts/Util/Passthrough/OVRPassthroughColorLut.cs
 0.1 kb	 0.0% Packages/com.meta.xr.sdk.core/Scripts/Util/OVRSceneSampleController.cs
 0.1 kb	 0.0% Packages/com.meta.xr.sdk.core/Scripts/Util/OVRCustomFaceExtensions.cs
 0.1 kb	 0.0% Packages/com.meta.xr.sdk.core/Scripts/Util/OVRChromaticAberration.cs
 0.1 kb	 0.0% Packages/com.meta.xr.sdk.core/Scripts/SystemHaptics/SystemHapticsClipData.cs
 0.1 kb	 0.0% Packages/com.meta.xr.sdk.core/Scripts/OVRTelemetry/OVRTelemetryConstants.cs
 0.1 kb	 0.0% Packages/com.meta.xr.sdk.core/Scripts/OVRTelemetry/OVRSampledEventSender.cs
 0.1 kb	 0.0% Packages/com.meta.xr.sdk.core/Scripts/OVRSceneVolumeMeshFilter.cs
 0.1 kb	 0.0% Packages/com.meta.xr.sdk.core/Scripts/OVRScenePrefabOverride.cs
 0.1 kb	 0.0% Packages/com.meta.xr.sdk.core/Scripts/OVRScenePlaneMeshFilter.cs
 0.1 kb	 0.0% Packages/com.meta.xr.sdk.core/Scripts/OVRPermissionsRequester.cs
 0.1 kb	 0.0% Packages/com.meta.xr.sdk.core/Scripts/OVROverlayMeshGenerator.cs
 0.1 kb	 0.0% Packages/com.meta.xr.sdk.core/Scripts/OVROverlayCanvasSettings.cs
 0.1 kb	 0.0% Packages/com.meta.xr.sdk.core/Scripts/OVROverlayCanvasManager.cs
 0.1 kb	 0.0% Packages/com.meta.xr.sdk.core/Scripts/OVRGLTFAnimatinonNode.cs
 0.1 kb	 0.0% Packages/com.meta.xr.sdk.core/Scripts/OVRDebugHeadController.cs
 0.1 kb	 0.0% Packages/com.meta.xr.sdk.core/Scripts/ImmersiveDebugger/UserInterface/UIEditorSetup.cs
 0.1 kb	 0.0% Packages/com.meta.xr.sdk.core/Scripts/ImmersiveDebugger/UserInterface/Resources/Styles/TextStyles/HierarchyItemLabel.asset
 0.1 kb	 0.0% Packages/com.meta.xr.sdk.core/Scripts/ImmersiveDebugger/UserInterface/Resources/Styles/TextStyles/ConsoleLogCounter.asset
 0.1 kb	 0.0% Packages/com.meta.xr.sdk.core/Scripts/ImmersiveDebugger/UserInterface/Resources/Styles/TextStyles/ConsoleButtonCount.asset
 0.1 kb	 0.0% Packages/com.meta.xr.sdk.core/Scripts/ImmersiveDebugger/UsageExample/TestSceneUsage.cs
 0.1 kb	 0.0% Packages/com.meta.xr.sdk.core/Scripts/Composition/OVRExternalComposition.cs
 0.1 kb	 0.0% Assets/Milzet/StartupSource/IActiveState.cs
 0.1 kb	 0.0% Packages/com.unity.xr.core-utils/Runtime/XROrigin.cs
 0.1 kb	 0.0% Packages/com.unity.xr.core-utils/Runtime/GuidUtil.cs
 0.1 kb	 0.0% Packages/com.unity.ugui/Runtime/UGUI/UI/Core/Utility/VertexHelper.cs
 0.1 kb	 0.0% Packages/com.unity.ugui/Runtime/UGUI/UI/Core/ToggleGroup.cs
 0.1 kb	 0.0% Packages/com.unity.ugui/Runtime/UGUI/UI/Core/SpriteState.cs
 0.1 kb	 0.0% Packages/com.unity.ugui/Runtime/UGUI/UI/Core/Selectable.cs
 0.1 kb	 0.0% Packages/com.unity.ugui/Runtime/UGUI/UI/Core/Scrollbar.cs
 0.1 kb	 0.0% Packages/com.unity.ugui/Runtime/UGUI/UI/Core/ScrollRect.cs
 0.1 kb	 0.0% Packages/com.unity.ugui/Runtime/UGUI/UI/Core/RectMask2D.cs
 0.1 kb	 0.0% Packages/com.unity.ugui/Runtime/UGUI/UI/Core/Navigation.cs
 0.1 kb	 0.0% Packages/com.unity.ugui/Runtime/UGUI/UI/Core/Layout/LayoutGroup.cs
 0.1 kb	 0.0% Packages/com.unity.ugui/Runtime/UGUI/UI/Core/Layout/CanvasScaler.cs
 0.1 kb	 0.0% Packages/com.unity.ugui/Runtime/UGUI/UI/Core/InputField.cs
 0.1 kb	 0.0% Packages/com.unity.ugui/Runtime/UGUI/UI/Core/IMaskable.cs
 0.1 kb	 0.0% Packages/com.unity.ugui/Runtime/UGUI/UI/Core/ColorBlock.cs
 0.1 kb	 0.0% Packages/com.unity.mathematics/Unity.Mathematics/random.cs
 0.1 kb	 0.0% Packages/com.unity.mathematics/Unity.Mathematics/matrix.gen.cs
 0.1 kb	 0.0% Packages/com.unity.mathematics/Unity.Mathematics/matrix.cs
 0.1 kb	 0.0% Packages/com.unity.mathematics/Unity.Mathematics/Noise/noise4D.cs
 0.1 kb	 0.0% Packages/com.unity.mathematics/Unity.Mathematics/Noise/noise3D.cs
 0.1 kb	 0.0% Packages/com.unity.mathematics/Unity.Mathematics/Noise/noise2D.cs
 0.1 kb	 0.0% Packages/com.unity.mathematics/Unity.Mathematics/Noise/common.cs
 0.1 kb	 0.0% Packages/com.unity.inputsystem/InputSystem/Runtime/Plugins/XR/Devices/OpenVR.cs
 0.1 kb	 0.0% Packages/com.unity.inputsystem/InputSystem/Runtime/Plugins/HID/HID.cs
 0.1 kb	 0.0% Packages/com.unity.collections/Unity.Collections/xxHash3.cs
 0.1 kb	 0.0% Packages/com.unity.collections/Unity.Collections/Unicode.cs
 0.1 kb	 0.0% Packages/com.unity.collections/Unity.Collections/Memory.cs
 0.1 kb	 0.0% Packages/com.unity.collections/Unity.Collections/Jobs/IJobFilter.cs
 0.1 kb	 0.0% Packages/com.unity.collections/Unity.Collections/BitField.cs
 0.1 kb	 0.0% Packages/com.unity.cloud.gltfast/Runtime/Scripts/VertexBufferColors.cs
 0.1 kb	 0.0% Packages/com.unity.cloud.gltfast/Runtime/Scripts/VertexBufferBones.cs
 0.1 kb	 0.0% Packages/com.unity.cloud.gltfast/Runtime/Scripts/SubMeshAssignment.cs
 0.1 kb	 0.0% Packages/com.unity.cloud.gltfast/Runtime/Scripts/Schema/TextureTransform.cs
 0.1 kb	 0.0% Packages/com.unity.cloud.gltfast/Runtime/Scripts/Schema/RootExtensions.cs
 0.1 kb	 0.0% Packages/com.unity.cloud.gltfast/Runtime/Scripts/Schema/MeshPrimitive.cs
 0.1 kb	 0.0% Packages/com.unity.cloud.gltfast/Runtime/Scripts/Schema/MaterialUnlit.cs
 0.1 kb	 0.0% Packages/com.unity.cloud.gltfast/Runtime/Scripts/Schema/MaterialTransmission.cs
 0.1 kb	 0.0% Packages/com.unity.cloud.gltfast/Runtime/Scripts/Schema/MaterialSpecular.cs
 0.1 kb	 0.0% Packages/com.unity.cloud.gltfast/Runtime/Scripts/Schema/MaterialClearCoat.cs
 0.1 kb	 0.0% Packages/com.unity.cloud.gltfast/Runtime/Scripts/Schema/LightsPunctual.cs
 0.1 kb	 0.0% Packages/com.unity.cloud.gltfast/Runtime/Scripts/Schema/LightPunctual.cs
 0.1 kb	 0.0% Packages/com.unity.cloud.gltfast/Runtime/Scripts/Schema/AnimationSampler.cs
 0.1 kb	 0.0% Packages/com.unity.cloud.gltfast/Runtime/Scripts/Schema/AnimationChannel.cs
 0.1 kb	 0.0% Packages/com.unity.cloud.gltfast/Runtime/Scripts/Schema/AccessorSparse.cs
 0.1 kb	 0.0% Packages/com.unity.cloud.gltfast/Runtime/Scripts/RenderPipelineUtils.cs
 0.1 kb	 0.0% Packages/com.unity.cloud.gltfast/Runtime/Scripts/PrimitivesComparer.cs
 0.1 kb	 0.0% Packages/com.unity.cloud.gltfast/Runtime/Scripts/PrimitiveComparer.cs
 0.1 kb	 0.0% Packages/com.unity.cloud.gltfast/Runtime/Scripts/NodeHierarchyInfo.cs
 0.1 kb	 0.0% Packages/com.unity.cloud.gltfast/Runtime/Scripts/Newtonsoft/Schema/Skin.cs
 0.1 kb	 0.0% Packages/com.unity.cloud.gltfast/Runtime/Scripts/Newtonsoft/Schema/Root.cs
 0.1 kb	 0.0% Packages/com.unity.cloud.gltfast/Runtime/Scripts/Newtonsoft/Schema/Node.cs
 0.1 kb	 0.0% Packages/com.unity.cloud.gltfast/Runtime/Scripts/Newtonsoft/Schema/Mesh.cs
 0.1 kb	 0.0% Packages/com.unity.cloud.gltfast/Runtime/Scripts/MeshGeneratorBase.cs
 0.1 kb	 0.0% Packages/com.unity.cloud.gltfast/Runtime/Scripts/Logging/ConsoleLogger.cs
 0.1 kb	 0.0% Packages/com.unity.cloud.gltfast/Runtime/Scripts/Logging/CollectingLogger.cs
 0.1 kb	 0.0% Packages/com.unity.cloud.gltfast/Runtime/Scripts/Loading/ITextureDownload.cs
 0.1 kb	 0.0% Packages/com.unity.cloud.gltfast/Runtime/Scripts/Loading/INativeDownload.cs
 0.1 kb	 0.0% Packages/com.unity.cloud.gltfast/Runtime/Scripts/ImportAddons/IInstanceApplier.cs
 0.1 kb	 0.0% Packages/com.unity.cloud.gltfast/Runtime/Scripts/ImageFormatDetection.cs
 0.1 kb	 0.0% Packages/com.unity.cloud.gltfast/Runtime/Scripts/ITextureImageLoader.cs
 0.1 kb	 0.0% Packages/com.unity.cloud.gltfast/Runtime/Scripts/INodeHierarchyInfo.cs
 0.1 kb	 0.0% Packages/com.unity.cloud.gltfast/Runtime/Scripts/IMaterialProvider.cs
 0.1 kb	 0.0% Packages/com.unity.cloud.gltfast/Runtime/Scripts/Export/ImageExport.cs
 0.1 kb	 0.0% Packages/com.unity.cloud.gltfast/Runtime/Scripts/Export/IMeshData.cs
 0.1 kb	 0.0% Packages/com.unity.cloud.gltfast/Runtime/Scripts/Export/GltfWriter.cs
 0.1 kb	 0.0% Packages/com.unity.cloud.gltfast/Runtime/Scripts/Export/ExportJobs.cs
 0.1 kb	 0.0% Packages/com.unity.cloud.gltfast/Runtime/Scripts/Export/Constants.cs
 0.1 kb	 0.0% Packages/com.unity.cloud.gltfast/Runtime/Scripts/DontDestroyOnLoad.cs
 0.1 kb	 0.0% Packages/com.unity.cloud.gltfast/Runtime/Scripts/DefaultDeferAgent.cs
 0.1 kb	 0.0% Packages/com.unity.burst/Runtime/NoAliasAttribute.cs
 0.1 kb	 0.0% Packages/com.unity.burst/Runtime/FunctionPointer.cs
 0.1 kb	 0.0% Packages/com.unity.burst/Runtime/Editor/BurstLoader.cs
 0.1 kb	 0.0% Packages/com.unity.burst/Runtime/CompilerServices/Constant.cs
 0.1 kb	 0.0% Packages/com.unity.burst/Runtime/CompilerServices/Aliasing.cs
 0.1 kb	 0.0% Packages/com.unity.burst/Runtime/BurstString.Float.cs
 0.1 kb	 0.0% Packages/com.unity.burst/Runtime/BurstCompiler.cs
 0.1 kb	 0.0% Packages/com.unity.ai.navigation/Runtime/HelpUrls.cs
 0.1 kb	 0.0% Packages/com.meta.xr.sdk.core/Scripts/ImmersiveDebugger/UserInterface/Resources/Styles/TextStyles/InspectorTitle.asset
 0.1 kb	 0.0% Packages/com.meta.xr.sdk.core/Scripts/ImmersiveDebugger/UserInterface/Resources/Styles/TextStyles/ConsoleLineLabel.asset
 0.1 kb	 0.0% Packages/com.meta.xr.sdk.core/Scripts/ImmersiveDebugger/UserInterface/Resources/Styles/TextStyles/CategorySubLabel.asset
 0.1 kb	 0.0% Packages/com.meta.xr.sdk.core/Scripts/ImmersiveDebugger/UserInterface/Resources/Styles/TextStyles/CategoryLabel.asset
 0.1 kb	 0.0% Packages/com.meta.xr.sdk.core/Scripts/BuildingBlocks/RoomMesh/RoomMeshAnchor.cs
 0.1 kb	 0.0% Packages/com.meta.xr.mrutilitykit/Core/Scripts/SpaceMap.cs
 0.1 kb	 0.0% Packages/com.meta.xr.mrutilitykit/Core/Scripts/MRUKRoom.cs
 0.1 kb	 0.0% Assets/Milzet/Runtime/WaveDecoder.cs
 0.1 kb	 0.0% Assets/Milzet/Runtime/Projection.cs
 0.1 kb	 0.0% Packages/com.unity.ugui/Runtime/UGUI/UI/Core/Culling/IClipRegion.cs
 0.1 kb	 0.0% Packages/com.unity.ugui/Runtime/TMP/TextMeshPro.cs
 0.1 kb	 0.0% Packages/com.unity.ugui/Runtime/TMP/TMP_TextInfo.cs
 0.1 kb	 0.0% Packages/com.unity.ugui/Runtime/TMP/TMP_SubMesh.cs
 0.1 kb	 0.0% Packages/com.unity.ugui/Runtime/TMP/TMP_Style.cs
 0.1 kb	 0.0% Packages/com.unity.ugui/Runtime/TMP/TMP_Sprite.cs
 0.1 kb	 0.0% Packages/com.unity.ugui/Runtime/TMP/TMP_Settings.cs
 0.1 kb	 0.0% Packages/com.unity.ugui/Runtime/TMP/TMP_MeshInfo.cs
 0.1 kb	 0.0% Packages/com.unity.ugui/Runtime/TMP/TMP_LineInfo.cs
 0.1 kb	 0.0% Packages/com.unity.ugui/Runtime/TMP/TMP_Dropdown.cs
 0.1 kb	 0.0% Packages/com.unity.ugui/Runtime/TMP/TMP_Asset.cs
 0.1 kb	 0.0% Packages/com.unity.ugui/Runtime/TMP/FastAction.cs
 0.1 kb	 0.0% Packages/com.unity.timeline/Runtime/ObjectId.cs
 0.1 kb	 0.0% Packages/com.unity.timeline/Runtime/Events/Marker.cs
 0.1 kb	 0.0% Packages/com.unity.timeline/Runtime/Events/IMarker.cs
 0.1 kb	 0.0% Packages/com.unity.mathematics/Unity.Mathematics/int4.gen.cs
 0.1 kb	 0.0% Packages/com.unity.mathematics/Unity.Mathematics/int3.gen.cs
 0.1 kb	 0.0% Packages/com.unity.mathematics/Unity.Mathematics/int2.gen.cs
 0.1 kb	 0.0% Packages/com.unity.inputsystem/InputSystem/Runtime/Devices/Pen.cs
 0.1 kb	 0.0% Packages/com.unity.cloud.gltfast/Runtime/Scripts/VertexStructs.cs
 0.1 kb	 0.0% Packages/com.unity.cloud.gltfast/Runtime/Scripts/Schema/GltfAnimation.cs
 0.1 kb	 0.0% Packages/com.unity.cloud.gltfast/Runtime/Scripts/Schema/FakeSchema/NamedObject.cs
 0.1 kb	 0.0% Packages/com.unity.cloud.gltfast/Runtime/Scripts/Material/Constants.cs
 0.1 kb	 0.0% Packages/com.unity.cloud.gltfast/Runtime/Scripts/CachedFunction.cs
 0.1 kb	 0.0% Packages/com.unity.burst/Runtime/Intrinsics/Common.cs
 0.1 kb	 0.0% Packages/com.unity.burst/Runtime/Intrinsics/Arm/NEON_ctor.cs
 0.1 kb	 0.0% Packages/com.unity.burst/Runtime/Intrinsics/Arm/NEON_AArch64.cs
 0.1 kb	 0.0% Packages/com.meta.xr.sdk.core/ThirdParty/SimpleJSONUnity.cs
 0.1 kb	 0.0% Packages/com.meta.xr.sdk.core/Scripts/Util/OVRSkeletonRenderer.cs
 0.1 kb	 0.0% Packages/com.meta.xr.sdk.core/Scripts/Util/OVRRuntimeController.cs
 0.1 kb	 0.0% Packages/com.meta.xr.sdk.core/Scripts/Util/OVRRuntimeAssetsBase.cs
 0.1 kb	 0.0% Packages/com.meta.xr.sdk.core/Scripts/Util/OVRResetOrientation.cs
 0.1 kb	 0.0% Packages/com.meta.xr.sdk.core/Scripts/Util/OVRRecord.cs
 0.1 kb	 0.0% Packages/com.meta.xr.sdk.core/Scripts/Util/OVRReadOnlyAttribute.cs
 0.1 kb	 0.0% Packages/com.meta.xr.sdk.core/Scripts/Util/OVRRayTransformer.cs
 0.1 kb	 0.0% Packages/com.meta.xr.sdk.core/Scripts/Util/OVRProgressIndicator.cs
 0.1 kb	 0.0% Packages/com.meta.xr.sdk.core/Scripts/Util/OVRPlayerController.cs
 0.1 kb	 0.0% Packages/com.meta.xr.sdk.core/Scripts/Util/OVRMetricsToolSDK.cs
 0.1 kb	 0.0% Packages/com.meta.xr.sdk.core/Scripts/Util/OVREnumExtensions.cs
 0.1 kb	 0.0% Packages/com.meta.xr.sdk.core/Scripts/Util/OVRCustomSkeleton.cs
 0.1 kb	 0.0% Packages/com.meta.xr.sdk.core/Scripts/Util/OVRCubemapCapture.cs
 0.1 kb	 0.0% Packages/com.meta.xr.sdk.core/Scripts/Util/OVRControllerTest.cs
 0.1 kb	 0.0% Packages/com.meta.xr.sdk.core/Scripts/Util/OVRControllerHelper.cs
 0.1 kb	 0.0% Packages/com.meta.xr.sdk.core/Scripts/Util/OVRAutoDestroyInMRC.cs
 0.1 kb	 0.0% Packages/com.meta.xr.sdk.core/Scripts/Util/OVRAudioSourceTest.cs
 0.1 kb	 0.0% Packages/com.meta.xr.sdk.core/Scripts/OpenXRFeatures/MetaXRSpaceWarp.cs
 0.1 kb	 0.0% Packages/com.meta.xr.sdk.core/Scripts/OpenXRFeatures/MetaXRFeature.cs
 0.1 kb	 0.0% Packages/com.meta.xr.sdk.core/Scripts/OVRVirtualKeyboard/OVRVirtualKeyboard.cs
 0.1 kb	 0.0% Packages/com.meta.xr.sdk.core/Scripts/OVRTelemetry/OVRTelemetryMarker.cs
 0.1 kb	 0.0% Packages/com.meta.xr.sdk.core/Scripts/OVRSceneModelLoader.cs
 0.1 kb	 0.0% Packages/com.meta.xr.sdk.core/Scripts/OVRRuntimeSettings.cs
 0.1 kb	 0.0% Packages/com.meta.xr.sdk.core/Scripts/OVRPointerVisualizer.cs
 0.1 kb	 0.0% Packages/com.meta.xr.sdk.core/Scripts/OVRPassthroughLayer.cs
 0.1 kb	 0.0% Packages/com.meta.xr.sdk.core/Scripts/OVRHeadsetEmulator.cs
 0.1 kb	 0.0% Packages/com.meta.xr.sdk.core/Scripts/OVRFaceExpressions.cs
 0.1 kb	 0.0% Packages/com.meta.xr.sdk.core/Scripts/OVRColocationSession.cs
 0.1 kb	 0.0% Packages/com.meta.xr.sdk.core/Scripts/OVRAnchor/OVRAnchorComponents/OVRSemanticLabels.cs
 0.1 kb	 0.0% Packages/com.meta.xr.sdk.core/Scripts/OVRAnchor/OVRAnchorComponents/OVRAnchorContainer.cs
 0.1 kb	 0.0% Packages/com.meta.xr.sdk.core/Scripts/OVRAnchor/OVRAnchor.FetchTrackables.cs
 0.1 kb	 0.0% Packages/com.meta.xr.sdk.core/Scripts/InputActions/InlineLinkAttribute.cs
 0.1 kb	 0.0% Packages/com.meta.xr.sdk.core/Scripts/ImmersiveDebugger/UserInterface/Resources/Styles/TextStyles/PanelTitle.asset
 0.1 kb	 0.0% Packages/com.meta.xr.sdk.core/Scripts/ImmersiveDebugger/UserInterface/Resources/Styles/TextStyles/MemberValue.asset
 0.1 kb	 0.0% Packages/com.meta.xr.sdk.core/Scripts/ImmersiveDebugger/UserInterface/Resources/Styles/TextStyles/MemberTitle.asset
 0.1 kb	 0.0% Packages/com.meta.xr.sdk.core/Scripts/Composition/OVRCompositionUtil.cs
 0.1 kb	 0.0% Assets/Resources/OVRPlatformToolSettings.asset
 0.1 kb	 0.0% Packages/com.unity.ugui/Runtime/UGUI/UI/Core/VertexModifiers/Shadow.cs
 0.1 kb	 0.0% Packages/com.unity.ugui/Runtime/UGUI/UI/Core/VertexModifiers/Outline.cs
 0.1 kb	 0.0% Packages/com.unity.ugui/Runtime/UGUI/UI/Core/Toggle.cs
 0.1 kb	 0.0% Packages/com.unity.ugui/Runtime/UGUI/UI/Core/Slider.cs
 0.1 kb	 0.0% Packages/com.unity.ugui/Runtime/UGUI/UI/Core/RawImage.cs
 0.1 kb	 0.0% Packages/com.unity.ugui/Runtime/UGUI/UI/Core/Image.cs
 0.1 kb	 0.0% Packages/com.unity.ugui/Runtime/UGUI/UI/Core/IMask.cs
 0.1 kb	 0.0% Packages/com.unity.ugui/Runtime/UGUI/UI/Core/Graphic.cs
 0.1 kb	 0.0% Packages/com.unity.ugui/Runtime/UGUI/UI/Core/FontData.cs
 0.1 kb	 0.0% Packages/com.unity.ugui/Runtime/UGUI/UI/Core/Dropdown.cs
 0.1 kb	 0.0% Packages/com.unity.ugui/Runtime/UGUI/UI/Core/Culling/Clipping.cs
 0.1 kb	 0.0% Packages/com.unity.ugui/Runtime/UGUI/UI/Core/Button.cs
 0.1 kb	 0.0% Packages/com.unity.mathematics/Unity.Mathematics/svd.cs
 0.1 kb	 0.0% Packages/com.unity.mathematics/Unity.Mathematics/math.cs
 0.1 kb	 0.0% Packages/com.unity.mathematics/Unity.Mathematics/half.cs
 0.1 kb	 0.0% Packages/com.unity.cloud.gltfast/Runtime/Scripts/StreamExtension.cs
 0.1 kb	 0.0% Packages/com.unity.cloud.gltfast/Runtime/Scripts/Schema/TextureInfo.cs
 0.1 kb	 0.0% Packages/com.unity.cloud.gltfast/Runtime/Scripts/Schema/SpotLight.cs
 0.1 kb	 0.0% Packages/com.unity.cloud.gltfast/Runtime/Scripts/Schema/NamedObject.cs
 0.1 kb	 0.0% Packages/com.unity.cloud.gltfast/Runtime/Scripts/Schema/MaterialSheen.cs
 0.1 kb	 0.0% Packages/com.unity.cloud.gltfast/Runtime/Scripts/Schema/MaterialIor.cs
 0.1 kb	 0.0% Packages/com.unity.cloud.gltfast/Runtime/Scripts/Schema/JsonWriter.cs
 0.1 kb	 0.0% Packages/com.unity.cloud.gltfast/Runtime/Scripts/Schema/IBufferView.cs
 0.1 kb	 0.0% Packages/com.unity.cloud.gltfast/Runtime/Scripts/Schema/Constants.cs
 0.1 kb	 0.0% Packages/com.unity.cloud.gltfast/Runtime/Scripts/Schema/BufferView.cs
 0.1 kb	 0.0% Packages/com.unity.cloud.gltfast/Runtime/Scripts/RootExtension.cs
 0.1 kb	 0.0% Packages/com.unity.cloud.gltfast/Runtime/Scripts/NodeExtension.cs
 0.1 kb	 0.0% Packages/com.unity.cloud.gltfast/Runtime/Scripts/NativeFileReader.cs
 0.1 kb	 0.0% Packages/com.unity.cloud.gltfast/Runtime/Scripts/MeshGenerator.cs
 0.1 kb	 0.0% Packages/com.unity.cloud.gltfast/Runtime/Scripts/MeshAssignment.cs
 0.1 kb	 0.0% Packages/com.unity.cloud.gltfast/Runtime/Scripts/Logging/LogMessages.cs
 0.1 kb	 0.0% Packages/com.unity.cloud.gltfast/Runtime/Scripts/Logging/ICodeLogger.cs
 0.1 kb	 0.0% Packages/com.unity.cloud.gltfast/Runtime/Scripts/Loading/IDownload.cs
 0.1 kb	 0.0% Packages/com.unity.cloud.gltfast/Runtime/Scripts/Jobs.cs
 0.1 kb	 0.0% Packages/com.unity.cloud.gltfast/Runtime/Scripts/ImportSettings.cs
 0.1 kb	 0.0% Packages/com.unity.cloud.gltfast/Runtime/Scripts/ImportContext.cs
 0.1 kb	 0.0% Packages/com.unity.cloud.gltfast/Runtime/Scripts/ImportAddons/ImportAddon.cs
 0.1 kb	 0.0% Packages/com.unity.cloud.gltfast/Runtime/Scripts/ImportAddons/IDataCache.cs
 0.1 kb	 0.0% Packages/com.unity.cloud.gltfast/Runtime/Scripts/IInstantiator.cs
 0.1 kb	 0.0% Packages/com.unity.cloud.gltfast/Runtime/Scripts/IGltfReadable.cs
 0.1 kb	 0.0% Packages/com.unity.cloud.gltfast/Runtime/Scripts/IGltfAccessors.cs
 0.1 kb	 0.0% Packages/com.unity.cloud.gltfast/Runtime/Scripts/GltfBoundsAsset.cs
 0.1 kb	 0.0% Packages/com.unity.cloud.gltfast/Runtime/Scripts/GltfAssetBase.cs
 0.1 kb	 0.0% Packages/com.unity.cloud.gltfast/Runtime/Scripts/AnimationUtils.cs
 0.1 kb	 0.0% Packages/com.unity.burst/Runtime/SharedStatic.cs
 0.1 kb	 0.0% Packages/com.unity.burst/Runtime/Intrinsics/x86/Ssse3.cs
 0.1 kb	 0.0% Packages/com.unity.burst/Runtime/Intrinsics/x86/Sse4_2.cs
 0.1 kb	 0.0% Packages/com.unity.burst/Runtime/Intrinsics/x86/Sse4_1.cs
 0.1 kb	 0.0% Packages/com.unity.burst/Runtime/Intrinsics/x86/Popcnt.cs
 0.1 kb	 0.0% Packages/com.unity.burst/Runtime/Intrinsics/x86/Common.cs
 0.1 kb	 0.0% Packages/com.unity.burst/Runtime/CompilerServices/Hint.cs
 0.1 kb	 0.0% Packages/com.unity.burst/Runtime/BurstString.cs
 0.1 kb	 0.0% Packages/com.unity.burst/Runtime/BurstRuntime.cs
 0.1 kb	 0.0% Packages/com.meta.xr.sdk.core/ThirdParty/openvr_api.cs
 0.1 kb	 0.0% Packages/com.meta.xr.sdk.core/ThirdParty/SimpleJSON.cs
 0.1 kb	 0.0% Packages/com.meta.xr.sdk.core/Scripts/Util/Feature.cs
 0.1 kb	 0.0% Packages/com.meta.xr.sdk.core/Scripts/OVRAnchor/OVRAnchorComponents/OVRAnchorComponents.gen.cs
 0.1 kb	 0.0% Packages/com.meta.xr.sdk.core/Scripts/OVRAnchor/OVRAnchor.FetchOptions.cs
 0.1 kb	 0.0% Packages/com.meta.xr.sdk.core/Scripts/ImmersiveDebugger/UserInterface/Resources/Textures/idf_rt.renderTexture
 0.1 kb	 0.0% Packages/com.meta.xr.sdk.core/Scripts/ImmersiveDebugger/UserInterface/Resources/Styles/TextStyles/Default.asset
 0.1 kb	 0.0% Packages/com.meta.xr.sdk.core/Scripts/ImmersiveDebugger/UserInterface/Resources/Styles/TextStyles/Content.asset
 0.1 kb	 0.0% Packages/com.meta.xr.sdk.core/Scripts/ImmersiveDebugger/UserInterface/Resources/Styles/TextStyles/BarTime.asset
 0.1 kb	 0.0% Packages/com.meta.xr.sdk.core/Scripts/BuildingBlocks/AlertViewHUD/AlertViewHUD.cs
 0.1 kb	 0.0% Packages/com.meta.xr.mrutilitykit/Core/Scripts/MRUK.cs
 0.1 kb	 0.0% Assets/Milzet/Runtime/PcmWave.cs
 0.1 kb	 0.0% Assets/Milzet/Runtime/Mp4Video.cs
 0.1 kb	 0.0% Packages/com.unity.ugui/Runtime/TMP/TMP_Text.cs
 0.1 kb	 0.0% Packages/com.unity.cloud.gltfast/Runtime/Scripts/Schema/GltfCamera.cs
 0.1 kb	 0.0% Packages/com.unity.cloud.gltfast/Runtime/Scripts/Schema/FakeSchema/Material.cs
 0.1 kb	 0.0% Packages/com.unity.cloud.gltfast/Runtime/Scripts/Extensions.cs
 0.1 kb	 0.0% Packages/com.unity.burst/Runtime/Intrinsics/x86/Sse3.cs
 0.1 kb	 0.0% Packages/com.unity.burst/Runtime/Intrinsics/x86/Sse2.cs
 0.1 kb	 0.0% Packages/com.unity.burst/Runtime/Intrinsics/x86/Sse.cs
 0.1 kb	 0.0% Packages/com.unity.burst/Runtime/Intrinsics/x86/Fma.cs
 0.1 kb	 0.0% Packages/com.unity.burst/Runtime/Intrinsics/x86/F16C.cs
 0.1 kb	 0.0% Packages/com.unity.burst/Runtime/Intrinsics/x86/Csr.cs
 0.1 kb	 0.0% Packages/com.unity.burst/Runtime/Intrinsics/x86/Bmi2.cs
 0.1 kb	 0.0% Packages/com.unity.burst/Runtime/Intrinsics/x86/Bmi1.cs
 0.1 kb	 0.0% Packages/com.unity.burst/Runtime/Intrinsics/x86/Avx2.cs
 0.1 kb	 0.0% Packages/com.unity.burst/Runtime/Intrinsics/x86/Avx.cs
 0.1 kb	 0.0% Packages/com.unity.burst/Runtime/Intrinsics/v64.cs
 0.1 kb	 0.0% Packages/com.unity.burst/Runtime/Intrinsics/v256.cs
 0.1 kb	 0.0% Packages/com.unity.burst/Runtime/Intrinsics/v128.cs
 0.1 kb	 0.0% Packages/com.unity.burst/Runtime/Intrinsics/Arm/NEON.cs
 0.1 kb	 0.0% Packages/com.meta.xr.sdk.core/Scripts/Util/OVRWaitCursor.cs
 0.1 kb	 0.0% Packages/com.meta.xr.sdk.core/Scripts/Util/OVRScreenFade.cs
 0.1 kb	 0.0% Packages/com.meta.xr.sdk.core/Scripts/Util/OVRProfilerScope.cs
 0.1 kb	 0.0% Packages/com.meta.xr.sdk.core/Scripts/Util/OVRObjectPool.cs
 0.1 kb	 0.0% Packages/com.meta.xr.sdk.core/Scripts/Util/OVRNativeList.cs
 0.1 kb	 0.0% Packages/com.meta.xr.sdk.core/Scripts/Util/OVRMonoscopic.cs
 0.1 kb	 0.0% Packages/com.meta.xr.sdk.core/Scripts/Util/OVRMetricsCore.cs
 0.1 kb	 0.0% Packages/com.meta.xr.sdk.core/Scripts/Util/OVRMeshRenderer.cs
 0.1 kb	 0.0% Packages/com.meta.xr.sdk.core/Scripts/Util/OVRGazePointer.cs
 0.1 kb	 0.0% Packages/com.meta.xr.sdk.core/Scripts/Util/OVREnumerable.cs
 0.1 kb	 0.0% Packages/com.meta.xr.sdk.core/Scripts/Util/OVRDeserialize.cs
 0.1 kb	 0.0% Packages/com.meta.xr.sdk.core/Scripts/SystemHaptics/SystemHaptics.cs
 0.1 kb	 0.0% Packages/com.meta.xr.sdk.core/Scripts/OVRTelemetry/OVRTelemetryUtils.cs
 0.1 kb	 0.0% Packages/com.meta.xr.sdk.core/Scripts/OVRSpatialAnchor.cs
 0.1 kb	 0.0% Packages/com.meta.xr.sdk.core/Scripts/OVRSpaceQuery.cs
 0.1 kb	 0.0% Packages/com.meta.xr.sdk.core/Scripts/OVRSceneVolume.cs
 0.1 kb	 0.0% Packages/com.meta.xr.sdk.core/Scripts/OVRScenePlane.cs
 0.1 kb	 0.0% Packages/com.meta.xr.sdk.core/Scripts/OVRSceneManager.cs
 0.1 kb	 0.0% Packages/com.meta.xr.sdk.core/Scripts/OVRSceneLoader.cs
 0.1 kb	 0.0% Packages/com.meta.xr.sdk.core/Scripts/OVRSceneAnchor.cs
 0.1 kb	 0.0% Packages/com.meta.xr.sdk.core/Scripts/OVRPlatformMenu.cs
 0.1 kb	 0.0% Packages/com.meta.xr.sdk.core/Scripts/OVROverlayCanvas.cs
 0.1 kb	 0.0% Packages/com.meta.xr.sdk.core/Scripts/OVRMixedReality.cs
 0.1 kb	 0.0% Packages/com.meta.xr.sdk.core/Scripts/OVRKtxTexture.cs
 0.1 kb	 0.0% Packages/com.meta.xr.sdk.core/Scripts/OVRHapticsClip.cs
 0.1 kb	 0.0% Packages/com.meta.xr.sdk.core/Scripts/OVRGLTFLoader.cs
 0.1 kb	 0.0% Packages/com.meta.xr.sdk.core/Scripts/OVRGLTFAccessor.cs
 0.1 kb	 0.0% Packages/com.meta.xr.sdk.core/Scripts/OVRAnchor/OVRAnchorComponents/OVRTriangleMesh.cs
 0.1 kb	 0.0% Packages/com.meta.xr.sdk.core/Scripts/OVRAnchor/OVRAnchorComponents/OVRRoomLayout.cs
 0.1 kb	 0.0% Packages/com.meta.xr.sdk.core/Scripts/OVRAnchor/OVRAnchorComponents/OVRMarkerPayload.cs
 0.1 kb	 0.0% Packages/com.meta.xr.sdk.core/Scripts/OVRAnchor/OVRAnchorComponents/OVRDynamicObject.cs
 0.1 kb	 0.0% Packages/com.meta.xr.sdk.core/Scripts/OVRAnchor/OVRAnchor.Tracker.cs
 0.1 kb	 0.0% Packages/com.meta.xr.sdk.core/Scripts/OVRAnchor/OVRAnchor.Telemetry.cs
 0.1 kb	 0.0% Packages/com.meta.xr.sdk.core/Scripts/OVRAnchor/OVRAnchor.Deprecated.cs
 0.1 kb	 0.0% Packages/com.meta.xr.sdk.core/Scripts/OVRAnchor/OVRAnchor.Deferred.cs
 0.1 kb	 0.0% Packages/com.meta.xr.sdk.core/Scripts/Movement/OVRCustomFace.cs
 0.1 kb	 0.0% Packages/com.meta.xr.sdk.core/Scripts/ImmersiveDebugger/UserInterface/Resources/Styles/TextStyles/H2.asset
 0.1 kb	 0.0% Packages/com.meta.xr.sdk.core/Scripts/ImmersiveDebugger/UserInterface/Resources/Styles/TextStyles/H1.asset
 0.1 kb	 0.0% Packages/com.meta.xr.sdk.core/Scripts/Composition/OVRComposition.cs
 0.1 kb	 0.0% Packages/com.unity.ugui/Runtime/UGUI/UI/Core/Text.cs
 0.1 kb	 0.0% Packages/com.unity.ugui/Runtime/UGUI/UI/Core/Misc.cs
 0.1 kb	 0.0% Packages/com.unity.ugui/Runtime/UGUI/UI/Core/Mask.cs
 0.1 kb	 0.0% Packages/com.unity.cloud.gltfast/Runtime/Scripts/UvTransform.cs
 0.1 kb	 0.0% Packages/com.unity.cloud.gltfast/Runtime/Scripts/UriHelper.cs
 0.1 kb	 0.0% Packages/com.unity.cloud.gltfast/Runtime/Scripts/Schema/Texture.cs
 0.1 kb	 0.0% Packages/com.unity.cloud.gltfast/Runtime/Scripts/Schema/Scene.cs
 0.1 kb	 0.0% Packages/com.unity.cloud.gltfast/Runtime/Scripts/Schema/Sampler.cs
 0.1 kb	 0.0% Packages/com.unity.cloud.gltfast/Runtime/Scripts/Schema/Material.cs
 0.1 kb	 0.0% Packages/com.unity.cloud.gltfast/Runtime/Scripts/Schema/Image.cs
 0.1 kb	 0.0% Packages/com.unity.cloud.gltfast/Runtime/Scripts/Schema/Buffer.cs
 0.1 kb	 0.0% Packages/com.unity.cloud.gltfast/Runtime/Scripts/Schema/Asset.cs
 0.1 kb	 0.0% Packages/com.unity.cloud.gltfast/Runtime/Scripts/Schema/Accessor.cs
 0.1 kb	 0.0% Packages/com.unity.cloud.gltfast/Runtime/Scripts/SamplerKey.cs
 0.1 kb	 0.0% Packages/com.unity.cloud.gltfast/Runtime/Scripts/PrimitiveSet.cs
 0.1 kb	 0.0% Packages/com.unity.cloud.gltfast/Runtime/Scripts/MeshSubset.cs
 0.1 kb	 0.0% Packages/com.unity.cloud.gltfast/Runtime/Scripts/MeshResult.cs
 0.1 kb	 0.0% Packages/com.unity.cloud.gltfast/Runtime/Scripts/MeshOrder.cs
 0.1 kb	 0.0% Packages/com.unity.cloud.gltfast/Runtime/Scripts/MeshComparer.cs
 0.1 kb	 0.0% Packages/com.unity.cloud.gltfast/Runtime/Scripts/Mathematics.cs
 0.1 kb	 0.0% Packages/com.unity.cloud.gltfast/Runtime/Scripts/IndicesData.cs
 0.1 kb	 0.0% Packages/com.unity.cloud.gltfast/Runtime/Scripts/ImageResult.cs
 0.1 kb	 0.0% Packages/com.unity.cloud.gltfast/Runtime/Scripts/ImageImport.cs
 0.1 kb	 0.0% Packages/com.unity.cloud.gltfast/Runtime/Scripts/IGltfBuffers.cs
 0.1 kb	 0.0% Packages/com.unity.cloud.gltfast/Runtime/Scripts/IDeferAgent.cs
 0.1 kb	 0.0% Packages/com.unity.cloud.gltfast/Runtime/Scripts/GltfImport.cs
 0.1 kb	 0.0% Packages/com.unity.cloud.gltfast/Runtime/Scripts/GltfGlobals.cs
 0.1 kb	 0.0% Packages/com.unity.cloud.gltfast/Runtime/Scripts/GltfAsset.cs
 0.1 kb	 0.0% Packages/com.unity.cloud.gltfast/Runtime/Scripts/GlbBinChunk.cs
 0.1 kb	 0.0% Packages/com.unity.cloud.gltfast/Runtime/Scripts/DestroyUtils.cs
 0.1 kb	 0.0% Packages/com.meta.xr.sdk.core/Scripts/OVRCommon.cs
 0.1 kb	 0.0% Packages/com.unity.cloud.gltfast/Runtime/Scripts/Schema/FakeSchema/Root.cs
 0.1 kb	 0.0% Packages/com.unity.cloud.gltfast/Runtime/Scripts/Schema/FakeSchema/Mesh.cs
 0.1 kb	 0.0% Packages/com.meta.xr.sdk.core/Scripts/Util/OVRVignette.cs
 0.1 kb	 0.0% Packages/com.meta.xr.sdk.core/Scripts/Util/OVRSkeleton.cs
 0.1 kb	 0.0% Packages/com.meta.xr.sdk.core/Scripts/Util/OVRRaycaster.cs
 0.1 kb	 0.0% Packages/com.meta.xr.sdk.core/Scripts/Util/OVRRayHelper.cs
 0.1 kb	 0.0% Packages/com.meta.xr.sdk.core/Scripts/Util/OVRNetwork.cs
 0.1 kb	 0.0% Packages/com.meta.xr.sdk.core/Scripts/Util/OVRModeParms.cs
 0.1 kb	 0.0% Packages/com.meta.xr.sdk.core/Scripts/Util/OVRMeshJobs.cs
 0.1 kb	 0.0% Packages/com.meta.xr.sdk.core/Scripts/Util/OVRHandTest.cs
 0.1 kb	 0.0% Packages/com.meta.xr.sdk.core/Scripts/Util/OVRGridCube.cs
 0.1 kb	 0.0% Packages/com.meta.xr.sdk.core/Scripts/Util/OVRGrabber.cs
 0.1 kb	 0.0% Packages/com.meta.xr.sdk.core/Scripts/Util/OVRGrabbable.cs
 0.1 kb	 0.0% Packages/com.meta.xr.sdk.core/Scripts/Util/OVRDebugInfo.cs
 0.1 kb	 0.0% Packages/com.meta.xr.sdk.core/Scripts/Util/OVRCursor.cs
 0.1 kb	 0.0% Packages/com.meta.xr.sdk.core/Scripts/Util/Async/OVRTask.Build.cs
 0.1 kb	 0.0% Packages/com.meta.xr.sdk.core/Scripts/Util/Async/OVRResult.cs
 0.1 kb	 0.0% Packages/com.meta.xr.sdk.core/Scripts/Util/Async/OVRFuture.cs
 0.1 kb	 0.0% Packages/com.meta.xr.sdk.core/Scripts/OVRTracker.cs
 0.1 kb	 0.0% Packages/com.meta.xr.sdk.core/Scripts/OVRTelemetry/OVRTelemetry.cs
 0.1 kb	 0.0% Packages/com.meta.xr.sdk.core/Scripts/OVRSpaceUser.cs
 0.1 kb	 0.0% Packages/com.meta.xr.sdk.core/Scripts/OVRSceneRoom.cs
 0.1 kb	 0.0% Packages/com.meta.xr.sdk.core/Scripts/OVRResources.cs
 0.1 kb	 0.0% Packages/com.meta.xr.sdk.core/Scripts/OVRProfile.cs
 0.1 kb	 0.0% Packages/com.meta.xr.sdk.core/Scripts/OVRPlugin.cs
 0.1 kb	 0.0% Packages/com.meta.xr.sdk.core/Scripts/OVROverlay.cs
 0.1 kb	 0.0% Packages/com.meta.xr.sdk.core/Scripts/OVRManager.cs
 0.1 kb	 0.0% Packages/com.meta.xr.sdk.core/Scripts/OVRHaptics.cs
 0.1 kb	 0.0% Packages/com.meta.xr.sdk.core/Scripts/OVRDisplay.cs
 0.1 kb	 0.0% Packages/com.meta.xr.sdk.core/Scripts/OVRCameraRig.cs
 0.1 kb	 0.0% Packages/com.meta.xr.sdk.core/Scripts/OVRBuildInfo.cs
 0.1 kb	 0.0% Packages/com.meta.xr.sdk.core/Scripts/OVRBoundary.cs
 0.1 kb	 0.0% Packages/com.meta.xr.sdk.core/Scripts/OVRAnchor/OVRAnchorComponents/OVRStorable.cs
 0.1 kb	 0.0% Packages/com.meta.xr.sdk.core/Scripts/OVRAnchor/OVRAnchorComponents/OVRSharable.cs
 0.1 kb	 0.0% Packages/com.meta.xr.sdk.core/Scripts/OVRAnchor/OVRAnchorComponents/OVRRoomMesh.cs
 0.1 kb	 0.0% Packages/com.meta.xr.sdk.core/Scripts/OVRAnchor/OVRAnchorComponents/OVRLocatable.cs
 0.1 kb	 0.0% Packages/com.meta.xr.sdk.core/Scripts/OVRAnchor/OVRAnchorComponents/OVRBounded3D.cs
 0.1 kb	 0.0% Packages/com.meta.xr.sdk.core/Scripts/OVRAnchor/OVRAnchorComponents/OVRBounded2D.cs
 0.1 kb	 0.0% Packages/com.meta.xr.sdk.core/Scripts/OVRAnchor/OVRAnchor.cs
 0.1 kb	 0.0% Packages/com.meta.xr.sdk.core/Scripts/Movement/OVREyeGaze.cs
 0.1 kb	 0.0% Packages/com.unity.cloud.gltfast/Runtime/Scripts/ushort3.cs
 0.1 kb	 0.0% Packages/com.unity.cloud.gltfast/Runtime/Scripts/short4.cs
 0.1 kb	 0.0% Packages/com.unity.cloud.gltfast/Runtime/Scripts/short3.cs
 0.1 kb	 0.0% Packages/com.unity.cloud.gltfast/Runtime/Scripts/sbyte4.cs
 0.1 kb	 0.0% Packages/com.unity.cloud.gltfast/Runtime/Scripts/sbyte3.cs
 0.1 kb	 0.0% Packages/com.unity.cloud.gltfast/Runtime/Scripts/byte3.cs
 0.1 kb	 0.0% Packages/com.unity.cloud.gltfast/Runtime/Scripts/Schema/Skin.cs
 0.1 kb	 0.0% Packages/com.unity.cloud.gltfast/Runtime/Scripts/Schema/Root.cs
 0.1 kb	 0.0% Packages/com.unity.cloud.gltfast/Runtime/Scripts/Schema/Node.cs
 0.1 kb	 0.0% Packages/com.unity.cloud.gltfast/Runtime/Scripts/Schema/Mesh.cs
 0.1 kb	 0.0% Packages/com.unity.cloud.gltfast/Runtime/Scripts/DataUri.cs
 0.1 kb	 0.0% Packages/com.meta.xr.sdk.core/Scripts/Util/Async/OVRTask.gen.cs
 0.1 kb	 0.0% Packages/com.meta.xr.sdk.core/Scripts/Util/OVRMesh.cs
 0.1 kb	 0.0% Packages/com.meta.xr.sdk.core/Scripts/Util/OVRHand.cs
 0.1 kb	 0.0% Packages/com.meta.xr.sdk.core/Scripts/Util/Async/OVRTask.cs
 0.1 kb	 0.0% Packages/com.meta.xr.sdk.core/Scripts/OVRSpace.cs
 0.1 kb	 0.0% Packages/com.meta.xr.sdk.core/Scripts/OVRInput.cs
 0.1 kb	 0.0% Packages/com.meta.xr.sdk.core/Scripts/OVRAnchor/OVRScene.cs
 0.1 kb	 0.0% Packages/com.meta.xr.sdk.core/Scripts/Movement/OVRFace.cs
 0.1 kb	 0.0% Packages/com.meta.xr.sdk.core/Scripts/Movement/OVRBody.cs
 0.1 kb	 0.0% Assets/Resources/PerformanceTestRunSettings.json
 0.1 kb	 0.0% Assets/Resources/InputActions.asset
 0.0 kb	 0.0% Assets/Milzet/StartupSource/Project/Timelines/Signals/Signal.signal
-------------------------------------------------------------------------------
Unloading 0 Unused Serialized files (Serialized files now loaded: 0)
Unloading 408 unused Assets / (1.2 MB). Loaded Objects now: 6696.
Memory consumption went from 229.6 MB to 228.4 MB.
Total: 58.477833 ms (FindLiveObjects: 0.389458 ms CreateObjectMapping: 0.160375 ms MarkObjects: 55.155500 ms  DeleteObjects: 2.771583 ms)

Build Finished, Result: Success.
##utp:{"type":"PlayerBuildInfo","version":2,"phase":"Immediate","time":1788961788315,"processId":20123,"steps":[{"description":"Preprocess Player","duration":451},{"description":"Prepare For Build","duration":148},{"description":"ProducePlayerScriptAssemblies","duration":11864},{"description":"Verify Build setup","duration":53},{"description":"Prepare assets for target platform","duration":12},{"description":"Prepare splash screen","duration":34},{"description":"Building scenes","duration":843},{"description":"Build scripts DLLs","duration":17},{"description":"Build GlobalGameManagers file","duration":193},{"description":"Writing asset files","duration":45029},{"description":"Building Resources/unity_builtin_extra","duration":14089},{"description":"Write data build dirty tracking information","duration":470},{"description":"Postprocess built player","duration":18530}],"duration":91733}
Unloading 0 Unused Serialized files (Serialized files now loaded: 0)
Loaded scene 'Temp/__Backupscenes/0.backup'
	Deserialize:            0.795 ms
	Integration:            520.501 ms
	Integration of assets:  0.003 ms
	Thread Wait Time:       0.011 ms
	Total Operation Time:   521.309 ms
Unloading 0 unused Assets / (0 B). Loaded Objects now: 6688.
Memory consumption went from 227.9 MB to 227.9 MB.
Total: 25.416166 ms (FindLiveObjects: 0.319334 ms CreateObjectMapping: 0.120959 ms MarkObjects: 24.961167 ms  DeleteObjects: 0.014250 ms)

Launching external process: /Applications/Unity/Hub/Editor/6000.3.22f1/Unity.app/Contents/Resources/Scripting/il2cpp/build/deploy/Analytics
Refreshing native plugins compatible for Editor in 5.56 ms, found 9 plugins.
Preloading 0 native plugins for Editor in 0.00 ms.
Asset Pipeline Refresh (id=c699072bc6dcf4eb2bf36a5a9cbbfcd1): Total: 0.054 seconds - Initiated by StopAssetImportingV2(NoUpdateAssetOptions)
Batchmode quit successfully invoked - shutting down!
Killing ADB server in 0,368613 seconds.
Thread 0x31db07000 may have been prematurely finalized
The command could not be loaded, possibly because:
  * You intended to execute a .NET application:
      The application 'build-server' does not exist.
  * You intended to execute a .NET SDK command:
      No .NET SDKs were found.

Download a .NET SDK:
https://aka.ms/dotnet-download

Learn about SDK resolution:
https://aka.ms/dotnet/sdk-not-found
Input System module state changed to: ShutdownInProgress.
Input System polling thread exited.
Input System module state changed to: Shutdown.
[Physics::Module] Cleanup current backend.
[Physics::Module] Id: 0xf2b8ea05
[Licensing::IpcConnector] LicenseClient-mziwamadoda-notifications channel disconnected successfully.
[Licensing::IpcConnector] LicenseClient-mziwamadoda channel disconnected successfully.
Thread 0x16fdcf000 may have been prematurely finalized
Thread 0x16fe5b000 may have been prematurely finalized
Thread 0x16fee7000 may have been prematurely finalized
Thread 0x16ff73000 may have been prematurely finalized
AcceleratorClientConnectionCallback - disconnected - :0
Cleanup mono
[40m[32minfo[39m[22m[49m: Microsoft.Hosting.Lifetime[0]
      Application is shutting down...
[40m[32minfo[39m[22m[49m: Unity.ILPP.Runner.PostProcessingAssemblyLoadContext[0]
      ALC ILPP context 2 is unloading
debugger-agent: Unable to listen on 43
Exiting batchmode successfully now!
[Package Manager] Server process was shutdown
