Unity Editor version:    6000.3.22f1 (1c726e1fb402)
Branch:                  6000.3/staging
Build type:              Release
Batch mode:              YES
macOS version:           Version 26.6.2 (Build 25G83)
Darwin version:          25.6.0
Architecture:            arm64
Running under Rosetta:   NO
Available memory:        16384 MB
Date:                    2026-09-09T13:43:42Z
[Licensing::Module] Trying to connect to existing licensing client channel...
[Licensing::IpcConnector] Channel LicenseClient-mziwamadoda doesn't exist
Launching external process: /Applications/Unity/Hub/Editor/6000.3.22f1/Unity.app/Contents/Helpers/UnityLicensingClient.app/Contents/MacOS/Unity.Licensing.Client
[Licensing::Module] Successfully launched the LicensingClient (PId: 18618)
Launching external process: /Applications/Unity/Hub/Editor/6000.3.22f1/Unity.app/Contents/Resources/PackageManager/Server/UnityPackageManager

COMMAND LINE ARGUMENTS:
/Applications/Unity/Hub/Editor/6000.3.22f1/Unity.app/Contents/MacOS/Unity
-batchmode
-quit
-projectPath
/Users/mziwamadoda/Projects/Binteca/Interactive/milzetvrstudio/Unity
-buildTarget
Android
-executeMethod
Milzet.Editor.BuildViewer.StartupRepair
-logFile
/Users/mziwamadoda/Projects/Binteca/Interactive/milzetvrstudio/Artifacts/DeviceAcceptance/startup-android-build.log
Successfully changed project path to: /Users/mziwamadoda/Projects/Binteca/Interactive/milzetvrstudio/Unity
/Users/mziwamadoda/Projects/Binteca/Interactive/milzetvrstudio/Unity
[UnityMemory] Configuration Parameters - Can be set up in boot.config
    "memorysetup-allocator-temp-initial-block-size-main=262144"
    "memorysetup-allocator-temp-initial-block-size-worker=262144"
    "memorysetup-temp-allocator-size-background-worker=32768"
    "memorysetup-temp-allocator-size-job-worker=262144"
    "memorysetup-temp-allocator-size-preload-manager=33554432"
    "memorysetup-temp-allocator-size-nav-mesh-worker=65536"
    "memorysetup-temp-allocator-size-audio-worker=65536"
    "memorysetup-temp-allocator-size-cloud-worker=32768"
    "memorysetup-bucket-allocator-granularity=16"
    "memorysetup-bucket-allocator-bucket-count=8"
    "memorysetup-bucket-allocator-block-size=33554432"
    "memorysetup-bucket-allocator-block-count=8"
    "memorysetup-main-allocator-block-size=16777216"
    "memorysetup-thread-allocator-block-size=16777216"
    "memorysetup-gfx-main-allocator-block-size=16777216"
    "memorysetup-gfx-thread-allocator-block-size=16777216"
    "memorysetup-cache-allocator-block-size=4194304"
    "memorysetup-typetree-allocator-block-size=2097152"
    "memorysetup-profiler-bucket-allocator-granularity=16"
    "memorysetup-profiler-bucket-allocator-bucket-count=8"
    "memorysetup-profiler-bucket-allocator-block-size=33554432"
    "memorysetup-profiler-bucket-allocator-block-count=8"
    "memorysetup-profiler-allocator-block-size=16777216"
    "memorysetup-profiler-editor-allocator-block-size=1048576"
    "memorysetup-temp-allocator-size-main=16777216"
    "memorysetup-job-temp-allocator-block-size=2097152"
    "memorysetup-job-temp-allocator-block-size-background=1048576"
    "memorysetup-job-temp-allocator-reduction-small-platforms=262144"
    "memorysetup-temp-allocator-size-gi-baking-worker=262144"
    "memorysetup-temp-allocator-size-gi-baking-worker=262144"
    "memorysetup-temp-allocator-size-gi-baking-worker=262144"
    "memorysetup-temp-allocator-size-gi-baking-worker=262144"
    "memorysetup-temp-allocator-size-gi-baking-worker=262144"
    "memorysetup-temp-allocator-size-gfx=262144"
Player connection [8272978304]  Target information:

Player connection [8272978304]  * "[IP] 192.168.1.108 [Port] 55504 [Flags] 2 [Guid] 2477171795 [EditorId] 2477171795 [Version] 1048832 [Id] OSXEditor(0,Zolas-MacBook-Air.local) [Debug] 1 [PackageName] OSXEditor [ProjectName] Editor" 

Player connection [8272978304] Host joined multi-casting on [225.0.0.222:54997]...
Player connection [8272978304] Host joined alternative multi-casting on [225.0.0.222:34997]...
Input System module state changed to: Initialized.
[Physics::Module] Initialized fallback backend.
[Physics::Module] Id: 0xdecafbad
[Licensing::IpcConnector] Successfully connected to: "LicenseClient-mziwamadoda" at "2026-09-09T13:43:42.933216Z"
[Package Manager] Connected to IPC stream "Upm-18606" after 0.6 seconds.
[Licensing::Module] Licensing is not yet initialized.
[Licensing::Client] Handshaking with LicensingClient:
  Version:                 1.18.1+9fbee8e
  Session Id:              7d182e4e41514c78a5d5da4a34bb302a
  Correlation Id:          668e018fd7fa6fa6dcef9c4797a96a59
  External correlation Id: 682537196586637072
  Machine Id:              UEiIifZ0NVpQOyONubALCs688Qc=
[Licensing::Module] Successfully connected to LicensingClient on channel: "LicenseClient-mziwamadoda" (connect: 0.38s, validation: 0.07s, handshake: 0.51s)
[Licensing::IpcConnector] Successfully connected to: "LicenseClient-mziwamadoda-notifications" at "2026-09-09T13:43:43.513685Z"
[Licensing::Module] Connected to LicensingClient (PId: 18618, launch time: 0.00, total connection time: 0.96s)
[Licensing::Module] Error: Access token is unavailable; failed to update
[Licensing::Client] Successfully resolved entitlement details
[Licensing::Module] License group:
  Id: F4-AZ6T-383H-7KTU-RM2U-XXXX
  Product: Unity Personal
  Type: ULF
  Expiration: Unlimited
[Licensing::Module] License group:
  Id: 11270701585829-UnityPersXXXX
  Product: Unity Personal
  Type: Assigned
  Expiration: Unlimited
[Licensing::Client] Successfully updated license, isAsync: True, time: 0.01
[Licensing::Client] Successfully resolved entitlement details
[Licensing::Module] License group:
  Id: F4-AZ6T-383H-7KTU-RM2U-XXXX
  Product: Unity Personal
  Type: ULF
  Expiration: Unlimited
[Licensing::Module] License group:
  Id: 11270701585829-UnityPersXXXX
  Product: Unity Personal
  Type: Assigned
  Expiration: Unlimited
[Licensing::Module] Licensing Background thread has ended after 0.99s
[Licensing::Module] Licensing is initialized (took 0.18s).
[Licensing::Client] Successfully resolved entitlement details
[Licensing::Module] License group:
  Id: F4-AZ6T-383H-7KTU-RM2U-XXXX
  Product: Unity Personal
  Type: ULF
  Expiration: Unlimited
[Licensing::Module] License group:
  Id: 11270701585829-UnityPersXXXX
  Product: Unity Personal
  Type: Assigned
  Expiration: Unlimited
Library Redirect Path: Library/
[Physics::Module] Selected backend.
[Physics::Module] Name: PhysX
[Physics::Module] Id: 0xf2b8ea05
[Physics::Module] SDK Version: 4.1.2
[Physics::Module] Integration Version: 1.0.0
[Physics::Module] Threading Mode: Multi-Threaded
Artifact Garbage Collection - Removed 2 unused hashed content files
[Licensing::Client] Successfully resolved entitlement details
[Licensing::Module] License group:
  Id: F4-AZ6T-383H-7KTU-RM2U-XXXX
  Product: Unity Personal
  Type: ULF
  Expiration: Unlimited
[Licensing::Module] License group:
  Id: 11270701585829-UnityPersXXXX
  Product: Unity Personal
  Type: Assigned
  Expiration: Unlimited
Targeting platform: Android
Refreshing native plugins compatible for Editor in 0.22 ms, found 0 plugins.
Preloading 0 native plugins for Editor in 0.00 ms.
Initialize engine version: 6000.3.22f1 (1c726e1fb402)
[Subsystems] Discovering subsystems at path /Applications/Unity/Hub/Editor/6000.3.22f1/Unity.app/Contents/Resources/UnitySubsystems
[Subsystems] Discovering subsystems at path /Users/mziwamadoda/Projects/Binteca/Interactive/milzetvrstudio/Unity/Assets
GfxDevice: creating device client; kGfxThreadingModeNonThreaded
 preferred device: Apple M3 (high power)
Metal devices available: 1
0: Apple M3 (high power)
Using device Apple M3 (high power)
Initializing Metal device caps: Apple M3
Mac GPU Family: 2
Apple GPU Family: 9
MSL Version: 3.0
Has Float MSAA: 1
Has Float Filtering: 1
ReadWrite Texture Tier: 2
Shader 'Meta/MRUK/Scene/HighlightsAndShadows': fallback shader 'Off' not found
Shader 'Oculus/OVRMRCameraFrameLit': fallback shader 'Alpha-Diffuse' not found
Initialize mono
Mono path[0] = '/Applications/Unity/Hub/Editor/6000.3.22f1/Unity.app/Contents/Resources/Scripting/Managed'
Mono path[1] = '/Applications/Unity/Hub/Editor/6000.3.22f1/Unity.app/Contents/Resources/Scripting/MonoBleedingEdge/lib/mono/unityjit-macos'
Mono config path = '/Applications/Unity/Hub/Editor/6000.3.22f1/Unity.app/Contents/Resources/Scripting/MonoBleedingEdge/etc'
Using monoOptions --debugger-agent=transport=dt_socket,embedding=1,server=y,suspend=n,address=127.0.0.1:56606
Using cacheserver namespaces - metadata:defaultmetadata, artifacts:defaultartifacts
Using cacheserver namespaces - metadata:defaultmetadata, artifacts:defaultartifacts
ImportWorker Server TCP listen port: 0
AcceleratorClientConnectionCallback - disconnected - :0
Begin MonoManager ReloadAssembly
Registering precompiled unity dll's ...
Register platform support module: /Applications/Unity/Hub/Editor/6000.3.22f1/Unity.app/Contents/PlaybackEngines/MacStandaloneSupport/UnityEditor.OSXStandalone.Extensions.dll
Register platform support module: /Applications/Unity/Hub/Editor/6000.3.22f1/PlaybackEngines/WindowsStandaloneSupport/UnityEditor.WindowsStandalone.Extensions.dll
Register platform support module: /Applications/Unity/Hub/Editor/6000.3.22f1/PlaybackEngines/AndroidPlayer/UnityEditor.Android.Extensions.dll
Registered in 0.003253 seconds.
- Loaded All Assemblies, in  0.602 seconds
Native extension for Android target not found
Native extension for WindowsStandalone target not found
Native extension for OSXStandalone target not found
Package Manager log level set to [2]
ScheduleIndexationOnStartup MainProcess:False IndexOnStartup:True
Mono: successfully reloaded assembly
- Finished resetting the current domain, in  0.695 seconds
Domain Reload Profiling: 1297ms
	BeginReloadAssembly (164ms)
		ExecutionOrderSort (0ms)
		DisableScriptedObjects (0ms)
		BackupInstance (0ms)
		ReleaseScriptingObjects (0ms)
		CreateAndSetChildDomain (2ms)
	RebuildCommonClasses (58ms)
	RebuildNativeTypeToScriptingClass (22ms)
	initialDomainReloadingComplete (67ms)
	LoadAllAssembliesAndSetupDomain (291ms)
		LoadAssemblies (165ms)
		RebuildTransferFunctionScriptingTraits (0ms)
		AnalyzeDomain (282ms)
			TypeCache.Refresh (279ms)
				TypeCache.ScanAssembly (253ms)
			BuildScriptInfoCaches (0ms)
			ResolveRequiredComponents (1ms)
	FinalizeReload (696ms)
		ReleaseScriptCaches (0ms)
		RebuildScriptCaches (0ms)
		SetupLoadedEditorAssemblies (616ms)
			LogAssemblyErrors (0ms)
			InitializePlatformSupportModulesInManaged (82ms)
			SetLoadedEditorAssemblies (6ms)
			BeforeProcessingInitializeOnLoad (129ms)
			ProcessInitializeOnLoadAttributes (231ms)
			ProcessInitializeOnLoadMethodAttributes (167ms)
			AfterProcessingInitializeOnLoad (0ms)
			EditorAssembliesLoaded (0ms)
		ExecutionOrderSort2 (0ms)
		AwakeInstancesAfterBackupRestoration (0ms)
[Licensing::Client] Successfully resolved entitlement details
[Licensing::Module] License group:
  Id: F4-AZ6T-383H-7KTU-RM2U-XXXX
  Product: Unity Personal
  Type: ULF
  Expiration: Unlimited
[Licensing::Module] License group:
  Id: 11270701585829-UnityPersXXXX
  Product: Unity Personal
  Type: Assigned
  Expiration: Unlimited
[Licensing::Client] Successfully resolved entitlement details
[Licensing::Module] License group:
  Id: F4-AZ6T-383H-7KTU-RM2U-XXXX
  Product: Unity Personal
  Type: ULF
  Expiration: Unlimited
[Licensing::Module] License group:
  Id: 11270701585829-UnityPersXXXX
  Product: Unity Personal
  Type: Assigned
  Expiration: Unlimited
Application.AssetDatabase Initial Refresh Start
[Package Manager] Restoring resolved packages state from cache
[Licensing::Client] Successfully resolved entitlement details
[Package Manager] Registered 47 packages:
  Packages from [https://packages.unity.com]:
    com.unity.cloud.gltfast@6.20.0 (location: /Users/mziwamadoda/Projects/Binteca/Interactive/milzetvrstudio/Unity/Library/PackageCache/com.unity.cloud.gltfast@11ddc2436f97)
    com.unity.xr.openxr@1.15.1 (location: /Users/mziwamadoda/Projects/Binteca/Interactive/milzetvrstudio/Unity/Library/PackageCache/com.unity.xr.openxr@05fb1a7d75d1)
    com.meta.xr.sdk.core@85.0.0 (location: /Users/mziwamadoda/Projects/Binteca/Interactive/milzetvrstudio/Unity/Library/PackageCache/com.meta.xr.sdk.core@f8b4cfb2789f)
    com.meta.xr.mrutilitykit@85.0.0 (location: /Users/mziwamadoda/Projects/Binteca/Interactive/milzetvrstudio/Unity/Library/PackageCache/com.meta.xr.mrutilitykit@6d21b459f6d3)
    com.unity.timeline@1.8.12 (location: /Users/mziwamadoda/Projects/Binteca/Interactive/milzetvrstudio/Unity/Library/PackageCache/com.unity.timeline@8cd8509afae5)
    com.unity.ai.navigation@2.0.14 (location: /Users/mziwamadoda/Projects/Binteca/Interactive/milzetvrstudio/Unity/Library/PackageCache/com.unity.ai.navigation@134dd6a3b97b)
    com.unity.nuget.newtonsoft-json@3.2.2 (location: /Users/mziwamadoda/Projects/Binteca/Interactive/milzetvrstudio/Unity/Library/PackageCache/com.unity.nuget.newtonsoft-json@4dfd81071c64)
    com.unity.inputsystem@1.20.0 (location: /Users/mziwamadoda/Projects/Binteca/Interactive/milzetvrstudio/Unity/Library/PackageCache/com.unity.inputsystem@7a4e1a2a8194)
    com.unity.xr.core-utils@2.6.0 (location: /Users/mziwamadoda/Projects/Binteca/Interactive/milzetvrstudio/Unity/Library/PackageCache/com.unity.xr.core-utils@a8b900321199)
    com.unity.xr.management@4.5.4 (location: /Users/mziwamadoda/Projects/Binteca/Interactive/milzetvrstudio/Unity/Library/PackageCache/com.unity.xr.management@e3a3882b360a)
    com.unity.xr.legacyinputhelpers@2.1.13 (location: /Users/mziwamadoda/Projects/Binteca/Interactive/milzetvrstudio/Unity/Library/PackageCache/com.unity.xr.legacyinputhelpers@9535ff2c27ac)
    com.unity.burst@1.8.30 (location: /Users/mziwamadoda/Projects/Binteca/Interactive/milzetvrstudio/Unity/Library/PackageCache/com.unity.burst@2f3d916873ea)
    com.unity.collections@2.6.8 (location: /Users/mziwamadoda/Projects/Binteca/Interactive/milzetvrstudio/Unity/Library/PackageCache/com.unity.collections@84e8eb3fc12e)
    com.unity.mathematics@1.3.3 (location: /Users/mziwamadoda/Projects/Binteca/Interactive/milzetvrstudio/Unity/Library/PackageCache/com.unity.mathematics@19a9377c4ffa)
    com.unity.nuget.mono-cecil@1.11.6 (location: /Users/mziwamadoda/Projects/Binteca/Interactive/milzetvrstudio/Unity/Library/PackageCache/com.unity.nuget.mono-cecil@ecb9724e46ff)
    com.unity.test-framework.performance@3.5.0 (location: /Users/mziwamadoda/Projects/Binteca/Interactive/milzetvrstudio/Unity/Library/PackageCache/com.unity.test-framework.performance@8b56083ec0f0)
  Built-in packages:
    com.unity.modules.audio@1.0.0 (location: /Users/mziwamadoda/Projects/Binteca/Interactive/milzetvrstudio/Unity/Library/PackageCache/com.unity.modules.audio)
    com.unity.modules.imgui@1.0.0 (location: /Users/mziwamadoda/Projects/Binteca/Interactive/milzetvrstudio/Unity/Library/PackageCache/com.unity.modules.imgui)
    com.unity.modules.imageconversion@1.0.0 (location: /Users/mziwamadoda/Projects/Binteca/Interactive/milzetvrstudio/Unity/Library/PackageCache/com.unity.modules.imageconversion)
    com.unity.modules.physics@1.0.0 (location: /Users/mziwamadoda/Projects/Binteca/Interactive/milzetvrstudio/Unity/Library/PackageCache/com.unity.modules.physics)
    com.unity.modules.jsonserialize@1.0.0 (location: /Users/mziwamadoda/Projects/Binteca/Interactive/milzetvrstudio/Unity/Library/PackageCache/com.unity.modules.jsonserialize)
    com.unity.modules.video@1.0.0 (location: /Users/mziwamadoda/Projects/Binteca/Interactive/milzetvrstudio/Unity/Library/PackageCache/com.unity.modules.video)
    com.unity.ugui@2.0.0 (location: /Users/mziwamadoda/Projects/Binteca/Interactive/milzetvrstudio/Unity/Library/PackageCache/com.unity.ugui@20629863fcab)
    com.unity.modules.androidjni@1.0.0 (location: /Users/mziwamadoda/Projects/Binteca/Interactive/milzetvrstudio/Unity/Library/PackageCache/com.unity.modules.androidjni)
    com.unity.modules.assetbundle@1.0.0 (location: /Users/mziwamadoda/Projects/Binteca/Interactive/milzetvrstudio/Unity/Library/PackageCache/com.unity.modules.assetbundle)
    com.unity.modules.particlesystem@1.0.0 (location: /Users/mziwamadoda/Projects/Binteca/Interactive/milzetvrstudio/Unity/Library/PackageCache/com.unity.modules.particlesystem)
    com.unity.modules.physics2d@1.0.0 (location: /Users/mziwamadoda/Projects/Binteca/Interactive/milzetvrstudio/Unity/Library/PackageCache/com.unity.modules.physics2d)
    com.unity.modules.unitywebrequestaudio@1.0.0 (location: /Users/mziwamadoda/Projects/Binteca/Interactive/milzetvrstudio/Unity/Library/PackageCache/com.unity.modules.unitywebrequestaudio)
    com.unity.modules.unitywebrequestassetbundle@1.0.0 (location: /Users/mziwamadoda/Projects/Binteca/Interactive/milzetvrstudio/Unity/Library/PackageCache/com.unity.modules.unitywebrequestassetbundle)
    com.unity.modules.unitywebrequesttexture@1.0.0 (location: /Users/mziwamadoda/Projects/Binteca/Interactive/milzetvrstudio/Unity/Library/PackageCache/com.unity.modules.unitywebrequesttexture)
    com.unity.modules.unitywebrequestwww@1.0.0 (location: /Users/mziwamadoda/Projects/Binteca/Interactive/milzetvrstudio/Unity/Library/PackageCache/com.unity.modules.unitywebrequestwww)
    com.unity.modules.terrain@1.0.0 (location: /Users/mziwamadoda/Projects/Binteca/Interactive/milzetvrstudio/Unity/Library/PackageCache/com.unity.modules.terrain)
    com.unity.modules.terrainphysics@1.0.0 (location: /Users/mziwamadoda/Projects/Binteca/Interactive/milzetvrstudio/Unity/Library/PackageCache/com.unity.modules.terrainphysics)
    com.unity.modules.cloth@1.0.0 (location: /Users/mziwamadoda/Projects/Binteca/Interactive/milzetvrstudio/Unity/Library/PackageCache/com.unity.modules.cloth)
    com.unity.modules.unitywebrequest@1.0.0 (location: /Users/mziwamadoda/Projects/Binteca/Interactive/milzetvrstudio/Unity/Library/PackageCache/com.unity.modules.unitywebrequest)
    com.unity.modules.ai@1.0.0 (location: /Users/mziwamadoda/Projects/Binteca/Interactive/milzetvrstudio/Unity/Library/PackageCache/com.unity.modules.ai)
    com.unity.modules.director@1.0.0 (location: /Users/mziwamadoda/Projects/Binteca/Interactive/milzetvrstudio/Unity/Library/PackageCache/com.unity.modules.director)
    com.unity.modules.animation@1.0.0 (location: /Users/mziwamadoda/Projects/Binteca/Interactive/milzetvrstudio/Unity/Library/PackageCache/com.unity.modules.animation)
    com.unity.textmeshpro@5.0.0 (location: /Users/mziwamadoda/Projects/Binteca/Interactive/milzetvrstudio/Unity/Library/PackageCache/com.unity.textmeshpro@53f43edfd2e0)
    com.unity.modules.ui@1.0.0 (location: /Users/mziwamadoda/Projects/Binteca/Interactive/milzetvrstudio/Unity/Library/PackageCache/com.unity.modules.ui)
    com.unity.modules.vr@1.0.0 (location: /Users/mziwamadoda/Projects/Binteca/Interactive/milzetvrstudio/Unity/Library/PackageCache/com.unity.modules.vr)
    com.unity.modules.xr@1.0.0 (location: /Users/mziwamadoda/Projects/Binteca/Interactive/milzetvrstudio/Unity/Library/PackageCache/com.unity.modules.xr)
    com.unity.modules.subsystems@1.0.0 (location: /Users/mziwamadoda/Projects/Binteca/Interactive/milzetvrstudio/Unity/Library/PackageCache/com.unity.modules.subsystems)
    com.unity.modules.uielements@1.0.0 (location: /Users/mziwamadoda/Projects/Binteca/Interactive/milzetvrstudio/Unity/Library/PackageCache/com.unity.modules.uielements)
    com.unity.test-framework@1.6.0 (location: /Users/mziwamadoda/Projects/Binteca/Interactive/milzetvrstudio/Unity/Library/PackageCache/com.unity.test-framework@bd7f943e9647)
    com.unity.modules.hierarchycore@1.0.0 (location: /Users/mziwamadoda/Projects/Binteca/Interactive/milzetvrstudio/Unity/Library/PackageCache/com.unity.modules.hierarchycore)
    com.unity.ext.nunit@2.0.5 (location: /Users/mziwamadoda/Projects/Binteca/Interactive/milzetvrstudio/Unity/Library/PackageCache/com.unity.ext.nunit@d8c07649098d)
[Subsystems] Looking for new subsystems at path /Users/mziwamadoda/Projects/Binteca/Interactive/milzetvrstudio/Unity/Library/PackageCache/com.unity.xr.openxr@05fb1a7d75d1
[Subsystems] Novel subsystem found at Library/PackageCache/com.unity.xr.openxr@05fb1a7d75d1/Runtime/UnitySubsystemsManifest.json
[Subsystems] Discovering subsystems at path /Applications/Unity/Hub/Editor/6000.3.22f1/Unity.app/Contents/Resources/UnitySubsystems
[Subsystems] Discovering subsystems at path /Users/mziwamadoda/Projects/Binteca/Interactive/milzetvrstudio/Unity/Assets
[Subsystems] Discovering subsystems at path /Users/mziwamadoda/Projects/Binteca/Interactive/milzetvrstudio/Unity/Library/PackageCache/com.unity.xr.openxr@05fb1a7d75d1
[Subsystems] No descriptors matched for  examples in Library/PackageCache/com.unity.xr.openxr@05fb1a7d75d1/Runtime/UnitySubsystemsManifest.json.
[Subsystems] 1 'inputs' descriptors matched in Library/PackageCache/com.unity.xr.openxr@05fb1a7d75d1/Runtime/UnitySubsystemsManifest.json
[Subsystems] 1 'displays' descriptors matched in Library/PackageCache/com.unity.xr.openxr@05fb1a7d75d1/Runtime/UnitySubsystemsManifest.json
[Subsystems] No descriptors matched for  meshings in Library/PackageCache/com.unity.xr.openxr@05fb1a7d75d1/Runtime/UnitySubsystemsManifest.json.
[Package Manager] Done registering packages in 0.07 seconds
[ScriptCompilation] Requested script compilation because: InitialRefresh: Force Refresh Recompile flag enabled
[ScriptCompilation] Requested script compilation because: Assetdatabase observed changes in script compilation related files
[40m[32minfo[39m[22m[49m: Microsoft.Hosting.Lifetime[14]
      Now listening on: http://unix:/tmp/ilpp.sock-8b6b067d4af5f5ec7857bbae4a54e28d
[40m[32minfo[39m[22m[49m: Microsoft.Hosting.Lifetime[0]
      Application started. Press Ctrl+C to shut down.
[40m[32minfo[39m[22m[49m: Microsoft.Hosting.Lifetime[0]
      Hosting environment: Production
[40m[32minfo[39m[22m[49m: Microsoft.Hosting.Lifetime[0]
      Content root path: /Users/mziwamadoda/Projects/Binteca/Interactive/milzetvrstudio/Unity/
[40m[32minfo[39m[22m[49m: Microsoft.AspNetCore.Hosting.Diagnostics[1]
      Request starting HTTP/2 POST http://ilpp/UnityILPP.PostProcessing/Ping application/grpc -
[40m[32minfo[39m[22m[49m: Microsoft.AspNetCore.Routing.EndpointMiddleware[0]
      Executing endpoint 'gRPC - /UnityILPP.PostProcessing/Ping'
[40m[32minfo[39m[22m[49m: Microsoft.AspNetCore.Routing.EndpointMiddleware[1]
      Executed endpoint 'gRPC - /UnityILPP.PostProcessing/Ping'
[40m[32minfo[39m[22m[49m: Microsoft.AspNetCore.Hosting.Diagnostics[2]
      Request finished HTTP/2 POST http://ilpp/UnityILPP.PostProcessing/Ping application/grpc - - 200 - application/grpc 112.3411ms
Starting: /Applications/Unity/Hub/Editor/6000.3.22f1/Unity.app/Contents/Resources/BuildPipeline/bee_backend --ipc --defer-dag-verification --dagfile="Library/Bee/1300b0aE.dag" --continue-on-failure --profile="Library/Bee/backend1.traceevents" ScriptAssemblies
WorkingDir: /Users/mziwamadoda/Projects/Binteca/Interactive/milzetvrstudio/Unity
DisplayProgressbar: Compiling Scripts
Starting: /Applications/Unity/Hub/Editor/6000.3.22f1/Unity.app/Contents/Resources/Scripting/netcorerun/netcorerun "/Applications/Unity/Hub/Editor/6000.3.22f1/Unity.app/Contents/Resources/BuildPipeline/ScriptCompilationBuildProgram.exe" "Library/Bee/1300b0aE.dag.json" "Library/Bee/1300b0aE-inputdata.json" "Library/Bee/buildprogram0.traceevents"
WorkingDir: /Users/mziwamadoda/Projects/Binteca/Interactive/milzetvrstudio/Unity
ExitCode: 4 Duration: 0s284ms
Rebuilding DAG because FileSignature timestamp changed: Library/Bee/1300b0aE-inputdata.json
*** Tundra requires additional run (0.25 seconds), 0 items updated, 236 evaluated
ExitCode: 0 Duration: 1s514ms
Starting: /Applications/Unity/Hub/Editor/6000.3.22f1/Unity.app/Contents/Resources/BuildPipeline/bee_backend --ipc --defer-dag-verification --dagfile="Library/Bee/1300b0aE.dag" --continue-on-failure --dagfilejson="Library/Bee/1300b0aE.dag.json" --profile="Library/Bee/backend2.traceevents" ScriptAssemblies
WorkingDir: /Users/mziwamadoda/Projects/Binteca/Interactive/milzetvrstudio/Unity
[40m[32minfo[39m[22m[49m: Microsoft.AspNetCore.Hosting.Diagnostics[1]
      Request starting HTTP/2 POST http://ilpp/UnityILPP.PostProcessing/ConfigurePostProcessors application/grpc -
[40m[32minfo[39m[22m[49m: Microsoft.AspNetCore.Routing.EndpointMiddleware[0]
      Executing endpoint 'gRPC - /UnityILPP.PostProcessing/ConfigurePostProcessors'
[40m[1m[33mwarn[39m[22m[49m: Unity.ILPP.Runner.PostProcessingAssemblyLoadContext[0]
      Assembly system.runtime.interopservices.windowsruntime has duplicate hint path. Ignoring "/Applications/Unity/Hub/Editor/6000.3.22f1/Unity.app/Contents/Resources/Scripting/UnityReferenceAssemblies/unity-4.8-api/Facades/System.Runtime.InteropServices.WindowsRuntime.dll" in favor of "/Applications/Unity/Hub/Editor/6000.3.22f1/Unity.app/Contents/Resources/Scripting/NetStandard/Extensions/2.0.0/System.Runtime.InteropServices.WindowsRuntime.dll"
[40m[1m[33mwarn[39m[22m[49m: Unity.ILPP.Runner.PostProcessingAssemblyLoadContext[0]
      Assembly system.componentmodel.composition has duplicate hint path. Ignoring "/Applications/Unity/Hub/Editor/6000.3.22f1/Unity.app/Contents/Resources/Scripting/UnityReferenceAssemblies/unity-4.8-api/System.ComponentModel.Composition.dll" in favor of "/Applications/Unity/Hub/Editor/6000.3.22f1/Unity.app/Contents/Resources/Scripting/NetStandard/compat/2.1.0/shims/netfx/System.ComponentModel.Composition.dll"
[40m[32minfo[39m[22m[49m: Unity.ILPP.Runner.PostProcessingAssemblyLoadContext[0]
      Resolved Unity.Burst.Cecil, Version=0.11.6.0, Culture=neutral, PublicKeyToken=50cebf1cceb9d05e with Library/PackageCache/com.unity.burst@2f3d916873ea/Unity.Burst.CodeGen/Unity.Burst.Cecil.dll
[40m[32minfo[39m[22m[49m: Unity.ILPP.Runner.PostProcessingAssemblyLoadContext[0]
      Resolved Mono.Cecil, Version=0.11.5.0, Culture=neutral, PublicKeyToken=50cebf1cceb9d05e with Library/PackageCache/com.unity.nuget.mono-cecil@ecb9724e46ff/Mono.Cecil.dll
[40m[32minfo[39m[22m[49m: Microsoft.AspNetCore.Routing.EndpointMiddleware[1]
      Executed endpoint 'gRPC - /UnityILPP.PostProcessing/ConfigurePostProcessors'
[40m[32minfo[39m[22m[49m: Microsoft.AspNetCore.Hosting.Diagnostics[2]
      Request finished HTTP/2 POST http://ilpp/UnityILPP.PostProcessing/ConfigurePostProcessors application/grpc - - 200 - application/grpc 115.5551ms
[40m[32minfo[39m[22m[49m: Microsoft.AspNetCore.Hosting.Diagnostics[1]
      Request starting HTTP/2 POST http://ilpp/UnityILPP.PostProcessing/PostProcessAssembly application/grpc -
[40m[32minfo[39m[22m[49m: Microsoft.AspNetCore.Routing.EndpointMiddleware[0]
      Executing endpoint 'gRPC - /UnityILPP.PostProcessing/PostProcessAssembly'
[40m[32minfo[39m[22m[49m: Microsoft.AspNetCore.Hosting.Diagnostics[1]
      Request starting HTTP/2 POST http://ilpp/UnityILPP.PostProcessing/PostProcessAssembly application/grpc -
[40m[32minfo[39m[22m[49m: Microsoft.AspNetCore.Routing.EndpointMiddleware[0]
      Executing endpoint 'gRPC - /UnityILPP.PostProcessing/PostProcessAssembly'
[40m[32minfo[39m[22m[49m: Unity.ILPP.Runner.PostProcessingPipeline[0]
      Processing assembly Library/Bee/artifacts/1300b0aE.dag/Unity.XR.OpenXR.Features.ConformanceAutomation.dll, with 150 defines and 257 references
[40m[32minfo[39m[22m[49m: Unity.ILPP.Runner.PostProcessingPipeline[0]
      processors: Unity.Jobs.CodeGen.JobsILPostProcessor, zzzUnity.Burst.CodeGen.BurstILPostProcessor
[40m[32minfo[39m[22m[49m: Unity.ILPP.Runner.PostProcessingPipeline[0]
      running Unity.Jobs.CodeGen.JobsILPostProcessor
[40m[32minfo[39m[22m[49m: Unity.ILPP.Runner.PostProcessingPipeline[0]
      running zzzUnity.Burst.CodeGen.BurstILPostProcessor
[40m[32minfo[39m[22m[49m: Unity.ILPP.Runner.PostProcessingPipeline[0]
      Processing assembly Library/Bee/artifacts/1300b0aE.dag/UnityEngine.SpatialTracking.dll, with 150 defines and 256 references
[40m[32minfo[39m[22m[49m: Unity.ILPP.Runner.PostProcessingPipeline[0]
      processors: Unity.Jobs.CodeGen.JobsILPostProcessor, zzzUnity.Burst.CodeGen.BurstILPostProcessor
[40m[32minfo[39m[22m[49m: Unity.ILPP.Runner.PostProcessingPipeline[0]
      running Unity.Jobs.CodeGen.JobsILPostProcessor
[40m[32minfo[39m[22m[49m: Unity.ILPP.Runner.PostProcessingPipeline[0]
      running zzzUnity.Burst.CodeGen.BurstILPostProcessor
[40m[32minfo[39m[22m[49m: Microsoft.AspNetCore.Routing.EndpointMiddleware[1]
      Executed endpoint 'gRPC - /UnityILPP.PostProcessing/PostProcessAssembly'
[40m[32minfo[39m[22m[49m: Microsoft.AspNetCore.Hosting.Diagnostics[2]
      Request finished HTTP/2 POST http://ilpp/UnityILPP.PostProcessing/PostProcessAssembly application/grpc - - 200 - application/grpc 122.3919ms
[40m[32minfo[39m[22m[49m: Microsoft.AspNetCore.Routing.EndpointMiddleware[1]
      Executed endpoint 'gRPC - /UnityILPP.PostProcessing/PostProcessAssembly'
[40m[32minfo[39m[22m[49m: Microsoft.AspNetCore.Hosting.Diagnostics[2]
      Request finished HTTP/2 POST http://ilpp/UnityILPP.PostProcessing/PostProcessAssembly application/grpc - - 200 - application/grpc 125.1304ms
[40m[32minfo[39m[22m[49m: Microsoft.AspNetCore.Hosting.Diagnostics[1]
      Request starting HTTP/2 POST http://ilpp/UnityILPP.PostProcessing/PostProcessAssembly application/grpc -
[40m[32minfo[39m[22m[49m: Microsoft.AspNetCore.Routing.EndpointMiddleware[0]
      Executing endpoint 'gRPC - /UnityILPP.PostProcessing/PostProcessAssembly'
[40m[32minfo[39m[22m[49m: Unity.ILPP.Runner.PostProcessingPipeline[0]
      Processing assembly Library/Bee/artifacts/1300b0aE.dag/Unity.InputSystem.ForUI.dll, with 150 defines and 257 references
[40m[32minfo[39m[22m[49m: Unity.ILPP.Runner.PostProcessingPipeline[0]
      processors: Unity.Jobs.CodeGen.JobsILPostProcessor, zzzUnity.Burst.CodeGen.BurstILPostProcessor
[40m[32minfo[39m[22m[49m: Unity.ILPP.Runner.PostProcessingPipeline[0]
      running Unity.Jobs.CodeGen.JobsILPostProcessor
[40m[32minfo[39m[22m[49m: Unity.ILPP.Runner.PostProcessingPipeline[0]
      running zzzUnity.Burst.CodeGen.BurstILPostProcessor
[40m[32minfo[39m[22m[49m: Microsoft.AspNetCore.Routing.EndpointMiddleware[1]
      Executed endpoint 'gRPC - /UnityILPP.PostProcessing/PostProcessAssembly'
[40m[32minfo[39m[22m[49m: Microsoft.AspNetCore.Hosting.Diagnostics[2]
      Request finished HTTP/2 POST http://ilpp/UnityILPP.PostProcessing/PostProcessAssembly application/grpc - - 200 - application/grpc 77.8164ms
[40m[32minfo[39m[22m[49m: Microsoft.AspNetCore.Hosting.Diagnostics[1]
      Request starting HTTP/2 POST http://ilpp/UnityILPP.PostProcessing/PostProcessAssembly application/grpc -
[40m[32minfo[39m[22m[49m: Microsoft.AspNetCore.Routing.EndpointMiddleware[0]
      Executing endpoint 'gRPC - /UnityILPP.PostProcessing/PostProcessAssembly'
[40m[32minfo[39m[22m[49m: Unity.ILPP.Runner.PostProcessingPipeline[0]
      Processing assembly Library/Bee/artifacts/1300b0aE.dag/Unity.Burst.dll, with 150 defines and 253 references
[40m[32minfo[39m[22m[49m: Unity.ILPP.Runner.PostProcessingPipeline[0]
      processors: Unity.Jobs.CodeGen.JobsILPostProcessor, zzzUnity.Burst.CodeGen.BurstILPostProcessor
[40m[32minfo[39m[22m[49m: Unity.ILPP.Runner.PostProcessingPipeline[0]
      running Unity.Jobs.CodeGen.JobsILPostProcessor
[40m[32minfo[39m[22m[49m: Unity.ILPP.Runner.PostProcessingPipeline[0]
      running zzzUnity.Burst.CodeGen.BurstILPostProcessor
[40m[32minfo[39m[22m[49m: Microsoft.AspNetCore.Hosting.Diagnostics[1]
      Request starting HTTP/2 POST http://ilpp/UnityILPP.PostProcessing/PostProcessAssembly application/grpc -
[40m[32minfo[39m[22m[49m: Microsoft.AspNetCore.Routing.EndpointMiddleware[0]
      Executing endpoint 'gRPC - /UnityILPP.PostProcessing/PostProcessAssembly'
[40m[32minfo[39m[22m[49m: Microsoft.AspNetCore.Hosting.Diagnostics[1]
      Request starting HTTP/2 POST http://ilpp/UnityILPP.PostProcessing/PostProcessAssembly application/grpc -
[40m[32minfo[39m[22m[49m: Microsoft.AspNetCore.Routing.EndpointMiddleware[0]
      Executing endpoint 'gRPC - /UnityILPP.PostProcessing/PostProcessAssembly'
[40m[32minfo[39m[22m[49m: Unity.ILPP.Runner.PostProcessingPipeline[0]
      Processing assembly Library/Bee/artifacts/1300b0aE.dag/Unity.XR.OpenXR.Features.MockRuntime.dll, with 150 defines and 255 references
[40m[32minfo[39m[22m[49m: Unity.ILPP.Runner.PostProcessingPipeline[0]
      processors: Unity.Jobs.CodeGen.JobsILPostProcessor, zzzUnity.Burst.CodeGen.BurstILPostProcessor
[40m[32minfo[39m[22m[49m: Unity.ILPP.Runner.PostProcessingPipeline[0]
      running Unity.Jobs.CodeGen.JobsILPostProcessor
[40m[32minfo[39m[22m[49m: Unity.ILPP.Runner.PostProcessingPipeline[0]
      running zzzUnity.Burst.CodeGen.BurstILPostProcessor
[40m[32minfo[39m[22m[49m: Microsoft.AspNetCore.Routing.EndpointMiddleware[1]
      Executed endpoint 'gRPC - /UnityILPP.PostProcessing/PostProcessAssembly'
[40m[32minfo[39m[22m[49m: Microsoft.AspNetCore.Hosting.Diagnostics[2]
      Request finished HTTP/2 POST http://ilpp/UnityILPP.PostProcessing/PostProcessAssembly application/grpc - - 200 - application/grpc 43.2237ms
[40m[32minfo[39m[22m[49m: Unity.ILPP.Runner.PostProcessingPipeline[0]
      Processing assembly Library/Bee/artifacts/1300b0aE.dag/Unity.InputSystem.TestFramework.dll, with 151 defines and 252 references
[40m[32minfo[39m[22m[49m: Unity.ILPP.Runner.PostProcessingPipeline[0]
      processors: Unity.Jobs.CodeGen.JobsILPostProcessor, zzzUnity.Burst.CodeGen.BurstILPostProcessor
[40m[32minfo[39m[22m[49m: Unity.ILPP.Runner.PostProcessingPipeline[0]
      running Unity.Jobs.CodeGen.JobsILPostProcessor
[40m[32minfo[39m[22m[49m: Unity.ILPP.Runner.PostProcessingPipeline[0]
      running zzzUnity.Burst.CodeGen.BurstILPostProcessor
[40m[32minfo[39m[22m[49m: Microsoft.AspNetCore.Routing.EndpointMiddleware[1]
      Executed endpoint 'gRPC - /UnityILPP.PostProcessing/PostProcessAssembly'
[40m[32minfo[39m[22m[49m: Microsoft.AspNetCore.Hosting.Diagnostics[2]
      Request finished HTTP/2 POST http://ilpp/UnityILPP.PostProcessing/PostProcessAssembly application/grpc - - 200 - application/grpc 18.3672ms
[40m[32minfo[39m[22m[49m: Microsoft.AspNetCore.Hosting.Diagnostics[1]
      Request starting HTTP/2 POST http://ilpp/UnityILPP.PostProcessing/PostProcessAssembly application/grpc -
[40m[32minfo[39m[22m[49m: Microsoft.AspNetCore.Routing.EndpointMiddleware[0]
      Executing endpoint 'gRPC - /UnityILPP.PostProcessing/PostProcessAssembly'
[40m[32minfo[39m[22m[49m: Unity.ILPP.Runner.PostProcessingPipeline[0]
      Processing assembly Library/Bee/artifacts/1300b0aE.dag/UnityEngine.XR.LegacyInputHelpers.dll, with 150 defines and 257 references
[40m[32minfo[39m[22m[49m: Unity.ILPP.Runner.PostProcessingPipeline[0]
      processors: Unity.Jobs.CodeGen.JobsILPostProcessor, zzzUnity.Burst.CodeGen.BurstILPostProcessor
[40m[32minfo[39m[22m[49m: Unity.ILPP.Runner.PostProcessingPipeline[0]
      running Unity.Jobs.CodeGen.JobsILPostProcessor
[40m[32minfo[39m[22m[49m: Unity.ILPP.Runner.PostProcessingPipeline[0]
      running zzzUnity.Burst.CodeGen.BurstILPostProcessor
[40m[32minfo[39m[22m[49m: Microsoft.AspNetCore.Routing.EndpointMiddleware[1]
      Executed endpoint 'gRPC - /UnityILPP.PostProcessing/PostProcessAssembly'
[40m[32minfo[39m[22m[49m: Microsoft.AspNetCore.Hosting.Diagnostics[2]
      Request finished HTTP/2 POST http://ilpp/UnityILPP.PostProcessing/PostProcessAssembly application/grpc - - 200 - application/grpc 42.6200ms
[40m[32minfo[39m[22m[49m: Microsoft.AspNetCore.Hosting.Diagnostics[1]
      Request starting HTTP/2 POST http://ilpp/UnityILPP.PostProcessing/PostProcessAssembly application/grpc -
[40m[32minfo[39m[22m[49m: Microsoft.AspNetCore.Routing.EndpointMiddleware[0]
      Executing endpoint 'gRPC - /UnityILPP.PostProcessing/PostProcessAssembly'
[40m[32minfo[39m[22m[49m: Unity.ILPP.Runner.PostProcessingPipeline[0]
      Processing assembly Library/Bee/artifacts/1300b0aE.dag/UnityEngine.UI.dll, with 155 defines and 254 references
[40m[32minfo[39m[22m[49m: Unity.ILPP.Runner.PostProcessingPipeline[0]
      processors: Unity.Jobs.CodeGen.JobsILPostProcessor, zzzUnity.Burst.CodeGen.BurstILPostProcessor
[40m[32minfo[39m[22m[49m: Unity.ILPP.Runner.PostProcessingPipeline[0]
      running Unity.Jobs.CodeGen.JobsILPostProcessor
[40m[32minfo[39m[22m[49m: Unity.ILPP.Runner.PostProcessingPipeline[0]
      running zzzUnity.Burst.CodeGen.BurstILPostProcessor
[40m[32minfo[39m[22m[49m: Microsoft.AspNetCore.Routing.EndpointMiddleware[1]
      Executed endpoint 'gRPC - /UnityILPP.PostProcessing/PostProcessAssembly'
[40m[32minfo[39m[22m[49m: Microsoft.AspNetCore.Hosting.Diagnostics[2]
      Request finished HTTP/2 POST http://ilpp/UnityILPP.PostProcessing/PostProcessAssembly application/grpc - - 200 - application/grpc 34.0317ms
[40m[32minfo[39m[22m[49m: Microsoft.AspNetCore.Hosting.Diagnostics[1]
      Request starting HTTP/2 POST http://ilpp/UnityILPP.PostProcessing/PostProcessAssembly application/grpc -
[40m[32minfo[39m[22m[49m: Microsoft.AspNetCore.Routing.EndpointMiddleware[0]
      Executing endpoint 'gRPC - /UnityILPP.PostProcessing/PostProcessAssembly'
[40m[32minfo[39m[22m[49m: Unity.ILPP.Runner.PostProcessingPipeline[0]
      Processing assembly Library/Bee/artifacts/1300b0aE.dag/Unity.AI.Navigation.dll, with 151 defines and 256 references
[40m[32minfo[39m[22m[49m: Unity.ILPP.Runner.PostProcessingPipeline[0]
      processors: Unity.Jobs.CodeGen.JobsILPostProcessor, zzzUnity.Burst.CodeGen.BurstILPostProcessor
[40m[32minfo[39m[22m[49m: Unity.ILPP.Runner.PostProcessingPipeline[0]
      running Unity.Jobs.CodeGen.JobsILPostProcessor
[40m[32minfo[39m[22m[49m: Unity.ILPP.Runner.PostProcessingPipeline[0]
      running zzzUnity.Burst.CodeGen.BurstILPostProcessor
[40m[32minfo[39m[22m[49m: Microsoft.AspNetCore.Routing.EndpointMiddleware[1]
      Executed endpoint 'gRPC - /UnityILPP.PostProcessing/PostProcessAssembly'
[40m[32minfo[39m[22m[49m: Microsoft.AspNetCore.Hosting.Diagnostics[2]
      Request finished HTTP/2 POST http://ilpp/UnityILPP.PostProcessing/PostProcessAssembly application/grpc - - 200 - application/grpc 12.9020ms
[40m[32minfo[39m[22m[49m: Microsoft.AspNetCore.Hosting.Diagnostics[1]
      Request starting HTTP/2 POST http://ilpp/UnityILPP.PostProcessing/PostProcessAssembly application/grpc -
[40m[32minfo[39m[22m[49m: Microsoft.AspNetCore.Routing.EndpointMiddleware[0]
      Executing endpoint 'gRPC - /UnityILPP.PostProcessing/PostProcessAssembly'
[40m[32minfo[39m[22m[49m: Unity.ILPP.Runner.PostProcessingPipeline[0]
      Processing assembly Library/Bee/artifacts/1300b0aE.dag/Unity.TextMeshPro.dll, with 151 defines and 257 references
[40m[32minfo[39m[22m[49m: Unity.ILPP.Runner.PostProcessingPipeline[0]
      processors: Unity.Jobs.CodeGen.JobsILPostProcessor, zzzUnity.Burst.CodeGen.BurstILPostProcessor
[40m[32minfo[39m[22m[49m: Unity.ILPP.Runner.PostProcessingPipeline[0]
      running Unity.Jobs.CodeGen.JobsILPostProcessor
[40m[32minfo[39m[22m[49m: Unity.ILPP.Runner.PostProcessingPipeline[0]
      running zzzUnity.Burst.CodeGen.BurstILPostProcessor
[40m[32minfo[39m[22m[49m: Microsoft.AspNetCore.Routing.EndpointMiddleware[1]
      Executed endpoint 'gRPC - /UnityILPP.PostProcessing/PostProcessAssembly'
[40m[32minfo[39m[22m[49m: Microsoft.AspNetCore.Hosting.Diagnostics[2]
      Request finished HTTP/2 POST http://ilpp/UnityILPP.PostProcessing/PostProcessAssembly application/grpc - - 200 - application/grpc 107.5776ms
[40m[32minfo[39m[22m[49m: Unity.ILPP.Runner.PostProcessingAssemblyLoadContext[0]
      Resolved Unity.Burst.Cecil.Rocks, Version=0.11.6.0, Culture=neutral, PublicKeyToken=50cebf1cceb9d05e with Library/PackageCache/com.unity.burst@2f3d916873ea/Unity.Burst.CodeGen/Unity.Burst.Cecil.Rocks.dll
[40m[32minfo[39m[22m[49m: Microsoft.AspNetCore.Hosting.Diagnostics[1]
      Request starting HTTP/2 POST http://ilpp/UnityILPP.PostProcessing/PostProcessAssembly application/grpc -
[40m[32minfo[39m[22m[49m: Microsoft.AspNetCore.Routing.EndpointMiddleware[0]
      Executing endpoint 'gRPC - /UnityILPP.PostProcessing/PostProcessAssembly'
[40m[32minfo[39m[22m[49m: Unity.ILPP.Runner.PostProcessingPipeline[0]
      Processing assembly Library/Bee/artifacts/1300b0aE.dag/Unity.PerformanceTesting.dll, with 151 defines and 250 references
[40m[32minfo[39m[22m[49m: Unity.ILPP.Runner.PostProcessingPipeline[0]
      processors: Unity.Jobs.CodeGen.JobsILPostProcessor, zzzUnity.Burst.CodeGen.BurstILPostProcessor
[40m[32minfo[39m[22m[49m: Unity.ILPP.Runner.PostProcessingPipeline[0]
      running Unity.Jobs.CodeGen.JobsILPostProcessor
[40m[32minfo[39m[22m[49m: Unity.ILPP.Runner.PostProcessingPipeline[0]
      running zzzUnity.Burst.CodeGen.BurstILPostProcessor
[40m[32minfo[39m[22m[49m: Microsoft.AspNetCore.Routing.EndpointMiddleware[1]
      Executed endpoint 'gRPC - /UnityILPP.PostProcessing/PostProcessAssembly'
[40m[32minfo[39m[22m[49m: Microsoft.AspNetCore.Hosting.Diagnostics[2]
      Request finished HTTP/2 POST http://ilpp/UnityILPP.PostProcessing/PostProcessAssembly application/grpc - - 200 - application/grpc 34.7950ms
[40m[32minfo[39m[22m[49m: Microsoft.AspNetCore.Hosting.Diagnostics[1]
      Request starting HTTP/2 POST http://ilpp/UnityILPP.PostProcessing/PostProcessAssembly application/grpc -
[40m[32minfo[39m[22m[49m: Microsoft.AspNetCore.Routing.EndpointMiddleware[0]
      Executing endpoint 'gRPC - /UnityILPP.PostProcessing/PostProcessAssembly'
[40m[32minfo[39m[22m[49m: Microsoft.AspNetCore.Hosting.Diagnostics[1]
      Request starting HTTP/2 POST http://ilpp/UnityILPP.PostProcessing/PostProcessAssembly application/grpc -
[40m[32minfo[39m[22m[49m: Microsoft.AspNetCore.Routing.EndpointMiddleware[0]
      Executing endpoint 'gRPC - /UnityILPP.PostProcessing/PostProcessAssembly'
[40m[32minfo[39m[22m[49m: Unity.ILPP.Runner.PostProcessingPipeline[0]
      Processing assembly Library/Bee/artifacts/1300b0aE.dag/Unity.XR.OpenXR.Features.MetaQuestSupport.dll, with 150 defines and 257 references
[40m[32minfo[39m[22m[49m: Unity.ILPP.Runner.PostProcessingPipeline[0]
      processors: Unity.Jobs.CodeGen.JobsILPostProcessor, zzzUnity.Burst.CodeGen.BurstILPostProcessor
[40m[32minfo[39m[22m[49m: Unity.ILPP.Runner.PostProcessingPipeline[0]
      running Unity.Jobs.CodeGen.JobsILPostProcessor
[40m[32minfo[39m[22m[49m: Unity.ILPP.Runner.PostProcessingPipeline[0]
      running zzzUnity.Burst.CodeGen.BurstILPostProcessor
[40m[32minfo[39m[22m[49m: Unity.ILPP.Runner.PostProcessingPipeline[0]
      Processing assembly Library/Bee/artifacts/1300b0aE.dag/Unity.InternalAPIEngineBridge.004.dll, with 150 defines and 256 references
[40m[32minfo[39m[22m[49m: Unity.ILPP.Runner.PostProcessingPipeline[0]
      processors: Unity.Jobs.CodeGen.JobsILPostProcessor, zzzUnity.Burst.CodeGen.BurstILPostProcessor
[40m[32minfo[39m[22m[49m: Unity.ILPP.Runner.PostProcessingPipeline[0]
      running Unity.Jobs.CodeGen.JobsILPostProcessor
[40m[32minfo[39m[22m[49m: Unity.ILPP.Runner.PostProcessingPipeline[0]
      running zzzUnity.Burst.CodeGen.BurstILPostProcessor
[40m[32minfo[39m[22m[49m: Microsoft.AspNetCore.Routing.EndpointMiddleware[1]
      Executed endpoint 'gRPC - /UnityILPP.PostProcessing/PostProcessAssembly'
[40m[32minfo[39m[22m[49m: Microsoft.AspNetCore.Hosting.Diagnostics[2]
      Request finished HTTP/2 POST http://ilpp/UnityILPP.PostProcessing/PostProcessAssembly application/grpc - - 200 - application/grpc 21.8996ms
[40m[32minfo[39m[22m[49m: Microsoft.AspNetCore.Routing.EndpointMiddleware[1]
      Executed endpoint 'gRPC - /UnityILPP.PostProcessing/PostProcessAssembly'
[40m[32minfo[39m[22m[49m: Microsoft.AspNetCore.Hosting.Diagnostics[2]
      Request finished HTTP/2 POST http://ilpp/UnityILPP.PostProcessing/PostProcessAssembly application/grpc - - 200 - application/grpc 32.1346ms
[40m[32minfo[39m[22m[49m: Microsoft.AspNetCore.Hosting.Diagnostics[1]
      Request starting HTTP/2 POST http://ilpp/UnityILPP.PostProcessing/PostProcessAssembly application/grpc -
[40m[32minfo[39m[22m[49m: Microsoft.AspNetCore.Routing.EndpointMiddleware[0]
      Executing endpoint 'gRPC - /UnityILPP.PostProcessing/PostProcessAssembly'
[40m[32minfo[39m[22m[49m: Unity.ILPP.Runner.PostProcessingPipeline[0]
      Processing assembly Library/Bee/artifacts/1300b0aE.dag/Unity.XR.CoreUtils.dll, with 156 defines and 258 references
[40m[32minfo[39m[22m[49m: Unity.ILPP.Runner.PostProcessingPipeline[0]
      processors: Unity.Jobs.CodeGen.JobsILPostProcessor, zzzUnity.Burst.CodeGen.BurstILPostProcessor
[40m[32minfo[39m[22m[49m: Unity.ILPP.Runner.PostProcessingPipeline[0]
      running Unity.Jobs.CodeGen.JobsILPostProcessor
[40m[32minfo[39m[22m[49m: Unity.ILPP.Runner.PostProcessingPipeline[0]
      running zzzUnity.Burst.CodeGen.BurstILPostProcessor
[40m[32minfo[39m[22m[49m: Microsoft.AspNetCore.Routing.EndpointMiddleware[1]
      Executed endpoint 'gRPC - /UnityILPP.PostProcessing/PostProcessAssembly'
[40m[32minfo[39m[22m[49m: Microsoft.AspNetCore.Hosting.Diagnostics[2]
      Request finished HTTP/2 POST http://ilpp/UnityILPP.PostProcessing/PostProcessAssembly application/grpc - - 200 - application/grpc 30.8260ms
[40m[32minfo[39m[22m[49m: Microsoft.AspNetCore.Hosting.Diagnostics[1]
      Request starting HTTP/2 POST http://ilpp/UnityILPP.PostProcessing/PostProcessAssembly application/grpc -
[40m[32minfo[39m[22m[49m: Microsoft.AspNetCore.Routing.EndpointMiddleware[0]
      Executing endpoint 'gRPC - /UnityILPP.PostProcessing/PostProcessAssembly'
[40m[32minfo[39m[22m[49m: Unity.ILPP.Runner.PostProcessingPipeline[0]
      Processing assembly Library/Bee/artifacts/1300b0aE.dag/Unity.XR.Management.dll, with 150 defines and 256 references
[40m[32minfo[39m[22m[49m: Unity.ILPP.Runner.PostProcessingPipeline[0]
      processors: Unity.Jobs.CodeGen.JobsILPostProcessor, zzzUnity.Burst.CodeGen.BurstILPostProcessor
[40m[32minfo[39m[22m[49m: Unity.ILPP.Runner.PostProcessingPipeline[0]
      running Unity.Jobs.CodeGen.JobsILPostProcessor
[40m[32minfo[39m[22m[49m: Unity.ILPP.Runner.PostProcessingPipeline[0]
      running zzzUnity.Burst.CodeGen.BurstILPostProcessor
[40m[32minfo[39m[22m[49m: Microsoft.AspNetCore.Routing.EndpointMiddleware[1]
      Executed endpoint 'gRPC - /UnityILPP.PostProcessing/PostProcessAssembly'
[40m[32minfo[39m[22m[49m: Microsoft.AspNetCore.Hosting.Diagnostics[2]
      Request finished HTTP/2 POST http://ilpp/UnityILPP.PostProcessing/PostProcessAssembly application/grpc - - 200 - application/grpc 73.3114ms
[40m[32minfo[39m[22m[49m: Microsoft.AspNetCore.Hosting.Diagnostics[1]
      Request starting HTTP/2 POST http://ilpp/UnityILPP.PostProcessing/PostProcessAssembly application/grpc -
[40m[32minfo[39m[22m[49m: Microsoft.AspNetCore.Routing.EndpointMiddleware[0]
      Executing endpoint 'gRPC - /UnityILPP.PostProcessing/PostProcessAssembly'
[40m[32minfo[39m[22m[49m: Unity.ILPP.Runner.PostProcessingPipeline[0]
      Processing assembly Library/Bee/artifacts/1300b0aE.dag/Unity.Mathematics.dll, with 150 defines and 256 references
[40m[32minfo[39m[22m[49m: Unity.ILPP.Runner.PostProcessingPipeline[0]
      processors: Unity.Jobs.CodeGen.JobsILPostProcessor, zzzUnity.Burst.CodeGen.BurstILPostProcessor
[40m[32minfo[39m[22m[49m: Unity.ILPP.Runner.PostProcessingPipeline[0]
      running Unity.Jobs.CodeGen.JobsILPostProcessor
[40m[32minfo[39m[22m[49m: Unity.ILPP.Runner.PostProcessingPipeline[0]
      running zzzUnity.Burst.CodeGen.BurstILPostProcessor
[40m[32minfo[39m[22m[49m: Microsoft.AspNetCore.Routing.EndpointMiddleware[1]
      Executed endpoint 'gRPC - /UnityILPP.PostProcessing/PostProcessAssembly'
[40m[32minfo[39m[22m[49m: Microsoft.AspNetCore.Hosting.Diagnostics[2]
      Request finished HTTP/2 POST http://ilpp/UnityILPP.PostProcessing/PostProcessAssembly application/grpc - - 200 - application/grpc 24.5765ms
[40m[32minfo[39m[22m[49m: Microsoft.AspNetCore.Hosting.Diagnostics[1]
      Request starting HTTP/2 POST http://ilpp/UnityILPP.PostProcessing/PostProcessAssembly application/grpc -
[40m[32minfo[39m[22m[49m: Microsoft.AspNetCore.Routing.EndpointMiddleware[0]
      Executing endpoint 'gRPC - /UnityILPP.PostProcessing/PostProcessAssembly'
[40m[32minfo[39m[22m[49m: Unity.ILPP.Runner.PostProcessingPipeline[0]
      Processing assembly Library/Bee/artifacts/1300b0aE.dag/Unity.XR.OpenXR.dll, with 154 defines and 259 references
[40m[32minfo[39m[22m[49m: Unity.ILPP.Runner.PostProcessingPipeline[0]
      processors: Unity.Jobs.CodeGen.JobsILPostProcessor, zzzUnity.Burst.CodeGen.BurstILPostProcessor
[40m[32minfo[39m[22m[49m: Unity.ILPP.Runner.PostProcessingPipeline[0]
      running Unity.Jobs.CodeGen.JobsILPostProcessor
[40m[32minfo[39m[22m[49m: Unity.ILPP.Runner.PostProcessingPipeline[0]
      running zzzUnity.Burst.CodeGen.BurstILPostProcessor
[40m[32minfo[39m[22m[49m: Microsoft.AspNetCore.Routing.EndpointMiddleware[1]
      Executed endpoint 'gRPC - /UnityILPP.PostProcessing/PostProcessAssembly'
[40m[32minfo[39m[22m[49m: Microsoft.AspNetCore.Hosting.Diagnostics[2]
      Request finished HTTP/2 POST http://ilpp/UnityILPP.PostProcessing/PostProcessAssembly application/grpc - - 200 - application/grpc 22.0976ms
[40m[32minfo[39m[22m[49m: Microsoft.AspNetCore.Hosting.Diagnostics[1]
      Request starting HTTP/2 POST http://ilpp/UnityILPP.PostProcessing/PostProcessAssembly application/grpc -
[40m[32minfo[39m[22m[49m: Microsoft.AspNetCore.Routing.EndpointMiddleware[0]
      Executing endpoint 'gRPC - /UnityILPP.PostProcessing/PostProcessAssembly'
[40m[32minfo[39m[22m[49m: Unity.ILPP.Runner.PostProcessingPipeline[0]
      Processing assembly Library/Bee/artifacts/1300b0aE.dag/glTFast.dots.dll, with 151 defines and 260 references
[40m[32minfo[39m[22m[49m: Unity.ILPP.Runner.PostProcessingPipeline[0]
      processors: Unity.Jobs.CodeGen.JobsILPostProcessor, zzzUnity.Burst.CodeGen.BurstILPostProcessor
[40m[32minfo[39m[22m[49m: Unity.ILPP.Runner.PostProcessingPipeline[0]
      running Unity.Jobs.CodeGen.JobsILPostProcessor
[40m[32minfo[39m[22m[49m: Unity.ILPP.Runner.PostProcessingAssemblyLoadContext[0]
      Resolved Unity.Collections, Version=0.0.0.0, Culture=neutral, PublicKeyToken=null with Library/Bee/artifacts/1300b0aE.dag/Unity.Collections.dll
[40m[32minfo[39m[22m[49m: Microsoft.AspNetCore.Hosting.Diagnostics[1]
      Request starting HTTP/2 POST http://ilpp/UnityILPP.PostProcessing/PostProcessAssembly application/grpc -
[40m[32minfo[39m[22m[49m: Microsoft.AspNetCore.Routing.EndpointMiddleware[0]
      Executing endpoint 'gRPC - /UnityILPP.PostProcessing/PostProcessAssembly'
[40m[32minfo[39m[22m[49m: Unity.ILPP.Runner.PostProcessingPipeline[0]
      Processing assembly Library/Bee/artifacts/1300b0aE.dag/glTFast.dll, with 155 defines and 259 references
[40m[32minfo[39m[22m[49m: Unity.ILPP.Runner.PostProcessingPipeline[0]
      processors: Unity.Jobs.CodeGen.JobsILPostProcessor, zzzUnity.Burst.CodeGen.BurstILPostProcessor
[40m[32minfo[39m[22m[49m: Unity.ILPP.Runner.PostProcessingPipeline[0]
      running Unity.Jobs.CodeGen.JobsILPostProcessor
[40m[32minfo[39m[22m[49m: Microsoft.AspNetCore.Hosting.Diagnostics[1]
      Request starting HTTP/2 POST http://ilpp/UnityILPP.PostProcessing/PostProcessAssembly application/grpc -
[40m[32minfo[39m[22m[49m: Microsoft.AspNetCore.Routing.EndpointMiddleware[0]
      Executing endpoint 'gRPC - /UnityILPP.PostProcessing/PostProcessAssembly'
[40m[32minfo[39m[22m[49m: Unity.ILPP.Runner.PostProcessingPipeline[0]
      Processing assembly Library/Bee/artifacts/1300b0aE.dag/glTFast.Newtonsoft.dll, with 152 defines and 257 references
[40m[32minfo[39m[22m[49m: Unity.ILPP.Runner.PostProcessingPipeline[0]
      processors: Unity.Jobs.CodeGen.JobsILPostProcessor, zzzUnity.Burst.CodeGen.BurstILPostProcessor
[40m[32minfo[39m[22m[49m: Unity.ILPP.Runner.PostProcessingPipeline[0]
      running Unity.Jobs.CodeGen.JobsILPostProcessor
[40m[32minfo[39m[22m[49m: Unity.ILPP.Runner.PostProcessingPipeline[0]
      running zzzUnity.Burst.CodeGen.BurstILPostProcessor
[40m[32minfo[39m[22m[49m: Microsoft.AspNetCore.Routing.EndpointMiddleware[1]
      Executed endpoint 'gRPC - /UnityILPP.PostProcessing/PostProcessAssembly'
[40m[32minfo[39m[22m[49m: Microsoft.AspNetCore.Hosting.Diagnostics[2]
      Request finished HTTP/2 POST http://ilpp/UnityILPP.PostProcessing/PostProcessAssembly application/grpc - - 200 - application/grpc 42.1298ms
[40m[32minfo[39m[22m[49m: Microsoft.AspNetCore.Hosting.Diagnostics[1]
      Request starting HTTP/2 POST http://ilpp/UnityILPP.PostProcessing/PostProcessAssembly application/grpc -
[40m[32minfo[39m[22m[49m: Microsoft.AspNetCore.Routing.EndpointMiddleware[0]
      Executing endpoint 'gRPC - /UnityILPP.PostProcessing/PostProcessAssembly'
[40m[32minfo[39m[22m[49m: Unity.ILPP.Runner.PostProcessingPipeline[0]
      Processing assembly Library/Bee/artifacts/1300b0aE.dag/Unity.Timeline.dll, with 151 defines and 256 references
[40m[32minfo[39m[22m[49m: Unity.ILPP.Runner.PostProcessingPipeline[0]
      processors: Unity.Jobs.CodeGen.JobsILPostProcessor, zzzUnity.Burst.CodeGen.BurstILPostProcessor
[40m[32minfo[39m[22m[49m: Unity.ILPP.Runner.PostProcessingPipeline[0]
      running Unity.Jobs.CodeGen.JobsILPostProcessor
[40m[32minfo[39m[22m[49m: Unity.ILPP.Runner.PostProcessingPipeline[0]
      running zzzUnity.Burst.CodeGen.BurstILPostProcessor
[40m[32minfo[39m[22m[49m: Microsoft.AspNetCore.Routing.EndpointMiddleware[1]
      Executed endpoint 'gRPC - /UnityILPP.PostProcessing/PostProcessAssembly'
[40m[32minfo[39m[22m[49m: Microsoft.AspNetCore.Hosting.Diagnostics[2]
      Request finished HTTP/2 POST http://ilpp/UnityILPP.PostProcessing/PostProcessAssembly application/grpc - - 200 - application/grpc 45.9638ms
[40m[32minfo[39m[22m[49m: Microsoft.AspNetCore.Hosting.Diagnostics[1]
      Request starting HTTP/2 POST http://ilpp/UnityILPP.PostProcessing/PostProcessAssembly application/grpc -
[40m[32minfo[39m[22m[49m: Microsoft.AspNetCore.Routing.EndpointMiddleware[0]
      Executing endpoint 'gRPC - /UnityILPP.PostProcessing/PostProcessAssembly'
[40m[32minfo[39m[22m[49m: Unity.ILPP.Runner.PostProcessingPipeline[0]
      Processing assembly Library/Bee/artifacts/1300b0aE.dag/Unity.XR.OpenXR.Features.RuntimeDebugger.dll, with 150 defines and 254 references
[40m[32minfo[39m[22m[49m: Unity.ILPP.Runner.PostProcessingPipeline[0]
      processors: Unity.Jobs.CodeGen.JobsILPostProcessor, zzzUnity.Burst.CodeGen.BurstILPostProcessor
[40m[32minfo[39m[22m[49m: Unity.ILPP.Runner.PostProcessingPipeline[0]
      running Unity.Jobs.CodeGen.JobsILPostProcessor
[40m[32minfo[39m[22m[49m: Unity.ILPP.Runner.PostProcessingPipeline[0]
      running zzzUnity.Burst.CodeGen.BurstILPostProcessor
[40m[32minfo[39m[22m[49m: Microsoft.AspNetCore.Routing.EndpointMiddleware[1]
      Executed endpoint 'gRPC - /UnityILPP.PostProcessing/PostProcessAssembly'
[40m[32minfo[39m[22m[49m: Microsoft.AspNetCore.Hosting.Diagnostics[2]
      Request finished HTTP/2 POST http://ilpp/UnityILPP.PostProcessing/PostProcessAssembly application/grpc - - 200 - application/grpc 151.0220ms
[40m[32minfo[39m[22m[49m: Microsoft.AspNetCore.Routing.EndpointMiddleware[1]
      Executed endpoint 'gRPC - /UnityILPP.PostProcessing/PostProcessAssembly'
[40m[32minfo[39m[22m[49m: Microsoft.AspNetCore.Hosting.Diagnostics[2]
      Request finished HTTP/2 POST http://ilpp/UnityILPP.PostProcessing/PostProcessAssembly application/grpc - - 200 - application/grpc 3869.6686ms
[40m[32minfo[39m[22m[49m: Unity.ILPP.Runner.PostProcessingAssemblyLoadContext[0]
      Resolved UnityEditor.CoreModule, Version=0.0.0.0, Culture=neutral, PublicKeyToken=null with /Applications/Unity/Hub/Editor/6000.3.22f1/Unity.app/Contents/Resources/Scripting/Managed/UnityEngine/UnityEditor.CoreModule.dll
[40m[32minfo[39m[22m[49m: Unity.ILPP.Runner.PostProcessingAssemblyLoadContext[0]
      Resolved UnityEngine.CoreModule, Version=0.0.0.0, Culture=neutral, PublicKeyToken=null with /Applications/Unity/Hub/Editor/6000.3.22f1/Unity.app/Contents/Resources/Scripting/Managed/UnityEngine/UnityEngine.CoreModule.dll
[40m[32minfo[39m[22m[49m: Unity.ILPP.Runner.PostProcessingPipeline[0]
      running zzzUnity.Burst.CodeGen.BurstILPostProcessor
[40m[32minfo[39m[22m[49m: Microsoft.AspNetCore.Hosting.Diagnostics[1]
      Request starting HTTP/2 POST http://ilpp/UnityILPP.PostProcessing/PostProcessAssembly application/grpc -
[40m[32minfo[39m[22m[49m: Microsoft.AspNetCore.Routing.EndpointMiddleware[0]
      Executing endpoint 'gRPC - /UnityILPP.PostProcessing/PostProcessAssembly'
[40m[32minfo[39m[22m[49m: Unity.ILPP.Runner.PostProcessingAssemblyLoadContext[0]
      Resolved Mono.Cecil.Rocks, Version=0.11.5.0, Culture=neutral, PublicKeyToken=50cebf1cceb9d05e with Library/PackageCache/com.unity.nuget.mono-cecil@ecb9724e46ff/Mono.Cecil.Rocks.dll
[40m[32minfo[39m[22m[49m: Unity.ILPP.Runner.PostProcessingPipeline[0]
      Processing assembly Library/Bee/artifacts/1300b0aE.dag/Meta.XR.ImmersiveDebugger.Interface.dll, with 151 defines and 256 references
[40m[32minfo[39m[22m[49m: Unity.ILPP.Runner.PostProcessingPipeline[0]
      processors: Unity.Jobs.CodeGen.JobsILPostProcessor, zzzUnity.Burst.CodeGen.BurstILPostProcessor
[40m[32minfo[39m[22m[49m: Unity.ILPP.Runner.PostProcessingPipeline[0]
      running Unity.Jobs.CodeGen.JobsILPostProcessor
[40m[32minfo[39m[22m[49m: Unity.ILPP.Runner.PostProcessingPipeline[0]
      running zzzUnity.Burst.CodeGen.BurstILPostProcessor
[40m[32minfo[39m[22m[49m: Microsoft.AspNetCore.Routing.EndpointMiddleware[1]
      Executed endpoint 'gRPC - /UnityILPP.PostProcessing/PostProcessAssembly'
[40m[32minfo[39m[22m[49m: Microsoft.AspNetCore.Routing.EndpointMiddleware[1]
      Executed endpoint 'gRPC - /UnityILPP.PostProcessing/PostProcessAssembly'
[40m[32minfo[39m[22m[49m: Microsoft.AspNetCore.Hosting.Diagnostics[2]
      Request finished HTTP/2 POST http://ilpp/UnityILPP.PostProcessing/PostProcessAssembly application/grpc - - 200 - application/grpc 67.1724ms
[40m[32minfo[39m[22m[49m: Microsoft.AspNetCore.Hosting.Diagnostics[2]
      Request finished HTTP/2 POST http://ilpp/UnityILPP.PostProcessing/PostProcessAssembly application/grpc - - 200 - application/grpc 1084.4814ms
[40m[32minfo[39m[22m[49m: Microsoft.AspNetCore.Hosting.Diagnostics[1]
      Request starting HTTP/2 POST http://ilpp/UnityILPP.PostProcessing/PostProcessAssembly application/grpc -
[40m[32minfo[39m[22m[49m: Microsoft.AspNetCore.Routing.EndpointMiddleware[0]
      Executing endpoint 'gRPC - /UnityILPP.PostProcessing/PostProcessAssembly'
[40m[32minfo[39m[22m[49m: Unity.ILPP.Runner.PostProcessingPipeline[0]
      Processing assembly Library/Bee/artifacts/1300b0aE.dag/glTFast.Export.dll, with 151 defines and 259 references
[40m[32minfo[39m[22m[49m: Unity.ILPP.Runner.PostProcessingPipeline[0]
      processors: Unity.Jobs.CodeGen.JobsILPostProcessor, zzzUnity.Burst.CodeGen.BurstILPostProcessor
[40m[32minfo[39m[22m[49m: Unity.ILPP.Runner.PostProcessingPipeline[0]
      running Unity.Jobs.CodeGen.JobsILPostProcessor
[40m[32minfo[39m[22m[49m: Unity.ILPP.Runner.PostProcessingPipeline[0]
      running zzzUnity.Burst.CodeGen.BurstILPostProcessor
[40m[32minfo[39m[22m[49m: Microsoft.AspNetCore.Routing.EndpointMiddleware[1]
      Executed endpoint 'gRPC - /UnityILPP.PostProcessing/PostProcessAssembly'
[40m[32minfo[39m[22m[49m: Microsoft.AspNetCore.Hosting.Diagnostics[2]
      Request finished HTTP/2 POST http://ilpp/UnityILPP.PostProcessing/PostProcessAssembly application/grpc - - 200 - application/grpc 58.5189ms
[40m[32minfo[39m[22m[49m: Microsoft.AspNetCore.Hosting.Diagnostics[1]
      Request starting HTTP/2 POST http://ilpp/UnityILPP.PostProcessing/PostProcessAssembly application/grpc -
[40m[32minfo[39m[22m[49m: Microsoft.AspNetCore.Hosting.Diagnostics[1]
      Request starting HTTP/2 POST http://ilpp/UnityILPP.PostProcessing/PostProcessAssembly application/grpc -
[40m[32minfo[39m[22m[49m: Microsoft.AspNetCore.Routing.EndpointMiddleware[0]
      Executing endpoint 'gRPC - /UnityILPP.PostProcessing/PostProcessAssembly'
[40m[32minfo[39m[22m[49m: Microsoft.AspNetCore.Routing.EndpointMiddleware[0]
      Executing endpoint 'gRPC - /UnityILPP.PostProcessing/PostProcessAssembly'
[40m[32minfo[39m[22m[49m: Unity.ILPP.Runner.PostProcessingPipeline[0]
      Processing assembly Library/Bee/artifacts/1300b0aE.dag/Unity.InputSystem.dll, with 160 defines and 256 references
[40m[32minfo[39m[22m[49m: Unity.ILPP.Runner.PostProcessingPipeline[0]
      processors: Unity.Jobs.CodeGen.JobsILPostProcessor, zzzUnity.Burst.CodeGen.BurstILPostProcessor
[40m[32minfo[39m[22m[49m: Unity.ILPP.Runner.PostProcessingPipeline[0]
      Processing assembly Library/Bee/artifacts/1300b0aE.dag/Unity.XR.OpenXR.Features.OculusQuestSupport.dll, with 150 defines and 258 references
[40m[32minfo[39m[22m[49m: Unity.ILPP.Runner.PostProcessingPipeline[0]
      processors: Unity.Jobs.CodeGen.JobsILPostProcessor, zzzUnity.Burst.CodeGen.BurstILPostProcessor
[40m[32minfo[39m[22m[49m: Unity.ILPP.Runner.PostProcessingPipeline[0]
      running Unity.Jobs.CodeGen.JobsILPostProcessor
[40m[32minfo[39m[22m[49m: Unity.ILPP.Runner.PostProcessingPipeline[0]
      running zzzUnity.Burst.CodeGen.BurstILPostProcessor
[40m[32minfo[39m[22m[49m: Microsoft.AspNetCore.Routing.EndpointMiddleware[1]
      Executed endpoint 'gRPC - /UnityILPP.PostProcessing/PostProcessAssembly'
[40m[32minfo[39m[22m[49m: Microsoft.AspNetCore.Hosting.Diagnostics[2]
      Request finished HTTP/2 POST http://ilpp/UnityILPP.PostProcessing/PostProcessAssembly application/grpc - - 200 - application/grpc 11.3101ms
[40m[32minfo[39m[22m[49m: Unity.ILPP.Runner.PostProcessingPipeline[0]
      running Unity.Jobs.CodeGen.JobsILPostProcessor
[40m[32minfo[39m[22m[49m: Unity.ILPP.Runner.PostProcessingPipeline[0]
      running zzzUnity.Burst.CodeGen.BurstILPostProcessor
[40m[32minfo[39m[22m[49m: Microsoft.AspNetCore.Routing.EndpointMiddleware[1]
      Executed endpoint 'gRPC - /UnityILPP.PostProcessing/PostProcessAssembly'
[40m[32minfo[39m[22m[49m: Microsoft.AspNetCore.Hosting.Diagnostics[2]
      Request finished HTTP/2 POST http://ilpp/UnityILPP.PostProcessing/PostProcessAssembly application/grpc - - 200 - application/grpc 23.4818ms
[40m[32minfo[39m[22m[49m: Microsoft.AspNetCore.Hosting.Diagnostics[1]
      Request starting HTTP/2 POST http://ilpp/UnityILPP.PostProcessing/PostProcessAssembly application/grpc -
[40m[32minfo[39m[22m[49m: Microsoft.AspNetCore.Routing.EndpointMiddleware[0]
      Executing endpoint 'gRPC - /UnityILPP.PostProcessing/PostProcessAssembly'
[40m[32minfo[39m[22m[49m: Unity.ILPP.Runner.PostProcessingPipeline[0]
      Processing assembly Library/Bee/artifacts/1300b0aE.dag/Unity.InputSystem.ForUI.Editor.dll, with 148 defines and 279 references
[40m[32minfo[39m[22m[49m: Unity.ILPP.Runner.PostProcessingPipeline[0]
      processors: Unity.Jobs.CodeGen.JobsILPostProcessor, zzzUnity.Burst.CodeGen.BurstILPostProcessor
[40m[32minfo[39m[22m[49m: Unity.ILPP.Runner.PostProcessingPipeline[0]
      running Unity.Jobs.CodeGen.JobsILPostProcessor
[40m[32minfo[39m[22m[49m: Unity.ILPP.Runner.PostProcessingPipeline[0]
      running zzzUnity.Burst.CodeGen.BurstILPostProcessor
[40m[32minfo[39m[22m[49m: Microsoft.AspNetCore.Routing.EndpointMiddleware[1]
      Executed endpoint 'gRPC - /UnityILPP.PostProcessing/PostProcessAssembly'
[40m[32minfo[39m[22m[49m: Microsoft.AspNetCore.Hosting.Diagnostics[2]
      Request finished HTTP/2 POST http://ilpp/UnityILPP.PostProcessing/PostProcessAssembly application/grpc - - 200 - application/grpc 32.7139ms
[40m[32minfo[39m[22m[49m: Microsoft.AspNetCore.Hosting.Diagnostics[1]
      Request starting HTTP/2 POST http://ilpp/UnityILPP.PostProcessing/PostProcessAssembly application/grpc -
[40m[32minfo[39m[22m[49m: Microsoft.AspNetCore.Routing.EndpointMiddleware[0]
      Executing endpoint 'gRPC - /UnityILPP.PostProcessing/PostProcessAssembly'
[40m[32minfo[39m[22m[49m: Microsoft.AspNetCore.Hosting.Diagnostics[1]
      Request starting HTTP/2 POST http://ilpp/UnityILPP.PostProcessing/PostProcessAssembly application/grpc -
[40m[32minfo[39m[22m[49m: Microsoft.AspNetCore.Routing.EndpointMiddleware[0]
      Executing endpoint 'gRPC - /UnityILPP.PostProcessing/PostProcessAssembly'
[40m[32minfo[39m[22m[49m: Unity.ILPP.Runner.PostProcessingPipeline[0]
      Processing assembly Library/Bee/artifacts/1300b0aE.dag/glTFast.Documentation.Examples.dll, with 153 defines and 261 references
[40m[32minfo[39m[22m[49m: Unity.ILPP.Runner.PostProcessingPipeline[0]
      processors: Unity.Jobs.CodeGen.JobsILPostProcessor, zzzUnity.Burst.CodeGen.BurstILPostProcessor
[40m[32minfo[39m[22m[49m: Unity.ILPP.Runner.PostProcessingPipeline[0]
      running Unity.Jobs.CodeGen.JobsILPostProcessor
[40m[32minfo[39m[22m[49m: Unity.ILPP.Runner.PostProcessingPipeline[0]
      running zzzUnity.Burst.CodeGen.BurstILPostProcessor
[40m[32minfo[39m[22m[49m: Unity.ILPP.Runner.PostProcessingPipeline[0]
      Processing assembly Library/Bee/artifacts/1300b0aE.dag/Unity.Collections.dll, with 152 defines and 258 references
[40m[32minfo[39m[22m[49m: Unity.ILPP.Runner.PostProcessingPipeline[0]
      processors: Unity.Jobs.CodeGen.JobsILPostProcessor, zzzUnity.Burst.CodeGen.BurstILPostProcessor
[40m[32minfo[39m[22m[49m: Unity.ILPP.Runner.PostProcessingPipeline[0]
      running Unity.Jobs.CodeGen.JobsILPostProcessor
[40m[32minfo[39m[22m[49m: Microsoft.AspNetCore.Routing.EndpointMiddleware[1]
      Executed endpoint 'gRPC - /UnityILPP.PostProcessing/PostProcessAssembly'
[40m[32minfo[39m[22m[49m: Microsoft.AspNetCore.Hosting.Diagnostics[2]
      Request finished HTTP/2 POST http://ilpp/UnityILPP.PostProcessing/PostProcessAssembly application/grpc - - 200 - application/grpc 77.6066ms
[40m[32minfo[39m[22m[49m: Microsoft.AspNetCore.Hosting.Diagnostics[1]
      Request starting HTTP/2 POST http://ilpp/UnityILPP.PostProcessing/PostProcessAssembly application/grpc -
[40m[32minfo[39m[22m[49m: Microsoft.AspNetCore.Hosting.Diagnostics[1]
      Request starting HTTP/2 POST http://ilpp/UnityILPP.PostProcessing/PostProcessAssembly application/grpc -
[40m[32minfo[39m[22m[49m: Microsoft.AspNetCore.Routing.EndpointMiddleware[0]
      Executing endpoint 'gRPC - /UnityILPP.PostProcessing/PostProcessAssembly'
[40m[32minfo[39m[22m[49m: Microsoft.AspNetCore.Routing.EndpointMiddleware[0]
      Executing endpoint 'gRPC - /UnityILPP.PostProcessing/PostProcessAssembly'
[40m[32minfo[39m[22m[49m: Microsoft.AspNetCore.Hosting.Diagnostics[1]
      Request starting HTTP/2 POST http://ilpp/UnityILPP.PostProcessing/PostProcessAssembly application/grpc -
[40m[32minfo[39m[22m[49m: Microsoft.AspNetCore.Routing.EndpointMiddleware[0]
      Executing endpoint 'gRPC - /UnityILPP.PostProcessing/PostProcessAssembly'
[40m[32minfo[39m[22m[49m: Microsoft.AspNetCore.Hosting.Diagnostics[1]
      Request starting HTTP/2 POST http://ilpp/UnityILPP.PostProcessing/PostProcessAssembly application/grpc -
[40m[32minfo[39m[22m[49m: Microsoft.AspNetCore.Routing.EndpointMiddleware[0]
      Executing endpoint 'gRPC - /UnityILPP.PostProcessing/PostProcessAssembly'
[40m[32minfo[39m[22m[49m: Unity.ILPP.Runner.PostProcessingPipeline[0]
      running zzzUnity.Burst.CodeGen.BurstILPostProcessor
[40m[32minfo[39m[22m[49m: Unity.ILPP.Runner.PostProcessingPipeline[0]
      Processing assembly Library/Bee/artifacts/1300b0aE.dag/Unity.XR.Management.Editor.dll, with 150 defines and 280 references
[40m[32minfo[39m[22m[49m: Unity.ILPP.Runner.PostProcessingPipeline[0]
      processors: Unity.Jobs.CodeGen.JobsILPostProcessor, zzzUnity.Burst.CodeGen.BurstILPostProcessor
[40m[32minfo[39m[22m[49m: Unity.ILPP.Runner.PostProcessingPipeline[0]
      Processing assembly Library/Bee/artifacts/1300b0aE.dag/glTFast.Editor.Documentation.Examples.dll, with 148 defines and 280 references
[40m[32minfo[39m[22m[49m: Unity.ILPP.Runner.PostProcessingPipeline[0]
      processors: Unity.Jobs.CodeGen.JobsILPostProcessor, zzzUnity.Burst.CodeGen.BurstILPostProcessor
[40m[32minfo[39m[22m[49m: Unity.ILPP.Runner.PostProcessingPipeline[0]
      running Unity.Jobs.CodeGen.JobsILPostProcessor
[40m[32minfo[39m[22m[49m: Unity.ILPP.Runner.PostProcessingPipeline[0]
      running zzzUnity.Burst.CodeGen.BurstILPostProcessor
[40m[32minfo[39m[22m[49m: Unity.ILPP.Runner.PostProcessingPipeline[0]
      running Unity.Jobs.CodeGen.JobsILPostProcessor
[40m[32minfo[39m[22m[49m: Unity.ILPP.Runner.PostProcessingPipeline[0]
      running zzzUnity.Burst.CodeGen.BurstILPostProcessor
[40m[32minfo[39m[22m[49m: Unity.ILPP.Runner.PostProcessingPipeline[0]
      Processing assembly Library/Bee/artifacts/1300b0aE.dag/Unity.PerformanceTesting.Editor.dll, with 149 defines and 274 references
[40m[32minfo[39m[22m[49m: Unity.ILPP.Runner.PostProcessingPipeline[0]
      processors: Unity.Jobs.CodeGen.JobsILPostProcessor, zzzUnity.Burst.CodeGen.BurstILPostProcessor
[40m[32minfo[39m[22m[49m: Microsoft.AspNetCore.Routing.EndpointMiddleware[1]
      Executed endpoint 'gRPC - /UnityILPP.PostProcessing/PostProcessAssembly'
[40m[32minfo[39m[22m[49m: Microsoft.AspNetCore.Hosting.Diagnostics[2]
      Request finished HTTP/2 POST http://ilpp/UnityILPP.PostProcessing/PostProcessAssembly application/grpc - - 200 - application/grpc 22.5469ms
[40m[32minfo[39m[22m[49m: Unity.ILPP.Runner.PostProcessingPipeline[0]
      Processing assembly Library/Bee/artifacts/1300b0aE.dag/Unity.Timeline.Editor.dll, with 149 defines and 278 references
[40m[32minfo[39m[22m[49m: Unity.ILPP.Runner.PostProcessingPipeline[0]
      processors: Unity.Jobs.CodeGen.JobsILPostProcessor, zzzUnity.Burst.CodeGen.BurstILPostProcessor
[40m[32minfo[39m[22m[49m: Unity.ILPP.Runner.PostProcessingPipeline[0]
      running Unity.Jobs.CodeGen.JobsILPostProcessor
[40m[32minfo[39m[22m[49m: Unity.ILPP.Runner.PostProcessingPipeline[0]
      running zzzUnity.Burst.CodeGen.BurstILPostProcessor
[40m[32minfo[39m[22m[49m: Microsoft.AspNetCore.Routing.EndpointMiddleware[1]
      Executed endpoint 'gRPC - /UnityILPP.PostProcessing/PostProcessAssembly'
[40m[32minfo[39m[22m[49m: Microsoft.AspNetCore.Hosting.Diagnostics[2]
      Request finished HTTP/2 POST http://ilpp/UnityILPP.PostProcessing/PostProcessAssembly application/grpc - - 200 - application/grpc 23.5725ms
[40m[32minfo[39m[22m[49m: Unity.ILPP.Runner.PostProcessingPipeline[0]
      running Unity.Jobs.CodeGen.JobsILPostProcessor
[40m[32minfo[39m[22m[49m: Unity.ILPP.Runner.PostProcessingPipeline[0]
      running zzzUnity.Burst.CodeGen.BurstILPostProcessor
[40m[32minfo[39m[22m[49m: Microsoft.AspNetCore.Routing.EndpointMiddleware[1]
      Executed endpoint 'gRPC - /UnityILPP.PostProcessing/PostProcessAssembly'
[40m[32minfo[39m[22m[49m: Microsoft.AspNetCore.Hosting.Diagnostics[2]
      Request finished HTTP/2 POST http://ilpp/UnityILPP.PostProcessing/PostProcessAssembly application/grpc - - 200 - application/grpc 52.4901ms
[40m[32minfo[39m[22m[49m: Microsoft.AspNetCore.Routing.EndpointMiddleware[1]
      Executed endpoint 'gRPC - /UnityILPP.PostProcessing/PostProcessAssembly'
[40m[32minfo[39m[22m[49m: Microsoft.AspNetCore.Hosting.Diagnostics[2]
      Request finished HTTP/2 POST http://ilpp/UnityILPP.PostProcessing/PostProcessAssembly application/grpc - - 200 - application/grpc 63.6850ms
[40m[32minfo[39m[22m[49m: Unity.ILPP.Runner.PostProcessingPipeline[0]
      running zzzUnity.Burst.CodeGen.BurstILPostProcessor
[40m[32minfo[39m[22m[49m: Microsoft.AspNetCore.Routing.EndpointMiddleware[1]
      Executed endpoint 'gRPC - /UnityILPP.PostProcessing/PostProcessAssembly'
[40m[32minfo[39m[22m[49m: Microsoft.AspNetCore.Hosting.Diagnostics[2]
      Request finished HTTP/2 POST http://ilpp/UnityILPP.PostProcessing/PostProcessAssembly application/grpc - - 200 - application/grpc 3222.1218ms
[40m[32minfo[39m[22m[49m: Microsoft.AspNetCore.Hosting.Diagnostics[1]
      Request starting HTTP/2 POST http://ilpp/UnityILPP.PostProcessing/PostProcessAssembly application/grpc -
[40m[32minfo[39m[22m[49m: Microsoft.AspNetCore.Routing.EndpointMiddleware[0]
      Executing endpoint 'gRPC - /UnityILPP.PostProcessing/PostProcessAssembly'
[40m[32minfo[39m[22m[49m: Unity.ILPP.Runner.PostProcessingPipeline[0]
      Processing assembly Library/Bee/artifacts/1300b0aE.dag/Oculus.VR.dll, with 162 defines and 263 references
[40m[32minfo[39m[22m[49m: Unity.ILPP.Runner.PostProcessingPipeline[0]
      processors: Unity.Jobs.CodeGen.JobsILPostProcessor, zzzUnity.Burst.CodeGen.BurstILPostProcessor
[40m[32minfo[39m[22m[49m: Unity.ILPP.Runner.PostProcessingPipeline[0]
      running Unity.Jobs.CodeGen.JobsILPostProcessor
[40m[32minfo[39m[22m[49m: Unity.ILPP.Runner.PostProcessingPipeline[0]
      running zzzUnity.Burst.CodeGen.BurstILPostProcessor
[40m[32minfo[39m[22m[49m: Microsoft.AspNetCore.Routing.EndpointMiddleware[1]
      Executed endpoint 'gRPC - /UnityILPP.PostProcessing/PostProcessAssembly'
[40m[32minfo[39m[22m[49m: Microsoft.AspNetCore.Hosting.Diagnostics[2]
      Request finished HTTP/2 POST http://ilpp/UnityILPP.PostProcessing/PostProcessAssembly application/grpc - - 200 - application/grpc 20.6493ms
[40m[32minfo[39m[22m[49m: Microsoft.AspNetCore.Hosting.Diagnostics[1]
      Request starting HTTP/2 POST http://ilpp/UnityILPP.PostProcessing/PostProcessAssembly application/grpc -
[40m[32minfo[39m[22m[49m: Microsoft.AspNetCore.Routing.EndpointMiddleware[0]
      Executing endpoint 'gRPC - /UnityILPP.PostProcessing/PostProcessAssembly'
[40m[32minfo[39m[22m[49m: Unity.ILPP.Runner.PostProcessingPipeline[0]
      Processing assembly Library/Bee/artifacts/1300b0aE.dag/Unity.TextMeshPro.Editor.dll, with 148 defines and 278 references
[40m[32minfo[39m[22m[49m: Unity.ILPP.Runner.PostProcessingPipeline[0]
      processors: Unity.Jobs.CodeGen.JobsILPostProcessor, zzzUnity.Burst.CodeGen.BurstILPostProcessor
[40m[32minfo[39m[22m[49m: Unity.ILPP.Runner.PostProcessingPipeline[0]
      running Unity.Jobs.CodeGen.JobsILPostProcessor
[40m[32minfo[39m[22m[49m: Unity.ILPP.Runner.PostProcessingPipeline[0]
      running zzzUnity.Burst.CodeGen.BurstILPostProcessor
[40m[32minfo[39m[22m[49m: Microsoft.AspNetCore.Routing.EndpointMiddleware[1]
      Executed endpoint 'gRPC - /UnityILPP.PostProcessing/PostProcessAssembly'
[40m[32minfo[39m[22m[49m: Microsoft.AspNetCore.Hosting.Diagnostics[2]
      Request finished HTTP/2 POST http://ilpp/UnityILPP.PostProcessing/PostProcessAssembly application/grpc - - 200 - application/grpc 166.8020ms
[40m[32minfo[39m[22m[49m: Microsoft.AspNetCore.Hosting.Diagnostics[1]
      Request starting HTTP/2 POST http://ilpp/UnityILPP.PostProcessing/PostProcessAssembly application/grpc -
[40m[32minfo[39m[22m[49m: Microsoft.AspNetCore.Routing.EndpointMiddleware[0]
      Executing endpoint 'gRPC - /UnityILPP.PostProcessing/PostProcessAssembly'
[40m[32minfo[39m[22m[49m: Microsoft.AspNetCore.Hosting.Diagnostics[1]
      Request starting HTTP/2 POST http://ilpp/UnityILPP.PostProcessing/PostProcessAssembly application/grpc -
[40m[32minfo[39m[22m[49m: Microsoft.AspNetCore.Routing.EndpointMiddleware[0]
      Executing endpoint 'gRPC - /UnityILPP.PostProcessing/PostProcessAssembly'
[40m[32minfo[39m[22m[49m: Unity.ILPP.Runner.PostProcessingPipeline[0]
      Processing assembly Library/Bee/artifacts/1300b0aE.dag/Meta.XR.EnvironmentDepth.dll, with 153 defines and 259 references
[40m[32minfo[39m[22m[49m: Unity.ILPP.Runner.PostProcessingPipeline[0]
      processors: Unity.Jobs.CodeGen.JobsILPostProcessor, zzzUnity.Burst.CodeGen.BurstILPostProcessor
[40m[32minfo[39m[22m[49m: Unity.ILPP.Runner.PostProcessingPipeline[0]
      running Unity.Jobs.CodeGen.JobsILPostProcessor
[40m[32minfo[39m[22m[49m: Unity.ILPP.Runner.PostProcessingPipeline[0]
      running zzzUnity.Burst.CodeGen.BurstILPostProcessor
[40m[32minfo[39m[22m[49m: Microsoft.AspNetCore.Routing.EndpointMiddleware[1]
      Executed endpoint 'gRPC - /UnityILPP.PostProcessing/PostProcessAssembly'
[40m[32minfo[39m[22m[49m: Microsoft.AspNetCore.Hosting.Diagnostics[2]
      Request finished HTTP/2 POST http://ilpp/UnityILPP.PostProcessing/PostProcessAssembly application/grpc - - 200 - application/grpc 15.6485ms
[40m[32minfo[39m[22m[49m: Unity.ILPP.Runner.PostProcessingPipeline[0]
      Processing assembly Library/Bee/artifacts/1300b0aE.dag/Meta.XR.BuildingBlocks.dll, with 152 defines and 259 references
[40m[32minfo[39m[22m[49m: Unity.ILPP.Runner.PostProcessingPipeline[0]
      processors: Unity.Jobs.CodeGen.JobsILPostProcessor, zzzUnity.Burst.CodeGen.BurstILPostProcessor
[40m[32minfo[39m[22m[49m: Unity.ILPP.Runner.PostProcessingPipeline[0]
      running Unity.Jobs.CodeGen.JobsILPostProcessor
[40m[32minfo[39m[22m[49m: Unity.ILPP.Runner.PostProcessingPipeline[0]
      running zzzUnity.Burst.CodeGen.BurstILPostProcessor
[40m[32minfo[39m[22m[49m: Microsoft.AspNetCore.Routing.EndpointMiddleware[1]
      Executed endpoint 'gRPC - /UnityILPP.PostProcessing/PostProcessAssembly'
[40m[32minfo[39m[22m[49m: Microsoft.AspNetCore.Hosting.Diagnostics[2]
      Request finished HTTP/2 POST http://ilpp/UnityILPP.PostProcessing/PostProcessAssembly application/grpc - - 200 - application/grpc 11.3847ms
[40m[32minfo[39m[22m[49m: Microsoft.AspNetCore.Routing.EndpointMiddleware[1]
      Executed endpoint 'gRPC - /UnityILPP.PostProcessing/PostProcessAssembly'
[40m[32minfo[39m[22m[49m: Microsoft.AspNetCore.Hosting.Diagnostics[2]
      Request finished HTTP/2 POST http://ilpp/UnityILPP.PostProcessing/PostProcessAssembly application/grpc - - 200 - application/grpc 2012.3100ms
[40m[32minfo[39m[22m[49m: Microsoft.AspNetCore.Hosting.Diagnostics[1]
      Request starting HTTP/2 POST http://ilpp/UnityILPP.PostProcessing/PostProcessAssembly application/grpc -
[40m[32minfo[39m[22m[49m: Microsoft.AspNetCore.Routing.EndpointMiddleware[0]
      Executing endpoint 'gRPC - /UnityILPP.PostProcessing/PostProcessAssembly'
[40m[32minfo[39m[22m[49m: Microsoft.AspNetCore.Hosting.Diagnostics[1]
      Request starting HTTP/2 POST http://ilpp/UnityILPP.PostProcessing/PostProcessAssembly application/grpc -
[40m[32minfo[39m[22m[49m: Microsoft.AspNetCore.Routing.EndpointMiddleware[0]
      Executing endpoint 'gRPC - /UnityILPP.PostProcessing/PostProcessAssembly'
[40m[32minfo[39m[22m[49m: Unity.ILPP.Runner.PostProcessingPipeline[0]
      Processing assembly Library/Bee/artifacts/1300b0aE.dag/Meta.XR.ImmersiveDebugger.dll, with 153 defines and 259 references
[40m[32minfo[39m[22m[49m: Unity.ILPP.Runner.PostProcessingPipeline[0]
      processors: Unity.Jobs.CodeGen.JobsILPostProcessor, zzzUnity.Burst.CodeGen.BurstILPostProcessor
[40m[32minfo[39m[22m[49m: Unity.ILPP.Runner.PostProcessingPipeline[0]
      running Unity.Jobs.CodeGen.JobsILPostProcessor
[40m[32minfo[39m[22m[49m: Unity.ILPP.Runner.PostProcessingPipeline[0]
      running zzzUnity.Burst.CodeGen.BurstILPostProcessor
[40m[32minfo[39m[22m[49m: Microsoft.AspNetCore.Routing.EndpointMiddleware[1]
      Executed endpoint 'gRPC - /UnityILPP.PostProcessing/PostProcessAssembly'
[40m[32minfo[39m[22m[49m: Microsoft.AspNetCore.Hosting.Diagnostics[2]
      Request finished HTTP/2 POST http://ilpp/UnityILPP.PostProcessing/PostProcessAssembly application/grpc - - 200 - application/grpc 68.3492ms
[40m[32minfo[39m[22m[49m: Unity.ILPP.Runner.PostProcessingPipeline[0]
      Processing assembly Library/Bee/artifacts/1300b0aE.dag/Meta.XR.Editor.Reflection.dll, with 149 defines and 277 references
[40m[32minfo[39m[22m[49m: Unity.ILPP.Runner.PostProcessingPipeline[0]
      processors: Unity.Jobs.CodeGen.JobsILPostProcessor, zzzUnity.Burst.CodeGen.BurstILPostProcessor
[40m[32minfo[39m[22m[49m: Unity.ILPP.Runner.PostProcessingPipeline[0]
      running Unity.Jobs.CodeGen.JobsILPostProcessor
[40m[32minfo[39m[22m[49m: Unity.ILPP.Runner.PostProcessingPipeline[0]
      running zzzUnity.Burst.CodeGen.BurstILPostProcessor
[40m[32minfo[39m[22m[49m: Microsoft.AspNetCore.Routing.EndpointMiddleware[1]
      Executed endpoint 'gRPC - /UnityILPP.PostProcessing/PostProcessAssembly'
[40m[32minfo[39m[22m[49m: Microsoft.AspNetCore.Hosting.Diagnostics[2]
      Request finished HTTP/2 POST http://ilpp/UnityILPP.PostProcessing/PostProcessAssembly application/grpc - - 200 - application/grpc 48.2919ms
[40m[32minfo[39m[22m[49m: Microsoft.AspNetCore.Hosting.Diagnostics[1]
      Request starting HTTP/2 POST http://ilpp/UnityILPP.PostProcessing/PostProcessAssembly application/grpc -
[40m[32minfo[39m[22m[49m: Microsoft.AspNetCore.Routing.EndpointMiddleware[0]
      Executing endpoint 'gRPC - /UnityILPP.PostProcessing/PostProcessAssembly'
[40m[32minfo[39m[22m[49m: Unity.ILPP.Runner.PostProcessingPipeline[0]
      Processing assembly Library/Bee/artifacts/1300b0aE.dag/Meta.XR.BuildingBlocks.DepthAPI.dll, with 151 defines and 258 references
[40m[32minfo[39m[22m[49m: Unity.ILPP.Runner.PostProcessingPipeline[0]
      processors: Unity.Jobs.CodeGen.JobsILPostProcessor, zzzUnity.Burst.CodeGen.BurstILPostProcessor
[40m[32minfo[39m[22m[49m: Unity.ILPP.Runner.PostProcessingPipeline[0]
      running Unity.Jobs.CodeGen.JobsILPostProcessor
[40m[32minfo[39m[22m[49m: Unity.ILPP.Runner.PostProcessingPipeline[0]
      running zzzUnity.Burst.CodeGen.BurstILPostProcessor
[40m[32minfo[39m[22m[49m: Microsoft.AspNetCore.Routing.EndpointMiddleware[1]
      Executed endpoint 'gRPC - /UnityILPP.PostProcessing/PostProcessAssembly'
[40m[32minfo[39m[22m[49m: Microsoft.AspNetCore.Hosting.Diagnostics[2]
      Request finished HTTP/2 POST http://ilpp/UnityILPP.PostProcessing/PostProcessAssembly application/grpc - - 200 - application/grpc 43.7091ms
[40m[32minfo[39m[22m[49m: Microsoft.AspNetCore.Hosting.Diagnostics[1]
      Request starting HTTP/2 POST http://ilpp/UnityILPP.PostProcessing/PostProcessAssembly application/grpc -
[40m[32minfo[39m[22m[49m: Microsoft.AspNetCore.Routing.EndpointMiddleware[0]
      Executing endpoint 'gRPC - /UnityILPP.PostProcessing/PostProcessAssembly'
[40m[32minfo[39m[22m[49m: Unity.ILPP.Runner.PostProcessingPipeline[0]
      Processing assembly Library/Bee/artifacts/1300b0aE.dag/Unity.XR.OpenXR.Features.OculusQuestSupport.Editor.dll, with 148 defines and 280 references
[40m[32minfo[39m[22m[49m: Unity.ILPP.Runner.PostProcessingPipeline[0]
      processors: Unity.Jobs.CodeGen.JobsILPostProcessor, zzzUnity.Burst.CodeGen.BurstILPostProcessor
[40m[32minfo[39m[22m[49m: Unity.ILPP.Runner.PostProcessingPipeline[0]
      running Unity.Jobs.CodeGen.JobsILPostProcessor
[40m[32minfo[39m[22m[49m: Unity.ILPP.Runner.PostProcessingPipeline[0]
      running zzzUnity.Burst.CodeGen.BurstILPostProcessor
[40m[32minfo[39m[22m[49m: Microsoft.AspNetCore.Routing.EndpointMiddleware[1]
      Executed endpoint 'gRPC - /UnityILPP.PostProcessing/PostProcessAssembly'
[40m[32minfo[39m[22m[49m: Microsoft.AspNetCore.Hosting.Diagnostics[2]
      Request finished HTTP/2 POST http://ilpp/UnityILPP.PostProcessing/PostProcessAssembly application/grpc - - 200 - application/grpc 23.5046ms
[40m[32minfo[39m[22m[49m: Microsoft.AspNetCore.Hosting.Diagnostics[1]
      Request starting HTTP/2 POST http://ilpp/UnityILPP.PostProcessing/PostProcessAssembly application/grpc -
[40m[32minfo[39m[22m[49m: Microsoft.AspNetCore.Routing.EndpointMiddleware[0]
      Executing endpoint 'gRPC - /UnityILPP.PostProcessing/PostProcessAssembly'
[40m[32minfo[39m[22m[49m: Microsoft.AspNetCore.Hosting.Diagnostics[1]
      Request starting HTTP/2 POST http://ilpp/UnityILPP.PostProcessing/PostProcessAssembly application/grpc -
[40m[32minfo[39m[22m[49m: Microsoft.AspNetCore.Routing.EndpointMiddleware[0]
      Executing endpoint 'gRPC - /UnityILPP.PostProcessing/PostProcessAssembly'
[40m[32minfo[39m[22m[49m: Unity.ILPP.Runner.PostProcessingPipeline[0]
      Processing assembly Library/Bee/artifacts/1300b0aE.dag/Unity.AI.Navigation.Editor.ConversionSystem.dll, with 148 defines and 277 references
[40m[32minfo[39m[22m[49m: Unity.ILPP.Runner.PostProcessingPipeline[0]
      processors: Unity.Jobs.CodeGen.JobsILPostProcessor, zzzUnity.Burst.CodeGen.BurstILPostProcessor
[40m[32minfo[39m[22m[49m: Unity.ILPP.Runner.PostProcessingPipeline[0]
      running Unity.Jobs.CodeGen.JobsILPostProcessor
[40m[32minfo[39m[22m[49m: Unity.ILPP.Runner.PostProcessingPipeline[0]
      running zzzUnity.Burst.CodeGen.BurstILPostProcessor
[40m[32minfo[39m[22m[49m: Microsoft.AspNetCore.Routing.EndpointMiddleware[1]
      Executed endpoint 'gRPC - /UnityILPP.PostProcessing/PostProcessAssembly'
[40m[32minfo[39m[22m[49m: Microsoft.AspNetCore.Hosting.Diagnostics[2]
      Request finished HTTP/2 POST http://ilpp/UnityILPP.PostProcessing/PostProcessAssembly application/grpc - - 200 - application/grpc 29.0084ms
[40m[32minfo[39m[22m[49m: Unity.ILPP.Runner.PostProcessingPipeline[0]
      Processing assembly Library/Bee/artifacts/1300b0aE.dag/Unity.XR.CoreUtils.Editor.dll, with 150 defines and 279 references
[40m[32minfo[39m[22m[49m: Unity.ILPP.Runner.PostProcessingPipeline[0]
      processors: Unity.Jobs.CodeGen.JobsILPostProcessor, zzzUnity.Burst.CodeGen.BurstILPostProcessor
[40m[32minfo[39m[22m[49m: Unity.ILPP.Runner.PostProcessingPipeline[0]
      running Unity.Jobs.CodeGen.JobsILPostProcessor
[40m[32minfo[39m[22m[49m: Unity.ILPP.Runner.PostProcessingPipeline[0]
      running zzzUnity.Burst.CodeGen.BurstILPostProcessor
[40m[32minfo[39m[22m[49m: Microsoft.AspNetCore.Routing.EndpointMiddleware[1]
      Executed endpoint 'gRPC - /UnityILPP.PostProcessing/PostProcessAssembly'
[40m[32minfo[39m[22m[49m: Microsoft.AspNetCore.Hosting.Diagnostics[2]
      Request finished HTTP/2 POST http://ilpp/UnityILPP.PostProcessing/PostProcessAssembly application/grpc - - 200 - application/grpc 108.1269ms
[40m[32minfo[39m[22m[49m: Microsoft.AspNetCore.Hosting.Diagnostics[1]
      Request starting HTTP/2 POST http://ilpp/UnityILPP.PostProcessing/PostProcessAssembly application/grpc -
[40m[32minfo[39m[22m[49m: Microsoft.AspNetCore.Routing.EndpointMiddleware[0]
      Executing endpoint 'gRPC - /UnityILPP.PostProcessing/PostProcessAssembly'
[40m[32minfo[39m[22m[49m: Unity.ILPP.Runner.PostProcessingPipeline[0]
      Processing assembly Library/Bee/artifacts/1300b0aE.dag/UnityEditor.XR.LegacyInputHelpers.dll, with 149 defines and 280 references
[40m[32minfo[39m[22m[49m: Unity.ILPP.Runner.PostProcessingPipeline[0]
      processors: Unity.Jobs.CodeGen.JobsILPostProcessor, zzzUnity.Burst.CodeGen.BurstILPostProcessor
[40m[32minfo[39m[22m[49m: Unity.ILPP.Runner.PostProcessingPipeline[0]
      running Unity.Jobs.CodeGen.JobsILPostProcessor
[40m[32minfo[39m[22m[49m: Unity.ILPP.Runner.PostProcessingPipeline[0]
      running zzzUnity.Burst.CodeGen.BurstILPostProcessor
[40m[32minfo[39m[22m[49m: Microsoft.AspNetCore.Routing.EndpointMiddleware[1]
      Executed endpoint 'gRPC - /UnityILPP.PostProcessing/PostProcessAssembly'
[40m[32minfo[39m[22m[49m: Microsoft.AspNetCore.Hosting.Diagnostics[2]
      Request finished HTTP/2 POST http://ilpp/UnityILPP.PostProcessing/PostProcessAssembly application/grpc - - 200 - application/grpc 32.0385ms
[40m[32minfo[39m[22m[49m: Microsoft.AspNetCore.Hosting.Diagnostics[1]
      Request starting HTTP/2 POST http://ilpp/UnityILPP.PostProcessing/PostProcessAssembly application/grpc -
[40m[32minfo[39m[22m[49m: Microsoft.AspNetCore.Routing.EndpointMiddleware[0]
      Executing endpoint 'gRPC - /UnityILPP.PostProcessing/PostProcessAssembly'
[40m[32minfo[39m[22m[49m: Microsoft.AspNetCore.Hosting.Diagnostics[1]
      Request starting HTTP/2 POST http://ilpp/UnityILPP.PostProcessing/PostProcessAssembly application/grpc -
[40m[32minfo[39m[22m[49m: Microsoft.AspNetCore.Routing.EndpointMiddleware[0]
      Executing endpoint 'gRPC - /UnityILPP.PostProcessing/PostProcessAssembly'
[40m[32minfo[39m[22m[49m: Unity.ILPP.Runner.PostProcessingPipeline[0]
      Processing assembly Library/Bee/artifacts/1300b0aE.dag/UnityEditor.UI.dll, with 151 defines and 276 references
[40m[32minfo[39m[22m[49m: Unity.ILPP.Runner.PostProcessingPipeline[0]
      processors: Unity.Jobs.CodeGen.JobsILPostProcessor, zzzUnity.Burst.CodeGen.BurstILPostProcessor
[40m[32minfo[39m[22m[49m: Unity.ILPP.Runner.PostProcessingPipeline[0]
      running Unity.Jobs.CodeGen.JobsILPostProcessor
[40m[32minfo[39m[22m[49m: Unity.ILPP.Runner.PostProcessingPipeline[0]
      running zzzUnity.Burst.CodeGen.BurstILPostProcessor
[40m[32minfo[39m[22m[49m: Microsoft.AspNetCore.Routing.EndpointMiddleware[1]
      Executed endpoint 'gRPC - /UnityILPP.PostProcessing/PostProcessAssembly'
[40m[32minfo[39m[22m[49m: Microsoft.AspNetCore.Hosting.Diagnostics[2]
      Request finished HTTP/2 POST http://ilpp/UnityILPP.PostProcessing/PostProcessAssembly application/grpc - - 200 - application/grpc 39.8507ms
[40m[32minfo[39m[22m[49m: Unity.ILPP.Runner.PostProcessingPipeline[0]
      Processing assembly Library/Bee/artifacts/1300b0aE.dag/Unity.Collections.Editor.dll, with 149 defines and 278 references
[40m[32minfo[39m[22m[49m: Unity.ILPP.Runner.PostProcessingPipeline[0]
      processors: Unity.Jobs.CodeGen.JobsILPostProcessor, zzzUnity.Burst.CodeGen.BurstILPostProcessor
[40m[32minfo[39m[22m[49m: Unity.ILPP.Runner.PostProcessingPipeline[0]
      running Unity.Jobs.CodeGen.JobsILPostProcessor
[40m[32minfo[39m[22m[49m: Unity.ILPP.Runner.PostProcessingPipeline[0]
      running zzzUnity.Burst.CodeGen.BurstILPostProcessor
[40m[32minfo[39m[22m[49m: Microsoft.AspNetCore.Hosting.Diagnostics[1]
      Request starting HTTP/2 POST http://ilpp/UnityILPP.PostProcessing/PostProcessAssembly application/grpc -
[40m[32minfo[39m[22m[49m: Microsoft.AspNetCore.Routing.EndpointMiddleware[0]
      Executing endpoint 'gRPC - /UnityILPP.PostProcessing/PostProcessAssembly'
[40m[32minfo[39m[22m[49m: Microsoft.AspNetCore.Routing.EndpointMiddleware[1]
      Executed endpoint 'gRPC - /UnityILPP.PostProcessing/PostProcessAssembly'
[40m[32minfo[39m[22m[49m: Microsoft.AspNetCore.Hosting.Diagnostics[2]
      Request finished HTTP/2 POST http://ilpp/UnityILPP.PostProcessing/PostProcessAssembly application/grpc - - 200 - application/grpc 61.9452ms
[40m[32minfo[39m[22m[49m: Unity.ILPP.Runner.PostProcessingPipeline[0]
      Processing assembly Library/Bee/artifacts/1300b0aE.dag/Unity.Mathematics.Editor.dll, with 148 defines and 278 references
[40m[32minfo[39m[22m[49m: Unity.ILPP.Runner.PostProcessingPipeline[0]
      processors: Unity.Jobs.CodeGen.JobsILPostProcessor, zzzUnity.Burst.CodeGen.BurstILPostProcessor
[40m[32minfo[39m[22m[49m: Unity.ILPP.Runner.PostProcessingPipeline[0]
      running Unity.Jobs.CodeGen.JobsILPostProcessor
[40m[32minfo[39m[22m[49m: Unity.ILPP.Runner.PostProcessingPipeline[0]
      running zzzUnity.Burst.CodeGen.BurstILPostProcessor
[40m[32minfo[39m[22m[49m: Microsoft.AspNetCore.Hosting.Diagnostics[1]
      Request starting HTTP/2 POST http://ilpp/UnityILPP.PostProcessing/PostProcessAssembly application/grpc -
[40m[32minfo[39m[22m[49m: Microsoft.AspNetCore.Routing.EndpointMiddleware[1]
      Executed endpoint 'gRPC - /UnityILPP.PostProcessing/PostProcessAssembly'
[40m[32minfo[39m[22m[49m: Microsoft.AspNetCore.Routing.EndpointMiddleware[0]
      Executing endpoint 'gRPC - /UnityILPP.PostProcessing/PostProcessAssembly'
[40m[32minfo[39m[22m[49m: Microsoft.AspNetCore.Hosting.Diagnostics[2]
      Request finished HTTP/2 POST http://ilpp/UnityILPP.PostProcessing/PostProcessAssembly application/grpc - - 200 - application/grpc 32.2282ms
[40m[32minfo[39m[22m[49m: Unity.ILPP.Runner.PostProcessingPipeline[0]
      Processing assembly Library/Bee/artifacts/1300b0aE.dag/Unity.AI.Navigation.Updater.dll, with 148 defines and 280 references
[40m[32minfo[39m[22m[49m: Unity.ILPP.Runner.PostProcessingPipeline[0]
      processors: Unity.Jobs.CodeGen.JobsILPostProcessor, zzzUnity.Burst.CodeGen.BurstILPostProcessor
[40m[32minfo[39m[22m[49m: Unity.ILPP.Runner.PostProcessingPipeline[0]
      running Unity.Jobs.CodeGen.JobsILPostProcessor
[40m[32minfo[39m[22m[49m: Unity.ILPP.Runner.PostProcessingPipeline[0]
      running zzzUnity.Burst.CodeGen.BurstILPostProcessor
[40m[32minfo[39m[22m[49m: Microsoft.AspNetCore.Routing.EndpointMiddleware[1]
      Executed endpoint 'gRPC - /UnityILPP.PostProcessing/PostProcessAssembly'
[40m[32minfo[39m[22m[49m: Microsoft.AspNetCore.Hosting.Diagnostics[2]
      Request finished HTTP/2 POST http://ilpp/UnityILPP.PostProcessing/PostProcessAssembly application/grpc - - 200 - application/grpc 22.9474ms
[40m[32minfo[39m[22m[49m: Microsoft.AspNetCore.Hosting.Diagnostics[1]
      Request starting HTTP/2 POST http://ilpp/UnityILPP.PostProcessing/PostProcessAssembly application/grpc -
[40m[32minfo[39m[22m[49m: Microsoft.AspNetCore.Routing.EndpointMiddleware[0]
      Executing endpoint 'gRPC - /UnityILPP.PostProcessing/PostProcessAssembly'
[40m[32minfo[39m[22m[49m: Unity.ILPP.Runner.PostProcessingPipeline[0]
      Processing assembly Library/Bee/artifacts/1300b0aE.dag/Meta.XR.Editor.Id.dll, with 149 defines and 277 references
[40m[32minfo[39m[22m[49m: Unity.ILPP.Runner.PostProcessingPipeline[0]
      processors: Unity.Jobs.CodeGen.JobsILPostProcessor, zzzUnity.Burst.CodeGen.BurstILPostProcessor
[40m[32minfo[39m[22m[49m: Unity.ILPP.Runner.PostProcessingPipeline[0]
      running Unity.Jobs.CodeGen.JobsILPostProcessor
[40m[32minfo[39m[22m[49m: Unity.ILPP.Runner.PostProcessingPipeline[0]
      running zzzUnity.Burst.CodeGen.BurstILPostProcessor
[40m[32minfo[39m[22m[49m: Microsoft.AspNetCore.Hosting.Diagnostics[1]
      Request starting HTTP/2 POST http://ilpp/UnityILPP.PostProcessing/PostProcessAssembly application/grpc -
[40m[32minfo[39m[22m[49m: Microsoft.AspNetCore.Routing.EndpointMiddleware[0]
      Executing endpoint 'gRPC - /UnityILPP.PostProcessing/PostProcessAssembly'
[40m[32minfo[39m[22m[49m: Microsoft.AspNetCore.Routing.EndpointMiddleware[1]
      Executed endpoint 'gRPC - /UnityILPP.PostProcessing/PostProcessAssembly'
[40m[32minfo[39m[22m[49m: Microsoft.AspNetCore.Hosting.Diagnostics[2]
      Request finished HTTP/2 POST http://ilpp/UnityILPP.PostProcessing/PostProcessAssembly application/grpc - - 200 - application/grpc 64.3995ms
[40m[32minfo[39m[22m[49m: Unity.ILPP.Runner.PostProcessingPipeline[0]
      Processing assembly Library/Bee/artifacts/1300b0aE.dag/Meta.XR.Editor.RemoteContent.dll, with 149 defines and 282 references
[40m[32minfo[39m[22m[49m: Unity.ILPP.Runner.PostProcessingPipeline[0]
      processors: Unity.Jobs.CodeGen.JobsILPostProcessor, zzzUnity.Burst.CodeGen.BurstILPostProcessor
[40m[32minfo[39m[22m[49m: Unity.ILPP.Runner.PostProcessingPipeline[0]
      running Unity.Jobs.CodeGen.JobsILPostProcessor
[40m[32minfo[39m[22m[49m: Unity.ILPP.Runner.PostProcessingPipeline[0]
      running zzzUnity.Burst.CodeGen.BurstILPostProcessor
[40m[32minfo[39m[22m[49m: Microsoft.AspNetCore.Routing.EndpointMiddleware[1]
      Executed endpoint 'gRPC - /UnityILPP.PostProcessing/PostProcessAssembly'
[40m[32minfo[39m[22m[49m: Microsoft.AspNetCore.Hosting.Diagnostics[2]
      Request finished HTTP/2 POST http://ilpp/UnityILPP.PostProcessing/PostProcessAssembly application/grpc - - 200 - application/grpc 37.0999ms
[40m[32minfo[39m[22m[49m: Microsoft.AspNetCore.Hosting.Diagnostics[1]
      Request starting HTTP/2 POST http://ilpp/UnityILPP.PostProcessing/PostProcessAssembly application/grpc -
[40m[32minfo[39m[22m[49m: Microsoft.AspNetCore.Routing.EndpointMiddleware[0]
      Executing endpoint 'gRPC - /UnityILPP.PostProcessing/PostProcessAssembly'
[40m[32minfo[39m[22m[49m: Unity.ILPP.Runner.PostProcessingPipeline[0]
      Processing assembly Library/Bee/artifacts/1300b0aE.dag/Meta.XR.Editor.Settings.dll, with 149 defines and 279 references
[40m[32minfo[39m[22m[49m: Unity.ILPP.Runner.PostProcessingPipeline[0]
      processors: Unity.Jobs.CodeGen.JobsILPostProcessor, zzzUnity.Burst.CodeGen.BurstILPostProcessor
[40m[32minfo[39m[22m[49m: Unity.ILPP.Runner.PostProcessingPipeline[0]
      running Unity.Jobs.CodeGen.JobsILPostProcessor
[40m[32minfo[39m[22m[49m: Unity.ILPP.Runner.PostProcessingPipeline[0]
      running zzzUnity.Burst.CodeGen.BurstILPostProcessor
[40m[32minfo[39m[22m[49m: Microsoft.AspNetCore.Routing.EndpointMiddleware[1]
      Executed endpoint 'gRPC - /UnityILPP.PostProcessing/PostProcessAssembly'
[40m[32minfo[39m[22m[49m: Microsoft.AspNetCore.Hosting.Diagnostics[2]
      Request finished HTTP/2 POST http://ilpp/UnityILPP.PostProcessing/PostProcessAssembly application/grpc - - 200 - application/grpc 42.5885ms
[40m[32minfo[39m[22m[49m: Microsoft.AspNetCore.Hosting.Diagnostics[1]
      Request starting HTTP/2 POST http://ilpp/UnityILPP.PostProcessing/PostProcessAssembly application/grpc -
[40m[32minfo[39m[22m[49m: Microsoft.AspNetCore.Routing.EndpointMiddleware[0]
      Executing endpoint 'gRPC - /UnityILPP.PostProcessing/PostProcessAssembly'
[40m[32minfo[39m[22m[49m: Unity.ILPP.Runner.PostProcessingPipeline[0]
      Processing assembly Library/Bee/artifacts/1300b0aE.dag/Unity.XR.OpenXR.Editor.dll, with 150 defines and 278 references
[40m[32minfo[39m[22m[49m: Unity.ILPP.Runner.PostProcessingPipeline[0]
      processors: Unity.Jobs.CodeGen.JobsILPostProcessor, zzzUnity.Burst.CodeGen.BurstILPostProcessor
[40m[32minfo[39m[22m[49m: Unity.ILPP.Runner.PostProcessingPipeline[0]
      running Unity.Jobs.CodeGen.JobsILPostProcessor
[40m[32minfo[39m[22m[49m: Unity.ILPP.Runner.PostProcessingPipeline[0]
      running zzzUnity.Burst.CodeGen.BurstILPostProcessor
[40m[32minfo[39m[22m[49m: Microsoft.AspNetCore.Routing.EndpointMiddleware[1]
      Executed endpoint 'gRPC - /UnityILPP.PostProcessing/PostProcessAssembly'
[40m[32minfo[39m[22m[49m: Microsoft.AspNetCore.Hosting.Diagnostics[2]
      Request finished HTTP/2 POST http://ilpp/UnityILPP.PostProcessing/PostProcessAssembly application/grpc - - 200 - application/grpc 24.3324ms
[40m[32minfo[39m[22m[49m: Microsoft.AspNetCore.Hosting.Diagnostics[1]
      Request starting HTTP/2 POST http://ilpp/UnityILPP.PostProcessing/PostProcessAssembly application/grpc -
[40m[32minfo[39m[22m[49m: Microsoft.AspNetCore.Routing.EndpointMiddleware[0]
      Executing endpoint 'gRPC - /UnityILPP.PostProcessing/PostProcessAssembly'
[40m[32minfo[39m[22m[49m: Unity.ILPP.Runner.PostProcessingPipeline[0]
      Processing assembly Library/Bee/artifacts/1300b0aE.dag/glTFast.Editor.dll, with 149 defines and 280 references
[40m[32minfo[39m[22m[49m: Unity.ILPP.Runner.PostProcessingPipeline[0]
      processors: Unity.Jobs.CodeGen.JobsILPostProcessor, zzzUnity.Burst.CodeGen.BurstILPostProcessor
[40m[32minfo[39m[22m[49m: Unity.ILPP.Runner.PostProcessingPipeline[0]
      running Unity.Jobs.CodeGen.JobsILPostProcessor
[40m[32minfo[39m[22m[49m: Unity.ILPP.Runner.PostProcessingPipeline[0]
      running zzzUnity.Burst.CodeGen.BurstILPostProcessor
[40m[32minfo[39m[22m[49m: Microsoft.AspNetCore.Routing.EndpointMiddleware[1]
      Executed endpoint 'gRPC - /UnityILPP.PostProcessing/PostProcessAssembly'
[40m[32minfo[39m[22m[49m: Microsoft.AspNetCore.Hosting.Diagnostics[2]
      Request finished HTTP/2 POST http://ilpp/UnityILPP.PostProcessing/PostProcessAssembly application/grpc - - 200 - application/grpc 42.1896ms
[40m[32minfo[39m[22m[49m: Microsoft.AspNetCore.Hosting.Diagnostics[1]
      Request starting HTTP/2 POST http://ilpp/UnityILPP.PostProcessing/PostProcessAssembly application/grpc -
[40m[32minfo[39m[22m[49m: Microsoft.AspNetCore.Routing.EndpointMiddleware[0]
      Executing endpoint 'gRPC - /UnityILPP.PostProcessing/PostProcessAssembly'
[40m[32minfo[39m[22m[49m: Unity.ILPP.Runner.PostProcessingPipeline[0]
      Processing assembly Library/Bee/artifacts/1300b0aE.dag/UnityEditor.UI.Analytics.dll, with 148 defines and 278 references
[40m[32minfo[39m[22m[49m: Unity.ILPP.Runner.PostProcessingPipeline[0]
      processors: Unity.Jobs.CodeGen.JobsILPostProcessor, zzzUnity.Burst.CodeGen.BurstILPostProcessor
[40m[32minfo[39m[22m[49m: Unity.ILPP.Runner.PostProcessingPipeline[0]
      running Unity.Jobs.CodeGen.JobsILPostProcessor
[40m[32minfo[39m[22m[49m: Unity.ILPP.Runner.PostProcessingPipeline[0]
      running zzzUnity.Burst.CodeGen.BurstILPostProcessor
[40m[32minfo[39m[22m[49m: Microsoft.AspNetCore.Routing.EndpointMiddleware[1]
      Executed endpoint 'gRPC - /UnityILPP.PostProcessing/PostProcessAssembly'
[40m[32minfo[39m[22m[49m: Microsoft.AspNetCore.Hosting.Diagnostics[2]
      Request finished HTTP/2 POST http://ilpp/UnityILPP.PostProcessing/PostProcessAssembly application/grpc - - 200 - application/grpc 15.0126ms
[40m[32minfo[39m[22m[49m: Microsoft.AspNetCore.Hosting.Diagnostics[1]
      Request starting HTTP/2 POST http://ilpp/UnityILPP.PostProcessing/PostProcessAssembly application/grpc -
[40m[32minfo[39m[22m[49m: Microsoft.AspNetCore.Routing.EndpointMiddleware[0]
      Executing endpoint 'gRPC - /UnityILPP.PostProcessing/PostProcessAssembly'
[40m[32minfo[39m[22m[49m: Unity.ILPP.Runner.PostProcessingPipeline[0]
      Processing assembly Library/Bee/artifacts/1300b0aE.dag/Meta.XR.Editor.UserInterface.dll, with 149 defines and 281 references
[40m[32minfo[39m[22m[49m: Unity.ILPP.Runner.PostProcessingPipeline[0]
      processors: Unity.Jobs.CodeGen.JobsILPostProcessor, zzzUnity.Burst.CodeGen.BurstILPostProcessor
[40m[32minfo[39m[22m[49m: Unity.ILPP.Runner.PostProcessingPipeline[0]
      running Unity.Jobs.CodeGen.JobsILPostProcessor
[40m[32minfo[39m[22m[49m: Unity.ILPP.Runner.PostProcessingPipeline[0]
      running zzzUnity.Burst.CodeGen.BurstILPostProcessor
[40m[32minfo[39m[22m[49m: Microsoft.AspNetCore.Routing.EndpointMiddleware[1]
      Executed endpoint 'gRPC - /UnityILPP.PostProcessing/PostProcessAssembly'
[40m[32minfo[39m[22m[49m: Microsoft.AspNetCore.Hosting.Diagnostics[2]
      Request finished HTTP/2 POST http://ilpp/UnityILPP.PostProcessing/PostProcessAssembly application/grpc - - 200 - application/grpc 66.1349ms
[40m[32minfo[39m[22m[49m: Microsoft.AspNetCore.Hosting.Diagnostics[1]
      Request starting HTTP/2 POST http://ilpp/UnityILPP.PostProcessing/PostProcessAssembly application/grpc -
[40m[32minfo[39m[22m[49m: Microsoft.AspNetCore.Routing.EndpointMiddleware[0]
      Executing endpoint 'gRPC - /UnityILPP.PostProcessing/PostProcessAssembly'
[40m[32minfo[39m[22m[49m: Unity.ILPP.Runner.PostProcessingPipeline[0]
      Processing assembly Library/Bee/artifacts/1300b0aE.dag/Unity.InputSystem.DocCodeSamples.dll, with 148 defines and 274 references
[40m[32minfo[39m[22m[49m: Unity.ILPP.Runner.PostProcessingPipeline[0]
      processors: Unity.Jobs.CodeGen.JobsILPostProcessor, zzzUnity.Burst.CodeGen.BurstILPostProcessor
[40m[32minfo[39m[22m[49m: Unity.ILPP.Runner.PostProcessingPipeline[0]
      running Unity.Jobs.CodeGen.JobsILPostProcessor
[40m[32minfo[39m[22m[49m: Unity.ILPP.Runner.PostProcessingPipeline[0]
      running zzzUnity.Burst.CodeGen.BurstILPostProcessor
[40m[32minfo[39m[22m[49m: Microsoft.AspNetCore.Routing.EndpointMiddleware[1]
      Executed endpoint 'gRPC - /UnityILPP.PostProcessing/PostProcessAssembly'
[40m[32minfo[39m[22m[49m: Microsoft.AspNetCore.Hosting.Diagnostics[2]
      Request finished HTTP/2 POST http://ilpp/UnityILPP.PostProcessing/PostProcessAssembly application/grpc - - 200 - application/grpc 17.6831ms
[40m[32minfo[39m[22m[49m: Microsoft.AspNetCore.Hosting.Diagnostics[1]
      Request starting HTTP/2 POST http://ilpp/UnityILPP.PostProcessing/PostProcessAssembly application/grpc -
[40m[32minfo[39m[22m[49m: Microsoft.AspNetCore.Routing.EndpointMiddleware[0]
      Executing endpoint 'gRPC - /UnityILPP.PostProcessing/PostProcessAssembly'
[40m[32minfo[39m[22m[49m: Unity.ILPP.Runner.PostProcessingPipeline[0]
      Processing assembly Library/Bee/artifacts/1300b0aE.dag/Unity.AI.Navigation.Editor.dll, with 149 defines and 279 references
[40m[32minfo[39m[22m[49m: Unity.ILPP.Runner.PostProcessingPipeline[0]
      processors: Unity.Jobs.CodeGen.JobsILPostProcessor, zzzUnity.Burst.CodeGen.BurstILPostProcessor
[40m[32minfo[39m[22m[49m: Unity.ILPP.Runner.PostProcessingPipeline[0]
      running Unity.Jobs.CodeGen.JobsILPostProcessor
[40m[32minfo[39m[22m[49m: Unity.ILPP.Runner.PostProcessingPipeline[0]
      running zzzUnity.Burst.CodeGen.BurstILPostProcessor
[40m[32minfo[39m[22m[49m: Microsoft.AspNetCore.Routing.EndpointMiddleware[1]
      Executed endpoint 'gRPC - /UnityILPP.PostProcessing/PostProcessAssembly'
[40m[32minfo[39m[22m[49m: Microsoft.AspNetCore.Hosting.Diagnostics[2]
      Request finished HTTP/2 POST http://ilpp/UnityILPP.PostProcessing/PostProcessAssembly application/grpc - - 200 - application/grpc 24.3910ms
[40m[32minfo[39m[22m[49m: Microsoft.AspNetCore.Hosting.Diagnostics[1]
      Request starting HTTP/2 POST http://ilpp/UnityILPP.PostProcessing/PostProcessAssembly application/grpc -
[40m[32minfo[39m[22m[49m: Microsoft.AspNetCore.Routing.EndpointMiddleware[0]
      Executing endpoint 'gRPC - /UnityILPP.PostProcessing/PostProcessAssembly'
[40m[32minfo[39m[22m[49m: Microsoft.AspNetCore.Hosting.Diagnostics[1]
      Request starting HTTP/2 POST http://ilpp/UnityILPP.PostProcessing/PostProcessAssembly application/grpc -
[40m[32minfo[39m[22m[49m: Microsoft.AspNetCore.Routing.EndpointMiddleware[0]
      Executing endpoint 'gRPC - /UnityILPP.PostProcessing/PostProcessAssembly'
[40m[32minfo[39m[22m[49m: Unity.ILPP.Runner.PostProcessingPipeline[0]
      Processing assembly Library/Bee/artifacts/1300b0aE.dag/Unity.XR.OpenXR.Features.RuntimeDebugger.Editor.dll, with 148 defines and 280 references
[40m[32minfo[39m[22m[49m: Unity.ILPP.Runner.PostProcessingPipeline[0]
      processors: Unity.Jobs.CodeGen.JobsILPostProcessor, zzzUnity.Burst.CodeGen.BurstILPostProcessor
[40m[32minfo[39m[22m[49m: Unity.ILPP.Runner.PostProcessingPipeline[0]
      running Unity.Jobs.CodeGen.JobsILPostProcessor
[40m[32minfo[39m[22m[49m: Unity.ILPP.Runner.PostProcessingPipeline[0]
      running zzzUnity.Burst.CodeGen.BurstILPostProcessor
[40m[32minfo[39m[22m[49m: Microsoft.AspNetCore.Routing.EndpointMiddleware[1]
      Executed endpoint 'gRPC - /UnityILPP.PostProcessing/PostProcessAssembly'
[40m[32minfo[39m[22m[49m: Microsoft.AspNetCore.Hosting.Diagnostics[2]
      Request finished HTTP/2 POST http://ilpp/UnityILPP.PostProcessing/PostProcessAssembly application/grpc - - 200 - application/grpc 36.2008ms
[40m[32minfo[39m[22m[49m: Microsoft.AspNetCore.Hosting.Diagnostics[1]
      Request starting HTTP/2 POST http://ilpp/UnityILPP.PostProcessing/PostProcessAssembly application/grpc -
[40m[32minfo[39m[22m[49m: Microsoft.AspNetCore.Routing.EndpointMiddleware[0]
      Executing endpoint 'gRPC - /UnityILPP.PostProcessing/PostProcessAssembly'
[40m[32minfo[39m[22m[49m: Unity.ILPP.Runner.PostProcessingPipeline[0]
      Processing assembly Library/Bee/artifacts/1300b0aE.dag/Unity.XR.OpenXR.Features.MetaQuestSupport.Editor.dll, with 149 defines and 281 references
[40m[32minfo[39m[22m[49m: Unity.ILPP.Runner.PostProcessingPipeline[0]
      processors: Unity.Jobs.CodeGen.JobsILPostProcessor, zzzUnity.Burst.CodeGen.BurstILPostProcessor
[40m[32minfo[39m[22m[49m: Unity.ILPP.Runner.PostProcessingPipeline[0]
      running Unity.Jobs.CodeGen.JobsILPostProcessor
[40m[32minfo[39m[22m[49m: Unity.ILPP.Runner.PostProcessingPipeline[0]
      running zzzUnity.Burst.CodeGen.BurstILPostProcessor
[40m[32minfo[39m[22m[49m: Microsoft.AspNetCore.Routing.EndpointMiddleware[1]
      Executed endpoint 'gRPC - /UnityILPP.PostProcessing/PostProcessAssembly'
[40m[32minfo[39m[22m[49m: Microsoft.AspNetCore.Hosting.Diagnostics[2]
      Request finished HTTP/2 POST http://ilpp/UnityILPP.PostProcessing/PostProcessAssembly application/grpc - - 200 - application/grpc 45.1032ms
[40m[32minfo[39m[22m[49m: Unity.ILPP.Runner.PostProcessingPipeline[0]
      Processing assembly Library/Bee/artifacts/1300b0aE.dag/UnityEditor.SpatialTracking.dll, with 149 defines and 278 references
[40m[32minfo[39m[22m[49m: Unity.ILPP.Runner.PostProcessingPipeline[0]
      processors: Unity.Jobs.CodeGen.JobsILPostProcessor, zzzUnity.Burst.CodeGen.BurstILPostProcessor
[40m[32minfo[39m[22m[49m: Unity.ILPP.Runner.PostProcessingPipeline[0]
      running Unity.Jobs.CodeGen.JobsILPostProcessor
[40m[32minfo[39m[22m[49m: Unity.ILPP.Runner.PostProcessingPipeline[0]
      running zzzUnity.Burst.CodeGen.BurstILPostProcessor
[40m[32minfo[39m[22m[49m: Microsoft.AspNetCore.Routing.EndpointMiddleware[1]
      Executed endpoint 'gRPC - /UnityILPP.PostProcessing/PostProcessAssembly'
[40m[32minfo[39m[22m[49m: Microsoft.AspNetCore.Hosting.Diagnostics[2]
      Request finished HTTP/2 POST http://ilpp/UnityILPP.PostProcessing/PostProcessAssembly application/grpc - - 200 - application/grpc 67.5637ms
[40m[32minfo[39m[22m[49m: Microsoft.AspNetCore.Hosting.Diagnostics[1]
      Request starting HTTP/2 POST http://ilpp/UnityILPP.PostProcessing/PostProcessAssembly application/grpc -
[40m[32minfo[39m[22m[49m: Microsoft.AspNetCore.Hosting.Diagnostics[1]
      Request starting HTTP/2 POST http://ilpp/UnityILPP.PostProcessing/PostProcessAssembly application/grpc -
[40m[32minfo[39m[22m[49m: Microsoft.AspNetCore.Routing.EndpointMiddleware[0]
      Executing endpoint 'gRPC - /UnityILPP.PostProcessing/PostProcessAssembly'
[40m[32minfo[39m[22m[49m: Microsoft.AspNetCore.Routing.EndpointMiddleware[0]
      Executing endpoint 'gRPC - /UnityILPP.PostProcessing/PostProcessAssembly'
[40m[32minfo[39m[22m[49m: Unity.ILPP.Runner.PostProcessingPipeline[0]
      Processing assembly Library/Bee/artifacts/1300b0aE.dag/Meta.XR.Editor.StatusMenu.dll, with 149 defines and 283 references
[40m[32minfo[39m[22m[49m: Unity.ILPP.Runner.PostProcessingPipeline[0]
      processors: Unity.Jobs.CodeGen.JobsILPostProcessor, zzzUnity.Burst.CodeGen.BurstILPostProcessor
[40m[32minfo[39m[22m[49m: Unity.ILPP.Runner.PostProcessingPipeline[0]
      running Unity.Jobs.CodeGen.JobsILPostProcessor
[40m[32minfo[39m[22m[49m: Unity.ILPP.Runner.PostProcessingPipeline[0]
      running zzzUnity.Burst.CodeGen.BurstILPostProcessor
[40m[32minfo[39m[22m[49m: Microsoft.AspNetCore.Routing.EndpointMiddleware[1]
      Executed endpoint 'gRPC - /UnityILPP.PostProcessing/PostProcessAssembly'
[40m[32minfo[39m[22m[49m: Microsoft.AspNetCore.Hosting.Diagnostics[2]
      Request finished HTTP/2 POST http://ilpp/UnityILPP.PostProcessing/PostProcessAssembly application/grpc - - 200 - application/grpc 20.6264ms
[40m[32minfo[39m[22m[49m: Microsoft.AspNetCore.Hosting.Diagnostics[1]
      Request starting HTTP/2 POST http://ilpp/UnityILPP.PostProcessing/PostProcessAssembly application/grpc -
[40m[32minfo[39m[22m[49m: Microsoft.AspNetCore.Routing.EndpointMiddleware[0]
      Executing endpoint 'gRPC - /UnityILPP.PostProcessing/PostProcessAssembly'
[40m[32minfo[39m[22m[49m: Unity.ILPP.Runner.PostProcessingPipeline[0]
      Processing assembly Library/Bee/artifacts/1300b0aE.dag/Meta.XR.Editor.ToolingSupport.RuntimeOptimizer.dll, with 149 defines and 280 references
[40m[32minfo[39m[22m[49m: Unity.ILPP.Runner.PostProcessingPipeline[0]
      processors: Unity.Jobs.CodeGen.JobsILPostProcessor, zzzUnity.Burst.CodeGen.BurstILPostProcessor
[40m[32minfo[39m[22m[49m: Unity.ILPP.Runner.PostProcessingPipeline[0]
      running Unity.Jobs.CodeGen.JobsILPostProcessor
[40m[32minfo[39m[22m[49m: Unity.ILPP.Runner.PostProcessingPipeline[0]
      running zzzUnity.Burst.CodeGen.BurstILPostProcessor
[40m[32minfo[39m[22m[49m: Microsoft.AspNetCore.Routing.EndpointMiddleware[1]
      Executed endpoint 'gRPC - /UnityILPP.PostProcessing/PostProcessAssembly'
[40m[32minfo[39m[22m[49m: Microsoft.AspNetCore.Hosting.Diagnostics[2]
      Request finished HTTP/2 POST http://ilpp/UnityILPP.PostProcessing/PostProcessAssembly application/grpc - - 200 - application/grpc 36.4770ms
[40m[32minfo[39m[22m[49m: Unity.ILPP.Runner.PostProcessingPipeline[0]
      Processing assembly Library/Bee/artifacts/1300b0aE.dag/Meta.XR.Editor.Callbacks.dll, with 149 defines and 277 references
[40m[32minfo[39m[22m[49m: Unity.ILPP.Runner.PostProcessingPipeline[0]
      processors: Unity.Jobs.CodeGen.JobsILPostProcessor, zzzUnity.Burst.CodeGen.BurstILPostProcessor
[40m[32minfo[39m[22m[49m: Unity.ILPP.Runner.PostProcessingPipeline[0]
      running Unity.Jobs.CodeGen.JobsILPostProcessor
[40m[32minfo[39m[22m[49m: Unity.ILPP.Runner.PostProcessingPipeline[0]
      running zzzUnity.Burst.CodeGen.BurstILPostProcessor
[40m[32minfo[39m[22m[49m: Microsoft.AspNetCore.Routing.EndpointMiddleware[1]
      Executed endpoint 'gRPC - /UnityILPP.PostProcessing/PostProcessAssembly'
[40m[32minfo[39m[22m[49m: Microsoft.AspNetCore.Hosting.Diagnostics[2]
      Request finished HTTP/2 POST http://ilpp/UnityILPP.PostProcessing/PostProcessAssembly application/grpc - - 200 - application/grpc 16.8105ms
[40m[32minfo[39m[22m[49m: Microsoft.AspNetCore.Hosting.Diagnostics[1]
      Request starting HTTP/2 POST http://ilpp/UnityILPP.PostProcessing/PostProcessAssembly application/grpc -
[40m[32minfo[39m[22m[49m: Microsoft.AspNetCore.Routing.EndpointMiddleware[0]
      Executing endpoint 'gRPC - /UnityILPP.PostProcessing/PostProcessAssembly'
[40m[32minfo[39m[22m[49m: Unity.ILPP.Runner.PostProcessingPipeline[0]
      Processing assembly Library/Bee/artifacts/1300b0aE.dag/Meta.XR.Editor.ToolingSupport.dll, with 149 defines and 284 references
[40m[32minfo[39m[22m[49m: Unity.ILPP.Runner.PostProcessingPipeline[0]
      processors: Unity.Jobs.CodeGen.JobsILPostProcessor, zzzUnity.Burst.CodeGen.BurstILPostProcessor
[40m[32minfo[39m[22m[49m: Unity.ILPP.Runner.PostProcessingPipeline[0]
      running Unity.Jobs.CodeGen.JobsILPostProcessor
[40m[32minfo[39m[22m[49m: Unity.ILPP.Runner.PostProcessingPipeline[0]
      running zzzUnity.Burst.CodeGen.BurstILPostProcessor
[40m[32minfo[39m[22m[49m: Microsoft.AspNetCore.Routing.EndpointMiddleware[1]
      Executed endpoint 'gRPC - /UnityILPP.PostProcessing/PostProcessAssembly'
[40m[32minfo[39m[22m[49m: Microsoft.AspNetCore.Hosting.Diagnostics[2]
      Request finished HTTP/2 POST http://ilpp/UnityILPP.PostProcessing/PostProcessAssembly application/grpc - - 200 - application/grpc 36.7887ms
[40m[32minfo[39m[22m[49m: Microsoft.AspNetCore.Hosting.Diagnostics[1]
      Request starting HTTP/2 POST http://ilpp/UnityILPP.PostProcessing/PostProcessAssembly application/grpc -
[40m[32minfo[39m[22m[49m: Microsoft.AspNetCore.Routing.EndpointMiddleware[0]
      Executing endpoint 'gRPC - /UnityILPP.PostProcessing/PostProcessAssembly'
[40m[32minfo[39m[22m[49m: Unity.ILPP.Runner.PostProcessingPipeline[0]
      Processing assembly Library/Bee/artifacts/1300b0aE.dag/Meta.XR.Editor.Tags.dll, with 149 defines and 280 references
[40m[32minfo[39m[22m[49m: Unity.ILPP.Runner.PostProcessingPipeline[0]
      processors: Unity.Jobs.CodeGen.JobsILPostProcessor, zzzUnity.Burst.CodeGen.BurstILPostProcessor
[40m[32minfo[39m[22m[49m: Unity.ILPP.Runner.PostProcessingPipeline[0]
      running Unity.Jobs.CodeGen.JobsILPostProcessor
[40m[32minfo[39m[22m[49m: Unity.ILPP.Runner.PostProcessingPipeline[0]
      running zzzUnity.Burst.CodeGen.BurstILPostProcessor
[40m[32minfo[39m[22m[49m: Microsoft.AspNetCore.Hosting.Diagnostics[1]
      Request starting HTTP/2 POST http://ilpp/UnityILPP.PostProcessing/PostProcessAssembly application/grpc -
[40m[32minfo[39m[22m[49m: Microsoft.AspNetCore.Routing.EndpointMiddleware[0]
      Executing endpoint 'gRPC - /UnityILPP.PostProcessing/PostProcessAssembly'
[40m[32minfo[39m[22m[49m: Microsoft.AspNetCore.Routing.EndpointMiddleware[1]
      Executed endpoint 'gRPC - /UnityILPP.PostProcessing/PostProcessAssembly'
[40m[32minfo[39m[22m[49m: Microsoft.AspNetCore.Hosting.Diagnostics[2]
      Request finished HTTP/2 POST http://ilpp/UnityILPP.PostProcessing/PostProcessAssembly application/grpc - - 200 - application/grpc 36.7930ms
[40m[32minfo[39m[22m[49m: Microsoft.AspNetCore.Hosting.Diagnostics[1]
      Request starting HTTP/2 POST http://ilpp/UnityILPP.PostProcessing/PostProcessAssembly application/grpc -
[40m[32minfo[39m[22m[49m: Microsoft.AspNetCore.Routing.EndpointMiddleware[0]
      Executing endpoint 'gRPC - /UnityILPP.PostProcessing/PostProcessAssembly'
[40m[32minfo[39m[22m[49m: Microsoft.AspNetCore.Hosting.Diagnostics[1]
      Request starting HTTP/2 POST http://ilpp/UnityILPP.PostProcessing/PostProcessAssembly application/grpc -
[40m[32minfo[39m[22m[49m: Microsoft.AspNetCore.Routing.EndpointMiddleware[0]
      Executing endpoint 'gRPC - /UnityILPP.PostProcessing/PostProcessAssembly'
[40m[32minfo[39m[22m[49m: Unity.ILPP.Runner.PostProcessingPipeline[0]
      Processing assembly Library/Bee/artifacts/1300b0aE.dag/Meta.XR.Editor.EditorCoroutine.dll, with 149 defines and 277 references
[40m[32minfo[39m[22m[49m: Unity.ILPP.Runner.PostProcessingPipeline[0]
      processors: Unity.Jobs.CodeGen.JobsILPostProcessor, zzzUnity.Burst.CodeGen.BurstILPostProcessor
[40m[32minfo[39m[22m[49m: Unity.ILPP.Runner.PostProcessingPipeline[0]
      running Unity.Jobs.CodeGen.JobsILPostProcessor
[40m[32minfo[39m[22m[49m: Unity.ILPP.Runner.PostProcessingPipeline[0]
      running zzzUnity.Burst.CodeGen.BurstILPostProcessor
[40m[32minfo[39m[22m[49m: Unity.ILPP.Runner.PostProcessingPipeline[0]
      Processing assembly Library/Bee/artifacts/1300b0aE.dag/Meta.XR.Editor.Notifications.dll, with 149 defines and 285 references
[40m[32minfo[39m[22m[49m: Unity.ILPP.Runner.PostProcessingPipeline[0]
      processors: Unity.Jobs.CodeGen.JobsILPostProcessor, zzzUnity.Burst.CodeGen.BurstILPostProcessor
[40m[32minfo[39m[22m[49m: Unity.ILPP.Runner.PostProcessingPipeline[0]
      running Unity.Jobs.CodeGen.JobsILPostProcessor
[40m[32minfo[39m[22m[49m: Unity.ILPP.Runner.PostProcessingPipeline[0]
      running zzzUnity.Burst.CodeGen.BurstILPostProcessor
[40m[32minfo[39m[22m[49m: Microsoft.AspNetCore.Routing.EndpointMiddleware[1]
      Executed endpoint 'gRPC - /UnityILPP.PostProcessing/PostProcessAssembly'
[40m[32minfo[39m[22m[49m: Microsoft.AspNetCore.Hosting.Diagnostics[2]
      Request finished HTTP/2 POST http://ilpp/UnityILPP.PostProcessing/PostProcessAssembly application/grpc - - 200 - application/grpc 26.4691ms
[40m[32minfo[39m[22m[49m: Microsoft.AspNetCore.Routing.EndpointMiddleware[1]
      Executed endpoint 'gRPC - /UnityILPP.PostProcessing/PostProcessAssembly'
[40m[32minfo[39m[22m[49m: Microsoft.AspNetCore.Hosting.Diagnostics[2]
      Request finished HTTP/2 POST http://ilpp/UnityILPP.PostProcessing/PostProcessAssembly application/grpc - - 200 - application/grpc 66.1435ms
[40m[32minfo[39m[22m[49m: Unity.ILPP.Runner.PostProcessingPipeline[0]
      Processing assembly Library/Bee/artifacts/1300b0aE.dag/Unity.Burst.Editor.dll, with 148 defines and 278 references
[40m[32minfo[39m[22m[49m: Unity.ILPP.Runner.PostProcessingPipeline[0]
      processors: Unity.Jobs.CodeGen.JobsILPostProcessor, zzzUnity.Burst.CodeGen.BurstILPostProcessor
[40m[32minfo[39m[22m[49m: Unity.ILPP.Runner.PostProcessingPipeline[0]
      running Unity.Jobs.CodeGen.JobsILPostProcessor
[40m[32minfo[39m[22m[49m: Unity.ILPP.Runner.PostProcessingPipeline[0]
      running zzzUnity.Burst.CodeGen.BurstILPostProcessor
[40m[32minfo[39m[22m[49m: Microsoft.AspNetCore.Routing.EndpointMiddleware[1]
      Executed endpoint 'gRPC - /UnityILPP.PostProcessing/PostProcessAssembly'
[40m[32minfo[39m[22m[49m: Microsoft.AspNetCore.Hosting.Diagnostics[2]
      Request finished HTTP/2 POST http://ilpp/UnityILPP.PostProcessing/PostProcessAssembly application/grpc - - 200 - application/grpc 120.4903ms
[40m[32minfo[39m[22m[49m: Microsoft.AspNetCore.Hosting.Diagnostics[1]
      Request starting HTTP/2 POST http://ilpp/UnityILPP.PostProcessing/PostProcessAssembly application/grpc -
[40m[32minfo[39m[22m[49m: Microsoft.AspNetCore.Routing.EndpointMiddleware[0]
      Executing endpoint 'gRPC - /UnityILPP.PostProcessing/PostProcessAssembly'
[40m[32minfo[39m[22m[49m: Unity.ILPP.Runner.PostProcessingPipeline[0]
      Processing assembly Library/Bee/artifacts/1300b0aE.dag/Meta.XR.Guides.Editor.dll, with 149 defines and 283 references
[40m[32minfo[39m[22m[49m: Unity.ILPP.Runner.PostProcessingPipeline[0]
      processors: Unity.Jobs.CodeGen.JobsILPostProcessor, zzzUnity.Burst.CodeGen.BurstILPostProcessor
[40m[32minfo[39m[22m[49m: Unity.ILPP.Runner.PostProcessingPipeline[0]
      running Unity.Jobs.CodeGen.JobsILPostProcessor
[40m[32minfo[39m[22m[49m: Unity.ILPP.Runner.PostProcessingPipeline[0]
      running zzzUnity.Burst.CodeGen.BurstILPostProcessor
[40m[32minfo[39m[22m[49m: Microsoft.AspNetCore.Routing.EndpointMiddleware[1]
      Executed endpoint 'gRPC - /UnityILPP.PostProcessing/PostProcessAssembly'
[40m[32minfo[39m[22m[49m: Microsoft.AspNetCore.Hosting.Diagnostics[2]
      Request finished HTTP/2 POST http://ilpp/UnityILPP.PostProcessing/PostProcessAssembly application/grpc - - 200 - application/grpc 13.4965ms
[40m[32minfo[39m[22m[49m: Microsoft.AspNetCore.Hosting.Diagnostics[1]
      Request starting HTTP/2 POST http://ilpp/UnityILPP.PostProcessing/PostProcessAssembly application/grpc -
[40m[32minfo[39m[22m[49m: Microsoft.AspNetCore.Routing.EndpointMiddleware[0]
      Executing endpoint 'gRPC - /UnityILPP.PostProcessing/PostProcessAssembly'
[40m[32minfo[39m[22m[49m: Unity.ILPP.Runner.PostProcessingPipeline[0]
      Processing assembly Library/Bee/artifacts/1300b0aE.dag/Meta.XR.EnvironmentDepth.Editor.dll, with 149 defines and 281 references
[40m[32minfo[39m[22m[49m: Unity.ILPP.Runner.PostProcessingPipeline[0]
      processors: Unity.Jobs.CodeGen.JobsILPostProcessor, zzzUnity.Burst.CodeGen.BurstILPostProcessor
[40m[32minfo[39m[22m[49m: Unity.ILPP.Runner.PostProcessingPipeline[0]
      running Unity.Jobs.CodeGen.JobsILPostProcessor
[40m[32minfo[39m[22m[49m: Unity.ILPP.Runner.PostProcessingPipeline[0]
      running zzzUnity.Burst.CodeGen.BurstILPostProcessor
[40m[32minfo[39m[22m[49m: Microsoft.AspNetCore.Routing.EndpointMiddleware[1]
      Executed endpoint 'gRPC - /UnityILPP.PostProcessing/PostProcessAssembly'
[40m[32minfo[39m[22m[49m: Microsoft.AspNetCore.Hosting.Diagnostics[2]
      Request finished HTTP/2 POST http://ilpp/UnityILPP.PostProcessing/PostProcessAssembly application/grpc - - 200 - application/grpc 26.6513ms
[40m[32minfo[39m[22m[49m: Microsoft.AspNetCore.Hosting.Diagnostics[1]
      Request starting HTTP/2 POST http://ilpp/UnityILPP.PostProcessing/PostProcessAssembly application/grpc -
[40m[32minfo[39m[22m[49m: Microsoft.AspNetCore.Routing.EndpointMiddleware[0]
      Executing endpoint 'gRPC - /UnityILPP.PostProcessing/PostProcessAssembly'
[40m[32minfo[39m[22m[49m: Microsoft.AspNetCore.Hosting.Diagnostics[1]
      Request starting HTTP/2 POST http://ilpp/UnityILPP.PostProcessing/PostProcessAssembly application/grpc -
[40m[32minfo[39m[22m[49m: Microsoft.AspNetCore.Routing.EndpointMiddleware[0]
      Executing endpoint 'gRPC - /UnityILPP.PostProcessing/PostProcessAssembly'
[40m[32minfo[39m[22m[49m: Unity.ILPP.Runner.PostProcessingPipeline[0]
      Processing assembly Library/Bee/artifacts/1300b0aE.dag/Meta.XR.ImmersiveDebugger.Editor.dll, with 149 defines and 286 references
[40m[32minfo[39m[22m[49m: Unity.ILPP.Runner.PostProcessingPipeline[0]
      processors: Unity.Jobs.CodeGen.JobsILPostProcessor, zzzUnity.Burst.CodeGen.BurstILPostProcessor
[40m[32minfo[39m[22m[49m: Unity.ILPP.Runner.PostProcessingPipeline[0]
      running Unity.Jobs.CodeGen.JobsILPostProcessor
[40m[32minfo[39m[22m[49m: Unity.ILPP.Runner.PostProcessingPipeline[0]
      running zzzUnity.Burst.CodeGen.BurstILPostProcessor
[40m[32minfo[39m[22m[49m: Microsoft.AspNetCore.Routing.EndpointMiddleware[1]
      Executed endpoint 'gRPC - /UnityILPP.PostProcessing/PostProcessAssembly'
[40m[32minfo[39m[22m[49m: Microsoft.AspNetCore.Hosting.Diagnostics[2]
      Request finished HTTP/2 POST http://ilpp/UnityILPP.PostProcessing/PostProcessAssembly application/grpc - - 200 - application/grpc 51.2768ms
[40m[32minfo[39m[22m[49m: Microsoft.AspNetCore.Hosting.Diagnostics[1]
      Request starting HTTP/2 POST http://ilpp/UnityILPP.PostProcessing/PostProcessAssembly application/grpc -
[40m[32minfo[39m[22m[49m: Microsoft.AspNetCore.Routing.EndpointMiddleware[0]
      Executing endpoint 'gRPC - /UnityILPP.PostProcessing/PostProcessAssembly'
[40m[32minfo[39m[22m[49m: Microsoft.AspNetCore.Hosting.Diagnostics[1]
      Request starting HTTP/2 POST http://ilpp/UnityILPP.PostProcessing/PostProcessAssembly application/grpc -
[40m[32minfo[39m[22m[49m: Microsoft.AspNetCore.Routing.EndpointMiddleware[0]
      Executing endpoint 'gRPC - /UnityILPP.PostProcessing/PostProcessAssembly'
[40m[32minfo[39m[22m[49m: Unity.ILPP.Runner.PostProcessingPipeline[0]
      Processing assembly Library/Bee/artifacts/1300b0aE.dag/Meta.XR.Editor.TelemetryUI.dll, with 149 defines and 285 references
[40m[32minfo[39m[22m[49m: Unity.ILPP.Runner.PostProcessingPipeline[0]
      processors: Unity.Jobs.CodeGen.JobsILPostProcessor, zzzUnity.Burst.CodeGen.BurstILPostProcessor
[40m[32minfo[39m[22m[49m: Unity.ILPP.Runner.PostProcessingPipeline[0]
      Processing assembly Library/Bee/artifacts/1300b0aE.dag/Meta.XR.MetaWand.Editor.dll, with 149 defines and 286 references
[40m[32minfo[39m[22m[49m: Unity.ILPP.Runner.PostProcessingPipeline[0]
      processors: Unity.Jobs.CodeGen.JobsILPostProcessor, zzzUnity.Burst.CodeGen.BurstILPostProcessor
[40m[32minfo[39m[22m[49m: Unity.ILPP.Runner.PostProcessingPipeline[0]
      running Unity.Jobs.CodeGen.JobsILPostProcessor
[40m[32minfo[39m[22m[49m: Unity.ILPP.Runner.PostProcessingPipeline[0]
      running zzzUnity.Burst.CodeGen.BurstILPostProcessor
[40m[32minfo[39m[22m[49m: Unity.ILPP.Runner.PostProcessingPipeline[0]
      running Unity.Jobs.CodeGen.JobsILPostProcessor
[40m[32minfo[39m[22m[49m: Unity.ILPP.Runner.PostProcessingPipeline[0]
      running zzzUnity.Burst.CodeGen.BurstILPostProcessor
[40m[32minfo[39m[22m[49m: Microsoft.AspNetCore.Routing.EndpointMiddleware[1]
      Executed endpoint 'gRPC - /UnityILPP.PostProcessing/PostProcessAssembly'
[40m[32minfo[39m[22m[49m: Microsoft.AspNetCore.Hosting.Diagnostics[2]
      Request finished HTTP/2 POST http://ilpp/UnityILPP.PostProcessing/PostProcessAssembly application/grpc - - 200 - application/grpc 56.5949ms
[40m[32minfo[39m[22m[49m: Microsoft.AspNetCore.Routing.EndpointMiddleware[1]
      Executed endpoint 'gRPC - /UnityILPP.PostProcessing/PostProcessAssembly'
[40m[32minfo[39m[22m[49m: Microsoft.AspNetCore.Hosting.Diagnostics[2]
      Request finished HTTP/2 POST http://ilpp/UnityILPP.PostProcessing/PostProcessAssembly application/grpc - - 200 - application/grpc 45.2492ms
[40m[32minfo[39m[22m[49m: Unity.ILPP.Runner.PostProcessingPipeline[0]
      Processing assembly Library/Bee/artifacts/1300b0aE.dag/Oculus.VR.Scripts.Editor.dll, with 152 defines and 285 references
[40m[32minfo[39m[22m[49m: Unity.ILPP.Runner.PostProcessingPipeline[0]
      processors: Unity.Jobs.CodeGen.JobsILPostProcessor, zzzUnity.Burst.CodeGen.BurstILPostProcessor
[40m[32minfo[39m[22m[49m: Unity.ILPP.Runner.PostProcessingPipeline[0]
      running Unity.Jobs.CodeGen.JobsILPostProcessor
[40m[32minfo[39m[22m[49m: Unity.ILPP.Runner.PostProcessingPipeline[0]
      running zzzUnity.Burst.CodeGen.BurstILPostProcessor
[40m[32minfo[39m[22m[49m: Microsoft.AspNetCore.Routing.EndpointMiddleware[1]
      Executed endpoint 'gRPC - /UnityILPP.PostProcessing/PostProcessAssembly'
[40m[32minfo[39m[22m[49m: Microsoft.AspNetCore.Hosting.Diagnostics[2]
      Request finished HTTP/2 POST http://ilpp/UnityILPP.PostProcessing/PostProcessAssembly application/grpc - - 200 - application/grpc 46.8791ms
[40m[32minfo[39m[22m[49m: Microsoft.AspNetCore.Hosting.Diagnostics[1]
      Request starting HTTP/2 POST http://ilpp/UnityILPP.PostProcessing/PostProcessAssembly application/grpc -
[40m[32minfo[39m[22m[49m: Microsoft.AspNetCore.Routing.EndpointMiddleware[0]
      Executing endpoint 'gRPC - /UnityILPP.PostProcessing/PostProcessAssembly'
[40m[32minfo[39m[22m[49m: Unity.ILPP.Runner.PostProcessingPipeline[0]
      Processing assembly Library/Bee/artifacts/1300b0aE.dag/Meta.XR.Editor.UPST.Notifications.dll, with 149 defines and 282 references
[40m[32minfo[39m[22m[49m: Unity.ILPP.Runner.PostProcessingPipeline[0]
      processors: Unity.Jobs.CodeGen.JobsILPostProcessor, zzzUnity.Burst.CodeGen.BurstILPostProcessor
[40m[32minfo[39m[22m[49m: Unity.ILPP.Runner.PostProcessingPipeline[0]
      running Unity.Jobs.CodeGen.JobsILPostProcessor
[40m[32minfo[39m[22m[49m: Unity.ILPP.Runner.PostProcessingPipeline[0]
      running zzzUnity.Burst.CodeGen.BurstILPostProcessor
[40m[32minfo[39m[22m[49m: Microsoft.AspNetCore.Routing.EndpointMiddleware[1]
      Executed endpoint 'gRPC - /UnityILPP.PostProcessing/PostProcessAssembly'
[40m[32minfo[39m[22m[49m: Microsoft.AspNetCore.Hosting.Diagnostics[2]
      Request finished HTTP/2 POST http://ilpp/UnityILPP.PostProcessing/PostProcessAssembly application/grpc - - 200 - application/grpc 16.3163ms
[40m[32minfo[39m[22m[49m: Microsoft.AspNetCore.Hosting.Diagnostics[1]
      Request starting HTTP/2 POST http://ilpp/UnityILPP.PostProcessing/PostProcessAssembly application/grpc -
[40m[32minfo[39m[22m[49m: Microsoft.AspNetCore.Routing.EndpointMiddleware[0]
      Executing endpoint 'gRPC - /UnityILPP.PostProcessing/PostProcessAssembly'
[40m[32minfo[39m[22m[49m: Microsoft.AspNetCore.Hosting.Diagnostics[1]
      Request starting HTTP/2 POST http://ilpp/UnityILPP.PostProcessing/PostProcessAssembly application/grpc -
[40m[32minfo[39m[22m[49m: Microsoft.AspNetCore.Routing.EndpointMiddleware[0]
      Executing endpoint 'gRPC - /UnityILPP.PostProcessing/PostProcessAssembly'
[40m[32minfo[39m[22m[49m: Unity.ILPP.Runner.PostProcessingPipeline[0]
      Processing assembly Library/Bee/artifacts/1300b0aE.dag/Meta.XR.Editor.PlayCompanion.dll, with 149 defines and 283 references
[40m[32minfo[39m[22m[49m: Unity.ILPP.Runner.PostProcessingPipeline[0]
      processors: Unity.Jobs.CodeGen.JobsILPostProcessor, zzzUnity.Burst.CodeGen.BurstILPostProcessor
[40m[32minfo[39m[22m[49m: Unity.ILPP.Runner.PostProcessingPipeline[0]
      running Unity.Jobs.CodeGen.JobsILPostProcessor
[40m[32minfo[39m[22m[49m: Unity.ILPP.Runner.PostProcessingPipeline[0]
      running zzzUnity.Burst.CodeGen.BurstILPostProcessor
[40m[32minfo[39m[22m[49m: Unity.ILPP.Runner.PostProcessingPipeline[0]
      Processing assembly Library/Bee/artifacts/1300b0aE.dag/MetaXRSimulatorCore.Editor.dll, with 149 defines and 285 references
[40m[32minfo[39m[22m[49m: Unity.ILPP.Runner.PostProcessingPipeline[0]
      processors: Unity.Jobs.CodeGen.JobsILPostProcessor, zzzUnity.Burst.CodeGen.BurstILPostProcessor
[40m[32minfo[39m[22m[49m: Unity.ILPP.Runner.PostProcessingPipeline[0]
      running Unity.Jobs.CodeGen.JobsILPostProcessor
[40m[32minfo[39m[22m[49m: Unity.ILPP.Runner.PostProcessingPipeline[0]
      running zzzUnity.Burst.CodeGen.BurstILPostProcessor
[40m[32minfo[39m[22m[49m: Microsoft.AspNetCore.Routing.EndpointMiddleware[1]
      Executed endpoint 'gRPC - /UnityILPP.PostProcessing/PostProcessAssembly'
[40m[32minfo[39m[22m[49m: Microsoft.AspNetCore.Hosting.Diagnostics[2]
      Request finished HTTP/2 POST http://ilpp/UnityILPP.PostProcessing/PostProcessAssembly application/grpc - - 200 - application/grpc 18.9785ms
[40m[32minfo[39m[22m[49m: Microsoft.AspNetCore.Routing.EndpointMiddleware[1]
      Executed endpoint 'gRPC - /UnityILPP.PostProcessing/PostProcessAssembly'
[40m[32minfo[39m[22m[49m: Microsoft.AspNetCore.Hosting.Diagnostics[2]
      Request finished HTTP/2 POST http://ilpp/UnityILPP.PostProcessing/PostProcessAssembly application/grpc - - 200 - application/grpc 31.7509ms
[40m[32minfo[39m[22m[49m: Microsoft.AspNetCore.Hosting.Diagnostics[1]
      Request starting HTTP/2 POST http://ilpp/UnityILPP.PostProcessing/PostProcessAssembly application/grpc -
[40m[32minfo[39m[22m[49m: Microsoft.AspNetCore.Routing.EndpointMiddleware[0]
      Executing endpoint 'gRPC - /UnityILPP.PostProcessing/PostProcessAssembly'
[40m[32minfo[39m[22m[49m: Unity.ILPP.Runner.PostProcessingPipeline[0]
      Processing assembly Library/Bee/artifacts/1300b0aE.dag/Oculus.VR.Editor.dll, with 158 defines and 296 references
[40m[32minfo[39m[22m[49m: Unity.ILPP.Runner.PostProcessingPipeline[0]
      processors: Unity.Jobs.CodeGen.JobsILPostProcessor, zzzUnity.Burst.CodeGen.BurstILPostProcessor
[40m[32minfo[39m[22m[49m: Unity.ILPP.Runner.PostProcessingPipeline[0]
      running Unity.Jobs.CodeGen.JobsILPostProcessor
[40m[32minfo[39m[22m[49m: Unity.ILPP.Runner.PostProcessingPipeline[0]
      running zzzUnity.Burst.CodeGen.BurstILPostProcessor
[40m[32minfo[39m[22m[49m: Microsoft.AspNetCore.Routing.EndpointMiddleware[1]
      Executed endpoint 'gRPC - /UnityILPP.PostProcessing/PostProcessAssembly'
[40m[32minfo[39m[22m[49m: Microsoft.AspNetCore.Hosting.Diagnostics[2]
      Request finished HTTP/2 POST http://ilpp/UnityILPP.PostProcessing/PostProcessAssembly application/grpc - - 200 - application/grpc 10.4110ms
[40m[32minfo[39m[22m[49m: Microsoft.AspNetCore.Hosting.Diagnostics[1]
      Request starting HTTP/2 POST http://ilpp/UnityILPP.PostProcessing/PostProcessAssembly application/grpc -
[40m[32minfo[39m[22m[49m: Microsoft.AspNetCore.Routing.EndpointMiddleware[0]
      Executing endpoint 'gRPC - /UnityILPP.PostProcessing/PostProcessAssembly'
[40m[32minfo[39m[22m[49m: Unity.ILPP.Runner.PostProcessingPipeline[0]
      Processing assembly Library/Bee/artifacts/1300b0aE.dag/meta.xr.mrutilitykit.dll, with 151 defines and 262 references
[40m[32minfo[39m[22m[49m: Unity.ILPP.Runner.PostProcessingPipeline[0]
      processors: Unity.Jobs.CodeGen.JobsILPostProcessor, zzzUnity.Burst.CodeGen.BurstILPostProcessor
[40m[32minfo[39m[22m[49m: Unity.ILPP.Runner.PostProcessingPipeline[0]
      running Unity.Jobs.CodeGen.JobsILPostProcessor
[40m[32minfo[39m[22m[49m: Unity.ILPP.Runner.PostProcessingPipeline[0]
      running zzzUnity.Burst.CodeGen.BurstILPostProcessor
[40m[32minfo[39m[22m[49m: Microsoft.AspNetCore.Routing.EndpointMiddleware[1]
      Executed endpoint 'gRPC - /UnityILPP.PostProcessing/PostProcessAssembly'
[40m[32minfo[39m[22m[49m: Microsoft.AspNetCore.Hosting.Diagnostics[2]
      Request finished HTTP/2 POST http://ilpp/UnityILPP.PostProcessing/PostProcessAssembly application/grpc - - 200 - application/grpc 71.5570ms
[40m[32minfo[39m[22m[49m: Microsoft.AspNetCore.Hosting.Diagnostics[1]
      Request starting HTTP/2 POST http://ilpp/UnityILPP.PostProcessing/PostProcessAssembly application/grpc -
[40m[32minfo[39m[22m[49m: Microsoft.AspNetCore.Routing.EndpointMiddleware[0]
      Executing endpoint 'gRPC - /UnityILPP.PostProcessing/PostProcessAssembly'
[40m[32minfo[39m[22m[49m: Unity.ILPP.Runner.PostProcessingPipeline[0]
      Processing assembly Library/Bee/artifacts/1300b0aE.dag/Meta.XR.BuildingBlocks.AIBlocks.dll, with 152 defines and 261 references
[40m[32minfo[39m[22m[49m: Unity.ILPP.Runner.PostProcessingPipeline[0]
      processors: Unity.Jobs.CodeGen.JobsILPostProcessor, zzzUnity.Burst.CodeGen.BurstILPostProcessor
[40m[32minfo[39m[22m[49m: Unity.ILPP.Runner.PostProcessingPipeline[0]
      running Unity.Jobs.CodeGen.JobsILPostProcessor
[40m[32minfo[39m[22m[49m: Unity.ILPP.Runner.PostProcessingPipeline[0]
      running zzzUnity.Burst.CodeGen.BurstILPostProcessor
[40m[32minfo[39m[22m[49m: Microsoft.AspNetCore.Routing.EndpointMiddleware[1]
      Executed endpoint 'gRPC - /UnityILPP.PostProcessing/PostProcessAssembly'
[40m[32minfo[39m[22m[49m: Microsoft.AspNetCore.Hosting.Diagnostics[2]
      Request finished HTTP/2 POST http://ilpp/UnityILPP.PostProcessing/PostProcessAssembly application/grpc - - 200 - application/grpc 10.9606ms
[40m[32minfo[39m[22m[49m: Microsoft.AspNetCore.Hosting.Diagnostics[1]
      Request starting HTTP/2 POST http://ilpp/UnityILPP.PostProcessing/PostProcessAssembly application/grpc -
[40m[32minfo[39m[22m[49m: Microsoft.AspNetCore.Routing.EndpointMiddleware[0]
      Executing endpoint 'gRPC - /UnityILPP.PostProcessing/PostProcessAssembly'
[40m[32minfo[39m[22m[49m: Unity.ILPP.Runner.PostProcessingPipeline[0]
      Processing assembly Library/Bee/artifacts/1300b0aE.dag/Meta.XR.MultiplayerBlocks.Shared.dll, with 152 defines and 260 references
[40m[32minfo[39m[22m[49m: Unity.ILPP.Runner.PostProcessingPipeline[0]
      processors: Unity.Jobs.CodeGen.JobsILPostProcessor, zzzUnity.Burst.CodeGen.BurstILPostProcessor
[40m[32minfo[39m[22m[49m: Unity.ILPP.Runner.PostProcessingPipeline[0]
      running Unity.Jobs.CodeGen.JobsILPostProcessor
[40m[32minfo[39m[22m[49m: Unity.ILPP.Runner.PostProcessingPipeline[0]
      running zzzUnity.Burst.CodeGen.BurstILPostProcessor
[40m[32minfo[39m[22m[49m: Microsoft.AspNetCore.Routing.EndpointMiddleware[1]
      Executed endpoint 'gRPC - /UnityILPP.PostProcessing/PostProcessAssembly'
[40m[32minfo[39m[22m[49m: Microsoft.AspNetCore.Hosting.Diagnostics[2]
      Request finished HTTP/2 POST http://ilpp/UnityILPP.PostProcessing/PostProcessAssembly application/grpc - - 200 - application/grpc 14.4741ms
[40m[32minfo[39m[22m[49m: Microsoft.AspNetCore.Hosting.Diagnostics[1]
      Request starting HTTP/2 POST http://ilpp/UnityILPP.PostProcessing/PostProcessAssembly application/grpc -
[40m[32minfo[39m[22m[49m: Microsoft.AspNetCore.Routing.EndpointMiddleware[0]
      Executing endpoint 'gRPC - /UnityILPP.PostProcessing/PostProcessAssembly'
[40m[32minfo[39m[22m[49m: Unity.ILPP.Runner.PostProcessingPipeline[0]
      Processing assembly Library/Bee/artifacts/1300b0aE.dag/Meta.XR.BuildingBlocks.Editor.dll, with 150 defines and 293 references
[40m[32minfo[39m[22m[49m: Unity.ILPP.Runner.PostProcessingPipeline[0]
      processors: Unity.Jobs.CodeGen.JobsILPostProcessor, zzzUnity.Burst.CodeGen.BurstILPostProcessor
[40m[32minfo[39m[22m[49m: Unity.ILPP.Runner.PostProcessingPipeline[0]
      running Unity.Jobs.CodeGen.JobsILPostProcessor
[40m[32minfo[39m[22m[49m: Unity.ILPP.Runner.PostProcessingPipeline[0]
      running zzzUnity.Burst.CodeGen.BurstILPostProcessor
[40m[32minfo[39m[22m[49m: Microsoft.AspNetCore.Routing.EndpointMiddleware[1]
      Executed endpoint 'gRPC - /UnityILPP.PostProcessing/PostProcessAssembly'
[40m[32minfo[39m[22m[49m: Microsoft.AspNetCore.Hosting.Diagnostics[2]
      Request finished HTTP/2 POST http://ilpp/UnityILPP.PostProcessing/PostProcessAssembly application/grpc - - 200 - application/grpc 6.7867ms
[40m[32minfo[39m[22m[49m: Microsoft.AspNetCore.Hosting.Diagnostics[1]
      Request starting HTTP/2 POST http://ilpp/UnityILPP.PostProcessing/PostProcessAssembly application/grpc -
[40m[32minfo[39m[22m[49m: Microsoft.AspNetCore.Routing.EndpointMiddleware[0]
      Executing endpoint 'gRPC - /UnityILPP.PostProcessing/PostProcessAssembly'
[40m[32minfo[39m[22m[49m: Unity.ILPP.Runner.PostProcessingPipeline[0]
      Processing assembly Library/Bee/artifacts/1300b0aE.dag/meta.xr.mrutilitykit.editor.dll, with 149 defines and 283 references
[40m[32minfo[39m[22m[49m: Unity.ILPP.Runner.PostProcessingPipeline[0]
      processors: Unity.Jobs.CodeGen.JobsILPostProcessor, zzzUnity.Burst.CodeGen.BurstILPostProcessor
[40m[32minfo[39m[22m[49m: Unity.ILPP.Runner.PostProcessingPipeline[0]
      running Unity.Jobs.CodeGen.JobsILPostProcessor
[40m[32minfo[39m[22m[49m: Unity.ILPP.Runner.PostProcessingPipeline[0]
      running zzzUnity.Burst.CodeGen.BurstILPostProcessor
[40m[32minfo[39m[22m[49m: Microsoft.AspNetCore.Routing.EndpointMiddleware[1]
      Executed endpoint 'gRPC - /UnityILPP.PostProcessing/PostProcessAssembly'
[40m[32minfo[39m[22m[49m: Microsoft.AspNetCore.Hosting.Diagnostics[2]
      Request finished HTTP/2 POST http://ilpp/UnityILPP.PostProcessing/PostProcessAssembly application/grpc - - 200 - application/grpc 50.4632ms
[40m[32minfo[39m[22m[49m: Microsoft.AspNetCore.Hosting.Diagnostics[1]
      Request starting HTTP/2 POST http://ilpp/UnityILPP.PostProcessing/PostProcessAssembly application/grpc -
[40m[32minfo[39m[22m[49m: Microsoft.AspNetCore.Routing.EndpointMiddleware[0]
      Executing endpoint 'gRPC - /UnityILPP.PostProcessing/PostProcessAssembly'
[40m[32minfo[39m[22m[49m: Unity.ILPP.Runner.PostProcessingPipeline[0]
      Processing assembly Library/Bee/artifacts/1300b0aE.dag/Meta.XR.MultiplayerBlocks.Shared.Editor.dll, with 150 defines and 283 references
[40m[32minfo[39m[22m[49m: Unity.ILPP.Runner.PostProcessingPipeline[0]
      processors: Unity.Jobs.CodeGen.JobsILPostProcessor, zzzUnity.Burst.CodeGen.BurstILPostProcessor
[40m[32minfo[39m[22m[49m: Unity.ILPP.Runner.PostProcessingPipeline[0]
      running Unity.Jobs.CodeGen.JobsILPostProcessor
[40m[32minfo[39m[22m[49m: Unity.ILPP.Runner.PostProcessingPipeline[0]
      running zzzUnity.Burst.CodeGen.BurstILPostProcessor
[40m[32minfo[39m[22m[49m: Microsoft.AspNetCore.Routing.EndpointMiddleware[1]
      Executed endpoint 'gRPC - /UnityILPP.PostProcessing/PostProcessAssembly'
[40m[32minfo[39m[22m[49m: Microsoft.AspNetCore.Hosting.Diagnostics[2]
      Request finished HTTP/2 POST http://ilpp/UnityILPP.PostProcessing/PostProcessAssembly application/grpc - - 200 - application/grpc 30.6730ms
[40m[32minfo[39m[22m[49m: Microsoft.AspNetCore.Hosting.Diagnostics[1]
      Request starting HTTP/2 POST http://ilpp/UnityILPP.PostProcessing/PostProcessAssembly application/grpc -
[40m[32minfo[39m[22m[49m: Microsoft.AspNetCore.Routing.EndpointMiddleware[0]
      Executing endpoint 'gRPC - /UnityILPP.PostProcessing/PostProcessAssembly'
[40m[32minfo[39m[22m[49m: Microsoft.AspNetCore.Hosting.Diagnostics[1]
      Request starting HTTP/2 POST http://ilpp/UnityILPP.PostProcessing/PostProcessAssembly application/grpc -
[40m[32minfo[39m[22m[49m: Microsoft.AspNetCore.Routing.EndpointMiddleware[0]
      Executing endpoint 'gRPC - /UnityILPP.PostProcessing/PostProcessAssembly'
[40m[32minfo[39m[22m[49m: Unity.ILPP.Runner.PostProcessingPipeline[0]
      Processing assembly Library/Bee/artifacts/1300b0aE.dag/Meta.XR.Editor.BuildingBlocks.AIBlocks.dll, with 149 defines and 286 references
[40m[32minfo[39m[22m[49m: Unity.ILPP.Runner.PostProcessingPipeline[0]
      processors: Unity.Jobs.CodeGen.JobsILPostProcessor, zzzUnity.Burst.CodeGen.BurstILPostProcessor
[40m[32minfo[39m[22m[49m: Unity.ILPP.Runner.PostProcessingPipeline[0]
      running Unity.Jobs.CodeGen.JobsILPostProcessor
[40m[32minfo[39m[22m[49m: Unity.ILPP.Runner.PostProcessingPipeline[0]
      running zzzUnity.Burst.CodeGen.BurstILPostProcessor
[40m[32minfo[39m[22m[49m: Microsoft.AspNetCore.Routing.EndpointMiddleware[1]
      Executed endpoint 'gRPC - /UnityILPP.PostProcessing/PostProcessAssembly'
[40m[32minfo[39m[22m[49m: Microsoft.AspNetCore.Hosting.Diagnostics[2]
      Request finished HTTP/2 POST http://ilpp/UnityILPP.PostProcessing/PostProcessAssembly application/grpc - - 200 - application/grpc 25.3953ms
[40m[32minfo[39m[22m[49m: Microsoft.AspNetCore.Hosting.Diagnostics[1]
      Request starting HTTP/2 POST http://ilpp/UnityILPP.PostProcessing/PostProcessAssembly application/grpc -
[40m[32minfo[39m[22m[49m: Microsoft.AspNetCore.Routing.EndpointMiddleware[0]
      Executing endpoint 'gRPC - /UnityILPP.PostProcessing/PostProcessAssembly'
[40m[32minfo[39m[22m[49m: Unity.ILPP.Runner.PostProcessingPipeline[0]
      Processing assembly Library/Bee/artifacts/1300b0aE.dag/Meta.XR.Editor.Guide.About.dll, with 149 defines and 290 references
[40m[32minfo[39m[22m[49m: Unity.ILPP.Runner.PostProcessingPipeline[0]
      processors: Unity.Jobs.CodeGen.JobsILPostProcessor, zzzUnity.Burst.CodeGen.BurstILPostProcessor
[40m[32minfo[39m[22m[49m: Unity.ILPP.Runner.PostProcessingPipeline[0]
      running Unity.Jobs.CodeGen.JobsILPostProcessor
[40m[32minfo[39m[22m[49m: Unity.ILPP.Runner.PostProcessingPipeline[0]
      running zzzUnity.Burst.CodeGen.BurstILPostProcessor
[40m[32minfo[39m[22m[49m: Microsoft.AspNetCore.Routing.EndpointMiddleware[1]
      Executed endpoint 'gRPC - /UnityILPP.PostProcessing/PostProcessAssembly'
[40m[32minfo[39m[22m[49m: Microsoft.AspNetCore.Hosting.Diagnostics[2]
      Request finished HTTP/2 POST http://ilpp/UnityILPP.PostProcessing/PostProcessAssembly application/grpc - - 200 - application/grpc 28.3704ms
[40m[32minfo[39m[22m[49m: Unity.ILPP.Runner.PostProcessingPipeline[0]
      Processing assembly Library/Bee/artifacts/1300b0aE.dag/Meta.XR.BuildingBlocks.DepthAPI.Editor.dll, with 149 defines and 286 references
[40m[32minfo[39m[22m[49m: Unity.ILPP.Runner.PostProcessingPipeline[0]
      processors: Unity.Jobs.CodeGen.JobsILPostProcessor, zzzUnity.Burst.CodeGen.BurstILPostProcessor
[40m[32minfo[39m[22m[49m: Unity.ILPP.Runner.PostProcessingPipeline[0]
      running Unity.Jobs.CodeGen.JobsILPostProcessor
[40m[32minfo[39m[22m[49m: Unity.ILPP.Runner.PostProcessingPipeline[0]
      running zzzUnity.Burst.CodeGen.BurstILPostProcessor
[40m[32minfo[39m[22m[49m: Microsoft.AspNetCore.Routing.EndpointMiddleware[1]
      Executed endpoint 'gRPC - /UnityILPP.PostProcessing/PostProcessAssembly'
[40m[32minfo[39m[22m[49m: Microsoft.AspNetCore.Hosting.Diagnostics[2]
      Request finished HTTP/2 POST http://ilpp/UnityILPP.PostProcessing/PostProcessAssembly application/grpc - - 200 - application/grpc 47.2609ms
[40m[32minfo[39m[22m[49m: Microsoft.AspNetCore.Hosting.Diagnostics[1]
      Request starting HTTP/2 POST http://ilpp/UnityILPP.PostProcessing/PostProcessAssembly application/grpc -
[40m[32minfo[39m[22m[49m: Microsoft.AspNetCore.Routing.EndpointMiddleware[0]
      Executing endpoint 'gRPC - /UnityILPP.PostProcessing/PostProcessAssembly'
[40m[32minfo[39m[22m[49m: Unity.ILPP.Runner.PostProcessingPipeline[0]
      Processing assembly Library/Bee/artifacts/1300b0aE.dag/Meta.XR.MultiplayerBlocks.NGO.Editor.dll, with 149 defines and 284 references
[40m[32minfo[39m[22m[49m: Unity.ILPP.Runner.PostProcessingPipeline[0]
      processors: Unity.Jobs.CodeGen.JobsILPostProcessor, zzzUnity.Burst.CodeGen.BurstILPostProcessor
[40m[32minfo[39m[22m[49m: Unity.ILPP.Runner.PostProcessingPipeline[0]
      running Unity.Jobs.CodeGen.JobsILPostProcessor
[40m[32minfo[39m[22m[49m: Unity.ILPP.Runner.PostProcessingPipeline[0]
      running zzzUnity.Burst.CodeGen.BurstILPostProcessor
[40m[32minfo[39m[22m[49m: Microsoft.AspNetCore.Routing.EndpointMiddleware[1]
      Executed endpoint 'gRPC - /UnityILPP.PostProcessing/PostProcessAssembly'
[40m[32minfo[39m[22m[49m: Microsoft.AspNetCore.Hosting.Diagnostics[2]
      Request finished HTTP/2 POST http://ilpp/UnityILPP.PostProcessing/PostProcessAssembly application/grpc - - 200 - application/grpc 14.1969ms
[40m[32minfo[39m[22m[49m: Microsoft.AspNetCore.Hosting.Diagnostics[1]
      Request starting HTTP/2 POST http://ilpp/UnityILPP.PostProcessing/PostProcessAssembly application/grpc -
[40m[32minfo[39m[22m[49m: Microsoft.AspNetCore.Routing.EndpointMiddleware[0]
      Executing endpoint 'gRPC - /UnityILPP.PostProcessing/PostProcessAssembly'
[40m[32minfo[39m[22m[49m: Unity.ILPP.Runner.PostProcessingPipeline[0]
      Processing assembly Library/Bee/artifacts/1300b0aE.dag/Meta.XR.MultiplayerBlocks.Fusion.Editor.dll, with 149 defines and 283 references
[40m[32minfo[39m[22m[49m: Unity.ILPP.Runner.PostProcessingPipeline[0]
      processors: Unity.Jobs.CodeGen.JobsILPostProcessor, zzzUnity.Burst.CodeGen.BurstILPostProcessor
[40m[32minfo[39m[22m[49m: Unity.ILPP.Runner.PostProcessingPipeline[0]
      running Unity.Jobs.CodeGen.JobsILPostProcessor
[40m[32minfo[39m[22m[49m: Unity.ILPP.Runner.PostProcessingPipeline[0]
      running zzzUnity.Burst.CodeGen.BurstILPostProcessor
[40m[32minfo[39m[22m[49m: Microsoft.AspNetCore.Routing.EndpointMiddleware[1]
      Executed endpoint 'gRPC - /UnityILPP.PostProcessing/PostProcessAssembly'
[40m[32minfo[39m[22m[49m: Microsoft.AspNetCore.Hosting.Diagnostics[2]
      Request finished HTTP/2 POST http://ilpp/UnityILPP.PostProcessing/PostProcessAssembly application/grpc - - 200 - application/grpc 33.0940ms
[40m[32minfo[39m[22m[49m: Microsoft.AspNetCore.Hosting.Diagnostics[1]
      Request starting HTTP/2 POST http://ilpp/UnityILPP.PostProcessing/PostProcessAssembly application/grpc -
[40m[32minfo[39m[22m[49m: Microsoft.AspNetCore.Routing.EndpointMiddleware[0]
      Executing endpoint 'gRPC - /UnityILPP.PostProcessing/PostProcessAssembly'
[40m[32minfo[39m[22m[49m: Unity.ILPP.Runner.PostProcessingPipeline[0]
      Processing assembly Library/Bee/artifacts/1300b0aE.dag/Assembly-CSharp.dll, with 150 defines and 329 references
[40m[32minfo[39m[22m[49m: Unity.ILPP.Runner.PostProcessingPipeline[0]
      processors: Unity.Jobs.CodeGen.JobsILPostProcessor, zzzUnity.Burst.CodeGen.BurstILPostProcessor
[40m[32minfo[39m[22m[49m: Unity.ILPP.Runner.PostProcessingPipeline[0]
      running Unity.Jobs.CodeGen.JobsILPostProcessor
[40m[32minfo[39m[22m[49m: Unity.ILPP.Runner.PostProcessingPipeline[0]
      running zzzUnity.Burst.CodeGen.BurstILPostProcessor
[40m[32minfo[39m[22m[49m: Microsoft.AspNetCore.Routing.EndpointMiddleware[1]
      Executed endpoint 'gRPC - /UnityILPP.PostProcessing/PostProcessAssembly'
[40m[32minfo[39m[22m[49m: Microsoft.AspNetCore.Hosting.Diagnostics[2]
      Request finished HTTP/2 POST http://ilpp/UnityILPP.PostProcessing/PostProcessAssembly application/grpc - - 200 - application/grpc 53.9041ms
[40m[32minfo[39m[22m[49m: Microsoft.AspNetCore.Hosting.Diagnostics[1]
      Request starting HTTP/2 POST http://ilpp/UnityILPP.PostProcessing/PostProcessAssembly application/grpc -
[40m[32minfo[39m[22m[49m: Microsoft.AspNetCore.Routing.EndpointMiddleware[0]
      Executing endpoint 'gRPC - /UnityILPP.PostProcessing/PostProcessAssembly'
[40m[32minfo[39m[22m[49m: Unity.ILPP.Runner.PostProcessingPipeline[0]
      Processing assembly Library/Bee/artifacts/1300b0aE.dag/Assembly-CSharp-Editor.dll, with 148 defines and 355 references
[40m[32minfo[39m[22m[49m: Unity.ILPP.Runner.PostProcessingPipeline[0]
      processors: Unity.Jobs.CodeGen.JobsILPostProcessor, zzzUnity.Burst.CodeGen.BurstILPostProcessor
[40m[32minfo[39m[22m[49m: Unity.ILPP.Runner.PostProcessingPipeline[0]
      running Unity.Jobs.CodeGen.JobsILPostProcessor
[40m[32minfo[39m[22m[49m: Unity.ILPP.Runner.PostProcessingPipeline[0]
      running zzzUnity.Burst.CodeGen.BurstILPostProcessor
[40m[32minfo[39m[22m[49m: Microsoft.AspNetCore.Routing.EndpointMiddleware[1]
      Executed endpoint 'gRPC - /UnityILPP.PostProcessing/PostProcessAssembly'
[40m[32minfo[39m[22m[49m: Microsoft.AspNetCore.Hosting.Diagnostics[2]
      Request finished HTTP/2 POST http://ilpp/UnityILPP.PostProcessing/PostProcessAssembly application/grpc - - 200 - application/grpc 66.9566ms
ExitCode: 0 Duration: 54s
Finished compiling graph: 1047 nodes, 24381 flattened edges (18635 ToBuild, 190 ToUse), maximum node priority 1746
[ 160/1044  0s] WriteText Library/Bee/artifacts/1300b0aE.dag/UnityEngine.TestRunner.rsp
[ 161/1044  0s] WriteText Library/Bee/artifacts/1300b0aE.dag/UnityEngine.UI.dll.mvfrm.rsp
[ 162/1044  0s] WriteText Library/Bee/artifacts/1300b0aE.dag/UnityEngine.TestRunner.dll.mvfrm.rsp
[ 163/1044  0s] WriteText Library/Bee/artifacts/1300b0aE.dag/UnityEngine.SpatialTracking.dll.mvfrm.rsp
[ 165/1044  0s] WriteText Library/Bee/artifacts/1300b0aE.dag/UnityEngine.UI.rsp
[ 167/1044  0s] WriteText Library/Bee/artifacts/1300b0aE.dag/Unity.InputSystem.dll.mvfrm.rsp
[ 172/1044  0s] WriteText Library/Bee/artifacts/1300b0aE.dag/UnityEditor.UI.rsp
[ 173/1044  0s] WriteText Library/Bee/artifacts/1300b0aE.dag/Unity.InputSystem.rsp
[ 175/1044  0s] WriteText Library/Bee/artifacts/1300b0aE.dag/UnityEngine.SpatialTracking.rsp
[ 179/1044  0s] WriteText Library/Bee/artifacts/1300b0aE.dag/Unity.XR.Management.dll.mvfrm.rsp
[ 188/1044  0s] WriteText Library/Bee/artifacts/1300b0aE.dag/Unity.XR.Management.rsp
[ 189/1044  0s] WriteText Library/Bee/artifacts/1300b0aE.dag/Unity.XR.OpenXR.rsp
[ 204/1044  0s] WriteText Library/Bee/artifacts/1300b0aE.dag/Unity.XR.CoreUtils.rsp
[ 205/1044  0s] WriteText Library/Bee/artifacts/1300b0aE.dag/Unity.InternalAPIEngineBridge.004.rsp
[ 206/1044  0s] WriteText Library/Bee/artifacts/1300b0aE.dag/Unity.TextMeshPro.dll.mvfrm.rsp
[ 207/1044  0s] WriteText Library/Bee/artifacts/1300b0aE.dag/Unity.XR.OpenXR.Features.MetaQuestSupport.dll.mvfrm.rsp
[ 212/1044  0s] WriteText Library/Bee/artifacts/1300b0aE.dag/Unity.TextMeshPro.rsp
[ 213/1044  0s] WriteText Library/Bee/artifacts/1300b0aE.dag/Unity.InternalAPIEngineBridge.004.dll.mvfrm.rsp
[ 219/1044  0s] WriteText Library/Bee/artifacts/1300b0aE.dag/Unity.XR.OpenXR.Features.MetaQuestSupport.rsp
[ 220/1044  0s] WriteText Library/Bee/artifacts/1300b0aE.dag/Oculus.VR.dll.mvfrm.rsp
[ 221/1044  0s] WriteText Library/Bee/artifacts/1300b0aE.dag/Unity.Burst.dll.mvfrm.rsp
[ 222/1044  0s] WriteText Library/Bee/artifacts/1300b0aE.dag/Unity.Burst.rsp
[ 240/1044  0s] WriteText Library/Bee/artifacts/1300b0aE.dag/Unity.Mathematics.rsp
[ 241/1044  0s] WriteText Library/Bee/artifacts/1300b0aE.dag/Unity.XR.CoreUtils.dll.mvfrm.rsp
[ 242/1044  0s] WriteText Library/Bee/artifacts/1300b0aE.dag/Unity.XR.OpenXR.dll.mvfrm.rsp
[ 249/1044  0s] WriteText Library/Bee/artifacts/1300b0aE.dag/Oculus.VR.rsp
[ 253/1044  0s] WriteText Library/Bee/artifacts/1300b0aE.dag/Unity.Collections.dll.mvfrm.rsp
[ 254/1044  0s] WriteText Library/Bee/artifacts/1300b0aE.dag/Unity.Mathematics.dll.mvfrm.rsp
[ 259/1044  0s] WriteText Library/Bee/artifacts/1300b0aE.dag/Unity.Collections.rsp
[ 290/1044  0s] WriteText Library/Bee/artifacts/1300b0aE.dag/Meta.XR.ImmersiveDebugger.Interface.dll.mvfrm.rsp
[ 301/1044  0s] WriteText Library/Bee/artifacts/1300b0aE.dag/Meta.XR.BuildingBlocks.dll.mvfrm.rsp
[ 302/1044  0s] WriteText Library/Bee/artifacts/1300b0aE.dag/Meta.XR.ImmersiveDebugger.Interface.rsp
[ 303/1044  0s] WriteText Library/Bee/artifacts/1300b0aE.dag/Unity.AI.Navigation.dll.mvfrm.rsp
[ 305/1044  0s] WriteText Library/Bee/artifacts/1300b0aE.dag/Meta.XR.EnvironmentDepth.rsp
[ 306/1044  0s] WriteText Library/Bee/artifacts/1300b0aE.dag/Meta.XR.ImmersiveDebugger.dll.mvfrm.rsp
[ 312/1044  0s] WriteText Library/Bee/artifacts/1300b0aE.dag/meta.xr.mrutilitykit.dll.mvfrm.rsp
[ 314/1044  0s] WriteText Library/Bee/artifacts/1300b0aE.dag/Meta.XR.BuildingBlocks.rsp
[ 316/1044  0s] WriteText Library/Bee/artifacts/1300b0aE.dag/Unity.AI.Navigation.rsp
[ 317/1044  0s] WriteText Library/Bee/artifacts/1300b0aE.dag/Meta.XR.EnvironmentDepth.dll.mvfrm.rsp
[ 318/1044  0s] WriteText Library/Bee/artifacts/1300b0aE.dag/Meta.XR.ImmersiveDebugger.rsp
[ 334/1044  0s] WriteText Library/Bee/artifacts/1300b0aE.dag/meta.xr.mrutilitykit.rsp
[ 342/1044  0s] WriteText Library/Bee/artifacts/1300b0aE.dag/glTFast.dll.mvfrm.rsp
[ 351/1044  0s] WriteText Library/Bee/artifacts/1300b0aE.dag/Unity.XR.OpenXR.Features.OculusQuestSupport.dll.mvfrm.rsp
[ 353/1044  0s] WriteText Library/Bee/artifacts/1300b0aE.dag/glTFast.rsp
[ 354/1044  0s] WriteText Library/Bee/artifacts/1300b0aE.dag/Unity.InputSystem.ForUI.dll.mvfrm.rsp
[ 355/1044  0s] WriteText Library/Bee/artifacts/1300b0aE.dag/UnityEngine.XR.LegacyInputHelpers.dll.mvfrm.rsp
[ 356/1044  0s] WriteText Library/Bee/artifacts/1300b0aE.dag/Unity.InputSystem.ForUI.rsp
[ 357/1044  0s] WriteText Library/Bee/artifacts/1300b0aE.dag/Unity.Timeline.dll.mvfrm.rsp
[ 358/1044  0s] WriteText Library/Bee/artifacts/1300b0aE.dag/Meta.XR.MultiplayerBlocks.Shared.dll.mvfrm.rsp
[ 362/1044  0s] WriteText Library/Bee/artifacts/1300b0aE.dag/Unity.Timeline.rsp
[ 369/1044  0s] WriteText Library/Bee/artifacts/1300b0aE.dag/Unity.XR.OpenXR.Features.RuntimeDebugger.dll.mvfrm.rsp
[ 371/1044  0s] WriteText Library/Bee/artifacts/1300b0aE.dag/Unity.XR.OpenXR.Features.RuntimeDebugger.rsp
[ 376/1044  0s] WriteText Library/Bee/artifacts/1300b0aE.dag/Unity.XR.OpenXR.Features.OculusQuestSupport.rsp
[ 386/1044  0s] WriteText Library/Bee/artifacts/1300b0aE.dag/Meta.XR.MultiplayerBlocks.Shared.rsp
[ 401/1044  0s] WriteText Library/Bee/artifacts/1300b0aE.dag/UnityEngine.XR.LegacyInputHelpers.rsp
[ 417/1044  0s] WriteText Library/Bee/artifacts/1300b0aE.dag/glTFast.Export.dll.mvfrm.rsp
[ 419/1044  0s] WriteText Library/Bee/artifacts/1300b0aE.dag/Meta.XR.BuildingBlocks.DepthAPI.dll.mvfrm.rsp
[ 422/1044  0s] WriteText Library/Bee/artifacts/1300b0aE.dag/glTFast.Export.rsp
[ 423/1044  0s] WriteText Library/Bee/artifacts/1300b0aE.dag/Meta.XR.BuildingBlocks.AIBlocks.dll.mvfrm.rsp
[ 435/1044  0s] WriteText Library/Bee/artifacts/1300b0aE.dag/Unity.XR.OpenXR.Features.ConformanceAutomation.dll.mvfrm.rsp
[ 449/1044  0s] WriteText Library/Bee/artifacts/1300b0aE.dag/Meta.XR.BuildingBlocks.AIBlocks.rsp
[ 454/1044  0s] WriteText Library/Bee/artifacts/1300b0aE.dag/Meta.XR.BuildingBlocks.DepthAPI.rsp
[ 457/1044  0s] WriteText Library/Bee/artifacts/1300b0aE.dag/Unity.XR.OpenXR.Features.ConformanceAutomation.rsp
[ 486/1044  0s] WriteText Library/Bee/artifacts/1300b0aE.dag/glTFast.dots.dll.mvfrm.rsp
[ 495/1044  0s] WriteText Library/Bee/artifacts/1300b0aE.dag/Unity.PerformanceTesting.dll.mvfrm.rsp
[ 497/1044  0s] WriteText Library/Bee/artifacts/1300b0aE.dag/glTFast.Newtonsoft.dll.mvfrm.rsp
[ 498/1044  0s] WriteText Library/Bee/artifacts/1300b0aE.dag/glTFast.dots.rsp
[ 499/1044  0s] WriteText Library/Bee/artifacts/1300b0aE.dag/Unity.PerformanceTesting.rsp
[ 500/1044  0s] WriteText Library/Bee/artifacts/1300b0aE.dag/glTFast.Newtonsoft.rsp
[ 501/1044  0s] WriteText Library/Bee/artifacts/1300b0aE.dag/Assembly-CSharp.dll.mvfrm.rsp
[ 502/1044  0s] WriteText Library/Bee/artifacts/1300b0aE.dag/Assembly-CSharp.rsp
[ 510/1044  0s] WriteText Library/Bee/artifacts/1300b0aE.dag/Unity.XR.OpenXR.Features.MockRuntime.dll.mvfrm.rsp
[ 513/1044  0s] WriteText Library/Bee/artifacts/1300b0aE.dag/Unity.InputSystem.TestFramework.dll.mvfrm.rsp
[ 515/1044  0s] WriteText Library/Bee/artifacts/1300b0aE.dag/glTFast.Documentation.Examples.dll.mvfrm.rsp
[ 525/1044  0s] WriteText Library/Bee/artifacts/1300b0aE.dag/glTFast.Documentation.Examples.rsp
[ 526/1044  0s] WriteText Library/Bee/artifacts/1300b0aE.dag/Unity.InputSystem.TestFramework.rsp
[ 529/1044  0s] WriteText Library/Bee/artifacts/1300b0aE.dag/Unity.XR.OpenXR.Features.MockRuntime.rsp
[ 530/1044  0s] WriteText Library/Bee/artifacts/1300b0aE.dag/Assembly-CSharp-Editor.rsp
[ 531/1044  0s] MovedFromExtractor-Combine Library/Bee/artifacts/1300b0aE.dag/UnityEngine.UI.dll.mvfrm
[ 532/1044  0s] MovedFromExtractor-Combine Library/Bee/artifacts/1300b0aE.dag/UnityEngine.TestRunner.dll.mvfrm
[ 533/1044  3s] Csc Library/Bee/artifacts/1300b0aE.dag/UnityEngine.TestRunner.dll (+2 others)
[ 534/1044  3s] Csc Library/Bee/artifacts/1300b0aE.dag/UnityEngine.UI.dll (+2 others)
[           0s] Csc Library/Bee/artifacts/1300b0aE.dag/UnityEngine.UI.dll (+2 others) [CacheWrite 00000000000000000000000000000005]
[           0s] Csc Library/Bee/artifacts/1300b0aE.dag/UnityEngine.TestRunner.dll (+2 others) [CacheWrite 00000000000000000000000000000005]
[ 537/1044  0s] CopyFiles Library/ScriptAssemblies/UnityEngine.TestRunner.dll
[ 538/1044  0s] CopyFiles Library/ScriptAssemblies/UnityEngine.TestRunner.pdb
[ 541/1044  0s] CopyFiles Library/ScriptAssemblies/UnityEditor.TestRunner.pdb
[ 542/1044  0s] CopyFiles Library/ScriptAssemblies/UnityEditor.TestRunner.dll
[ 543/1044  0s] MovedFromExtractor Library/Bee/artifacts/mvdfrm/UnityEngine.UI.ref.dll_BDDAB6C3AC1C4D86.mvfrm
[ 544/1044  0s] MovedFromExtractor-Combine Library/Bee/artifacts/1300b0aE.dag/UnityEditor.UI.dll.mvfrm
[ 545/1044  0s] Csc Library/Bee/artifacts/1300b0aE.dag/UnityEditor.UI.dll (+2 others)
[           0s] Csc Library/Bee/artifacts/1300b0aE.dag/UnityEditor.UI.dll (+2 others) [CacheWrite 00000000000000000000000000000005]
[ 547/1044  0s] MovedFromExtractor-Combine Library/Bee/artifacts/1300b0aE.dag/Unity.InternalAPIEngineBridge.004.dll.mvfrm
[ 548/1044  0s] MovedFromExtractor-Combine Library/Bee/artifacts/1300b0aE.dag/Unity.XR.Management.dll.mvfrm
[ 549/1044  0s] MovedFromExtractor-Combine Library/Bee/artifacts/1300b0aE.dag/Unity.Burst.dll.mvfrm
[ 550/1044  0s] MovedFromExtractor-Combine Library/Bee/artifacts/1300b0aE.dag/Meta.XR.Editor.Callbacks.dll.mvfrm
[ 551/1044  0s] MovedFromExtractor-Combine Library/Bee/artifacts/1300b0aE.dag/Meta.XR.Editor.Id.dll.mvfrm
[ 552/1044  0s] MovedFromExtractor-Combine Library/Bee/artifacts/1300b0aE.dag/Unity.Mathematics.dll.mvfrm
[ 553/1044  0s] MovedFromExtractor-Combine Library/Bee/artifacts/1300b0aE.dag/Unity.InputSystem.dll.mvfrm
[ 554/1044  0s] MovedFromExtractor-Combine Library/Bee/artifacts/1300b0aE.dag/UnityEngine.SpatialTracking.dll.mvfrm
[ 555/1044  1s] Csc Library/Bee/artifacts/1300b0aE.dag/Meta.XR.Editor.Callbacks.dll (+2 others)
[ 556/1044  1s] Csc Library/Bee/artifacts/1300b0aE.dag/Meta.XR.Editor.Id.dll (+2 others)
[           0s] Csc Library/Bee/artifacts/1300b0aE.dag/Meta.XR.Editor.Callbacks.dll (+2 others) [CacheWrite 00000000000000000000000000000005]
[           0s] Csc Library/Bee/artifacts/1300b0aE.dag/Meta.XR.Editor.Id.dll (+2 others) [CacheWrite 00000000000000000000000000000005]
[ 557/1044  1s] Csc Library/Bee/artifacts/1300b0aE.dag/UnityEngine.SpatialTracking.dll (+2 others)
[           0s] Csc Library/Bee/artifacts/1300b0aE.dag/UnityEngine.SpatialTracking.dll (+2 others) [CacheWrite 00000000000000000000000000000005]
[ 559/1044  1s] Csc Library/Bee/artifacts/1300b0aE.dag/Unity.InternalAPIEngineBridge.004.dll (+2 others)
[           0s] Csc Library/Bee/artifacts/1300b0aE.dag/Unity.InternalAPIEngineBridge.004.dll (+2 others) [CacheWrite 00000000000000000000000000000005]
[ 561/1044  0s] MovedFromExtractor-Combine Library/Bee/artifacts/1300b0aE.dag/Meta.XR.Editor.Settings.dll.mvfrm
[ 562/1044  0s] MovedFromExtractor-Combine Library/Bee/artifacts/1300b0aE.dag/Meta.XR.Editor.EditorCoroutine.dll.mvfrm
[ 563/1044  0s] MovedFromExtractor-Combine Library/Bee/artifacts/1300b0aE.dag/Meta.XR.Editor.Reflection.dll.mvfrm
[ 564/1044  0s] MovedFromExtractor-Combine Library/Bee/artifacts/1300b0aE.dag/Unity.TextMeshPro.dll.mvfrm
[ 565/1044  0s] MovedFromExtractor-Combine Library/Bee/artifacts/1300b0aE.dag/Meta.XR.Editor.RemoteContent.dll.mvfrm
[ 566/1044  2s] Csc Library/Bee/artifacts/1300b0aE.dag/Unity.XR.Management.dll (+2 others)
[           0s] Csc Library/Bee/artifacts/1300b0aE.dag/Unity.XR.Management.dll (+2 others) [CacheWrite 00000000000000000000000000000005]
[ 568/1044  0s] Csc Library/Bee/artifacts/1300b0aE.dag/Meta.XR.Editor.EditorCoroutine.dll (+2 others)
[           0s] Csc Library/Bee/artifacts/1300b0aE.dag/Meta.XR.Editor.EditorCoroutine.dll (+2 others) [CacheWrite 00000000000000000000000000000005]
[ 569/1044  0s] MovedFromExtractor-Combine Library/Bee/artifacts/1300b0aE.dag/Meta.XR.Editor.UserInterface.dll.mvfrm
[ 570/1044  0s] MovedFromExtractor-Combine Library/Bee/artifacts/1300b0aE.dag/Meta.XR.Editor.Tags.dll.mvfrm
[ 571/1044  0s] Csc Library/Bee/artifacts/1300b0aE.dag/Meta.XR.Editor.Reflection.dll (+2 others)
[           0s] Csc Library/Bee/artifacts/1300b0aE.dag/Meta.XR.Editor.Reflection.dll (+2 others) [CacheWrite 00000000000000000000000000000005]
[ 572/1044  0s] MovedFromExtractor-Combine Library/Bee/artifacts/1300b0aE.dag/Meta.XR.ImmersiveDebugger.Interface.dll.mvfrm
[ 573/1044  0s] MovedFromExtractor-Combine Library/Bee/artifacts/1300b0aE.dag/Meta.XR.Editor.ToolingSupport.dll.mvfrm
[ 574/1044  0s] MovedFromExtractor-Combine Library/Bee/artifacts/1300b0aE.dag/Meta.XR.Guides.Editor.dll.mvfrm
[ 575/1044  0s] MovedFromExtractor-Combine Library/Bee/artifacts/1300b0aE.dag/Meta.XR.Editor.Notifications.dll.mvfrm
[ 576/1044  0s] MovedFromExtractor-Combine Library/Bee/artifacts/1300b0aE.dag/Meta.XR.Editor.StatusMenu.dll.mvfrm
[ 577/1044  0s] MovedFromExtractor-Combine Library/Bee/artifacts/1300b0aE.dag/Unity.AI.Navigation.dll.mvfrm
[ 578/1044  0s] MovedFromExtractor-Combine Library/Bee/artifacts/1300b0aE.dag/Meta.XR.ImmersiveDebugger.dll.mvfrm
[ 579/1044  0s] Csc Library/Bee/artifacts/1300b0aE.dag/Meta.XR.ImmersiveDebugger.Interface.dll (+2 others)
[ 580/1044  0s] MovedFromExtractor-Combine Library/Bee/artifacts/1300b0aE.dag/Meta.XR.Editor.UPST.Notifications.dll.mvfrm
[           0s] Csc Library/Bee/artifacts/1300b0aE.dag/Meta.XR.ImmersiveDebugger.Interface.dll (+2 others) [CacheWrite 00000000000000000000000000000005]
[ 581/1044  0s] MovedFromExtractor-Combine Library/Bee/artifacts/1300b0aE.dag/Unity.AI.Navigation.Editor.ConversionSystem.dll.mvfrm
[ 582/1044  0s] MovedFromExtractor-Combine Library/Bee/artifacts/1300b0aE.dag/UnityEngine.XR.LegacyInputHelpers.dll.mvfrm
[ 583/1044  0s] MovedFromExtractor-Combine Library/Bee/artifacts/1300b0aE.dag/Meta.XR.BuildingBlocks.Editor.dll.mvfrm
[ 584/1044  1s] Csc Library/Bee/artifacts/1300b0aE.dag/Unity.AI.Navigation.dll (+2 others)
[           0s] Csc Library/Bee/artifacts/1300b0aE.dag/Unity.AI.Navigation.dll (+2 others) [CacheWrite 00000000000000000000000000000005]
[ 586/1044  0s] MovedFromExtractor-Combine Library/Bee/artifacts/1300b0aE.dag/Unity.Timeline.dll.mvfrm
[ 587/1044  0s] MovedFromExtractor-Combine Library/Bee/artifacts/1300b0aE.dag/Meta.XR.MultiplayerBlocks.Shared.dll.mvfrm
[ 588/1044  0s] MovedFromExtractor-Combine Library/Bee/artifacts/1300b0aE.dag/Meta.XR.Editor.PlayCompanion.dll.mvfrm
[ 589/1044  0s] MovedFromExtractor-Combine Library/Bee/artifacts/1300b0aE.dag/Meta.XR.MultiplayerBlocks.Shared.Editor.dll.mvfrm
[ 590/1044  0s] MovedFromExtractor-Combine Library/Bee/artifacts/1300b0aE.dag/MetaXRSimulatorCore.Editor.dll.mvfrm
[ 591/1044  1s] Csc Library/Bee/artifacts/1300b0aE.dag/UnityEngine.XR.LegacyInputHelpers.dll (+2 others)
[           0s] Csc Library/Bee/artifacts/1300b0aE.dag/UnityEngine.XR.LegacyInputHelpers.dll (+2 others) [CacheWrite 00000000000000000000000000000005]
[ 593/1044  0s] MovedFromExtractor-Combine Library/Bee/artifacts/1300b0aE.dag/Meta.XR.ImmersiveDebugger.Editor.dll.mvfrm
[ 594/1044  0s] MovedFromExtractor-Combine Library/Bee/artifacts/1300b0aE.dag/Meta.XR.BuildingBlocks.DepthAPI.dll.mvfrm
[ 595/1044  0s] MovedFromExtractor-Combine Library/Bee/artifacts/1300b0aE.dag/UnityEditor.SpatialTracking.dll.mvfrm
[ 596/1044  0s] MovedFromExtractor-Combine Library/Bee/artifacts/1300b0aE.dag/Meta.XR.Editor.ToolingSupport.RuntimeOptimizer.dll.mvfrm
[ 597/1044  2s] Csc Library/Bee/artifacts/1300b0aE.dag/Unity.AI.Navigation.Editor.ConversionSystem.dll (+2 others)
[           0s] Csc Library/Bee/artifacts/1300b0aE.dag/Unity.AI.Navigation.Editor.ConversionSystem.dll (+2 others) [CacheWrite 00000000000000000000000000000005]
[ 599/1044  7s] Csc Library/Bee/artifacts/1300b0aE.dag/Unity.Burst.dll (+2 others)
[           0s] Csc Library/Bee/artifacts/1300b0aE.dag/Unity.Burst.dll (+2 others) [CacheWrite 00000000000000000000000000000005]
[ 603/1044  0s] MovedFromExtractor-Combine Library/Bee/artifacts/1300b0aE.dag/Meta.XR.Editor.TelemetryUI.dll.mvfrm
[ 604/1044  0s] MovedFromExtractor-Combine Library/Bee/artifacts/1300b0aE.dag/Unity.AI.Navigation.Editor.dll.mvfrm
[ 605/1044  0s] MovedFromExtractor-Combine Library/Bee/artifacts/1300b0aE.dag/Unity.Burst.Editor.dll.mvfrm
[ 606/1044  0s] MovedFromExtractor-Combine Library/Bee/artifacts/1300b0aE.dag/Meta.XR.Editor.Guide.About.dll.mvfrm
[ 607/1044  2s] Csc Library/Bee/artifacts/1300b0aE.dag/UnityEditor.SpatialTracking.dll (+2 others)
[ 608/1044  0s] MovedFromExtractor-Combine Library/Bee/artifacts/1300b0aE.dag/Meta.XR.BuildingBlocks.DepthAPI.Editor.dll.mvfrm
[           0s] Csc Library/Bee/artifacts/1300b0aE.dag/UnityEditor.SpatialTracking.dll (+2 others) [CacheWrite 00000000000000000000000000000005]
[ 609/1044  1s] MovedFromExtractor-Combine Library/Bee/artifacts/1300b0aE.dag/Meta.XR.Editor.BuildingBlocks.AIBlocks.dll.mvfrm
[ 610/1044  1s] MovedFromExtractor-Combine Library/Bee/artifacts/1300b0aE.dag/meta.xr.mrutilitykit.editor.dll.mvfrm
[ 611/1044  5s] Csc Library/Bee/artifacts/1300b0aE.dag/Unity.Timeline.dll (+2 others)
[           0s] Csc Library/Bee/artifacts/1300b0aE.dag/Unity.Timeline.dll (+2 others) [CacheWrite 00000000000000000000000000000005]
[ 613/1044  9s] Csc Library/Bee/artifacts/1300b0aE.dag/Unity.TextMeshPro.dll (+2 others)
[ 614/1044  1s] MovedFromExtractor-Combine Library/Bee/artifacts/1300b0aE.dag/Meta.XR.MultiplayerBlocks.Fusion.Editor.dll.mvfrm
[ 615/1044  1s] MovedFromExtractor-Combine Library/Bee/artifacts/1300b0aE.dag/Meta.XR.MetaWand.Editor.dll.mvfrm
[           0s] Csc Library/Bee/artifacts/1300b0aE.dag/Unity.TextMeshPro.dll (+2 others) [CacheWrite 00000000000000000000000000000005]
[ 617/1044  2s] MovedFromExtractor-Combine Library/Bee/artifacts/1300b0aE.dag/Unity.Timeline.Editor.dll.mvfrm
[ 618/1044  2s] MovedFromExtractor-Combine Library/Bee/artifacts/1300b0aE.dag/Meta.XR.MultiplayerBlocks.NGO.Editor.dll.mvfrm
[ 619/1044  2s] MovedFromExtractor-Combine Library/Bee/artifacts/1300b0aE.dag/Unity.TextMeshPro.Editor.dll.mvfrm
[ 620/1044  2s] MovedFromExtractor-Combine Library/Bee/artifacts/1300b0aE.dag/Unity.PerformanceTesting.dll.mvfrm
[ 621/1044  1s] MovedFromExtractor-Combine Library/Bee/artifacts/1300b0aE.dag/meta.xr.mrutilitykit.dll.mvfrm
[ 622/1044  0s] MovedFromExtractor-Combine Library/Bee/artifacts/1300b0aE.dag/UnityEditor.UI.Analytics.dll.mvfrm
[ 623/1044  0s] Csc Library/Bee/artifacts/1300b0aE.dag/UnityEditor.UI.Analytics.dll (+2 others)
[           0s] Csc Library/Bee/artifacts/1300b0aE.dag/UnityEditor.UI.Analytics.dll (+2 others) [CacheWrite 00000000000000000000000000000005]
[ 626/1044  8s] Csc Library/Bee/artifacts/1300b0aE.dag/Unity.AI.Navigation.Editor.dll (+2 others)
[           0s] Csc Library/Bee/artifacts/1300b0aE.dag/Unity.AI.Navigation.Editor.dll (+2 others) [CacheWrite 00000000000000000000000000000005]
[ 628/1044  0s] MovedFromExtractor-Combine Library/Bee/artifacts/1300b0aE.dag/glTFast.Newtonsoft.dll.mvfrm
[ 629/1044  0s] MovedFromExtractor-Combine Library/Bee/artifacts/1300b0aE.dag/Unity.AI.Navigation.Updater.dll.mvfrm
[ 630/1044  2s] Csc Library/Bee/artifacts/1300b0aE.dag/Unity.PerformanceTesting.dll (+2 others)
[           0s] Csc Library/Bee/artifacts/1300b0aE.dag/Unity.PerformanceTesting.dll (+2 others) [CacheWrite 00000000000000000000000000000005]
[ 632/1044  0s] MovedFromExtractor-Combine Library/Bee/artifacts/1300b0aE.dag/glTFast.Editor.Documentation.Examples.dll.mvfrm
[ 633/1044  0s] CopyFiles Library/ScriptAssemblies/Unity.Burst.CodeGen.dll
[ 634/1044  0s] CopyFiles Library/ScriptAssemblies/Unity.Burst.CodeGen.pdb
[ 635/1044  0s] MovedFromExtractor-Combine Library/Bee/artifacts/1300b0aE.dag/Unity.PerformanceTesting.Editor.dll.mvfrm
[ 636/1044  1s] Csc Library/Bee/artifacts/1300b0aE.dag/Unity.AI.Navigation.Updater.dll (+2 others)
[           0s] Csc Library/Bee/artifacts/1300b0aE.dag/Unity.AI.Navigation.Updater.dll (+2 others) [CacheWrite 00000000000000000000000000000005]
[ 638/1044  2s] Csc Library/Bee/artifacts/1300b0aE.dag/Unity.TextMeshPro.Editor.dll (+2 others)
[           0s] Csc Library/Bee/artifacts/1300b0aE.dag/Unity.TextMeshPro.Editor.dll (+2 others) [CacheWrite 00000000000000000000000000000005]
[ 640/1044  1s] Csc Library/Bee/artifacts/1300b0aE.dag/Unity.PerformanceTesting.Editor.dll (+2 others)
[           0s] Csc Library/Bee/artifacts/1300b0aE.dag/Unity.PerformanceTesting.Editor.dll (+2 others) [CacheWrite 00000000000000000000000000000005]
[ 641/1044 20s] Csc Library/Bee/artifacts/1300b0aE.dag/Unity.InputSystem.dll (+2 others)
[           0s] Csc Library/Bee/artifacts/1300b0aE.dag/Unity.InputSystem.dll (+2 others) [CacheWrite 00000000000000000000000000000005]
[ 643/1044  5s] Csc Library/Bee/artifacts/1300b0aE.dag/Unity.Timeline.Editor.dll (+2 others)
[           0s] Csc Library/Bee/artifacts/1300b0aE.dag/Unity.Timeline.Editor.dll (+2 others) [CacheWrite 00000000000000000000000000000005]
[ 645/1044  0s] MovedFromExtractor-Combine Library/Bee/artifacts/1300b0aE.dag/Meta.XR.BuildingBlocks.dll.mvfrm
[ 646/1044  0s] MovedFromExtractor-Combine Library/Bee/artifacts/1300b0aE.dag/Unity.XR.CoreUtils.dll.mvfrm
[ 647/1044  0s] MovedFromExtractor-Combine Library/Bee/artifacts/1300b0aE.dag/Unity.InputSystem.ForUI.dll.mvfrm
[ 648/1044  0s] MovedFromExtractor-Combine Library/Bee/artifacts/1300b0aE.dag/UnityEditor.XR.LegacyInputHelpers.dll.mvfrm
[ 649/1044  0s] MovedFromExtractor-Combine Library/Bee/artifacts/1300b0aE.dag/Unity.InputSystem.TestFramework.dll.mvfrm
[ 650/1044  0s] MovedFromExtractor-Combine Library/Bee/artifacts/1300b0aE.dag/Unity.InputSystem.DocCodeSamples.dll.mvfrm
[ 651/1044  1s] Csc Library/Bee/artifacts/1300b0aE.dag/Unity.InputSystem.ForUI.dll (+2 others)
[           0s] Csc Library/Bee/artifacts/1300b0aE.dag/Unity.InputSystem.ForUI.dll (+2 others) [CacheWrite 00000000000000000000000000000005]
[ 653/1044  0s] MovedFromExtractor-Combine Library/Bee/artifacts/1300b0aE.dag/Unity.InputSystem.ForUI.Editor.dll.mvfrm
[ 654/1044  1s] Csc Library/Bee/artifacts/1300b0aE.dag/Unity.InputSystem.DocCodeSamples.dll (+2 others)
[           0s] Csc Library/Bee/artifacts/1300b0aE.dag/Unity.InputSystem.DocCodeSamples.dll (+2 others) [CacheWrite 00000000000000000000000000000005]
[ 655/1044  1s] Csc Library/Bee/artifacts/1300b0aE.dag/UnityEditor.XR.LegacyInputHelpers.dll (+2 others)
[ 656/1044  1s] Csc Library/Bee/artifacts/1300b0aE.dag/Unity.InputSystem.TestFramework.dll (+2 others)
[           0s] Csc Library/Bee/artifacts/1300b0aE.dag/Unity.InputSystem.TestFramework.dll (+2 others) [CacheWrite 00000000000000000000000000000005]
[           0s] Csc Library/Bee/artifacts/1300b0aE.dag/UnityEditor.XR.LegacyInputHelpers.dll (+2 others) [CacheWrite 00000000000000000000000000000005]
[ 658/1044  2s] Csc Library/Bee/artifacts/1300b0aE.dag/Unity.XR.CoreUtils.dll (+2 others)
[ 659/1044  0s] Csc Library/Bee/artifacts/1300b0aE.dag/Unity.InputSystem.ForUI.Editor.dll (+2 others)
[           0s] Csc Library/Bee/artifacts/1300b0aE.dag/Unity.XR.CoreUtils.dll (+2 others) [CacheWrite 00000000000000000000000000000005]
[           0s] Csc Library/Bee/artifacts/1300b0aE.dag/Unity.InputSystem.ForUI.Editor.dll (+2 others) [CacheWrite 00000000000000000000000000000005]
[ 662/1044  0s] MovedFromExtractor-Combine Library/Bee/artifacts/1300b0aE.dag/Unity.XR.CoreUtils.Editor.dll.mvfrm
[ 663/1044 23s] Csc Library/Bee/artifacts/1300b0aE.dag/Unity.Mathematics.dll (+2 others)
[           0s] Csc Library/Bee/artifacts/1300b0aE.dag/Unity.Mathematics.dll (+2 others) [CacheWrite 00000000000000000000000000000005]
[ 665/1044  0s] MovedFromExtractor-Combine Library/Bee/artifacts/1300b0aE.dag/glTFast.Export.dll.mvfrm
[ 666/1044  0s] MovedFromExtractor-Combine Library/Bee/artifacts/1300b0aE.dag/Unity.Collections.dll.mvfrm
[ 667/1044  0s] MovedFromExtractor-Combine Library/Bee/artifacts/1300b0aE.dag/glTFast.Documentation.Examples.dll.mvfrm
[ 668/1044  0s] MovedFromExtractor-Combine Library/Bee/artifacts/1300b0aE.dag/Unity.Mathematics.Editor.dll.mvfrm
[ 669/1044  0s] MovedFromExtractor-Combine Library/Bee/artifacts/1300b0aE.dag/glTFast.Editor.dll.mvfrm
[ 670/1044  0s] Csc Library/Bee/artifacts/1300b0aE.dag/Unity.XR.CoreUtils.Editor.dll (+2 others)
[           0s] Csc Library/Bee/artifacts/1300b0aE.dag/Unity.XR.CoreUtils.Editor.dll (+2 others) [CacheWrite 00000000000000000000000000000005]
[ 672/1044  0s] MovedFromExtractor-Combine Library/Bee/artifacts/1300b0aE.dag/Unity.XR.Management.Editor.dll.mvfrm
[ 673/1044  0s] Csc Library/Bee/artifacts/1300b0aE.dag/Unity.Mathematics.Editor.dll (+2 others)
[           0s] Csc Library/Bee/artifacts/1300b0aE.dag/Unity.Mathematics.Editor.dll (+2 others) [CacheWrite 00000000000000000000000000000005]
[ 675/1044  1s] Csc Library/Bee/artifacts/1300b0aE.dag/Unity.XR.Management.Editor.dll (+2 others)
[           0s] Csc Library/Bee/artifacts/1300b0aE.dag/Unity.XR.Management.Editor.dll (+2 others) [CacheWrite 00000000000000000000000000000005]
[ 677/1044  0s] MovedFromExtractor-Combine Library/Bee/artifacts/1300b0aE.dag/Unity.XR.OpenXR.dll.mvfrm
[ 678/1044  2s] Csc Library/Bee/artifacts/1300b0aE.dag/Unity.XR.OpenXR.dll (+2 others)
[           0s] Csc Library/Bee/artifacts/1300b0aE.dag/Unity.XR.OpenXR.dll (+2 others) [CacheWrite 00000000000000000000000000000005]
[ 680/1044  0s] MovedFromExtractor-Combine Library/Bee/artifacts/1300b0aE.dag/Meta.XR.BuildingBlocks.AIBlocks.dll.mvfrm
[ 681/1044  0s] MovedFromExtractor-Combine Library/Bee/artifacts/1300b0aE.dag/Meta.XR.EnvironmentDepth.Editor.dll.mvfrm
[ 682/1044  0s] MovedFromExtractor-Combine Library/Bee/artifacts/1300b0aE.dag/Unity.XR.OpenXR.Features.MetaQuestSupport.dll.mvfrm
[ 683/1044  0s] MovedFromExtractor-Combine Library/Bee/artifacts/1300b0aE.dag/Unity.XR.OpenXR.Features.ConformanceAutomation.dll.mvfrm
[ 684/1044  0s] MovedFromExtractor-Combine Library/Bee/artifacts/1300b0aE.dag/Unity.XR.OpenXR.Editor.dll.mvfrm
[ 685/1044  0s] MovedFromExtractor-Combine Library/Bee/artifacts/1300b0aE.dag/Meta.XR.EnvironmentDepth.dll.mvfrm
[ 686/1044  0s] Csc Library/Bee/artifacts/1300b0aE.dag/Unity.XR.OpenXR.Features.ConformanceAutomation.dll (+2 others)
[ 687/1044  0s] Csc Library/Bee/artifacts/1300b0aE.dag/Unity.XR.OpenXR.Features.MetaQuestSupport.dll (+2 others)
[           0s] Csc Library/Bee/artifacts/1300b0aE.dag/Unity.XR.OpenXR.Features.MetaQuestSupport.dll (+2 others) [CacheWrite 00000000000000000000000000000005]
[           0s] Csc Library/Bee/artifacts/1300b0aE.dag/Unity.XR.OpenXR.Features.ConformanceAutomation.dll (+2 others) [CacheWrite 00000000000000000000000000000005]
[ 690/1044  7s] Csc Library/Bee/artifacts/1300b0aE.dag/Unity.Collections.dll (+2 others)
[ 691/1044  0s] MovedFromExtractor-Combine Library/Bee/artifacts/1300b0aE.dag/Unity.XR.OpenXR.Features.OculusQuestSupport.dll.mvfrm
[           0s] Csc Library/Bee/artifacts/1300b0aE.dag/Unity.Collections.dll (+2 others) [CacheWrite 00000000000000000000000000000005]
[ 695/1044  0s] CopyFiles Library/ScriptAssemblies/Unity.Collections.CodeGen.pdb
[ 696/1044  0s] CopyFiles Library/ScriptAssemblies/Unity.Collections.CodeGen.dll
[ 697/1044  0s] Csc Library/Bee/artifacts/1300b0aE.dag/Unity.XR.OpenXR.Editor.dll (+2 others)
[           0s] Csc Library/Bee/artifacts/1300b0aE.dag/Unity.XR.OpenXR.Editor.dll (+2 others) [CacheWrite 00000000000000000000000000000005]
[ 699/1044 23s] Csc Library/Bee/artifacts/1300b0aE.dag/Unity.Burst.Editor.dll (+2 others)
[           0s] Csc Library/Bee/artifacts/1300b0aE.dag/Unity.Burst.Editor.dll (+2 others) [CacheWrite 00000000000000000000000000000005]
[ 700/1044  0s] MovedFromExtractor-Combine Library/Bee/artifacts/1300b0aE.dag/glTFast.dll.mvfrm
[ 701/1044  0s] MovedFromExtractor-Combine Library/Bee/artifacts/1300b0aE.dag/glTFast.dots.dll.mvfrm
[ 702/1044  0s] MovedFromExtractor-Combine Library/Bee/artifacts/1300b0aE.dag/Unity.Collections.Editor.dll.mvfrm
[ 703/1044  0s] MovedFromExtractor-Combine Library/Bee/artifacts/1300b0aE.dag/Oculus.VR.dll.mvfrm
[ 704/1044  0s] MovedFromExtractor-Combine Library/Bee/artifacts/1300b0aE.dag/Oculus.VR.Editor.dll.mvfrm
[ 705/1044  0s] Csc Library/Bee/artifacts/1300b0aE.dag/Unity.XR.OpenXR.Features.OculusQuestSupport.dll (+2 others)
[ 706/1044  0s] MovedFromExtractor-Combine Library/Bee/artifacts/1300b0aE.dag/Oculus.VR.Scripts.Editor.dll.mvfrm
[ 708/1044  0s] MovedFromExtractor-Combine Library/Bee/artifacts/1300b0aE.dag/Unity.XR.OpenXR.Features.RuntimeDebugger.dll.mvfrm
[           0s] Csc Library/Bee/artifacts/1300b0aE.dag/Unity.XR.OpenXR.Features.OculusQuestSupport.dll (+2 others) [CacheWrite 00000000000000000000000000000005]
[ 710/1044  0s] MovedFromExtractor-Combine Library/Bee/artifacts/1300b0aE.dag/Unity.XR.OpenXR.Features.MetaQuestSupport.Editor.dll.mvfrm
[ 711/1044  0s] MovedFromExtractor-Combine Library/Bee/artifacts/1300b0aE.dag/Unity.XR.OpenXR.Features.MockRuntime.dll.mvfrm
[ 712/1044  0s] MovedFromExtractor-Combine Library/Bee/artifacts/1300b0aE.dag/Unity.XR.OpenXR.Features.OculusQuestSupport.Editor.dll.mvfrm
[ 713/1044  0s] ILPP-Configuration Library/ilpp-configuration.nevergeneratedoutput
[ 714/1044  0s] Csc Library/Bee/artifacts/1300b0aE.dag/Unity.Collections.Editor.dll (+2 others)
[ 715/1044  0s] Csc Library/Bee/artifacts/1300b0aE.dag/Unity.XR.OpenXR.Features.RuntimeDebugger.dll (+2 others)
[           0s] Csc Library/Bee/artifacts/1300b0aE.dag/Unity.XR.OpenXR.Features.RuntimeDebugger.dll (+2 others) [CacheWrite 00000000000000000000000000000005]
[           0s] Csc Library/Bee/artifacts/1300b0aE.dag/Unity.Collections.Editor.dll (+2 others) [CacheWrite 00000000000000000000000000000005]
[ 718/1044  0s] Csc Library/Bee/artifacts/1300b0aE.dag/Unity.XR.OpenXR.Features.MetaQuestSupport.Editor.dll (+2 others)
[           0s] Csc Library/Bee/artifacts/1300b0aE.dag/Unity.XR.OpenXR.Features.MetaQuestSupport.Editor.dll (+2 others) [CacheWrite 00000000000000000000000000000005]
[ 720/1044  0s] Csc Library/Bee/artifacts/1300b0aE.dag/Unity.XR.OpenXR.Features.OculusQuestSupport.Editor.dll (+2 others)
[           0s] Csc Library/Bee/artifacts/1300b0aE.dag/Unity.XR.OpenXR.Features.OculusQuestSupport.Editor.dll (+2 others) [CacheWrite 00000000000000000000000000000005]
[ 722/1044  0s] MovedFromExtractor-Combine Library/Bee/artifacts/1300b0aE.dag/Unity.XR.OpenXR.Features.RuntimeDebugger.Editor.dll.mvfrm
[ 723/1044  1s] Csc Library/Bee/artifacts/1300b0aE.dag/Unity.XR.OpenXR.Features.MockRuntime.dll (+2 others)
[           0s] Csc Library/Bee/artifacts/1300b0aE.dag/Unity.XR.OpenXR.Features.MockRuntime.dll (+2 others) [CacheWrite 00000000000000000000000000000005]
[ 724/1044  0s] ILPostProcess Library/Bee/artifacts/1300b0aE.dag/post-processed/UnityEngine.SpatialTracking.dll (+pdb)
Processing assembly Library/Bee/artifacts/1300b0aE.dag/UnityEngine.SpatialTracking.dll, with 150 defines and 256 references
processors: Unity.Jobs.CodeGen.JobsILPostProcessor, zzzUnity.Burst.CodeGen.BurstILPostProcessor
running Unity.Jobs.CodeGen.JobsILPostProcessor
running zzzUnity.Burst.CodeGen.BurstILPostProcessor
[ 725/1044  1s] ILPostProcess Library/Bee/artifacts/1300b0aE.dag/post-processed/Unity.XR.OpenXR.Features.ConformanceAutomation.dll (+pdb)
Processing assembly Library/Bee/artifacts/1300b0aE.dag/Unity.XR.OpenXR.Features.ConformanceAutomation.dll, with 150 defines and 257 references
processors: Unity.Jobs.CodeGen.JobsILPostProcessor, zzzUnity.Burst.CodeGen.BurstILPostProcessor
running Unity.Jobs.CodeGen.JobsILPostProcessor
running zzzUnity.Burst.CodeGen.BurstILPostProcessor
[ 726/1044  1s] ILPostProcess Library/Bee/artifacts/1300b0aE.dag/post-processed/Unity.InputSystem.ForUI.dll (+pdb)
Processing assembly Library/Bee/artifacts/1300b0aE.dag/Unity.InputSystem.ForUI.dll, with 150 defines and 257 references
processors: Unity.Jobs.CodeGen.JobsILPostProcessor, zzzUnity.Burst.CodeGen.BurstILPostProcessor
running Unity.Jobs.CodeGen.JobsILPostProcessor
running zzzUnity.Burst.CodeGen.BurstILPostProcessor
[ 727/1044  0s] Csc Library/Bee/artifacts/1300b0aE.dag/Unity.XR.OpenXR.Features.RuntimeDebugger.Editor.dll (+2 others)
[ 728/1044  0s] ILPostProcess Library/Bee/artifacts/1300b0aE.dag/post-processed/Unity.InputSystem.TestFramework.dll (+pdb)
Processing assembly Library/Bee/artifacts/1300b0aE.dag/Unity.InputSystem.TestFramework.dll, with 151 defines and 252 references
processors: Unity.Jobs.CodeGen.JobsILPostProcessor, zzzUnity.Burst.CodeGen.BurstILPostProcessor
running Unity.Jobs.CodeGen.JobsILPostProcessor
running zzzUnity.Burst.CodeGen.BurstILPostProcessor
[ 729/1044  0s] ILPostProcess Library/Bee/artifacts/1300b0aE.dag/post-processed/Unity.XR.OpenXR.Features.MockRuntime.dll (+pdb)
Processing assembly Library/Bee/artifacts/1300b0aE.dag/Unity.XR.OpenXR.Features.MockRuntime.dll, with 150 defines and 255 references
processors: Unity.Jobs.CodeGen.JobsILPostProcessor, zzzUnity.Burst.CodeGen.BurstILPostProcessor
running Unity.Jobs.CodeGen.JobsILPostProcessor
running zzzUnity.Burst.CodeGen.BurstILPostProcessor
[ 730/1044  0s] ILPostProcess Library/Bee/artifacts/1300b0aE.dag/post-processed/UnityEngine.XR.LegacyInputHelpers.dll (+pdb)
Processing assembly Library/Bee/artifacts/1300b0aE.dag/UnityEngine.XR.LegacyInputHelpers.dll, with 150 defines and 257 references
processors: Unity.Jobs.CodeGen.JobsILPostProcessor, zzzUnity.Burst.CodeGen.BurstILPostProcessor
running Unity.Jobs.CodeGen.JobsILPostProcessor
running zzzUnity.Burst.CodeGen.BurstILPostProcessor
[           0s] Csc Library/Bee/artifacts/1300b0aE.dag/Unity.XR.OpenXR.Features.RuntimeDebugger.Editor.dll (+2 others) [CacheWrite 00000000000000000000000000000005]
[ 731/1044  0s] ILPostProcess Library/Bee/artifacts/1300b0aE.dag/post-processed/UnityEngine.UI.dll (+pdb)
Processing assembly Library/Bee/artifacts/1300b0aE.dag/UnityEngine.UI.dll, with 155 defines and 254 references
processors: Unity.Jobs.CodeGen.JobsILPostProcessor, zzzUnity.Burst.CodeGen.BurstILPostProcessor
running Unity.Jobs.CodeGen.JobsILPostProcessor
running zzzUnity.Burst.CodeGen.BurstILPostProcessor
[ 733/1044  0s] MovedFromExtractor-Combine Library/Bee/artifacts/1300b0aE.dag/Assembly-CSharp.dll.mvfrm
[ 734/1044  0s] MovedFromExtractor-Combine Library/Bee/artifacts/1300b0aE.dag/Assembly-CSharp-Editor.dll.mvfrm
[ 735/1044  0s] ILPostProcess Library/Bee/artifacts/1300b0aE.dag/post-processed/Unity.AI.Navigation.dll (+pdb)
Processing assembly Library/Bee/artifacts/1300b0aE.dag/Unity.AI.Navigation.dll, with 151 defines and 256 references
processors: Unity.Jobs.CodeGen.JobsILPostProcessor, zzzUnity.Burst.CodeGen.BurstILPostProcessor
running Unity.Jobs.CodeGen.JobsILPostProcessor
running zzzUnity.Burst.CodeGen.BurstILPostProcessor
[ 736/1044  1s] ILPostProcess Library/Bee/artifacts/1300b0aE.dag/post-processed/Unity.TextMeshPro.dll (+pdb)
Processing assembly Library/Bee/artifacts/1300b0aE.dag/Unity.TextMeshPro.dll, with 151 defines and 257 references
processors: Unity.Jobs.CodeGen.JobsILPostProcessor, zzzUnity.Burst.CodeGen.BurstILPostProcessor
running Unity.Jobs.CodeGen.JobsILPostProcessor
running zzzUnity.Burst.CodeGen.BurstILPostProcessor
[ 737/1044  1s] ILPostProcess Library/Bee/artifacts/1300b0aE.dag/post-processed/Unity.PerformanceTesting.dll (+pdb)
Processing assembly Library/Bee/artifacts/1300b0aE.dag/Unity.PerformanceTesting.dll, with 151 defines and 250 references
processors: Unity.Jobs.CodeGen.JobsILPostProcessor, zzzUnity.Burst.CodeGen.BurstILPostProcessor
running Unity.Jobs.CodeGen.JobsILPostProcessor
running zzzUnity.Burst.CodeGen.BurstILPostProcessor
[ 738/1044  3s] Csc Library/Bee/artifacts/1300b0aE.dag/glTFast.dll (+2 others)
[           0s] Csc Library/Bee/artifacts/1300b0aE.dag/glTFast.dll (+2 others) [CacheWrite 00000000000000000000000000000005]
[ 739/1044  0s] ILPostProcess Library/Bee/artifacts/1300b0aE.dag/post-processed/Unity.InternalAPIEngineBridge.004.dll (+pdb)
Processing assembly Library/Bee/artifacts/1300b0aE.dag/Unity.InternalAPIEngineBridge.004.dll, with 150 defines and 256 references
processors: Unity.Jobs.CodeGen.JobsILPostProcessor, zzzUnity.Burst.CodeGen.BurstILPostProcessor
running Unity.Jobs.CodeGen.JobsILPostProcessor
running zzzUnity.Burst.CodeGen.BurstILPostProcessor
[ 740/1044  0s] ILPostProcess Library/Bee/artifacts/1300b0aE.dag/post-processed/Unity.XR.OpenXR.Features.MetaQuestSupport.dll (+pdb)
Processing assembly Library/Bee/artifacts/1300b0aE.dag/Unity.XR.OpenXR.Features.MetaQuestSupport.dll, with 150 defines and 257 references
processors: Unity.Jobs.CodeGen.JobsILPostProcessor, zzzUnity.Burst.CodeGen.BurstILPostProcessor
running Unity.Jobs.CodeGen.JobsILPostProcessor
running zzzUnity.Burst.CodeGen.BurstILPostProcessor
[ 741/1044  0s] ILPostProcess Library/Bee/artifacts/1300b0aE.dag/post-processed/Unity.XR.CoreUtils.dll (+pdb)
Processing assembly Library/Bee/artifacts/1300b0aE.dag/Unity.XR.CoreUtils.dll, with 156 defines and 258 references
processors: Unity.Jobs.CodeGen.JobsILPostProcessor, zzzUnity.Burst.CodeGen.BurstILPostProcessor
running Unity.Jobs.CodeGen.JobsILPostProcessor
running zzzUnity.Burst.CodeGen.BurstILPostProcessor
[ 742/1044  0s] ILPostProcess Library/Bee/artifacts/1300b0aE.dag/post-processed/Unity.XR.Management.dll (+pdb)
Processing assembly Library/Bee/artifacts/1300b0aE.dag/Unity.XR.Management.dll, with 150 defines and 256 references
processors: Unity.Jobs.CodeGen.JobsILPostProcessor, zzzUnity.Burst.CodeGen.BurstILPostProcessor
running Unity.Jobs.CodeGen.JobsILPostProcessor
running zzzUnity.Burst.CodeGen.BurstILPostProcessor
[ 743/1044  0s] ILPostProcess Library/Bee/artifacts/1300b0aE.dag/post-processed/Unity.Mathematics.dll (+pdb)
Processing assembly Library/Bee/artifacts/1300b0aE.dag/Unity.Mathematics.dll, with 150 defines and 256 references
processors: Unity.Jobs.CodeGen.JobsILPostProcessor, zzzUnity.Burst.CodeGen.BurstILPostProcessor
running Unity.Jobs.CodeGen.JobsILPostProcessor
running zzzUnity.Burst.CodeGen.BurstILPostProcessor
[ 744/1044  0s] Csc Library/Bee/artifacts/1300b0aE.dag/glTFast.dots.dll (+2 others)
[           0s] Csc Library/Bee/artifacts/1300b0aE.dag/glTFast.dots.dll (+2 others) [CacheWrite 00000000000000000000000000000005]
[ 745/1044  0s] Csc Library/Bee/artifacts/1300b0aE.dag/glTFast.Newtonsoft.dll (+2 others)
[           0s] Csc Library/Bee/artifacts/1300b0aE.dag/glTFast.Newtonsoft.dll (+2 others) [CacheWrite 00000000000000000000000000000005]
[ 746/1044  0s] ILPostProcess Library/Bee/artifacts/1300b0aE.dag/post-processed/Unity.XR.OpenXR.dll (+pdb)
Processing assembly Library/Bee/artifacts/1300b0aE.dag/Unity.XR.OpenXR.dll, with 154 defines and 259 references
processors: Unity.Jobs.CodeGen.JobsILPostProcessor, zzzUnity.Burst.CodeGen.BurstILPostProcessor
running Unity.Jobs.CodeGen.JobsILPostProcessor
running zzzUnity.Burst.CodeGen.BurstILPostProcessor
[ 747/1044  0s] ILPostProcess Library/Bee/artifacts/1300b0aE.dag/post-processed/glTFast.Newtonsoft.dll (+pdb)
Processing assembly Library/Bee/artifacts/1300b0aE.dag/glTFast.Newtonsoft.dll, with 152 defines and 257 references
processors: Unity.Jobs.CodeGen.JobsILPostProcessor, zzzUnity.Burst.CodeGen.BurstILPostProcessor
running Unity.Jobs.CodeGen.JobsILPostProcessor
running zzzUnity.Burst.CodeGen.BurstILPostProcessor
[ 748/1044  1s] Csc Library/Bee/artifacts/1300b0aE.dag/glTFast.Export.dll (+2 others)
[           0s] Csc Library/Bee/artifacts/1300b0aE.dag/glTFast.Export.dll (+2 others) [CacheWrite 00000000000000000000000000000005]
[ 749/1044  1s] ILPostProcess Library/Bee/artifacts/1300b0aE.dag/post-processed/Unity.XR.OpenXR.Features.RuntimeDebugger.dll (+pdb)
Processing assembly Library/Bee/artifacts/1300b0aE.dag/Unity.XR.OpenXR.Features.RuntimeDebugger.dll, with 150 defines and 254 references
processors: Unity.Jobs.CodeGen.JobsILPostProcessor, zzzUnity.Burst.CodeGen.BurstILPostProcessor
running Unity.Jobs.CodeGen.JobsILPostProcessor
running zzzUnity.Burst.CodeGen.BurstILPostProcessor
[ 750/1044  4s] ILPostProcess Library/Bee/artifacts/1300b0aE.dag/post-processed/Unity.Burst.dll (+pdb)
Processing assembly Library/Bee/artifacts/1300b0aE.dag/Unity.Burst.dll, with 150 defines and 253 references
processors: Unity.Jobs.CodeGen.JobsILPostProcessor, zzzUnity.Burst.CodeGen.BurstILPostProcessor
running Unity.Jobs.CodeGen.JobsILPostProcessor
running zzzUnity.Burst.CodeGen.BurstILPostProcessor
[ 751/1044  1s] ILPostProcess Library/Bee/artifacts/1300b0aE.dag/post-processed/glTFast.dots.dll (+pdb)
Processing assembly Library/Bee/artifacts/1300b0aE.dag/glTFast.dots.dll, with 151 defines and 260 references
processors: Unity.Jobs.CodeGen.JobsILPostProcessor, zzzUnity.Burst.CodeGen.BurstILPostProcessor
running Unity.Jobs.CodeGen.JobsILPostProcessor
running zzzUnity.Burst.CodeGen.BurstILPostProcessor
[ 752/1044  0s] ILPostProcess Library/Bee/artifacts/1300b0aE.dag/post-processed/Meta.XR.ImmersiveDebugger.Interface.dll (+pdb)
Processing assembly Library/Bee/artifacts/1300b0aE.dag/Meta.XR.ImmersiveDebugger.Interface.dll, with 151 defines and 256 references
processors: Unity.Jobs.CodeGen.JobsILPostProcessor, zzzUnity.Burst.CodeGen.BurstILPostProcessor
running Unity.Jobs.CodeGen.JobsILPostProcessor
running zzzUnity.Burst.CodeGen.BurstILPostProcessor
[ 753/1044  0s] Csc Library/Bee/artifacts/1300b0aE.dag/glTFast.Documentation.Examples.dll (+2 others)
[           0s] Csc Library/Bee/artifacts/1300b0aE.dag/glTFast.Documentation.Examples.dll (+2 others) [CacheWrite 00000000000000000000000000000005]
[ 754/1044  0s] Csc Library/Bee/artifacts/1300b0aE.dag/glTFast.Editor.dll (+2 others)
[           0s] Csc Library/Bee/artifacts/1300b0aE.dag/glTFast.Editor.dll (+2 others) [CacheWrite 00000000000000000000000000000005]
[ 755/1044  2s] ILPostProcess Library/Bee/artifacts/1300b0aE.dag/post-processed/Unity.Timeline.dll (+pdb)
Processing assembly Library/Bee/artifacts/1300b0aE.dag/Unity.Timeline.dll, with 151 defines and 256 references
processors: Unity.Jobs.CodeGen.JobsILPostProcessor, zzzUnity.Burst.CodeGen.BurstILPostProcessor
running Unity.Jobs.CodeGen.JobsILPostProcessor
running zzzUnity.Burst.CodeGen.BurstILPostProcessor
[ 756/1044  0s] ILPostProcess Library/Bee/artifacts/1300b0aE.dag/post-processed/glTFast.Export.dll (+pdb)
Processing assembly Library/Bee/artifacts/1300b0aE.dag/glTFast.Export.dll, with 151 defines and 259 references
processors: Unity.Jobs.CodeGen.JobsILPostProcessor, zzzUnity.Burst.CodeGen.BurstILPostProcessor
running Unity.Jobs.CodeGen.JobsILPostProcessor
running zzzUnity.Burst.CodeGen.BurstILPostProcessor
[ 757/1044  0s] Csc Library/Bee/artifacts/1300b0aE.dag/glTFast.Editor.Documentation.Examples.dll (+2 others)
[           0s] Csc Library/Bee/artifacts/1300b0aE.dag/glTFast.Editor.Documentation.Examples.dll (+2 others) [CacheWrite 00000000000000000000000000000005]
[ 758/1044  0s] ILPostProcess Library/Bee/artifacts/1300b0aE.dag/post-processed/Unity.XR.OpenXR.Features.OculusQuestSupport.dll (+pdb)
Processing assembly Library/Bee/artifacts/1300b0aE.dag/Unity.XR.OpenXR.Features.OculusQuestSupport.dll, with 150 defines and 258 references
processors: Unity.Jobs.CodeGen.JobsILPostProcessor, zzzUnity.Burst.CodeGen.BurstILPostProcessor
running Unity.Jobs.CodeGen.JobsILPostProcessor
running zzzUnity.Burst.CodeGen.BurstILPostProcessor
[ 759/1044  0s] ILPostProcess Library/Bee/artifacts/1300b0aE.dag/post-processed/Unity.InputSystem.dll (+pdb)
Processing assembly Library/Bee/artifacts/1300b0aE.dag/Unity.InputSystem.dll, with 160 defines and 256 references
processors: Unity.Jobs.CodeGen.JobsILPostProcessor, zzzUnity.Burst.CodeGen.BurstILPostProcessor
running Unity.Jobs.CodeGen.JobsILPostProcessor
running zzzUnity.Burst.CodeGen.BurstILPostProcessor
[ 760/1044  0s] ILPostProcess Library/Bee/artifacts/1300b0aE.dag/post-processed/glTFast.Documentation.Examples.dll (+pdb)
Processing assembly Library/Bee/artifacts/1300b0aE.dag/glTFast.Documentation.Examples.dll, with 153 defines and 261 references
processors: Unity.Jobs.CodeGen.JobsILPostProcessor, zzzUnity.Burst.CodeGen.BurstILPostProcessor
running Unity.Jobs.CodeGen.JobsILPostProcessor
running zzzUnity.Burst.CodeGen.BurstILPostProcessor
[ 761/1044  7s] Csc Library/Bee/artifacts/1300b0aE.dag/Oculus.VR.dll (+2 others)
[           0s] Csc Library/Bee/artifacts/1300b0aE.dag/Oculus.VR.dll (+2 others) [CacheWrite 00000000000000000000000000000005]
[ 762/1044  0s] ILPostProcess Library/Bee/artifacts/1300b0aE.dag/post-processed/Unity.PerformanceTesting.Editor.dll (+pdb)
Processing assembly Library/Bee/artifacts/1300b0aE.dag/Unity.PerformanceTesting.Editor.dll, with 149 defines and 274 references
processors: Unity.Jobs.CodeGen.JobsILPostProcessor, zzzUnity.Burst.CodeGen.BurstILPostProcessor
running Unity.Jobs.CodeGen.JobsILPostProcessor
running zzzUnity.Burst.CodeGen.BurstILPostProcessor
[ 763/1044  0s] ILPostProcess Library/Bee/artifacts/1300b0aE.dag/post-processed/glTFast.Editor.Documentation.Examples.dll (+pdb)
Processing assembly Library/Bee/artifacts/1300b0aE.dag/glTFast.Editor.Documentation.Examples.dll, with 148 defines and 280 references
processors: Unity.Jobs.CodeGen.JobsILPostProcessor, zzzUnity.Burst.CodeGen.BurstILPostProcessor
running Unity.Jobs.CodeGen.JobsILPostProcessor
running zzzUnity.Burst.CodeGen.BurstILPostProcessor
[ 764/1044  0s] ILPostProcess Library/Bee/artifacts/1300b0aE.dag/post-processed/Unity.XR.Management.Editor.dll (+pdb)
Processing assembly Library/Bee/artifacts/1300b0aE.dag/Unity.XR.Management.Editor.dll, with 150 defines and 280 references
processors: Unity.Jobs.CodeGen.JobsILPostProcessor, zzzUnity.Burst.CodeGen.BurstILPostProcessor
running Unity.Jobs.CodeGen.JobsILPostProcessor
running zzzUnity.Burst.CodeGen.BurstILPostProcessor
[ 765/1044  0s] ILPostProcess Library/Bee/artifacts/1300b0aE.dag/post-processed/Unity.Timeline.Editor.dll (+pdb)
Processing assembly Library/Bee/artifacts/1300b0aE.dag/Unity.Timeline.Editor.dll, with 149 defines and 278 references
processors: Unity.Jobs.CodeGen.JobsILPostProcessor, zzzUnity.Burst.CodeGen.BurstILPostProcessor
running Unity.Jobs.CodeGen.JobsILPostProcessor
running zzzUnity.Burst.CodeGen.BurstILPostProcessor
[ 766/1044  0s] Csc Library/Bee/artifacts/1300b0aE.dag/Meta.XR.Editor.Settings.dll (+2 others)
[           0s] Csc Library/Bee/artifacts/1300b0aE.dag/Meta.XR.Editor.Settings.dll (+2 others) [CacheWrite 00000000000000000000000000000005]
[ 767/1044  1s] ILPostProcess Library/Bee/artifacts/1300b0aE.dag/post-processed/Unity.InputSystem.ForUI.Editor.dll (+pdb)
Processing assembly Library/Bee/artifacts/1300b0aE.dag/Unity.InputSystem.ForUI.Editor.dll, with 148 defines and 279 references
processors: Unity.Jobs.CodeGen.JobsILPostProcessor, zzzUnity.Burst.CodeGen.BurstILPostProcessor
running Unity.Jobs.CodeGen.JobsILPostProcessor
running zzzUnity.Burst.CodeGen.BurstILPostProcessor
[ 768/1044  0s] Csc Library/Bee/artifacts/1300b0aE.dag/Meta.XR.BuildingBlocks.dll (+2 others)
[ 769/1044  0s] Csc Library/Bee/artifacts/1300b0aE.dag/Meta.XR.EnvironmentDepth.dll (+2 others)
[           0s] Csc Library/Bee/artifacts/1300b0aE.dag/Meta.XR.BuildingBlocks.dll (+2 others) [CacheWrite 00000000000000000000000000000005]
[           0s] Csc Library/Bee/artifacts/1300b0aE.dag/Meta.XR.EnvironmentDepth.dll (+2 others) [CacheWrite 00000000000000000000000000000005]
[ 770/1044  4s] ILPostProcess Library/Bee/artifacts/1300b0aE.dag/post-processed/glTFast.dll (+pdb)
Processing assembly Library/Bee/artifacts/1300b0aE.dag/glTFast.dll, with 155 defines and 259 references
processors: Unity.Jobs.CodeGen.JobsILPostProcessor, zzzUnity.Burst.CodeGen.BurstILPostProcessor
running Unity.Jobs.CodeGen.JobsILPostProcessor
running zzzUnity.Burst.CodeGen.BurstILPostProcessor
[ 771/1044  0s] Csc Library/Bee/artifacts/1300b0aE.dag/Meta.XR.Editor.RemoteContent.dll (+2 others)
[           0s] Csc Library/Bee/artifacts/1300b0aE.dag/Meta.XR.Editor.RemoteContent.dll (+2 others) [CacheWrite 00000000000000000000000000000005]
[ 772/1044  0s] ILPostProcess Library/Bee/artifacts/1300b0aE.dag/post-processed/Oculus.VR.dll (+pdb)
Processing assembly Library/Bee/artifacts/1300b0aE.dag/Oculus.VR.dll, with 162 defines and 263 references
processors: Unity.Jobs.CodeGen.JobsILPostProcessor, zzzUnity.Burst.CodeGen.BurstILPostProcessor
running Unity.Jobs.CodeGen.JobsILPostProcessor
running zzzUnity.Burst.CodeGen.BurstILPostProcessor
[ 773/1044  0s] Csc Library/Bee/artifacts/1300b0aE.dag/Meta.XR.BuildingBlocks.DepthAPI.dll (+2 others)
[           0s] Csc Library/Bee/artifacts/1300b0aE.dag/Meta.XR.BuildingBlocks.DepthAPI.dll (+2 others) [CacheWrite 00000000000000000000000000000005]
[ 774/1044  1s] Csc Library/Bee/artifacts/1300b0aE.dag/Meta.XR.ImmersiveDebugger.dll (+2 others)
[           0s] Csc Library/Bee/artifacts/1300b0aE.dag/Meta.XR.ImmersiveDebugger.dll (+2 others) [CacheWrite 00000000000000000000000000000005]
[ 775/1044  0s] ILPostProcess Library/Bee/artifacts/1300b0aE.dag/post-processed/Unity.TextMeshPro.Editor.dll (+pdb)
Processing assembly Library/Bee/artifacts/1300b0aE.dag/Unity.TextMeshPro.Editor.dll, with 148 defines and 278 references
processors: Unity.Jobs.CodeGen.JobsILPostProcessor, zzzUnity.Burst.CodeGen.BurstILPostProcessor
running Unity.Jobs.CodeGen.JobsILPostProcessor
running zzzUnity.Burst.CodeGen.BurstILPostProcessor
[ 776/1044  0s] ILPostProcess Library/Bee/artifacts/1300b0aE.dag/post-processed/Meta.XR.EnvironmentDepth.dll (+pdb)
Processing assembly Library/Bee/artifacts/1300b0aE.dag/Meta.XR.EnvironmentDepth.dll, with 153 defines and 259 references
processors: Unity.Jobs.CodeGen.JobsILPostProcessor, zzzUnity.Burst.CodeGen.BurstILPostProcessor
running Unity.Jobs.CodeGen.JobsILPostProcessor
running zzzUnity.Burst.CodeGen.BurstILPostProcessor
[ 777/1044  0s] ILPostProcess Library/Bee/artifacts/1300b0aE.dag/post-processed/Meta.XR.BuildingBlocks.dll (+pdb)
Processing assembly Library/Bee/artifacts/1300b0aE.dag/Meta.XR.BuildingBlocks.dll, with 152 defines and 259 references
processors: Unity.Jobs.CodeGen.JobsILPostProcessor, zzzUnity.Burst.CodeGen.BurstILPostProcessor
running Unity.Jobs.CodeGen.JobsILPostProcessor
running zzzUnity.Burst.CodeGen.BurstILPostProcessor
[ 778/1044  2s] ILPostProcess Library/Bee/artifacts/1300b0aE.dag/post-processed/Unity.Collections.dll (+pdb)
Processing assembly Library/Bee/artifacts/1300b0aE.dag/Unity.Collections.dll, with 152 defines and 258 references
processors: Unity.Jobs.CodeGen.JobsILPostProcessor, zzzUnity.Burst.CodeGen.BurstILPostProcessor
running Unity.Jobs.CodeGen.JobsILPostProcessor
running zzzUnity.Burst.CodeGen.BurstILPostProcessor
[ 779/1044  0s] Csc Library/Bee/artifacts/1300b0aE.dag/Meta.XR.Editor.UserInterface.dll (+2 others)
[           0s] Csc Library/Bee/artifacts/1300b0aE.dag/Meta.XR.Editor.UserInterface.dll (+2 others) [CacheWrite 00000000000000000000000000000005]
[ 780/1044  0s] ILPostProcess Library/Bee/artifacts/1300b0aE.dag/post-processed/Meta.XR.ImmersiveDebugger.dll (+pdb)
Processing assembly Library/Bee/artifacts/1300b0aE.dag/Meta.XR.ImmersiveDebugger.dll, with 153 defines and 259 references
processors: Unity.Jobs.CodeGen.JobsILPostProcessor, zzzUnity.Burst.CodeGen.BurstILPostProcessor
running Unity.Jobs.CodeGen.JobsILPostProcessor
running zzzUnity.Burst.CodeGen.BurstILPostProcessor
[ 781/1044  0s] ILPostProcess Library/Bee/artifacts/1300b0aE.dag/post-processed/Meta.XR.Editor.Reflection.dll (+pdb)
Processing assembly Library/Bee/artifacts/1300b0aE.dag/Meta.XR.Editor.Reflection.dll, with 149 defines and 277 references
processors: Unity.Jobs.CodeGen.JobsILPostProcessor, zzzUnity.Burst.CodeGen.BurstILPostProcessor
running Unity.Jobs.CodeGen.JobsILPostProcessor
running zzzUnity.Burst.CodeGen.BurstILPostProcessor
[ 782/1044  0s] ILPostProcess Library/Bee/artifacts/1300b0aE.dag/post-processed/Meta.XR.BuildingBlocks.DepthAPI.dll (+pdb)
Processing assembly Library/Bee/artifacts/1300b0aE.dag/Meta.XR.BuildingBlocks.DepthAPI.dll, with 151 defines and 258 references
processors: Unity.Jobs.CodeGen.JobsILPostProcessor, zzzUnity.Burst.CodeGen.BurstILPostProcessor
running Unity.Jobs.CodeGen.JobsILPostProcessor
running zzzUnity.Burst.CodeGen.BurstILPostProcessor
[ 783/1044  0s] ILPostProcess Library/Bee/artifacts/1300b0aE.dag/post-processed/Unity.XR.OpenXR.Features.OculusQuestSupport.Editor.dll (+pdb)
Processing assembly Library/Bee/artifacts/1300b0aE.dag/Unity.XR.OpenXR.Features.OculusQuestSupport.Editor.dll, with 148 defines and 280 references
processors: Unity.Jobs.CodeGen.JobsILPostProcessor, zzzUnity.Burst.CodeGen.BurstILPostProcessor
running Unity.Jobs.CodeGen.JobsILPostProcessor
running zzzUnity.Burst.CodeGen.BurstILPostProcessor
[ 784/1044  0s] ILPostProcess Library/Bee/artifacts/1300b0aE.dag/post-processed/Unity.XR.CoreUtils.Editor.dll (+pdb)
Processing assembly Library/Bee/artifacts/1300b0aE.dag/Unity.XR.CoreUtils.Editor.dll, with 150 defines and 279 references
processors: Unity.Jobs.CodeGen.JobsILPostProcessor, zzzUnity.Burst.CodeGen.BurstILPostProcessor
running Unity.Jobs.CodeGen.JobsILPostProcessor
running zzzUnity.Burst.CodeGen.BurstILPostProcessor
[ 785/1044  0s] ILPostProcess Library/Bee/artifacts/1300b0aE.dag/post-processed/Unity.AI.Navigation.Editor.ConversionSystem.dll (+pdb)
Processing assembly Library/Bee/artifacts/1300b0aE.dag/Unity.AI.Navigation.Editor.ConversionSystem.dll, with 148 defines and 277 references
processors: Unity.Jobs.CodeGen.JobsILPostProcessor, zzzUnity.Burst.CodeGen.BurstILPostProcessor
running Unity.Jobs.CodeGen.JobsILPostProcessor
running zzzUnity.Burst.CodeGen.BurstILPostProcessor
[ 786/1044  0s] Csc Library/Bee/artifacts/1300b0aE.dag/Meta.XR.Editor.Tags.dll (+2 others)
[           0s] Csc Library/Bee/artifacts/1300b0aE.dag/Meta.XR.Editor.Tags.dll (+2 others) [CacheWrite 00000000000000000000000000000005]
[ 787/1044  0s] ILPostProcess Library/Bee/artifacts/1300b0aE.dag/post-processed/UnityEditor.XR.LegacyInputHelpers.dll (+pdb)
Processing assembly Library/Bee/artifacts/1300b0aE.dag/UnityEditor.XR.LegacyInputHelpers.dll, with 149 defines and 280 references
processors: Unity.Jobs.CodeGen.JobsILPostProcessor, zzzUnity.Burst.CodeGen.BurstILPostProcessor
running Unity.Jobs.CodeGen.JobsILPostProcessor
running zzzUnity.Burst.CodeGen.BurstILPostProcessor
[ 788/1044  0s] ILPostProcess Library/Bee/artifacts/1300b0aE.dag/post-processed/UnityEditor.UI.dll (+pdb)
Processing assembly Library/Bee/artifacts/1300b0aE.dag/UnityEditor.UI.dll, with 151 defines and 276 references
processors: Unity.Jobs.CodeGen.JobsILPostProcessor, zzzUnity.Burst.CodeGen.BurstILPostProcessor
running Unity.Jobs.CodeGen.JobsILPostProcessor
running zzzUnity.Burst.CodeGen.BurstILPostProcessor
[ 789/1044  0s] ILPostProcess Library/Bee/artifacts/1300b0aE.dag/post-processed/Unity.Collections.Editor.dll (+pdb)
Processing assembly Library/Bee/artifacts/1300b0aE.dag/Unity.Collections.Editor.dll, with 149 defines and 278 references
processors: Unity.Jobs.CodeGen.JobsILPostProcessor, zzzUnity.Burst.CodeGen.BurstILPostProcessor
running Unity.Jobs.CodeGen.JobsILPostProcessor
running zzzUnity.Burst.CodeGen.BurstILPostProcessor
[ 790/1044  0s] ILPostProcess Library/Bee/artifacts/1300b0aE.dag/post-processed/Unity.Mathematics.Editor.dll (+pdb)
Processing assembly Library/Bee/artifacts/1300b0aE.dag/Unity.Mathematics.Editor.dll, with 148 defines and 278 references
processors: Unity.Jobs.CodeGen.JobsILPostProcessor, zzzUnity.Burst.CodeGen.BurstILPostProcessor
running Unity.Jobs.CodeGen.JobsILPostProcessor
running zzzUnity.Burst.CodeGen.BurstILPostProcessor
[ 791/1044  0s] ILPostProcess Library/Bee/artifacts/1300b0aE.dag/post-processed/Unity.AI.Navigation.Updater.dll (+pdb)
Processing assembly Library/Bee/artifacts/1300b0aE.dag/Unity.AI.Navigation.Updater.dll, with 148 defines and 280 references
processors: Unity.Jobs.CodeGen.JobsILPostProcessor, zzzUnity.Burst.CodeGen.BurstILPostProcessor
running Unity.Jobs.CodeGen.JobsILPostProcessor
running zzzUnity.Burst.CodeGen.BurstILPostProcessor
[ 792/1044  0s] Csc Library/Bee/artifacts/1300b0aE.dag/Meta.XR.Editor.ToolingSupport.dll (+2 others)
[           0s] Csc Library/Bee/artifacts/1300b0aE.dag/Meta.XR.Editor.ToolingSupport.dll (+2 others) [CacheWrite 00000000000000000000000000000005]
[ 793/1044  0s] ILPostProcess Library/Bee/artifacts/1300b0aE.dag/post-processed/Meta.XR.Editor.Id.dll (+pdb)
Processing assembly Library/Bee/artifacts/1300b0aE.dag/Meta.XR.Editor.Id.dll, with 149 defines and 277 references
processors: Unity.Jobs.CodeGen.JobsILPostProcessor, zzzUnity.Burst.CodeGen.BurstILPostProcessor
running Unity.Jobs.CodeGen.JobsILPostProcessor
running zzzUnity.Burst.CodeGen.BurstILPostProcessor
[ 794/1044  0s] ILPostProcess Library/Bee/artifacts/1300b0aE.dag/post-processed/Meta.XR.Editor.RemoteContent.dll (+pdb)
Processing assembly Library/Bee/artifacts/1300b0aE.dag/Meta.XR.Editor.RemoteContent.dll, with 149 defines and 282 references
processors: Unity.Jobs.CodeGen.JobsILPostProcessor, zzzUnity.Burst.CodeGen.BurstILPostProcessor
running Unity.Jobs.CodeGen.JobsILPostProcessor
running zzzUnity.Burst.CodeGen.BurstILPostProcessor
[ 795/1044  0s] ILPostProcess Library/Bee/artifacts/1300b0aE.dag/post-processed/Meta.XR.Editor.Settings.dll (+pdb)
Processing assembly Library/Bee/artifacts/1300b0aE.dag/Meta.XR.Editor.Settings.dll, with 149 defines and 279 references
processors: Unity.Jobs.CodeGen.JobsILPostProcessor, zzzUnity.Burst.CodeGen.BurstILPostProcessor
running Unity.Jobs.CodeGen.JobsILPostProcessor
running zzzUnity.Burst.CodeGen.BurstILPostProcessor
[ 796/1044  0s] ILPostProcess Library/Bee/artifacts/1300b0aE.dag/post-processed/Unity.XR.OpenXR.Editor.dll (+pdb)
Processing assembly Library/Bee/artifacts/1300b0aE.dag/Unity.XR.OpenXR.Editor.dll, with 150 defines and 278 references
processors: Unity.Jobs.CodeGen.JobsILPostProcessor, zzzUnity.Burst.CodeGen.BurstILPostProcessor
running Unity.Jobs.CodeGen.JobsILPostProcessor
running zzzUnity.Burst.CodeGen.BurstILPostProcessor
[ 797/1044  0s] ILPostProcess Library/Bee/artifacts/1300b0aE.dag/post-processed/glTFast.Editor.dll (+pdb)
Processing assembly Library/Bee/artifacts/1300b0aE.dag/glTFast.Editor.dll, with 149 defines and 280 references
processors: Unity.Jobs.CodeGen.JobsILPostProcessor, zzzUnity.Burst.CodeGen.BurstILPostProcessor
running Unity.Jobs.CodeGen.JobsILPostProcessor
running zzzUnity.Burst.CodeGen.BurstILPostProcessor
[ 798/1044  0s] ILPostProcess Library/Bee/artifacts/1300b0aE.dag/post-processed/UnityEditor.UI.Analytics.dll (+pdb)
Processing assembly Library/Bee/artifacts/1300b0aE.dag/UnityEditor.UI.Analytics.dll, with 148 defines and 278 references
processors: Unity.Jobs.CodeGen.JobsILPostProcessor, zzzUnity.Burst.CodeGen.BurstILPostProcessor
running Unity.Jobs.CodeGen.JobsILPostProcessor
running zzzUnity.Burst.CodeGen.BurstILPostProcessor
[ 799/1044  0s] ILPostProcess Library/Bee/artifacts/1300b0aE.dag/post-processed/Meta.XR.Editor.UserInterface.dll (+pdb)
Processing assembly Library/Bee/artifacts/1300b0aE.dag/Meta.XR.Editor.UserInterface.dll, with 149 defines and 281 references
processors: Unity.Jobs.CodeGen.JobsILPostProcessor, zzzUnity.Burst.CodeGen.BurstILPostProcessor
running Unity.Jobs.CodeGen.JobsILPostProcessor
running zzzUnity.Burst.CodeGen.BurstILPostProcessor
[ 800/1044  0s] Csc Library/Bee/artifacts/1300b0aE.dag/Meta.XR.Editor.Notifications.dll (+2 others)
[           0s] Csc Library/Bee/artifacts/1300b0aE.dag/Meta.XR.Editor.Notifications.dll (+2 others) [CacheWrite 00000000000000000000000000000005]
[ 801/1044  0s] Csc Library/Bee/artifacts/1300b0aE.dag/Meta.XR.Editor.StatusMenu.dll (+2 others)
[           0s] Csc Library/Bee/artifacts/1300b0aE.dag/Meta.XR.Editor.StatusMenu.dll (+2 others) [CacheWrite 00000000000000000000000000000005]
[ 802/1044  0s] Csc Library/Bee/artifacts/1300b0aE.dag/Meta.XR.Editor.ToolingSupport.RuntimeOptimizer.dll (+2 others)
[           0s] Csc Library/Bee/artifacts/1300b0aE.dag/Meta.XR.Editor.ToolingSupport.RuntimeOptimizer.dll (+2 others) [CacheWrite 00000000000000000000000000000005]
[ 803/1044  0s] ILPostProcess Library/Bee/artifacts/1300b0aE.dag/post-processed/Unity.InputSystem.DocCodeSamples.dll (+pdb)
Processing assembly Library/Bee/artifacts/1300b0aE.dag/Unity.InputSystem.DocCodeSamples.dll, with 148 defines and 274 references
processors: Unity.Jobs.CodeGen.JobsILPostProcessor, zzzUnity.Burst.CodeGen.BurstILPostProcessor
running Unity.Jobs.CodeGen.JobsILPostProcessor
running zzzUnity.Burst.CodeGen.BurstILPostProcessor
[ 804/1044  0s] ILPostProcess Library/Bee/artifacts/1300b0aE.dag/post-processed/Unity.AI.Navigation.Editor.dll (+pdb)
Processing assembly Library/Bee/artifacts/1300b0aE.dag/Unity.AI.Navigation.Editor.dll, with 149 defines and 279 references
processors: Unity.Jobs.CodeGen.JobsILPostProcessor, zzzUnity.Burst.CodeGen.BurstILPostProcessor
running Unity.Jobs.CodeGen.JobsILPostProcessor
running zzzUnity.Burst.CodeGen.BurstILPostProcessor
[ 805/1044  0s] ILPostProcess Library/Bee/artifacts/1300b0aE.dag/post-processed/Unity.XR.OpenXR.Features.RuntimeDebugger.Editor.dll (+pdb)
Processing assembly Library/Bee/artifacts/1300b0aE.dag/Unity.XR.OpenXR.Features.RuntimeDebugger.Editor.dll, with 148 defines and 280 references
processors: Unity.Jobs.CodeGen.JobsILPostProcessor, zzzUnity.Burst.CodeGen.BurstILPostProcessor
running Unity.Jobs.CodeGen.JobsILPostProcessor
running zzzUnity.Burst.CodeGen.BurstILPostProcessor
[ 806/1044  0s] Csc Library/Bee/artifacts/1300b0aE.dag/Meta.XR.Guides.Editor.dll (+2 others)
[           0s] Csc Library/Bee/artifacts/1300b0aE.dag/Meta.XR.Guides.Editor.dll (+2 others) [CacheWrite 00000000000000000000000000000005]
[ 807/1044  0s] ILPostProcess Library/Bee/artifacts/1300b0aE.dag/post-processed/Unity.XR.OpenXR.Features.MetaQuestSupport.Editor.dll (+pdb)
Processing assembly Library/Bee/artifacts/1300b0aE.dag/Unity.XR.OpenXR.Features.MetaQuestSupport.Editor.dll, with 149 defines and 281 references
processors: Unity.Jobs.CodeGen.JobsILPostProcessor, zzzUnity.Burst.CodeGen.BurstILPostProcessor
running Unity.Jobs.CodeGen.JobsILPostProcessor
running zzzUnity.Burst.CodeGen.BurstILPostProcessor
[ 808/1044  0s] ILPostProcess Library/Bee/artifacts/1300b0aE.dag/post-processed/UnityEditor.SpatialTracking.dll (+pdb)
Processing assembly Library/Bee/artifacts/1300b0aE.dag/UnityEditor.SpatialTracking.dll, with 149 defines and 278 references
processors: Unity.Jobs.CodeGen.JobsILPostProcessor, zzzUnity.Burst.CodeGen.BurstILPostProcessor
running Unity.Jobs.CodeGen.JobsILPostProcessor
running zzzUnity.Burst.CodeGen.BurstILPostProcessor
[ 809/1044  0s] ILPostProcess Library/Bee/artifacts/1300b0aE.dag/post-processed/Meta.XR.Editor.StatusMenu.dll (+pdb)
Processing assembly Library/Bee/artifacts/1300b0aE.dag/Meta.XR.Editor.StatusMenu.dll, with 149 defines and 283 references
processors: Unity.Jobs.CodeGen.JobsILPostProcessor, zzzUnity.Burst.CodeGen.BurstILPostProcessor
running Unity.Jobs.CodeGen.JobsILPostProcessor
running zzzUnity.Burst.CodeGen.BurstILPostProcessor
[ 810/1044  0s] ILPostProcess Library/Bee/artifacts/1300b0aE.dag/post-processed/Meta.XR.Editor.ToolingSupport.RuntimeOptimizer.dll (+pdb)
Processing assembly Library/Bee/artifacts/1300b0aE.dag/Meta.XR.Editor.ToolingSupport.RuntimeOptimizer.dll, with 149 defines and 280 references
processors: Unity.Jobs.CodeGen.JobsILPostProcessor, zzzUnity.Burst.CodeGen.BurstILPostProcessor
running Unity.Jobs.CodeGen.JobsILPostProcessor
running zzzUnity.Burst.CodeGen.BurstILPostProcessor
[ 811/1044  0s] ILPostProcess Library/Bee/artifacts/1300b0aE.dag/post-processed/Meta.XR.Editor.Callbacks.dll (+pdb)
Processing assembly Library/Bee/artifacts/1300b0aE.dag/Meta.XR.Editor.Callbacks.dll, with 149 defines and 277 references
processors: Unity.Jobs.CodeGen.JobsILPostProcessor, zzzUnity.Burst.CodeGen.BurstILPostProcessor
running Unity.Jobs.CodeGen.JobsILPostProcessor
running zzzUnity.Burst.CodeGen.BurstILPostProcessor
[ 812/1044  0s] CopyFiles Library/ScriptAssemblies/Unity.InputSystem.ForUI.dll
[ 813/1044  0s] CopyFiles Library/ScriptAssemblies/glTFast.Newtonsoft.dll
[ 814/1044  0s] CopyFiles Library/ScriptAssemblies/Unity.TextMeshPro.dll
[ 815/1044  0s] CopyFiles Library/ScriptAssemblies/Unity.AI.Navigation.dll
[ 816/1044  0s] CopyFiles Library/ScriptAssemblies/Unity.XR.Management.dll
[ 817/1044  0s] CopyFiles Library/ScriptAssemblies/Unity.Mathematics.dll
[ 818/1044  0s] CopyFiles Library/ScriptAssemblies/Meta.XR.ImmersiveDebugger.Interface.dll
[ 819/1044  0s] CopyFiles Library/ScriptAssemblies/Unity.InputSystem.TestFramework.dll
[ 820/1044  0s] CopyFiles Library/ScriptAssemblies/glTFast.Documentation.Examples.dll
[ 821/1044  0s] CopyFiles Library/ScriptAssemblies/Unity.XR.CoreUtils.dll
[ 822/1044  0s] CopyFiles Library/ScriptAssemblies/UnityEngine.SpatialTracking.dll
[ 823/1044  0s] CopyFiles Library/ScriptAssemblies/Unity.XR.OpenXR.Features.RuntimeDebugger.dll
[ 824/1044  0s] CopyFiles Library/ScriptAssemblies/Unity.Burst.dll
[ 825/1044  0s] CopyFiles Library/ScriptAssemblies/Unity.InternalAPIEngineBridge.004.dll
[ 826/1044  0s] CopyFiles Library/ScriptAssemblies/Meta.XR.BuildingBlocks.DepthAPI.dll
[ 827/1044  0s] CopyFiles Library/ScriptAssemblies/glTFast.Export.dll
[ 828/1044  0s] CopyFiles Library/ScriptAssemblies/Unity.InputSystem.dll
[ 829/1044  0s] CopyFiles Library/ScriptAssemblies/Meta.XR.ImmersiveDebugger.dll
[ 830/1044  0s] CopyFiles Library/ScriptAssemblies/Unity.XR.OpenXR.Features.MetaQuestSupport.dll
[ 831/1044  0s] CopyFiles Library/ScriptAssemblies/Unity.Collections.dll
[ 832/1044  0s] CopyFiles Library/ScriptAssemblies/Unity.XR.OpenXR.dll
[ 833/1044  0s] CopyFiles Library/ScriptAssemblies/Meta.XR.BuildingBlocks.dll
[ 834/1044  0s] CopyFiles Library/ScriptAssemblies/Unity.XR.OpenXR.Features.OculusQuestSupport.dll
[ 835/1044  0s] CopyFiles Library/ScriptAssemblies/Meta.XR.EnvironmentDepth.dll
[ 836/1044  0s] CopyFiles Library/ScriptAssemblies/glTFast.dots.dll
[ 837/1044  0s] CopyFiles Library/ScriptAssemblies/Unity.XR.OpenXR.Features.MockRuntime.dll
[ 838/1044  0s] CopyFiles Library/ScriptAssemblies/Unity.PerformanceTesting.dll
[ 839/1044  0s] CopyFiles Library/ScriptAssemblies/UnityEngine.UI.dll
[ 840/1044  0s] CopyFiles Library/ScriptAssemblies/Oculus.VR.dll
[ 841/1044  0s] CopyFiles Library/ScriptAssemblies/UnityEngine.XR.LegacyInputHelpers.dll
[ 842/1044  0s] CopyFiles Library/ScriptAssemblies/glTFast.dll
[ 843/1044  0s] CopyFiles Library/ScriptAssemblies/Unity.XR.OpenXR.Features.ConformanceAutomation.dll
[ 844/1044  0s] CopyFiles Library/ScriptAssemblies/Unity.Timeline.dll
[ 845/1044  0s] CopyFiles Library/ScriptAssemblies/Meta.XR.Editor.Callbacks.pdb
[ 846/1044  0s] CopyFiles Library/ScriptAssemblies/Meta.XR.Editor.Callbacks.dll
[ 847/1044  0s] CopyFiles Library/ScriptAssemblies/Meta.XR.Editor.ToolingSupport.RuntimeOptimizer.dll
[ 848/1044  0s] CopyFiles Library/ScriptAssemblies/Meta.XR.Editor.ToolingSupport.RuntimeOptimizer.pdb
[ 849/1044  0s] CopyFiles Library/ScriptAssemblies/Meta.XR.Editor.StatusMenu.dll
[ 850/1044  0s] CopyFiles Library/ScriptAssemblies/Meta.XR.Editor.StatusMenu.pdb
[ 851/1044  0s] CopyFiles Library/ScriptAssemblies/UnityEditor.SpatialTracking.pdb
[ 852/1044  0s] CopyFiles Library/ScriptAssemblies/UnityEditor.SpatialTracking.dll
[ 853/1044  0s] CopyFiles Library/ScriptAssemblies/Unity.XR.OpenXR.Features.MetaQuestSupport.Editor.pdb
[ 854/1044  0s] CopyFiles Library/ScriptAssemblies/Unity.XR.OpenXR.Features.MetaQuestSupport.Editor.dll
[ 855/1044  0s] CopyFiles Library/ScriptAssemblies/Unity.XR.OpenXR.Features.RuntimeDebugger.Editor.dll
[ 856/1044  0s] CopyFiles Library/ScriptAssemblies/Unity.XR.OpenXR.Features.RuntimeDebugger.Editor.pdb
[ 857/1044  0s] CopyFiles Library/ScriptAssemblies/Unity.AI.Navigation.Editor.pdb
[ 858/1044  0s] CopyFiles Library/ScriptAssemblies/Unity.AI.Navigation.Editor.dll
[ 859/1044  0s] CopyFiles Library/ScriptAssemblies/Unity.InputSystem.DocCodeSamples.dll
[ 860/1044  0s] CopyFiles Library/ScriptAssemblies/Unity.InputSystem.DocCodeSamples.pdb
[ 861/1044  0s] CopyFiles Library/ScriptAssemblies/Meta.XR.Editor.UserInterface.dll
[ 862/1044  0s] CopyFiles Library/ScriptAssemblies/Meta.XR.Editor.UserInterface.pdb
[ 863/1044  0s] CopyFiles Library/ScriptAssemblies/UnityEditor.UI.Analytics.dll
[ 864/1044  0s] CopyFiles Library/ScriptAssemblies/UnityEditor.UI.Analytics.pdb
[ 865/1044  0s] CopyFiles Library/ScriptAssemblies/glTFast.Editor.dll
[ 866/1044  0s] CopyFiles Library/ScriptAssemblies/glTFast.Editor.pdb
[ 867/1044  0s] CopyFiles Library/ScriptAssemblies/Unity.XR.OpenXR.Editor.pdb
[ 868/1044  0s] CopyFiles Library/ScriptAssemblies/Unity.XR.OpenXR.Editor.dll
[ 869/1044  0s] CopyFiles Library/ScriptAssemblies/Meta.XR.Editor.Settings.dll
[ 870/1044  0s] CopyFiles Library/ScriptAssemblies/Meta.XR.Editor.Settings.pdb
[ 871/1044  0s] CopyFiles Library/ScriptAssemblies/Meta.XR.Editor.RemoteContent.dll
[ 872/1044  0s] CopyFiles Library/ScriptAssemblies/Meta.XR.Editor.RemoteContent.pdb
[ 873/1044  0s] CopyFiles Library/ScriptAssemblies/Meta.XR.Editor.Id.dll
[ 874/1044  0s] CopyFiles Library/ScriptAssemblies/Meta.XR.Editor.Id.pdb
[ 875/1044  0s] CopyFiles Library/ScriptAssemblies/Unity.AI.Navigation.Updater.pdb
[ 876/1044  0s] CopyFiles Library/ScriptAssemblies/Unity.AI.Navigation.Updater.dll
[ 877/1044  0s] CopyFiles Library/ScriptAssemblies/Unity.Mathematics.Editor.pdb
[ 878/1044  0s] CopyFiles Library/ScriptAssemblies/Unity.Mathematics.Editor.dll
[ 879/1044  0s] CopyFiles Library/ScriptAssemblies/UnityEditor.UI.dll
[ 880/1044  0s] CopyFiles Library/ScriptAssemblies/UnityEditor.UI.pdb
[ 881/1044  0s] CopyFiles Library/ScriptAssemblies/Unity.Collections.Editor.pdb
[ 882/1044  0s] CopyFiles Library/ScriptAssemblies/Unity.Collections.Editor.dll
[ 883/1044  0s] CopyFiles Library/ScriptAssemblies/UnityEditor.XR.LegacyInputHelpers.pdb
[ 884/1044  0s] CopyFiles Library/ScriptAssemblies/UnityEditor.XR.LegacyInputHelpers.dll
[ 885/1044  0s] CopyFiles Library/ScriptAssemblies/Unity.AI.Navigation.Editor.ConversionSystem.dll
[ 886/1044  0s] CopyFiles Library/ScriptAssemblies/Unity.AI.Navigation.Editor.ConversionSystem.pdb
[ 887/1044  0s] CopyFiles Library/ScriptAssemblies/Unity.XR.CoreUtils.Editor.dll
[ 888/1044  0s] CopyFiles Library/ScriptAssemblies/Unity.XR.CoreUtils.Editor.pdb
[ 889/1044  0s] CopyFiles Library/ScriptAssemblies/Unity.XR.OpenXR.Features.OculusQuestSupport.Editor.pdb
[ 890/1044  0s] CopyFiles Library/ScriptAssemblies/Unity.XR.OpenXR.Features.OculusQuestSupport.Editor.dll
[ 891/1044  0s] CopyFiles Library/ScriptAssemblies/Meta.XR.BuildingBlocks.DepthAPI.pdb
[ 892/1044  0s] CopyFiles Library/ScriptAssemblies/Meta.XR.Editor.Reflection.pdb
[ 893/1044  0s] CopyFiles Library/ScriptAssemblies/Meta.XR.Editor.Reflection.dll
[ 894/1044  0s] CopyFiles Library/ScriptAssemblies/Meta.XR.ImmersiveDebugger.pdb
[ 895/1044  0s] CopyFiles Library/ScriptAssemblies/Unity.Collections.pdb
[ 896/1044  0s] CopyFiles Library/ScriptAssemblies/Meta.XR.BuildingBlocks.pdb
[ 897/1044  0s] CopyFiles Library/ScriptAssemblies/Meta.XR.EnvironmentDepth.pdb
[ 898/1044  0s] CopyFiles Library/ScriptAssemblies/Unity.TextMeshPro.Editor.dll
[ 899/1044  0s] CopyFiles Library/ScriptAssemblies/Unity.TextMeshPro.Editor.pdb
[ 900/1044  0s] CopyFiles Library/ScriptAssemblies/Oculus.VR.pdb
[ 901/1044  0s] CopyFiles Library/ScriptAssemblies/glTFast.pdb
[ 902/1044  0s] CopyFiles Library/ScriptAssemblies/Unity.InputSystem.ForUI.Editor.pdb
[ 903/1044  0s] CopyFiles Library/ScriptAssemblies/Unity.InputSystem.ForUI.Editor.dll
[ 904/1044  0s] CopyFiles Library/ScriptAssemblies/Unity.Timeline.Editor.dll
[ 905/1044  0s] CopyFiles Library/ScriptAssemblies/Unity.Timeline.Editor.pdb
[ 906/1044  0s] CopyFiles Library/ScriptAssemblies/Unity.XR.Management.Editor.pdb
[ 907/1044  0s] CopyFiles Library/ScriptAssemblies/Unity.XR.Management.Editor.dll
[ 908/1044  0s] CopyFiles Library/ScriptAssemblies/glTFast.Editor.Documentation.Examples.pdb
[ 909/1044  0s] CopyFiles Library/ScriptAssemblies/glTFast.Editor.Documentation.Examples.dll
[ 910/1044  0s] CopyFiles Library/ScriptAssemblies/Unity.PerformanceTesting.Editor.pdb
[ 911/1044  0s] CopyFiles Library/ScriptAssemblies/Unity.PerformanceTesting.Editor.dll
[ 912/1044  0s] CopyFiles Library/ScriptAssemblies/glTFast.Documentation.Examples.pdb
[ 913/1044  0s] CopyFiles Library/ScriptAssemblies/Unity.InputSystem.pdb
[ 914/1044  0s] CopyFiles Library/ScriptAssemblies/Unity.XR.OpenXR.Features.OculusQuestSupport.pdb
[ 915/1044  0s] CopyFiles Library/ScriptAssemblies/glTFast.Export.pdb
[ 916/1044  0s] CopyFiles Library/ScriptAssemblies/Unity.Timeline.pdb
[ 917/1044  0s] CopyFiles Library/ScriptAssemblies/Meta.XR.ImmersiveDebugger.Interface.pdb
[ 918/1044  0s] CopyFiles Library/ScriptAssemblies/glTFast.dots.pdb
[ 919/1044  0s] CopyFiles Library/ScriptAssemblies/Unity.Burst.pdb
[ 920/1044  0s] CopyFiles Library/ScriptAssemblies/Unity.XR.OpenXR.Features.RuntimeDebugger.pdb
[ 921/1044  0s] CopyFiles Library/ScriptAssemblies/glTFast.Newtonsoft.pdb
[ 922/1044  0s] CopyFiles Library/ScriptAssemblies/Unity.XR.OpenXR.pdb
[ 923/1044  0s] CopyFiles Library/ScriptAssemblies/Unity.Mathematics.pdb
[ 924/1044  0s] ILPostProcess Library/Bee/artifacts/1300b0aE.dag/post-processed/Meta.XR.Editor.ToolingSupport.dll (+pdb)
Processing assembly Library/Bee/artifacts/1300b0aE.dag/Meta.XR.Editor.ToolingSupport.dll, with 149 defines and 284 references
processors: Unity.Jobs.CodeGen.JobsILPostProcessor, zzzUnity.Burst.CodeGen.BurstILPostProcessor
running Unity.Jobs.CodeGen.JobsILPostProcessor
running zzzUnity.Burst.CodeGen.BurstILPostProcessor
[ 925/1044  0s] CopyFiles Library/ScriptAssemblies/Unity.XR.Management.pdb
[ 926/1044  0s] CopyFiles Library/ScriptAssemblies/Unity.XR.CoreUtils.pdb
[ 927/1044  0s] CopyFiles Library/ScriptAssemblies/Unity.XR.OpenXR.Features.MetaQuestSupport.pdb
[ 928/1044  0s] CopyFiles Library/ScriptAssemblies/Unity.InternalAPIEngineBridge.004.pdb
[ 929/1044  0s] CopyFiles Library/ScriptAssemblies/Unity.PerformanceTesting.pdb
[ 930/1044  0s] CopyFiles Library/ScriptAssemblies/Unity.TextMeshPro.pdb
[ 931/1044  0s] CopyFiles Library/ScriptAssemblies/Unity.AI.Navigation.pdb
[ 932/1044  0s] CopyFiles Library/ScriptAssemblies/Meta.XR.Editor.ToolingSupport.pdb
[ 933/1044  0s] CopyFiles Library/ScriptAssemblies/Meta.XR.Editor.ToolingSupport.dll
[ 934/1044  0s] CopyFiles Library/ScriptAssemblies/UnityEngine.UI.pdb
[ 935/1044  0s] CopyFiles Library/ScriptAssemblies/UnityEngine.XR.LegacyInputHelpers.pdb
[ 936/1044  0s] CopyFiles Library/ScriptAssemblies/Unity.XR.OpenXR.Features.MockRuntime.pdb
[ 937/1044  0s] CopyFiles Library/ScriptAssemblies/Unity.InputSystem.TestFramework.pdb
[ 938/1044  0s] CopyFiles Library/ScriptAssemblies/Unity.InputSystem.ForUI.pdb
[ 939/1044  0s] CopyFiles Library/ScriptAssemblies/Unity.XR.OpenXR.Features.ConformanceAutomation.pdb
[ 940/1044  0s] CopyFiles Library/ScriptAssemblies/UnityEngine.SpatialTracking.pdb
[ 941/1044  0s] ILPostProcess Library/Bee/artifacts/1300b0aE.dag/post-processed/Meta.XR.Editor.Tags.dll (+pdb)
Processing assembly Library/Bee/artifacts/1300b0aE.dag/Meta.XR.Editor.Tags.dll, with 149 defines and 280 references
processors: Unity.Jobs.CodeGen.JobsILPostProcessor, zzzUnity.Burst.CodeGen.BurstILPostProcessor
running Unity.Jobs.CodeGen.JobsILPostProcessor
running zzzUnity.Burst.CodeGen.BurstILPostProcessor
[ 942/1044  0s] CopyFiles Library/ScriptAssemblies/Meta.XR.Editor.Tags.dll
[ 943/1044  0s] CopyFiles Library/ScriptAssemblies/Meta.XR.Editor.Tags.pdb
[ 944/1044  0s] ILPostProcess Library/Bee/artifacts/1300b0aE.dag/post-processed/Meta.XR.Editor.Notifications.dll (+pdb)
Processing assembly Library/Bee/artifacts/1300b0aE.dag/Meta.XR.Editor.Notifications.dll, with 149 defines and 285 references
processors: Unity.Jobs.CodeGen.JobsILPostProcessor, zzzUnity.Burst.CodeGen.BurstILPostProcessor
running Unity.Jobs.CodeGen.JobsILPostProcessor
running zzzUnity.Burst.CodeGen.BurstILPostProcessor
[ 945/1044  0s] CopyFiles Library/ScriptAssemblies/Meta.XR.Editor.Notifications.pdb
[ 946/1044  0s] CopyFiles Library/ScriptAssemblies/Meta.XR.Editor.Notifications.dll
[ 947/1044  0s] ILPostProcess Library/Bee/artifacts/1300b0aE.dag/post-processed/Meta.XR.Editor.EditorCoroutine.dll (+pdb)
Processing assembly Library/Bee/artifacts/1300b0aE.dag/Meta.XR.Editor.EditorCoroutine.dll, with 149 defines and 277 references
processors: Unity.Jobs.CodeGen.JobsILPostProcessor, zzzUnity.Burst.CodeGen.BurstILPostProcessor
running Unity.Jobs.CodeGen.JobsILPostProcessor
running zzzUnity.Burst.CodeGen.BurstILPostProcessor
[ 948/1044  0s] CopyFiles Library/ScriptAssemblies/Meta.XR.Editor.EditorCoroutine.pdb
[ 949/1044  0s] CopyFiles Library/ScriptAssemblies/Meta.XR.Editor.EditorCoroutine.dll
[ 950/1044  0s] ILPostProcess Library/Bee/artifacts/1300b0aE.dag/post-processed/Unity.Burst.Editor.dll (+pdb)
Processing assembly Library/Bee/artifacts/1300b0aE.dag/Unity.Burst.Editor.dll, with 148 defines and 278 references
processors: Unity.Jobs.CodeGen.JobsILPostProcessor, zzzUnity.Burst.CodeGen.BurstILPostProcessor
running Unity.Jobs.CodeGen.JobsILPostProcessor
running zzzUnity.Burst.CodeGen.BurstILPostProcessor
[ 951/1044  0s] CopyFiles Library/ScriptAssemblies/Unity.Burst.Editor.pdb
[ 952/1044  0s] CopyFiles Library/ScriptAssemblies/Unity.Burst.Editor.dll
[ 953/1044  1s] ILPostProcess Library/Bee/artifacts/1300b0aE.dag/post-processed/Meta.XR.Guides.Editor.dll (+pdb)
Processing assembly Library/Bee/artifacts/1300b0aE.dag/Meta.XR.Guides.Editor.dll, with 149 defines and 283 references
processors: Unity.Jobs.CodeGen.JobsILPostProcessor, zzzUnity.Burst.CodeGen.BurstILPostProcessor
running Unity.Jobs.CodeGen.JobsILPostProcessor
running zzzUnity.Burst.CodeGen.BurstILPostProcessor
[ 954/1044  0s] CopyFiles Library/ScriptAssemblies/Meta.XR.Guides.Editor.dll
[ 955/1044  0s] CopyFiles Library/ScriptAssemblies/Meta.XR.Guides.Editor.pdb
[ 956/1044  1s] Csc Library/Bee/artifacts/1300b0aE.dag/Oculus.VR.Editor.dll (+2 others)
[           0s] Csc Library/Bee/artifacts/1300b0aE.dag/Oculus.VR.Editor.dll (+2 others) [CacheWrite 00000000000000000000000000000005]
[ 957/1044  0s] Csc Library/Bee/artifacts/1300b0aE.dag/Meta.XR.EnvironmentDepth.Editor.dll (+2 others)
[           0s] Csc Library/Bee/artifacts/1300b0aE.dag/Meta.XR.EnvironmentDepth.Editor.dll (+2 others) [CacheWrite 00000000000000000000000000000005]
[ 958/1044  0s] Csc Library/Bee/artifacts/1300b0aE.dag/Meta.XR.Editor.PlayCompanion.dll (+2 others)
[           0s] Csc Library/Bee/artifacts/1300b0aE.dag/Meta.XR.Editor.PlayCompanion.dll (+2 others) [CacheWrite 00000000000000000000000000000005]
[ 959/1044  0s] Csc Library/Bee/artifacts/1300b0aE.dag/Meta.XR.ImmersiveDebugger.Editor.dll (+2 others)
[ 960/1044  0s] Csc Library/Bee/artifacts/1300b0aE.dag/Meta.XR.Editor.TelemetryUI.dll (+2 others)
[           0s] Csc Library/Bee/artifacts/1300b0aE.dag/Meta.XR.ImmersiveDebugger.Editor.dll (+2 others) [CacheWrite 00000000000000000000000000000005]
[           0s] Csc Library/Bee/artifacts/1300b0aE.dag/Meta.XR.Editor.TelemetryUI.dll (+2 others) [CacheWrite 00000000000000000000000000000005]
[ 961/1044  1s] Csc Library/Bee/artifacts/1300b0aE.dag/Oculus.VR.Scripts.Editor.dll (+2 others)
[ 962/1044  1s] Csc Library/Bee/artifacts/1300b0aE.dag/Meta.XR.MetaWand.Editor.dll (+2 others)
[           0s] Csc Library/Bee/artifacts/1300b0aE.dag/Meta.XR.MetaWand.Editor.dll (+2 others) [CacheWrite 00000000000000000000000000000005]
[           0s] Csc Library/Bee/artifacts/1300b0aE.dag/Oculus.VR.Scripts.Editor.dll (+2 others) [CacheWrite 00000000000000000000000000000005]
[ 963/1044  1s] Csc Library/Bee/artifacts/1300b0aE.dag/Meta.XR.Editor.UPST.Notifications.dll (+2 others)
[           0s] Csc Library/Bee/artifacts/1300b0aE.dag/Meta.XR.Editor.UPST.Notifications.dll (+2 others) [CacheWrite 00000000000000000000000000000005]
[ 964/1044  0s] Csc Library/Bee/artifacts/1300b0aE.dag/MetaXRSimulatorCore.Editor.dll (+2 others)
[           0s] Csc Library/Bee/artifacts/1300b0aE.dag/MetaXRSimulatorCore.Editor.dll (+2 others) [CacheWrite 00000000000000000000000000000005]
[ 965/1044  0s] ILPostProcess Library/Bee/artifacts/1300b0aE.dag/post-processed/Meta.XR.EnvironmentDepth.Editor.dll (+pdb)
Processing assembly Library/Bee/artifacts/1300b0aE.dag/Meta.XR.EnvironmentDepth.Editor.dll, with 149 defines and 281 references
processors: Unity.Jobs.CodeGen.JobsILPostProcessor, zzzUnity.Burst.CodeGen.BurstILPostProcessor
running Unity.Jobs.CodeGen.JobsILPostProcessor
running zzzUnity.Burst.CodeGen.BurstILPostProcessor
[ 966/1044  0s] ILPostProcess Library/Bee/artifacts/1300b0aE.dag/post-processed/Meta.XR.ImmersiveDebugger.Editor.dll (+pdb)
Processing assembly Library/Bee/artifacts/1300b0aE.dag/Meta.XR.ImmersiveDebugger.Editor.dll, with 149 defines and 286 references
processors: Unity.Jobs.CodeGen.JobsILPostProcessor, zzzUnity.Burst.CodeGen.BurstILPostProcessor
running Unity.Jobs.CodeGen.JobsILPostProcessor
running zzzUnity.Burst.CodeGen.BurstILPostProcessor
[ 967/1044  0s] ILPostProcess Library/Bee/artifacts/1300b0aE.dag/post-processed/Meta.XR.Editor.TelemetryUI.dll (+pdb)
Processing assembly Library/Bee/artifacts/1300b0aE.dag/Meta.XR.Editor.TelemetryUI.dll, with 149 defines and 285 references
processors: Unity.Jobs.CodeGen.JobsILPostProcessor, zzzUnity.Burst.CodeGen.BurstILPostProcessor
running Unity.Jobs.CodeGen.JobsILPostProcessor
running zzzUnity.Burst.CodeGen.BurstILPostProcessor
[ 968/1044  1s] Csc Library/Bee/artifacts/1300b0aE.dag/meta.xr.mrutilitykit.dll (+2 others)
[ 969/1044  0s] CopyFiles Library/ScriptAssemblies/Meta.XR.Editor.TelemetryUI.dll
[ 970/1044  0s] CopyFiles Library/ScriptAssemblies/Meta.XR.Editor.TelemetryUI.pdb
[ 971/1044  0s] CopyFiles Library/ScriptAssemblies/Meta.XR.ImmersiveDebugger.Editor.pdb
[ 972/1044  0s] ILPostProcess Library/Bee/artifacts/1300b0aE.dag/post-processed/Meta.XR.MetaWand.Editor.dll (+pdb)
Processing assembly Library/Bee/artifacts/1300b0aE.dag/Meta.XR.MetaWand.Editor.dll, with 149 defines and 286 references
processors: Unity.Jobs.CodeGen.JobsILPostProcessor, zzzUnity.Burst.CodeGen.BurstILPostProcessor
running Unity.Jobs.CodeGen.JobsILPostProcessor
running zzzUnity.Burst.CodeGen.BurstILPostProcessor
[ 973/1044  0s] CopyFiles Library/ScriptAssemblies/Meta.XR.ImmersiveDebugger.Editor.dll
[ 974/1044  0s] ILPostProcess Library/Bee/artifacts/1300b0aE.dag/post-processed/Oculus.VR.Scripts.Editor.dll (+pdb)
Processing assembly Library/Bee/artifacts/1300b0aE.dag/Oculus.VR.Scripts.Editor.dll, with 152 defines and 285 references
processors: Unity.Jobs.CodeGen.JobsILPostProcessor, zzzUnity.Burst.CodeGen.BurstILPostProcessor
running Unity.Jobs.CodeGen.JobsILPostProcessor
running zzzUnity.Burst.CodeGen.BurstILPostProcessor
[ 975/1044  0s] CopyFiles Library/ScriptAssemblies/Meta.XR.EnvironmentDepth.Editor.pdb
[ 976/1044  0s] CopyFiles Library/ScriptAssemblies/Meta.XR.EnvironmentDepth.Editor.dll
[           0s] Csc Library/Bee/artifacts/1300b0aE.dag/meta.xr.mrutilitykit.dll (+2 others) [CacheWrite 00000000000000000000000000000005]
[ 977/1044  0s] ILPostProcess Library/Bee/artifacts/1300b0aE.dag/post-processed/Meta.XR.Editor.UPST.Notifications.dll (+pdb)
Processing assembly Library/Bee/artifacts/1300b0aE.dag/Meta.XR.Editor.UPST.Notifications.dll, with 149 defines and 282 references
processors: Unity.Jobs.CodeGen.JobsILPostProcessor, zzzUnity.Burst.CodeGen.BurstILPostProcessor
running Unity.Jobs.CodeGen.JobsILPostProcessor
running zzzUnity.Burst.CodeGen.BurstILPostProcessor
[ 978/1044  0s] CopyFiles Library/ScriptAssemblies/Oculus.VR.Scripts.Editor.pdb
[ 979/1044  0s] CopyFiles Library/ScriptAssemblies/Oculus.VR.Scripts.Editor.dll
[ 980/1044  0s] CopyFiles Library/ScriptAssemblies/Meta.XR.Editor.UPST.Notifications.dll
[ 981/1044  0s] CopyFiles Library/ScriptAssemblies/Meta.XR.Editor.UPST.Notifications.pdb
[ 982/1044  0s] CopyFiles Library/ScriptAssemblies/Meta.XR.MetaWand.Editor.pdb
[ 983/1044  0s] CopyFiles Library/ScriptAssemblies/Meta.XR.MetaWand.Editor.dll
[ 984/1044  0s] ILPostProcess Library/Bee/artifacts/1300b0aE.dag/post-processed/Meta.XR.Editor.PlayCompanion.dll (+pdb)
Processing assembly Library/Bee/artifacts/1300b0aE.dag/Meta.XR.Editor.PlayCompanion.dll, with 149 defines and 283 references
processors: Unity.Jobs.CodeGen.JobsILPostProcessor, zzzUnity.Burst.CodeGen.BurstILPostProcessor
running Unity.Jobs.CodeGen.JobsILPostProcessor
running zzzUnity.Burst.CodeGen.BurstILPostProcessor
[ 985/1044  0s] CopyFiles Library/ScriptAssemblies/Meta.XR.Editor.PlayCompanion.pdb
[ 986/1044  0s] CopyFiles Library/ScriptAssemblies/Meta.XR.Editor.PlayCompanion.dll
[ 987/1044  0s] ILPostProcess Library/Bee/artifacts/1300b0aE.dag/post-processed/MetaXRSimulatorCore.Editor.dll (+pdb)
Processing assembly Library/Bee/artifacts/1300b0aE.dag/MetaXRSimulatorCore.Editor.dll, with 149 defines and 285 references
processors: Unity.Jobs.CodeGen.JobsILPostProcessor, zzzUnity.Burst.CodeGen.BurstILPostProcessor
running Unity.Jobs.CodeGen.JobsILPostProcessor
running zzzUnity.Burst.CodeGen.BurstILPostProcessor
[ 988/1044  0s] CopyFiles Library/ScriptAssemblies/MetaXRSimulatorCore.Editor.dll
[ 989/1044  0s] CopyFiles Library/ScriptAssemblies/MetaXRSimulatorCore.Editor.pdb
[ 990/1044  0s] ILPostProcess Library/Bee/artifacts/1300b0aE.dag/post-processed/Oculus.VR.Editor.dll (+pdb)
Processing assembly Library/Bee/artifacts/1300b0aE.dag/Oculus.VR.Editor.dll, with 158 defines and 296 references
processors: Unity.Jobs.CodeGen.JobsILPostProcessor, zzzUnity.Burst.CodeGen.BurstILPostProcessor
running Unity.Jobs.CodeGen.JobsILPostProcessor
running zzzUnity.Burst.CodeGen.BurstILPostProcessor
[ 991/1044  0s] CopyFiles Library/ScriptAssemblies/Oculus.VR.Editor.dll
[ 992/1044  0s] CopyFiles Library/ScriptAssemblies/Oculus.VR.Editor.pdb
[ 993/1044  0s] ILPostProcess Library/Bee/artifacts/1300b0aE.dag/post-processed/meta.xr.mrutilitykit.dll (+pdb)
Processing assembly Library/Bee/artifacts/1300b0aE.dag/meta.xr.mrutilitykit.dll, with 151 defines and 262 references
processors: Unity.Jobs.CodeGen.JobsILPostProcessor, zzzUnity.Burst.CodeGen.BurstILPostProcessor
running Unity.Jobs.CodeGen.JobsILPostProcessor
running zzzUnity.Burst.CodeGen.BurstILPostProcessor
[ 994/1044  0s] CopyFiles Library/ScriptAssemblies/meta.xr.mrutilitykit.dll
[ 995/1044  0s] CopyFiles Library/ScriptAssemblies/meta.xr.mrutilitykit.pdb
[ 996/1044  0s] Csc Library/Bee/artifacts/1300b0aE.dag/Meta.XR.BuildingBlocks.AIBlocks.dll (+2 others)
[           0s] Csc Library/Bee/artifacts/1300b0aE.dag/Meta.XR.BuildingBlocks.AIBlocks.dll (+2 others) [CacheWrite 00000000000000000000000000000005]
[ 997/1044  0s] Csc Library/Bee/artifacts/1300b0aE.dag/Meta.XR.MultiplayerBlocks.Shared.dll (+2 others)
[           0s] Csc Library/Bee/artifacts/1300b0aE.dag/Meta.XR.MultiplayerBlocks.Shared.dll (+2 others) [CacheWrite 00000000000000000000000000000005]
[ 998/1044  0s] Csc Library/Bee/artifacts/1300b0aE.dag/Meta.XR.BuildingBlocks.Editor.dll (+2 others)
[           0s] Csc Library/Bee/artifacts/1300b0aE.dag/Meta.XR.BuildingBlocks.Editor.dll (+2 others) [CacheWrite 00000000000000000000000000000005]
[ 999/1044  0s] ILPostProcess Library/Bee/artifacts/1300b0aE.dag/post-processed/Meta.XR.BuildingBlocks.AIBlocks.dll (+pdb)
Processing assembly Library/Bee/artifacts/1300b0aE.dag/Meta.XR.BuildingBlocks.AIBlocks.dll, with 152 defines and 261 references
processors: Unity.Jobs.CodeGen.JobsILPostProcessor, zzzUnity.Burst.CodeGen.BurstILPostProcessor
running Unity.Jobs.CodeGen.JobsILPostProcessor
running zzzUnity.Burst.CodeGen.BurstILPostProcessor
[1000/1044  0s] CopyFiles Library/ScriptAssemblies/Meta.XR.BuildingBlocks.AIBlocks.dll
[1001/1044  0s] CopyFiles Library/ScriptAssemblies/Meta.XR.BuildingBlocks.AIBlocks.pdb
[1002/1044  0s] ILPostProcess Library/Bee/artifacts/1300b0aE.dag/post-processed/Meta.XR.MultiplayerBlocks.Shared.dll (+pdb)
Processing assembly Library/Bee/artifacts/1300b0aE.dag/Meta.XR.MultiplayerBlocks.Shared.dll, with 152 defines and 260 references
processors: Unity.Jobs.CodeGen.JobsILPostProcessor, zzzUnity.Burst.CodeGen.BurstILPostProcessor
running Unity.Jobs.CodeGen.JobsILPostProcessor
running zzzUnity.Burst.CodeGen.BurstILPostProcessor
[1003/1044  0s] CopyFiles Library/ScriptAssemblies/Meta.XR.MultiplayerBlocks.Shared.dll
[1004/1044  0s] CopyFiles Library/ScriptAssemblies/Meta.XR.MultiplayerBlocks.Shared.pdb
[1005/1044  0s] ILPostProcess Library/Bee/artifacts/1300b0aE.dag/post-processed/Meta.XR.BuildingBlocks.Editor.dll (+pdb)
Processing assembly Library/Bee/artifacts/1300b0aE.dag/Meta.XR.BuildingBlocks.Editor.dll, with 150 defines and 293 references
processors: Unity.Jobs.CodeGen.JobsILPostProcessor, zzzUnity.Burst.CodeGen.BurstILPostProcessor
running Unity.Jobs.CodeGen.JobsILPostProcessor
running zzzUnity.Burst.CodeGen.BurstILPostProcessor
[1006/1044  0s] CopyFiles Library/ScriptAssemblies/Meta.XR.BuildingBlocks.Editor.pdb
[1007/1044  0s] CopyFiles Library/ScriptAssemblies/Meta.XR.BuildingBlocks.Editor.dll
[1008/1044  0s] Csc Library/Bee/artifacts/1300b0aE.dag/meta.xr.mrutilitykit.editor.dll (+2 others)
[           0s] Csc Library/Bee/artifacts/1300b0aE.dag/meta.xr.mrutilitykit.editor.dll (+2 others) [CacheWrite 00000000000000000000000000000005]
[1009/1044  0s] Csc Library/Bee/artifacts/1300b0aE.dag/Meta.XR.MultiplayerBlocks.Shared.Editor.dll (+2 others)
[           0s] Csc Library/Bee/artifacts/1300b0aE.dag/Meta.XR.MultiplayerBlocks.Shared.Editor.dll (+2 others) [CacheWrite 00000000000000000000000000000005]
[1010/1044  0s] Csc Library/Bee/artifacts/1300b0aE.dag/Meta.XR.Editor.BuildingBlocks.AIBlocks.dll (+2 others)
[1011/1044  0s] Csc Library/Bee/artifacts/1300b0aE.dag/Meta.XR.BuildingBlocks.DepthAPI.Editor.dll (+2 others)
[1012/1044  0s] Csc Library/Bee/artifacts/1300b0aE.dag/Meta.XR.Editor.Guide.About.dll (+2 others)
[           0s] Csc Library/Bee/artifacts/1300b0aE.dag/Meta.XR.Editor.Guide.About.dll (+2 others) [CacheWrite 00000000000000000000000000000005]
[           0s] Csc Library/Bee/artifacts/1300b0aE.dag/Meta.XR.BuildingBlocks.DepthAPI.Editor.dll (+2 others) [CacheWrite 00000000000000000000000000000005]
[           0s] Csc Library/Bee/artifacts/1300b0aE.dag/Meta.XR.Editor.BuildingBlocks.AIBlocks.dll (+2 others) [CacheWrite 00000000000000000000000000000005]
[1013/1044  0s] Csc Library/Bee/artifacts/1300b0aE.dag/Meta.XR.MultiplayerBlocks.NGO.Editor.dll (+2 others)
[1014/1044  0s] Csc Library/Bee/artifacts/1300b0aE.dag/Meta.XR.MultiplayerBlocks.Fusion.Editor.dll (+2 others)
[1015/1044  0s] ILPostProcess Library/Bee/artifacts/1300b0aE.dag/post-processed/meta.xr.mrutilitykit.editor.dll (+pdb)
Processing assembly Library/Bee/artifacts/1300b0aE.dag/meta.xr.mrutilitykit.editor.dll, with 149 defines and 283 references
processors: Unity.Jobs.CodeGen.JobsILPostProcessor, zzzUnity.Burst.CodeGen.BurstILPostProcessor
running Unity.Jobs.CodeGen.JobsILPostProcessor
running zzzUnity.Burst.CodeGen.BurstILPostProcessor
[1016/1044  0s] CopyFiles Library/ScriptAssemblies/meta.xr.mrutilitykit.editor.dll
[1017/1044  0s] CopyFiles Library/ScriptAssemblies/meta.xr.mrutilitykit.editor.pdb
[           0s] Csc Library/Bee/artifacts/1300b0aE.dag/Meta.XR.MultiplayerBlocks.NGO.Editor.dll (+2 others) [CacheWrite 00000000000000000000000000000005]
[           0s] Csc Library/Bee/artifacts/1300b0aE.dag/Meta.XR.MultiplayerBlocks.Fusion.Editor.dll (+2 others) [CacheWrite 00000000000000000000000000000005]
[1018/1044  0s] ILPostProcess Library/Bee/artifacts/1300b0aE.dag/post-processed/Meta.XR.MultiplayerBlocks.Shared.Editor.dll (+pdb)
Processing assembly Library/Bee/artifacts/1300b0aE.dag/Meta.XR.MultiplayerBlocks.Shared.Editor.dll, with 150 defines and 283 references
processors: Unity.Jobs.CodeGen.JobsILPostProcessor, zzzUnity.Burst.CodeGen.BurstILPostProcessor
running Unity.Jobs.CodeGen.JobsILPostProcessor
running zzzUnity.Burst.CodeGen.BurstILPostProcessor
[1019/1044  0s] CopyFiles Library/ScriptAssemblies/Meta.XR.MultiplayerBlocks.Shared.Editor.dll
[1020/1044  0s] CopyFiles Library/ScriptAssemblies/Meta.XR.MultiplayerBlocks.Shared.Editor.pdb
[1021/1044  0s] ILPostProcess Library/Bee/artifacts/1300b0aE.dag/post-processed/Meta.XR.Editor.Guide.About.dll (+pdb)
Processing assembly Library/Bee/artifacts/1300b0aE.dag/Meta.XR.Editor.Guide.About.dll, with 149 defines and 290 references
processors: Unity.Jobs.CodeGen.JobsILPostProcessor, zzzUnity.Burst.CodeGen.BurstILPostProcessor
running Unity.Jobs.CodeGen.JobsILPostProcessor
running zzzUnity.Burst.CodeGen.BurstILPostProcessor
[1022/1044  0s] ILPostProcess Library/Bee/artifacts/1300b0aE.dag/post-processed/Meta.XR.Editor.BuildingBlocks.AIBlocks.dll (+pdb)
Processing assembly Library/Bee/artifacts/1300b0aE.dag/Meta.XR.Editor.BuildingBlocks.AIBlocks.dll, with 149 defines and 286 references
processors: Unity.Jobs.CodeGen.JobsILPostProcessor, zzzUnity.Burst.CodeGen.BurstILPostProcessor
running Unity.Jobs.CodeGen.JobsILPostProcessor
running zzzUnity.Burst.CodeGen.BurstILPostProcessor
[1023/1044  0s] ILPostProcess Library/Bee/artifacts/1300b0aE.dag/post-processed/Meta.XR.BuildingBlocks.DepthAPI.Editor.dll (+pdb)
Processing assembly Library/Bee/artifacts/1300b0aE.dag/Meta.XR.BuildingBlocks.DepthAPI.Editor.dll, with 149 defines and 286 references
processors: Unity.Jobs.CodeGen.JobsILPostProcessor, zzzUnity.Burst.CodeGen.BurstILPostProcessor
running Unity.Jobs.CodeGen.JobsILPostProcessor
running zzzUnity.Burst.CodeGen.BurstILPostProcessor
[1024/1044  0s] CopyFiles Library/ScriptAssemblies/Meta.XR.Editor.BuildingBlocks.AIBlocks.pdb
[1025/1044  0s] CopyFiles Library/ScriptAssemblies/Meta.XR.Editor.BuildingBlocks.AIBlocks.dll
[1026/1044  0s] CopyFiles Library/ScriptAssemblies/Meta.XR.Editor.Guide.About.pdb
[1027/1044  0s] CopyFiles Library/ScriptAssemblies/Meta.XR.Editor.Guide.About.dll
[1028/1044  0s] CopyFiles Library/ScriptAssemblies/Meta.XR.BuildingBlocks.DepthAPI.Editor.dll
[1029/1044  0s] CopyFiles Library/ScriptAssemblies/Meta.XR.BuildingBlocks.DepthAPI.Editor.pdb
[1030/1044  0s] ILPostProcess Library/Bee/artifacts/1300b0aE.dag/post-processed/Meta.XR.MultiplayerBlocks.NGO.Editor.dll (+pdb)
Processing assembly Library/Bee/artifacts/1300b0aE.dag/Meta.XR.MultiplayerBlocks.NGO.Editor.dll, with 149 defines and 284 references
processors: Unity.Jobs.CodeGen.JobsILPostProcessor, zzzUnity.Burst.CodeGen.BurstILPostProcessor
running Unity.Jobs.CodeGen.JobsILPostProcessor
running zzzUnity.Burst.CodeGen.BurstILPostProcessor
[1031/1044  0s] ILPostProcess Library/Bee/artifacts/1300b0aE.dag/post-processed/Meta.XR.MultiplayerBlocks.Fusion.Editor.dll (+pdb)
Processing assembly Library/Bee/artifacts/1300b0aE.dag/Meta.XR.MultiplayerBlocks.Fusion.Editor.dll, with 149 defines and 283 references
processors: Unity.Jobs.CodeGen.JobsILPostProcessor, zzzUnity.Burst.CodeGen.BurstILPostProcessor
running Unity.Jobs.CodeGen.JobsILPostProcessor
running zzzUnity.Burst.CodeGen.BurstILPostProcessor
[1032/1044  0s] Csc Library/Bee/artifacts/1300b0aE.dag/Assembly-CSharp.dll (+2 others)
[1033/1044  0s] CopyFiles Library/ScriptAssemblies/Meta.XR.MultiplayerBlocks.NGO.Editor.dll
[1034/1044  0s] CopyFiles Library/ScriptAssemblies/Meta.XR.MultiplayerBlocks.NGO.Editor.pdb
[1035/1044  0s] CopyFiles Library/ScriptAssemblies/Meta.XR.MultiplayerBlocks.Fusion.Editor.pdb
[1036/1044  0s] CopyFiles Library/ScriptAssemblies/Meta.XR.MultiplayerBlocks.Fusion.Editor.dll
[1037/1044  0s] ILPostProcess Library/Bee/artifacts/1300b0aE.dag/post-processed/Assembly-CSharp.dll (+pdb)
Processing assembly Library/Bee/artifacts/1300b0aE.dag/Assembly-CSharp.dll, with 150 defines and 329 references
processors: Unity.Jobs.CodeGen.JobsILPostProcessor, zzzUnity.Burst.CodeGen.BurstILPostProcessor
running Unity.Jobs.CodeGen.JobsILPostProcessor
running zzzUnity.Burst.CodeGen.BurstILPostProcessor
[1038/1044  0s] Csc Library/Bee/artifacts/1300b0aE.dag/Assembly-CSharp-Editor.dll (+2 others)
[1039/1044  0s] CopyFiles Library/ScriptAssemblies/Assembly-CSharp.pdb
[1040/1044  0s] CopyFiles Library/ScriptAssemblies/Assembly-CSharp.dll
[1041/1044  0s] ILPostProcess Library/Bee/artifacts/1300b0aE.dag/post-processed/Assembly-CSharp-Editor.dll (+pdb)
Processing assembly Library/Bee/artifacts/1300b0aE.dag/Assembly-CSharp-Editor.dll, with 148 defines and 355 references
processors: Unity.Jobs.CodeGen.JobsILPostProcessor, zzzUnity.Burst.CodeGen.BurstILPostProcessor
running Unity.Jobs.CodeGen.JobsILPostProcessor
running zzzUnity.Burst.CodeGen.BurstILPostProcessor
[1042/1044  0s] CopyFiles Library/ScriptAssemblies/Assembly-CSharp-Editor.pdb
[1043/1044  0s] CopyFiles Library/ScriptAssemblies/Assembly-CSharp-Editor.dll
*** Tundra build success (54.23 seconds), 545 items updated, 1044 evaluated
AssetDatabase: script compilation time: 57.355779s
Begin MonoManager ReloadAssembly
[Licensing::Client] Successfully resolved entitlement details
[Licensing::Module] License group:
  Id: F4-AZ6T-383H-7KTU-RM2U-XXXX
  Product: Unity Personal
  Type: ULF
  Expiration: Unlimited
[Licensing::Module] License group:
  Id: 11270701585829-UnityPersXXXX
  Product: Unity Personal
  Type: Assigned
  Expiration: Unlimited
Symbol file LoadedFromMemory is not a mono symbol file
- Loaded All Assemblies, in  1.290 seconds
'Packages/com.meta.xr.sdk.core/Editor/BuildingBlocks/BlocksWindowDetailsExtension.cs' contains partial class of Unity.Object, exactly 1 of the partial classes needs to be in a file with the same filename. This is to know the one that can be referenced from ie. GameObjects
'Packages/com.meta.xr.sdk.core/Editor/BuildingBlocks/BlocksWindow.cs' contains partial class of Unity.Object, exactly 1 of the partial classes needs to be in a file with the same filename. This is to know the one that can be referenced from ie. GameObjects
'Packages/com.meta.xr.sdk.core/Editor/BuildingBlocks/BlocksWindowCollectionsPageExtension.cs' contains partial class of Unity.Object, exactly 1 of the partial classes needs to be in a file with the same filename. This is to know the one that can be referenced from ie. GameObjects
Refreshing native plugins compatible for Editor in 15.64 ms, found 9 plugins.
Native extension for Android target not found
Native extension for WindowsStandalone target not found
Native extension for OSXStandalone target not found
[Licensing::Client] Successfully resolved entitlement details
[Licensing::Module] License group:
  Id: F4-AZ6T-383H-7KTU-RM2U-XXXX
  Product: Unity Personal
  Type: ULF
  Expiration: Unlimited
[Licensing::Module] License group:
  Id: 11270701585829-UnityPersXXXX
  Product: Unity Personal
  Type: Assigned
  Expiration: Unlimited
09/09 15:44:47.530 {DEBUG}   [AnalyticsLifeTime] Pre initialization finished.
09/09 15:44:47.530 {DEBUG}   [AnalyticsLifeTime] Post-migration initialization finished.
* daemon not running; starting now at tcp:5037
* daemon started successfully
[Licensing::Client] Successfully resolved entitlement details
ScheduleIndexationOnStartup MainProcess:True IndexOnStartup:True
Mono: successfully reloaded assembly
- Finished resetting the current domain, in  6.429 seconds
Domain Reload Profiling: 7718ms
	BeginReloadAssembly (475ms)
		ExecutionOrderSort (0ms)
		DisableScriptedObjects (38ms)
		BackupInstance (0ms)
		ReleaseScriptingObjects (0ms)
		CreateAndSetChildDomain (183ms)
	RebuildCommonClasses (59ms)
	RebuildNativeTypeToScriptingClass (23ms)
	initialDomainReloadingComplete (50ms)
	LoadAllAssembliesAndSetupDomain (682ms)
		LoadAssemblies (550ms)
		RebuildTransferFunctionScriptingTraits (0ms)
		AnalyzeDomain (294ms)
			TypeCache.Refresh (224ms)
				TypeCache.ScanAssembly (190ms)
			BuildScriptInfoCaches (54ms)
			ResolveRequiredComponents (9ms)
	FinalizeReload (6430ms)
		ReleaseScriptCaches (0ms)
		RebuildScriptCaches (0ms)
		SetupLoadedEditorAssemblies (6111ms)
			LogAssemblyErrors (0ms)
			InitializePlatformSupportModulesInManaged (56ms)
			SetLoadedEditorAssemblies (8ms)
			BeforeProcessingInitializeOnLoad (267ms)
			ProcessInitializeOnLoadAttributes (5556ms)
			ProcessInitializeOnLoadMethodAttributes (220ms)
			AfterProcessingInitializeOnLoad (2ms)
			EditorAssembliesLoaded (1ms)
		ExecutionOrderSort2 (0ms)
		AwakeInstancesAfterBackupRestoration (54ms)
Start importing Packages/com.meta.xr.sdk.core/Editor/BuildingBlocks/BlockData/AlertViewHUD/Textures/bg.png using Guid(00b41c8fdc9c1654dbcf3d01f003f6bc) (TextureImporter) -> (artifact id: 'a7b5260ef5cbd25bf9cc54f5d7064ff1') in 0.07383475 seconds
Start importing Packages/com.meta.xr.sdk.core/Editor/Icons/ovr_icon_simulator.png using Guid(00091c5d0e93c2e41af0edf6907f8852) (TextureImporter) -> (artifact id: 'a525e7c33e5c732f768e5dd97d5d553a') in 0.004351541 seconds
Start importing Packages/com.meta.xr.sdk.core/Editor/BuildingBlocks/BlockData/AIBlocks/ObjectDetection/textures/BoundingBoxTexture.png using Guid(100f62424d2aa0745a86ff1166bb4aa5) (TextureImporter) -> (artifact id: '90261adc7b9067d7b606a58008cbf74c') in 0.092321 seconds
Start importing Packages/com.meta.xr.sdk.core/Textures/CircularGradient.png using Guid(40b0edc3631a66045b06c803979bc455) (TextureImporter) -> (artifact id: 'd2e754146c604a94a864fe6ce874585c') in 0.035070625 seconds
Start importing Packages/com.unity.timeline/Editor/StyleSheets/Images/Icons/d_TimelineCollapseMarkerButtonDisabled.png using Guid(40947ddc2dd4f0d499a92d0f3675c4e8) (TextureImporter) -> (artifact id: 'a87e4650f0ea8662531500bb32c19d44') in 0.004910041 seconds
Start importing Packages/com.meta.xr.sdk.core/Textures/MetaQuestTouchPro/batteryIndicatorTexture32.png using Guid(4005ec4dc7a14dd408f4b8f39b8a9937) (TextureImporter) -> (artifact id: '08905d1eb5d26b6f44ccaba145dc0446') in 0.008140084 seconds
Start importing Packages/com.meta.xr.sdk.core/Editor/BuildingBlocks/BlockData/RoomMesh/Textures/bb_thumb_roommesh.jpg using Guid(406c86d69894bd74d9ec0ab20f78582d) (TextureImporter) -> (artifact id: 'dee34c480916a73d703ea3bb4d7b3479') in 0.011935459 seconds
Start importing Packages/com.unity.timeline/Editor/StyleSheets/Images/DarkSkin/TimelineStartPlayback.png using Guid(5060c9f9eb2f7ee4695b638a21d8fe01) (TextureImporter) -> (artifact id: 'a11fe031b3f960e02c4e1c98199b03ae') in 0.002882166 seconds
Start importing Packages/com.unity.timeline/Editor/StyleSheets/Images/Icons/TrackRecordButtonDisabled@2x.png using Guid(6091f9516d23100479c03bca26138bc8) (TextureImporter) -> (artifact id: '99903b03461240764ff11f36978a2bff') in 0.001756209 seconds
Start importing Packages/com.meta.xr.sdk.core/Editor/BuildingBlocks/Icons/ovr_icon_utilities.png using Guid(606c9f0621fda674cb8bce50d9f0a9dd) (TextureImporter) -> (artifact id: 'e3de6e310731ecba82ca1863063f98f5') in 0.003038 seconds
Start importing Packages/com.unity.timeline/Editor/StyleSheets/Images/LightSkin/TimelinePlayRange.png using Guid(70e3f118652b9094885689730ad3a47b) (TextureImporter) -> (artifact id: '478cd575fd3aa8e149082ff17495e94b') in 0.003415791 seconds
Start importing Packages/com.meta.xr.sdk.core/Editor/Icons/ovr_icon_home.png using Guid(80983bd0b96c21e459d9b5cc8981e5a5) (TextureImporter) -> (artifact id: '87f48118af03382cc692d1e5eb292a68') in 0.003937625 seconds
Start importing Packages/com.unity.ai.navigation/EditorResources/Overlay/d_NavigationOverlay@128.png using Guid(80899a9fbe3d3364eac2c5924c0a28cf) (TextureImporter) -> (artifact id: 'fd044332d1c5e3bc9b6e7970d8977483') in 0.015641625 seconds
Start importing Packages/com.meta.xr.sdk.core/Editor/BuildingBlocks/Thumbnails/bb_thumb_internal.jpg using Guid(90ad9cc1b602b4e469c9c261b6323292) (TextureImporter) -> (artifact id: '5e413efa52c7145d9feece9d4b0bb79b') in 0.007534084 seconds
Start importing Packages/com.meta.xr.sdk.core/Textures/Black.png using Guid(a025c23fceb7d4966b603419f551ce99) (TextureImporter) -> (artifact id: '84d78353c1f066dcc30abe3ececa2be9') in 0.006142541 seconds
Start importing Packages/com.unity.timeline/Editor/StyleSheets/Images/Shared/TimelineConnector.png using Guid(a04f1625bf500f64e97445265dfbcc93) (TextureImporter) -> (artifact id: '8efd56831b6063e4771907157c535dd2') in 0.00224725 seconds
Start importing Packages/com.unity.timeline/Editor/StyleSheets/Images/LightSkin/TimelineHold.png using Guid(a09fd8b5d9396c24a96a6de50cddc3b9) (TextureImporter) -> (artifact id: '881f41c67d919831b2067ee9f94d94e3') in 0.002402541 seconds
Start importing Packages/com.unity.ai.navigation/EditorResources/NavigationWindowIcon.png using Guid(b0172c3ab97e219478711e1fbe9630f2) (TextureImporter) -> (artifact id: '66b03ae80ea8384f81ed4465c25794c0') in 0.002886958 seconds
Start importing Packages/com.unity.ai.navigation/EditorResources/Overlay/NavigationOverlay On@256.png using Guid(b05e7d8dc2bdbb14ab5b1da240ac65d5) (TextureImporter) -> (artifact id: '1ab08e1333ebed90be82b2c5620fa2e4') in 0.039331 seconds
Start importing Assets/Milzet/StartupSource/Project/PresencePlatformBrand/UI/MetaPresencePlatform.png using Guid(c0a4c3040db7a3644a9e5e810faa15c4) (TextureImporter) -> (artifact id: '46a7a653554ef7fc5adf30cce872c4dc') in 0.191693292 seconds
Start importing Packages/com.meta.xr.sdk.core/Textures/HandTracking/HandTracking_uvmap_2048.png using Guid(c00bf1ce0c68d5646ad7ea3d26b3486d) (TextureImporter) -> (artifact id: 'eeec675a7c3c543226ecd5962a50890f') in 0.985047458 seconds
Start importing Packages/com.meta.xr.sdk.core/Editor/BuildingBlocks/Icons/ovr_icon_cancel.png using Guid(d0f57a77046afc645b8edc6af3b9c896) (TextureImporter) -> (artifact id: 'ba27c5a7ad2f148fe0cb3a18e63433df') in 0.06185075 seconds
Start importing Packages/com.meta.xr.sdk.core/Editor/BuildingBlocks/Icons/ovr_error_greybg.png using Guid(d0390c3a10ac76641b718f04d77f80ae) (TextureImporter) -> (artifact id: '3f4470234e38336c31fd6d9d98004756') in 0.002633833 seconds
Start importing Packages/com.meta.xr.mrutilitykit/Tests/Icon/ovr_icon_mruk_stf.png using Guid(f088de450882ec545b06290aa844e028) (TextureImporter) -> (artifact id: '2a2ebce35feaabd5b00090304e141f0a') in 0.00667075 seconds
Start importing Packages/com.unity.timeline/Editor/StyleSheets/Images/Icons/TrackCurvesButtonDisabled.png using Guid(f0f8ff8921b22a74a8c79d955ace248d) (TextureImporter) -> (artifact id: 'bafc95ad8ae77d4d36daf40c19546b9e') in 0.001927667 seconds
Start importing Packages/com.meta.xr.sdk.core/Scripts/ImmersiveDebugger/UserInterface/Resources/Textures/caret_right_icon.png using Guid(01b2fa7e15d7fcd47aecaaf527aa76cb) (TextureImporter) -> (artifact id: '313b2471a65b5131ff89fc26e51b7084') in 0.020510875 seconds
Start importing Packages/com.meta.xr.sdk.core/Editor/Icons/sdk_Icons/mono/avatar_icon.png using Guid(01542b80808da8d4892c7cc6f4c4eabd) (TextureImporter) -> (artifact id: '78647db4424de3ff338c22060deb64f3') in 0.007587833 seconds
Start importing Packages/com.meta.xr.sdk.core/Editor/BuildingBlocks/Icons/ovr_icon_prototype.png using Guid(010f0b37c67ed9d4f9ae695e8950a8cc) (TextureImporter) -> (artifact id: '820e7e88fd23bdb946b079f15e473980') in 0.021401417 seconds
Start importing Packages/com.meta.xr.sdk.core/Editor/Guide/Icons/ovr_success.png using Guid(21a57199b5da27a4895b1085aa84cc13) (TextureImporter) -> (artifact id: '12fbd8d075d85b61c422fbe23dab30b2') in 0.00432125 seconds
Start importing Packages/com.unity.timeline/Editor/StyleSheets/Images/LightSkin/TimelineIconClipIn.png using Guid(4171b549947246b4f9579419d5698a7e) (TextureImporter) -> (artifact id: 'd5ab65fac5c99a407a307922a9fd1c98') in 0.00219525 seconds
Start importing Packages/com.meta.xr.sdk.core/Editor/Icons/sdk_Icons/voice_icon.png using Guid(413d218f7d10b3843bd46489036110f7) (TextureImporter) -> (artifact id: 'a17a273fca6ef9eb121bcbfda88ec9e3') in 0.003934167 seconds
Start importing Packages/com.unity.timeline/Editor/StyleSheets/Images/Icons/d_TimelineEditModeRippleOFF.png using Guid(411e6f19c19fa0546af83aeb59c2ed4b) (TextureImporter) -> (artifact id: '5de33ad814938b5b7da73beaf25e4598') in 0.003154459 seconds
Start importing Packages/com.unity.timeline/Editor/StyleSheets/Images/DarkSkin/TimelineDisabledBackground.png using Guid(412f73153f3a3c549b67b2a847741145) (TextureImporter) -> (artifact id: '5e18cbd4ee820c69abbada3801401d8d') in 0.00299125 seconds
Start importing Packages/com.unity.timeline/Editor/StyleSheets/Images/Icons/TrackMuteButtonEnabled@2x.png using Guid(512aaee9b220348408a2e518f98d6e14) (TextureImporter) -> (artifact id: '3f35174ecbac4f516debae905349221f') in 0.001782334 seconds
Start importing Packages/com.unity.timeline/Editor/StyleSheets/Images/Icons/TrackAvatarButtonEnabled@2x.png using Guid(51bf5f55a8a01e546bf6092b54fdae20) (TextureImporter) -> (artifact id: '5fd8a70db03bc2b8c244128f366adf66') in 0.001817208 seconds
Start importing Packages/com.unity.timeline/Editor/StyleSheets/Images/Icons/d_TrackMarkerButtonEnabled@2x.png using Guid(6192986415256ca47a97a97507406f5e) (TextureImporter) -> (artifact id: '08c9544716b0aa5967626c21bd5b5fff') in 0.002200334 seconds
Start importing Packages/com.unity.timeline/Editor/StyleSheets/Images/LightSkin/TimelineContinue.png using Guid(61c21f74972ba8246b3ea400a9231841) (TextureImporter) -> (artifact id: '63cc42685520b28694f7f8b0a691d329') in 0.0124585 seconds
Start importing Packages/com.meta.xr.sdk.core/Editor/ImmersiveDebugger/Icons/ovr_icon_inspect_raw.png using Guid(619d122462e69de49a4a53d04f051f2f) (TextureImporter) -> (artifact id: '9334aaaacc5f3e0d2ba2c8e71f84b093') in 0.005245458 seconds
Start importing Packages/com.unity.timeline/Editor/StyleSheets/Images/Icons/TrackMuteButtonEnabled.png using Guid(81e8b4a4bcbf7a14898e2658fd827642) (TextureImporter) -> (artifact id: '6353e1254ba1ddafcfcd6a52ae5be988') in 0.002141416 seconds
Start importing Packages/com.unity.timeline/Editor/StyleSheets/Images/Icons/d_TrackAvatarButtonDisabled.png using Guid(91746a504b59769439bb2749c314d231) (TextureImporter) -> (artifact id: '9643c0254664696e2df63034190016ce') in 0.001491209 seconds
Start importing Packages/com.unity.timeline/Editor/StyleSheets/Images/Icons/d_TimelineEditModeReplaceOFF.png using Guid(912fd71cbf4cbe140b4f240bedbc1f3e) (TextureImporter) -> (artifact id: '4d8a4ee8e3e334330369048636f67e5c') in 0.001418792 seconds
Start importing Packages/com.unity.timeline/Editor/StyleSheets/Images/Icons/TimelineDigIn.png using Guid(b1d064d6d80829f4eb370f679384ea1f) (TextureImporter) -> (artifact id: '1c5e53238667678cefddba8339538591') in 0.002118584 seconds
Start importing Packages/com.meta.xr.sdk.core/Textures/OculusTouchForQuest2/OculusTouchForQuest2_AlbedoRoughness.tga using Guid(b1f40c50ae24356469c6c6d4bfb2a2d6) (TextureImporter) -> (artifact id: 'f140ae81f3c044354285a7bd4dbb0d27') in 0.477868292 seconds
Start importing Packages/com.unity.timeline/Editor/StyleSheets/Images/DarkSkin/TimelineMarkerItem.png using Guid(c133595e3c100774496e03e66fa69259) (TextureImporter) -> (artifact id: '45127280c396f06362c73a8ced0b8c93') in 0.002626958 seconds
Start importing Packages/com.unity.ai.navigation/EditorResources/Overlay/NavigationOverlay On.png using Guid(c136efa5cc6d99a4d9e7bad0209aea25) (TextureImporter) -> (artifact id: 'a076f90315a54f214deb4b481eff8f69') in 0.003870333 seconds
Start importing Packages/com.unity.timeline/Editor/StyleSheets/Images/Icons/d_TrackMarkerButtonEnabled.png using Guid(d18286874382ef042bbbdab5f71329c1) (TextureImporter) -> (artifact id: '153e9a4feb9c11cb8fe367bcc7f2fa33') in 0.00305975 seconds
Start importing Packages/com.meta.xr.sdk.core/Editor/Guide/Icons/ovr_status.png using Guid(d1d92cd76e5a329419b906ed470af327) (TextureImporter) -> (artifact id: 'e2ef856b76fea14043b048e4b2535132') in 0.003172792 seconds
Start importing Packages/com.unity.timeline/Editor/StyleSheets/Images/Icons/TrackMarkerButtonEnabled.png using Guid(d1eccbb425fdacc4ba53ce4223f4ea30) (TextureImporter) -> (artifact id: '7d51134d07e0be9a32fcc40ecaa65847') in 0.007387583 seconds
Start importing Packages/com.meta.xr.sdk.core/Editor/BuildingBlocks/BlockData/VoiceBlocks/Textures/bb_thumb_dictation.jpg using Guid(e1faf0485fad56242bca4a2d15c5d60a) (TextureImporter) -> (artifact id: 'de4478f2e1dc2d0c1e6bea5d4efd8266') in 0.091246917 seconds
Start importing Packages/com.meta.xr.sdk.core/Editor/BuildingBlocks/BlockData/VoiceBlocks/Textures/bb_thumb_texttospeech.jpg using Guid(e19dd181df67c81468e76d169719c758) (TextureImporter) -> (artifact id: 'c6fa0861680283da082a817ab0fe5d5e') in 0.092333583 seconds
Start importing Packages/com.unity.timeline/Editor/StyleSheets/Images/DarkSkin/TimelineAutokey_active.png using Guid(e17ee60887efdd04389991a15ee0c578) (TextureImporter) -> (artifact id: '8eaeb513ae2e76cb047569cccc586d20') in 0.004917666 seconds
Start importing Packages/com.unity.timeline/Editor/StyleSheets/Images/DarkSkin/TimelineMarkerItemCollapsed.png using Guid(f179d9a3cccffb04ba2e27f681e9b147) (TextureImporter) -> (artifact id: '232eb7cb6efc95bd0b8a4e14394dda23') in 0.003200584 seconds
Start importing Packages/com.meta.xr.sdk.core/Editor/Utils/ToolingSupport/RuntimeOptimizer/Icons/ovr_icon_runtimeoptimizer.png using Guid(0239283f86936284db234bfd04d0884d) (TextureImporter) -> (artifact id: '92a4c557c651d2c275137719a2de5612') in 0.004020375 seconds
Start importing Packages/com.meta.xr.sdk.core/Editor/BuildingBlocks/Icons/ovr_icon_deprecated.png using Guid(02793b895384ef94ea87d06aa4a97bc2) (TextureImporter) -> (artifact id: '8b1c670087fd8674b7ed76687017acbc') in 0.007972958 seconds
Start importing Packages/com.meta.xr.sdk.core/Textures/cube_texture.png using Guid(020d1a102a7f2a14ebf6cefe7b977303) (TextureImporter) -> (artifact id: 'a6933efc57b6b4b5a1d2797fb3e7c426') in 0.167340083 seconds
Start importing Packages/com.unity.timeline/Editor/StyleSheets/Images/Icons/d_TimelineDigIn.png using Guid(22c3c381bd3cd4a40a8541103023e1ef) (TextureImporter) -> (artifact id: '970dcb78feaef77ae28db383488b61bd') in 0.006517958 seconds
Start importing Packages/com.unity.timeline/Editor/StyleSheets/Images/DarkSkin/TimelineIconClipOut.png using Guid(32f7e3598d6414c489127629e29af3f6) (TextureImporter) -> (artifact id: 'e6db5165ab2d16f7820ef54e0445fab4') in 0.002246167 seconds
Start importing Packages/com.meta.xr.sdk.core/Textures/bar_background.png using Guid(32480d79d7cd39b4d90c897f3f36b573) (TextureImporter) -> (artifact id: '66150ccecfa481e1b97157f56b63ad39') in 0.009827417 seconds
Start importing Packages/com.meta.xr.sdk.core/Editor/BuildingBlocks/BlockData/MultiplayerBlocks/Shared/Textures/bb_thumb_colocation.jpg using Guid(421b2265eddeb4589b88151439da716f) (TextureImporter) -> (artifact id: '40b5c0dc02b86461af9babda221ecce3') in 0.038398292 seconds
Start importing Packages/com.unity.ai.navigation/EditorResources/d_NavigationWindowIcon.png using Guid(425f55e9ef81a5e48b87c5d6b1bbf35c) (TextureImporter) -> (artifact id: '179cedb50b74b6b9b0c414947d921fa1') in 0.004793584 seconds
Start importing Packages/com.unity.timeline/Editor/StyleSheets/Images/Icons/TrackMuteButtonDisabled.png using Guid(5216b1b48296ef345ad2d2ec43105bf0) (TextureImporter) -> (artifact id: '7e6fe88c4f4224d0858e8ab9657881b7') in 0.003736459 seconds
Start importing Packages/com.unity.timeline/Editor/StyleSheets/Images/Icons/d_TrackLockButtonDisabled.png using Guid(52ee3ba2abc3da14a95cdf64d32ae0ae) (TextureImporter) -> (artifact id: '769d126f9a47f6b108f474df4006d19e') in 0.00261775 seconds
Start importing Packages/com.meta.xr.sdk.core/Editor/Icons/sdk_Icons/mono/ai_icon.png using Guid(72e8ee55eb418294e8da2a9adefb5da4) (TextureImporter) -> (artifact id: '3eb7b9c55fcdff0b0c1f67c025a21303') in 0.010059208 seconds
Start importing Packages/com.meta.xr.sdk.core/Textures/GazeRing.png using Guid(82026cb669304dc4897d2c11d3753141) (TextureImporter) -> (artifact id: 'afb45e918f66d07134e96db5e4f1fb5d') in 0.049913542 seconds
Start importing Packages/com.unity.timeline/Editor/StyleSheets/Images/Shared/TimelineOutline.png using Guid(829511f8e35bf3a40be037a1050f801c) (TextureImporter) -> (artifact id: '2f50084fd2be923c3741ef1459dfbff5') in 0.002748125 seconds
Start importing Packages/com.meta.xr.sdk.core/Editor/BuildingBlocks/Icons/ovr_success_greybg.png using Guid(8295fd5efef25b34da622a30ed234bb2) (TextureImporter) -> (artifact id: '310de9e13d11093a5b29577594e3fa43') in 0.002045583 seconds
Start importing Packages/com.unity.timeline/Editor/StyleSheets/Images/LightSkin/TimelineStartPlayback.png using Guid(824c4beb0ca6c934bbc7a26919302236) (TextureImporter) -> (artifact id: '3421bf7dc92af29a6d58b12d289c282f') in 0.002401459 seconds
Start importing Packages/com.unity.ai.navigation/Gizmos/NavMeshLink Icon.png using Guid(92f4afa3e25264f5b964937ccea49ff2) (TextureImporter) -> (artifact id: '9cf62095f1c267ae6cc616db08df09b3') in 0.00658375 seconds
Start importing Packages/com.unity.timeline/Editor/StyleSheets/Images/DarkSkin/TimelineAutokey.png using Guid(92b5e4310629b264dad0fb2cc196d818) (TextureImporter) -> (artifact id: 'ff6dca1e9838ab3b7061074c540f369a') in 0.002884 seconds
Start importing Packages/com.unity.ai.navigation/EditorResources/Overlay/d_NavigationOverlay On@2x.png using Guid(a206ff0ddc681e642a2e62fc57a7d51c) (TextureImporter) -> (artifact id: 'bc84103487989c241e9d7fcd7f3fe420') in 0.005030417 seconds
Start importing Packages/com.meta.xr.sdk.core/Textures/windowgui.png using Guid(a26663690a6580440963aa46e582c35b) (TextureImporter) -> (artifact id: 'a0b9cf29893ae51974d991d1ea4fd01f') in 0.037607541 seconds
Start importing Packages/com.unity.timeline/Editor/StyleSheets/Images/DarkSkin/TimelineEndPlayback.png using Guid(c285802d9d414814fad592b90b223f15) (TextureImporter) -> (artifact id: '72075b9d2f750759d19a97d7240d6b10') in 0.002838166 seconds
Start importing Packages/com.unity.timeline/Editor/StyleSheets/Images/Icons/d_TrackAvatarButtonEnabled.png using Guid(c207dcd389fb689489f5266468cd4609) (TextureImporter) -> (artifact id: '3e287714c245b77614129a154682f80e') in 0.002975417 seconds
Start importing Packages/com.meta.xr.sdk.core/Editor/Icons/sdk_Icons/mono/interaction_icon.png using Guid(c2dc607e6e77f704d84d3f8b19575104) (TextureImporter) -> (artifact id: 'dc7d81bae2f04f37d5807604703a9c24') in 0.005840875 seconds
Start importing Packages/com.meta.xr.sdk.core/Editor/BuildingBlocks/Thumbnails/bb_thumb_default.jpg using Guid(d20871ad8b4c55448881b5aaa1517f02) (TextureImporter) -> (artifact id: '97f5ec1620559adbb5998e0e2486a573') in 0.006504958 seconds
Start importing Packages/com.meta.xr.sdk.core/Editor/BuildingBlocks/BlockData/Movement/CharacterRetargeter/Textures/bb_thumb_characterretargeter.png using Guid(f2603281291aa4b47bdcb06bc9dbf3fe) (TextureImporter) -> (artifact id: 'bd8c909dc24a69e785b92751018c61c8') in 0.097340583 seconds
Start importing Packages/com.meta.xr.sdk.core/Editor/Guide/Textures/ovr_bb.png using Guid(f24915a717a7cb7439dcc628714aa175) (TextureImporter) -> (artifact id: '8be6244a5e0ca0c9c894aa782ff310a0') in 0.012282 seconds
Start importing Packages/com.meta.xr.sdk.core/Editor/MetaWand/Textures/mal_banner.png using Guid(f29c5619c2f814a4caaf9c8da06af8cc) (TextureImporter) -> (artifact id: '906da2975bc5c977814153f0922e3743') in 0.067433583 seconds
Start importing Packages/com.unity.timeline/Editor/StyleSheets/Images/LightSkin/TimelineDisabledBackground.png using Guid(0304baf8d224f3e47b22d872c8dcd412) (TextureImporter) -> (artifact id: 'a371de13bd606a5ee056c8d4777193e5') in 0.003787375 seconds
Start importing Packages/com.unity.timeline/Editor/StyleSheets/Images/Icons/TimelineCollapseMarkerButtonEnabled.png using Guid(0367ce1ebbbb18940b79eed63a0315d5) (TextureImporter) -> (artifact id: '1ef69545aefce328ebda3bcea708f5af') in 0.001930041 seconds
Start importing Packages/com.unity.timeline/Editor/StyleSheets/Images/Shared/TimelineDisplay.png using Guid(03ae22b9de3989144a9bebf8972b4fad) (TextureImporter) -> (artifact id: '5933324c73d6c5b4aa3b625b8a49d2c2') in 0.001613375 seconds
Start importing Packages/com.meta.xr.sdk.core/Editor/MetaWand/Textures/mal_banner_mini.png using Guid(1340a9326d23d164083a8149418e47d8) (TextureImporter) -> (artifact id: '33ccf8dca58e85615123744c2ca2102a') in 0.020215542 seconds
Start importing Packages/com.meta.xr.sdk.core/Editor/Icons/ovr_icon_experimental.png using Guid(2341668e4b51a124f9cd335ab4f496f0) (TextureImporter) -> (artifact id: '56e9dc5f5e7b96dc7e397ad682b81a10') in 0.003191459 seconds
Start importing Packages/com.meta.xr.sdk.core/Editor/OVRProjectSetup/Icons/ovr_icon_category_error.png using Guid(23ed0d2bfc90b1d4f97cf416f2cd23a8) (TextureImporter) -> (artifact id: 'dddc74322374f45ee6ad5d4fe2ed7b15') in 0.003138916 seconds
Start importing Packages/com.unity.timeline/Editor/StyleSheets/Images/Icons/TimelineClipFG.png using Guid(33b1871a2d09cfa459a93f4e8feb5c41) (TextureImporter) -> (artifact id: '2b4a4d6b51a72e0139d4a6bc29a12558') in 0.003066958 seconds
Start importing Packages/com.unity.ai.navigation/EditorResources/Overlay/NavigationOverlay On@2x.png using Guid(334589c596cc053418f700189f91111c) (TextureImporter) -> (artifact id: 'b9501bcc0949917a380ea6008f1b2d1f') in 0.005587334 seconds
Start importing Packages/com.unity.timeline/Editor/StyleSheets/Images/Icons/TrackMarkerButtonDisabled.png using Guid(33a52b41b4de5874ca7da1da32067e39) (TextureImporter) -> (artifact id: '62729c46efa310f95867362dc574ad73') in 0.002017083 seconds
Start importing Packages/com.meta.xr.sdk.core/Editor/BuildingBlocks/BlockData/PassthroughWindow/Textures/bb_thumb_passthroughwindow.jpg using Guid(337ab3654a1281249b7a1342a0d7aa2e) (TextureImporter) -> (artifact id: 'ac62dbf234fe37324cfe28c6058b959f') in 0.007207417 seconds
Start importing Packages/com.meta.xr.sdk.core/Editor/Icons/ovr_bullet.png using Guid(336d30902ce536a4aa770bc87c57e1b1) (TextureImporter) -> (artifact id: 'ffe775c1272c07566e056a3814f25768') in 0.003184541 seconds
Start importing Packages/com.unity.timeline/Editor/StyleSheets/Images/Icons/d_TrackCurvesButtonEnabled@2x.png using Guid(43ed4593c5ddda0439fcc1bdaf8309fe) (TextureImporter) -> (artifact id: 'ea541230205c86a99aabd77a119d162a') in 0.001968708 seconds
Start importing Packages/com.unity.timeline/Editor/StyleSheets/Images/DarkSkin/TimelinePlayRange.png using Guid(43eeff8a446b32242a4fb1a5c1bd7b8e) (TextureImporter) -> (artifact id: '0b407fb15539ff75845deb1e535f39b8') in 0.003920458 seconds
Start importing Packages/com.meta.xr.mrutilitykit/Core/Textures/UI/RoundCorners.png using Guid(6329baa70222fee4ea544dd84b7610b2) (TextureImporter) -> (artifact id: '9b7b753ea66c0e7ba4dbacccb6cd4597') in 0.004112708 seconds
Start importing Packages/com.meta.xr.sdk.core/Editor/Icons/ovr_icon_monitor.png using Guid(63cd68e5c0d2313478120493df466a68) (TextureImporter) -> (artifact id: '380fe6e32d967077b878d1f3c005df17') in 0.001968792 seconds
Start importing Packages/com.meta.xr.sdk.core/Scripts/ImmersiveDebugger/UserInterface/Resources/Textures/toggle_on.png using Guid(73b14a507a5586244b105444c7487a42) (TextureImporter) -> (artifact id: '5063273f9453c15b768b27b128a67a76') in 0.004201166 seconds
Start importing Packages/com.unity.ai.navigation/EditorResources/Overlay/NavigationOverlay@16.png using Guid(731522d95656bec42a5fc0bdc672ebe9) (TextureImporter) -> (artifact id: '19452a03be9d1ccdc500009cf89b9972') in 0.004318041 seconds
Start importing Packages/com.unity.timeline/Editor/StyleSheets/Images/Icons/TimelineSelector.png using Guid(73f5ebb64da7b2a40ab6bffac80f1a61) (TextureImporter) -> (artifact id: '71eaccdcdada49d2b4b8e3a2b4c61083') in 0.002261458 seconds
Start importing Packages/com.meta.xr.sdk.core/Editor/BuildingBlocks/Icons/ovr_icon_new.png using Guid(735ae99e412d5b84580869c780c5fa0e) (TextureImporter) -> (artifact id: '88063fbe373b760cc1d9b551a5ac711c') in 0.002253291 seconds
Start importing Packages/com.meta.xr.mrutilitykit/Core/Textures/SpaceMap.png using Guid(739e6dc1c3321437396cc061e4b2e2bd) (TextureImporter) -> (artifact id: '343567faf53f009641b31815d554b2b4') in 0.002196041 seconds
Start importing Packages/com.meta.xr.sdk.core/Editor/BuildingBlocks/BlockData/AlertViewHUD/Textures/icon_warning.png using Guid(83c3317d33aa04347ae25b09873e5392) (TextureImporter) -> (artifact id: 'f251ea3da34affc0e05c768d594eb8d7') in 0.005139083 seconds
Start importing Packages/com.unity.timeline/Editor/StyleSheets/Images/Icons/TrackCurvesButtonDisabled@2x.png using Guid(a383d8b1327c9254896ad76d6efaf357) (TextureImporter) -> (artifact id: 'f0edde39a5484acaf1b86429056b9ad1') in 0.0043245 seconds
Start importing Packages/com.meta.xr.sdk.core/Editor/Textures/Spinner/Spinner_08.png using Guid(a38c40289e7720f41b8c449d3f0c60f7) (TextureImporter) -> (artifact id: '2a803ccf6c5fe828e72caf2473e3fbfe') in 0.002492709 seconds
Start importing Packages/com.unity.timeline/Editor/StyleSheets/Images/Icons/d_TrackMarkerButtonDisabled.png using Guid(b3644a971cca0bd4eb357cb9aca4dde1) (TextureImporter) -> (artifact id: '64628547803dc684bd2a4943c8d51442') in 0.0021895 seconds
Start importing Packages/com.meta.xr.sdk.core/Editor/InputActions/Icons/ovr_icon_stylus.png using Guid(b39d22d9bd629424491bc31d51b2d9a0) (TextureImporter) -> (artifact id: 'bd029c99e9ee0db03bc48c6937d2909a') in 0.006188041 seconds
Start importing Packages/com.unity.ai.navigation/EditorResources/Overlay/d_NavigationOverlay On@64.png using Guid(b3cd430fb0ffe164fa829262bb9e1d4b) (TextureImporter) -> (artifact id: '44794427e1c748832487e2c339427f81') in 0.013391542 seconds
Start importing Packages/com.unity.timeline/Editor/StyleSheets/Images/Icons/TrackMarkerButtonEnabled@2x.png using Guid(c35a22ede3f5feb488bf69587ddc36ed) (TextureImporter) -> (artifact id: 'f143f29416c4182f97ef80bb1d860697') in 0.003299042 seconds
Start importing Packages/com.meta.xr.sdk.core/Editor/BuildingBlocks/Animations/bb_outline_02.png using Guid(c3dddeff90af1e84497f7197f61cc5f4) (TextureImporter) -> (artifact id: '2d5716b8a31c8edfa99922838c526925') in 0.010251875 seconds
Start importing Packages/com.unity.timeline/Editor/StyleSheets/Images/DarkSkin/TimelinePingPong.png using Guid(d3b5c4f7d6b94f64085b3713bffa680e) (TextureImporter) -> (artifact id: '7aa8bf4f62c4d4c8c9f597223ccd8908') in 0.00313525 seconds
Start importing Packages/com.meta.xr.sdk.core/Editor/BuildingBlocks/Icons/ovr_bg_radius4.png using Guid(d30dd905e94d4ea47aa7c7103eea4af9) (TextureImporter) -> (artifact id: 'cf623d9b612a5f42372b9c6aeb90084a') in 0.003089 seconds
Start importing Packages/com.unity.ai.navigation/EditorResources/Overlay/NavigationOverlay.png using Guid(e3f0b16456276c94aab8bd6664208dc3) (TextureImporter) -> (artifact id: '74f567bfcf7580b300aadff1998f2797') in 0.003859084 seconds
Start importing Packages/com.meta.xr.sdk.core/Scripts/ImmersiveDebugger/UserInterface/Resources/Textures/error_icon.png using Guid(e3fd51c9b85e4e648869e165e2d055c4) (TextureImporter) -> (artifact id: 'fe100b3f855bb9d034a1ec8b187d2c45') in 0.004135625 seconds
Start importing Packages/com.meta.xr.sdk.core/Scripts/ImmersiveDebugger/UserInterface/Resources/Textures/eye_icon.png using Guid(f370e1e1d6d453944ad4eef495d46a4c) (TextureImporter) -> (artifact id: '1bb797d17594aabca300361001c151cd') in 0.004450125 seconds
Start importing Packages/com.meta.xr.sdk.core/Scripts/ImmersiveDebugger/UserInterface/Resources/Textures/toggle_off.png using Guid(f304d76740531394b8e88c127a34e922) (TextureImporter) -> (artifact id: '477acbcae5cf3d847875b5b82ef6fb58') in 0.006416417 seconds
Start importing Packages/com.meta.xr.sdk.core/Editor/Guide/Icons/meta_icon.png using Guid(f3e4a01389254b447bad47318e36833b) (TextureImporter) -> (artifact id: '3036108575d5467c21f8d208aa5a11d4') in 0.006095792 seconds
Start importing Packages/com.meta.xr.sdk.core/Editor/BuildingBlocks/BlockData/Haptics/Textures/bb_thumb_haptics.jpg using Guid(04042d87cf8e13c47b463f262729e2ee) (TextureImporter) -> (artifact id: '9e615eac6fa3d35854970aeddc230bc6') in 0.087773 seconds
Start importing Packages/com.meta.xr.sdk.core/Scripts/ImmersiveDebugger/UserInterface/Resources/Textures/caret_down_icon.png using Guid(040cec7a13fa36c47bc7f06246a841b7) (TextureImporter) -> (artifact id: 'b209d0563c61b6568fdcf94be5bb26f3') in 0.023596833 seconds
Start importing Packages/com.meta.xr.sdk.core/Editor/Icons/ovr_radiobutton.png using Guid(14a4819307e909b46bdab8dab538ed47) (TextureImporter) -> (artifact id: 'bbf6a6b4c67592bb2b72550b13d95ae7') in 0.002286666 seconds
Start importing Packages/com.unity.ai.navigation/EditorResources/Overlay/NavigationOverlay@256.png using Guid(1497075210b6dcd4c8f31ecfc6c5c79c) (TextureImporter) -> (artifact id: '84ba74514dc7e10ab94bcb2297964550') in 0.041221042 seconds
Start importing Packages/com.unity.timeline/Editor/StyleSheets/Images/Icons/d_TimelineCollapseMarkerButtonEnabled.png using Guid(2446ee609b613cd4e9142ccc55cb7c43) (TextureImporter) -> (artifact id: '32be68c18664ad588c6f98487941634b') in 0.002486667 seconds
Start importing Packages/com.unity.timeline/Editor/StyleSheets/Images/LightSkin/TimelineMarkerItem.png using Guid(24b97c67b63a23b48bea4036d28a5818) (TextureImporter) -> (artifact id: '6df28bc7842c2aa8ca20a25cd356addd') in 0.002279875 seconds
Start importing Packages/com.meta.xr.sdk.core/Editor/Icons/sdk_Icons/mono/audio_icon.png using Guid(34a239f301a0c9f4eb5b79d34c16bc2d) (TextureImporter) -> (artifact id: '62080e715ddc77efc41a8a78d0d4df4e') in 0.003391958 seconds
Start importing Packages/com.meta.xr.sdk.core/Editor/Icons/sdk_Icons/aio_icon.png using Guid(4403bd37b20e7574890fef4a0ce5099d) (TextureImporter) -> (artifact id: 'a711faaa967684fca9cbe6c2ff39ab47') in 0.004708125 seconds
Start importing Packages/com.unity.ai.navigation/EditorResources/Overlay/NavigationOverlay On@128.png using Guid(44837f46c53a42246a6de7fa161e0d00) (TextureImporter) -> (artifact id: '3a73a247279d4d962b99a1f23f8ae2ae') in 0.013641208 seconds
Start importing Packages/com.unity.timeline/Editor/StyleSheets/Images/Icons/TrackAvatarButtonDisabled.png using Guid(54623075676bd504d93243fb18745161) (TextureImporter) -> (artifact id: 'cdb4a6154be349fa962a9f32141b9ccc') in 0.003853167 seconds
Start importing Packages/com.meta.xr.sdk.core/Editor/Textures/Spinner/Spinner_03.png using Guid(64a10c12b48400f46bd608fff44e7b05) (TextureImporter) -> (artifact id: 'b8ee90a09e8aeedffb61c5832e977f2d') in 0.002937875 seconds
Start importing Packages/com.meta.xr.sdk.core/Textures/MetaQuestTouchPlus/MetaQuestTouchPlus_Left_BaseColor_AO_AlphaRoughness.png using Guid(6418748e9d0ad7644ae0f0586c655804) (TextureImporter) -> (artifact id: '2ebea55fea8582c116df84dd0cbee4e0') in 2.821181583 seconds
Start importing Packages/com.unity.ai.navigation/EditorResources/Overlay/d_NavigationOverlay On@256.png using Guid(642f7453935154b44afc516c07b1d009) (TextureImporter) -> (artifact id: '90199e0dc2febdc4a3da9257b30e5586') in 0.032925917 seconds
Start importing Packages/com.meta.xr.sdk.core/Editor/Icons/sdk_Icons/mono/movement_icon.png using Guid(745d5c8836981e74bace4046c8fc848f) (TextureImporter) -> (artifact id: 'aa8c0488bfe34771ed3264bf238f1650') in 0.00338275 seconds
Start importing Packages/com.meta.xr.sdk.core/Textures/OculusTouchForRift/touchController_controlmap.tga using Guid(8469e5158ec88094497effdf524ee900) (TextureImporter) -> (artifact id: '5076a06de523efe65941946756c7d489') in 0.126745084 seconds
Start importing Packages/com.unity.timeline/Editor/StyleSheets/Images/Icons/Timeline-Marker-Warning-Overlay.png using Guid(945f4ecec6df62244b9ebcc363833642) (TextureImporter) -> (artifact id: 'ca92220cb64d414edcb877a8ceb55511') in 0.002436625 seconds
Start importing Packages/com.meta.xr.sdk.core/Editor/Guide/Textures/ovr_banner.png using Guid(a44c8dce179e3e845b90d7676518497b) (TextureImporter) -> (artifact id: 'a2504772a834a9889d5a84477a64e0a6') in 0.007973125 seconds
Start importing Packages/com.meta.xr.sdk.core/Editor/Textures/mqdh_icon.png using Guid(c4ad52725d16842dd8385d0264dda36c) (TextureImporter) -> (artifact id: '31bda42c26fec4e7d32fbbb8cb798d1a') in 0.105612792 seconds
Start importing Packages/com.meta.xr.sdk.core/Editor/MetaWand/Icons/metawand_mini.png using Guid(c49f41f33cb52d04f9ffb35852245927) (TextureImporter) -> (artifact id: '2cb1424842513c69c4e8c742af633a57') in 0.005098084 seconds
Start importing Packages/com.meta.xr.sdk.core/Editor/Icons/sdk_Icons/mono/anchor_icon.png using Guid(d445377271c0ee941b96143af687536c) (TextureImporter) -> (artifact id: '7fb0864f9f02ddb62a36f11d978e0bde') in 0.012393375 seconds
Start importing Packages/com.unity.timeline/Editor/StyleSheets/Images/Icons/TimelineClipBG.png using Guid(d44fc8b11425e0043aa7c20a301ce707) (TextureImporter) -> (artifact id: '13a3cc2f5e334bc422d45a6d6df3a0e1') in 0.003624709 seconds
Start importing Packages/com.unity.ai.navigation/Gizmos/NavMeshSurface Icon.png using Guid(e4f97225bcfb64760a1c81f460837f01) (TextureImporter) -> (artifact id: '4b099555216239dac9a505b2fc91dc70') in 0.007013542 seconds
Start importing Packages/com.meta.xr.sdk.core/Editor/Textures/Spinner/Spinner_06.png using Guid(f41cf46779ce1e247be5d8fa0897f99b) (TextureImporter) -> (artifact id: 'fd6803f2e5c61f8fc1049b7a30872e43') in 0.003412666 seconds
Start importing Packages/com.meta.xr.sdk.core/Editor/Icons/download.png using Guid(0565b7da5651a774fa08adfd495078f3) (TextureImporter) -> (artifact id: 'c1fd45a50d67917ea560a305e9fa820b') in 0.002684958 seconds
Start importing Packages/com.unity.timeline/Editor/StyleSheets/Images/Icons/TimelineSignal.png using Guid(15845fb26c2846947b4dedb9fb348cc1) (TextureImporter) -> (artifact id: 'b8223cc5a16fc33a3994a3ed2a70d2b0') in 0.002206083 seconds
Start importing Packages/com.unity.ai.navigation/EditorResources/Overlay/NavigationOverlay On@64.png using Guid(151753cf3d5916d4fbf624668c268675) (TextureImporter) -> (artifact id: 'aa7c57a67ebfd7d36cc3ecfb06f4e1c4') in 0.009474709 seconds
Start importing Packages/com.meta.xr.sdk.core/Scripts/ImmersiveDebugger/UserInterface/Resources/Textures/warning_icon.png using Guid(25f195953a5441849b801692dcdeba97) (TextureImporter) -> (artifact id: '61e801f66aa6c189b9640f5c8492aeba') in 0.00392375 seconds
Start importing Packages/com.unity.timeline/Editor/StyleSheets/Images/DarkSkin/TimelineActivation.png using Guid(359cf58d5969d1a4aad29b095c7fc338) (TextureImporter) -> (artifact id: 'be2fe77cae8d3342c5aa283676c51203') in 0.0020165 seconds
Start importing Packages/com.meta.xr.sdk.core/Editor/Guide/Icons/ovr_info.png using Guid(4577a126956f8d348ad58f1fb4b8e269) (TextureImporter) -> (artifact id: '51f07987ec73932afd13d3fb6a87ed5a') in 0.003857208 seconds
Start importing Packages/com.meta.xr.sdk.core/Textures/bar_background_semi_rounded.png using Guid(5526903be7994124dae39fe89a67ebcc) (TextureImporter) -> (artifact id: 'a94ddca8126fe9b7fd60c51734dc13dd') in 0.005378542 seconds
Start importing Packages/com.meta.xr.sdk.core/Editor/Icons/ovr_icon_reload.png using Guid(65837d3c48f3d694ba5eae35bb5241c8) (TextureImporter) -> (artifact id: '9c965cc456a502487e4759121c784b8b') in 0.002195583 seconds
Start importing Packages/com.meta.xr.sdk.core/Editor/BuildingBlocks/Icons/ovr_bb_icon.png using Guid(6557dba7c7035a3448c0583098600c6c) (TextureImporter) -> (artifact id: 'ccd162410aec32ef3670f1bed1a90c27') in 0.004015334 seconds
Start importing Packages/com.unity.timeline/Editor/StyleSheets/Images/Shared/Timeline-Marker-Multi-Overlay.png using Guid(75f26f1c549568c4e9950a368bd08cb8) (TextureImporter) -> (artifact id: 'bfac37865e34e05c4b19a441ef048111') in 0.003764083 seconds
Start importing Packages/com.meta.xr.sdk.core/Scripts/ImmersiveDebugger/UserInterface/Resources/Textures/expand_icon.png using Guid(851b57887c97a574999a49d21718319f) (TextureImporter) -> (artifact id: 'c8916cc980fb95a09751a70aa10f23b6') in 0.004037917 seconds
Start importing Packages/com.unity.timeline/Editor/StyleSheets/Images/Icons/TrackCurvesButtonEnabled.png using Guid(9589d5d9eb09dec43b2ad51af4e78b1e) (TextureImporter) -> (artifact id: '9cf53e829ae4da94ffbd84bd865ebd58') in 0.001622167 seconds
Start importing Packages/com.unity.timeline/Editor/StyleSheets/Images/DarkSkin/TimelineSignalSelected.png using Guid(a5e21f4e466690645980dd0cf0b664bc) (TextureImporter) -> (artifact id: 'd98d292214d04302ce28b7915bcc5ba4') in 0.001891583 seconds
Start importing Packages/com.meta.xr.sdk.core/Editor/OVRProjectSetup/Icons/ovr_icon_category_neutral.png using Guid(a5c6b8a6ed5d33749ac1f5783e1675f2) (TextureImporter) -> (artifact id: 'e29cf48750fcddba0dc32d78a34829a6') in 0.002084 seconds
Start importing Packages/com.meta.xr.sdk.core/Textures/OculusTouchForQuestAndRiftS/OculusQuestTouchControllerTexture.tga using Guid(a53d1d4e8207acf45b310f189c342b70) (TextureImporter) -> (artifact id: '66d1bdac2f2dc81242a41882f5524b76') in 0.3988595 seconds
Start importing Packages/com.meta.xr.sdk.core/Textures/Logos/OculusLogo.png using Guid(a56d69833b6471340bd0029e57449b72) (TextureImporter) -> (artifact id: '7af987c05737feb3d9309e6ab7f72c4c') in 0.005953583 seconds
Start importing Packages/com.meta.xr.mrutilitykit/Editor/BuildingBlocks/FindSpawnPositions/Textures/findSpawnPositions.png using Guid(b5c5be7e0b904844aa95ba4b9a80d254) (TextureImporter) -> (artifact id: '9b0190143d3017acfdac585871729161') in 0.0842045 seconds
Start importing Packages/com.meta.xr.sdk.core/Editor/MetaWand/Icons/metawand.png using Guid(b53ae218b6843ad4d9b0f81f7a37a483) (TextureImporter) -> (artifact id: 'dbf9fb0100bbaed1db50a8ffa901f3e4') in 0.0042665 seconds
Start importing Packages/com.unity.timeline/Editor/StyleSheets/Images/Icons/TimelineEditModeRippleON.png using Guid(c5c1f094d9a9b3f4c9cc6c3a87af871c) (TextureImporter) -> (artifact id: 'c87e5fd33f4cd43778dba568a3ea86fb') in 0.002229292 seconds
Start importing Packages/com.meta.xr.sdk.core/Editor/BuildingBlocks/Icons/ovr_icon_download.png using Guid(c586018950d40664784457f6025fac43) (TextureImporter) -> (artifact id: '2ecb466ee6af1083f15bd36d70909934') in 0.002127708 seconds
Start importing Packages/com.meta.xr.sdk.core/Editor/BuildingBlocks/BlockData/VirtualKeyboard/Textures/bb_thumb_virtualkeyboard.jpg using Guid(d5377891cf6386b4a9337b2fb62b1e80) (TextureImporter) -> (artifact id: '7266342f4acbc5ffb8a7e9a839be0905') in 0.0065545 seconds
Start importing Packages/com.unity.timeline/Editor/StyleSheets/Images/Icons/d_TrackCurvesButtonDisabled.png using Guid(d55a54a15106e3f418a43134888f2211) (TextureImporter) -> (artifact id: '55dc7bb24354558f921ba2ef2b9f8dbb') in 0.001905917 seconds
Start importing Packages/com.unity.timeline/Editor/StyleSheets/Images/Shared/TimelineSwatch.png using Guid(e50018fd67fc156459e4014bdad3f5f6) (TextureImporter) -> (artifact id: 'ad3a32e2e7f1f991a660ce8a281f2948') in 0.001741083 seconds
Start importing Packages/com.unity.timeline/Editor/StyleSheets/Images/Icons/d_TrackMuteButtonEnabled@2x.png using Guid(e54e20c7a9730fe4c822d63228527ae4) (TextureImporter) -> (artifact id: '98810448c36e42331391960c8d4a8ad7') in 0.001450959 seconds
Start importing Packages/com.meta.xr.sdk.core/Editor/Icons/ovr_radiobutton_selected.png using Guid(f5981a9e55859ec45ad7bba9619d8595) (TextureImporter) -> (artifact id: 'bc5dc444037b8bdb0b19b5e0942c1824') in 0.00147325 seconds
Start importing Packages/com.unity.ai.navigation/EditorResources/Overlay/d_NavigationOverlay@256.png using Guid(f5dd88efd8622424998bf5326c5421eb) (TextureImporter) -> (artifact id: '95906a880a7ce8c16608a5a0bee5b829') in 0.032377792 seconds
Start importing Packages/com.meta.xr.sdk.core/Textures/OculusTouchForRift/touchController_albedo.png using Guid(063f7a502a7e06e428090710e8286b2b) (TextureImporter) -> (artifact id: 'c35eaa904ecd8f3c989dfa2d6b702248') in 2.487845875 seconds
Start importing Packages/com.unity.timeline/Editor/StyleSheets/Images/Icons/d_TimelineSelector.png using Guid(06bf6150656339941aa98e175a995445) (TextureImporter) -> (artifact id: '4288a57abc9970c3ce39e9c28633c29b') in 0.003782833 seconds
Start importing Packages/com.meta.xr.sdk.core/Editor/Icons/ovr_icon_sidebar.png using Guid(1624d1475dba39d46a5a33694887514a) (TextureImporter) -> (artifact id: '7ec27bde1d258f69c32a2ec3b8c414fa') in 0.005659583 seconds
Start importing Packages/com.meta.xr.sdk.core/Scripts/ImmersiveDebugger/UserInterface/Resources/Textures/icon_background_02.png using Guid(36567a5bd7bff6043909dd4fef323cab) (TextureImporter) -> (artifact id: '506b81e3a520bd6e892e321fe21bf0d2') in 0.01323375 seconds
Start importing Packages/com.meta.xr.sdk.core/Scripts/ImmersiveDebugger/UserInterface/Resources/Textures/minimize_icon.png using Guid(365a3b4e508fcef42863ed4bedffd3ed) (TextureImporter) -> (artifact id: '44320bb8c276d9a6321d62dc85f96fa8') in 0.004516916 seconds
Start importing Packages/com.unity.timeline/Editor/StyleSheets/Images/DarkSkin/TimelineLoop.png using Guid(360dded8761e81d4d98c10f469d55492) (TextureImporter) -> (artifact id: 'ad56b40a43296fb47df53d7868fe7ca1') in 0.002365542 seconds
Start importing Packages/com.meta.xr.sdk.core/Scripts/ImmersiveDebugger/UserInterface/Resources/Textures/notice_icon.png using Guid(365e4cb5e6c49dc4cadcc9eb2f3057ed) (TextureImporter) -> (artifact id: 'ff888ff2652f07aafbbe69e8ec41dfad') in 0.004386292 seconds
Start importing Packages/com.meta.xr.sdk.core/Editor/ImmersiveDebugger/Icons/ovr_icon_inspect.png using Guid(56f26e1a664e09549971c9c656fa86e8) (TextureImporter) -> (artifact id: 'b12312b2eef4ef83b73afb68131a97aa') in 0.002988166 seconds
Start importing Packages/com.meta.xr.mrutilitykit/Core/Textures/SpaceMapGPU.png using Guid(66f900de077201e439e789d69e676228) (TextureImporter) -> (artifact id: '9f11b01c85bd57d5490b836b7bd64e3a') in 0.0052025 seconds
Start importing Packages/com.meta.xr.sdk.core/Editor/Icons/ovr_icon_bug.png using Guid(66ebdb1a1469f66469249a72d7082b35) (TextureImporter) -> (artifact id: '83606dced7b0428674d05cbb94a0c541') in 0.002594083 seconds
Start importing Packages/com.meta.xr.sdk.core/Editor/BuildingBlocks/Icons/ovr_bg_border_radius8.png using Guid(7652df035ad6dea4382f9dffbb76ffa0) (TextureImporter) -> (artifact id: 'fd870a42a1d5a8e56f648a985802758f') in 0.003412084 seconds
Start importing Packages/com.meta.xr.sdk.core/Editor/BuildingBlocks/Icons/bb_icon_close.png using Guid(76f80c1838e725a4fa7e9377d7f0dd3e) (TextureImporter) -> (artifact id: '1146fa9ff276c119d987c6e67685308b') in 0.004471416 seconds
Start importing Packages/com.meta.xr.sdk.core/Scripts/ImmersiveDebugger/UserInterface/Resources/Textures/hierarchy_icon.png using Guid(9683f1d72d28108459e918388eab8449) (TextureImporter) -> (artifact id: 'dffcd4ee0eaaafb66b1e7615f8b313d4') in 0.003751417 seconds
Start importing Packages/com.unity.ai.navigation/EditorResources/Overlay/d_NavigationOverlay On@16.png using Guid(96c9a57d95a712d44978703ea9dd7f4e) (TextureImporter) -> (artifact id: '4790f9f1187ee869c09e0ee21ec5757a') in 0.002975792 seconds
Start importing Packages/com.meta.xr.sdk.core/Editor/BuildingBlocks/BlockData/RoomModel/Textures/Checker.png using Guid(a691417de3d6c284497171b688bac703) (TextureImporter) -> (artifact id: '0954b378bfa523b340f342926263b350') in 0.010251125 seconds
Start importing Packages/com.unity.ai.navigation/Gizmos/NavMeshModifier Icon.png using Guid(b642c6bf23e624e23ad11b3e1d471932) (TextureImporter) -> (artifact id: '9223ebc896f8918d56ae1787dd5d6213') in 0.005074167 seconds
Start importing Packages/com.meta.xr.sdk.core/Editor/BuildingBlocks/Thumbnails/Collections/default.png using Guid(b664332af86314444b66edcee8edcbab) (TextureImporter) -> (artifact id: 'a7abc5f38d24f5c4812bb46a6087c1dc') in 0.009378583 seconds
Start importing Packages/com.unity.timeline/Editor/StyleSheets/Images/LightSkin/TimelineMarkerItemSelected.png using Guid(b6e9dc9aad5843748a0124b8925c3743) (TextureImporter) -> (artifact id: 'ccd24fa3e662fe81deaa4387315bb885') in 0.001814167 seconds
Start importing Packages/com.meta.xr.sdk.core/Editor/BuildingBlocks/BlockData/AIBlocks/ObjectDetection/textures/bb_thumb_object _detection.png using Guid(b6ca6d636988e1b429bfbd7c703402dc) (TextureImporter) -> (artifact id: '372fcfe180980ed06f59770fe013d37a') in 0.056624958 seconds
Start importing Packages/com.meta.xr.sdk.core/Editor/BuildingBlocks/Animations/bb_outline_05.png using Guid(b62ea05aab642a84aa10dda65834bf55) (TextureImporter) -> (artifact id: 'f593aeacebcb6f44b817b04faa8e1869') in 0.007801 seconds
Start importing Packages/com.unity.timeline/Editor/StyleSheets/Images/Icons/TrackRecordButtonEnabled.png using Guid(c6a0c6226c05f954fa6cd03aebb4d255) (TextureImporter) -> (artifact id: '28d1bf525113eb01354fb3999a32220d') in 0.001718084 seconds
Start importing Packages/com.unity.timeline/Editor/StyleSheets/Images/LightSkin/TimelineAutokey_active@2x.png using Guid(f6717d61970edba4686c297677881a77) (TextureImporter) -> (artifact id: '9f5e1e7184e2d26ce70b7cf0ea677b8a') in 0.001454417 seconds
Start importing Packages/com.meta.xr.sdk.core/Scripts/ImmersiveDebugger/UserInterface/Resources/Textures/shift_icon.png using Guid(f61a8ec5c53caa842ac01acee8fba8b3) (TextureImporter) -> (artifact id: 'e30b3ab631f59f383fccde38a1bd94dd') in 0.003843666 seconds
Start importing Packages/com.meta.xr.sdk.core/Textures/gaze_cursor.png using Guid(077028084dceb584798dade6c58d1978) (TextureImporter) -> (artifact id: 'c99b88ffc898c7dfd108770cd8006eea') in 0.020047833 seconds
Start importing Packages/com.meta.xr.sdk.core/Editor/BuildingBlocks/BlockData/AIBlocks/TextToSpeech/Textures/bb_thumb_ai_tts.png using Guid(0790af3af816dea428a26f393b90977c) (TextureImporter) -> (artifact id: 'b935bddb174156e3bdbd1b09bb620275') in 0.060542833 seconds
Start importing Packages/com.meta.xr.sdk.core/Editor/Guide/Textures/ovr_xr_sim.png using Guid(0788e03d34feec24da0f901e70993201) (TextureImporter) -> (artifact id: '3ba7eaab3587fded56b46fbb4ca56aba') in 0.010736416 seconds
Start importing Packages/com.meta.xr.sdk.core/Textures/microgestures_bar_background.png using Guid(078fde569b9ba7146ab80cbad7ca35ac) (TextureImporter) -> (artifact id: '13cd34f81a444440430aa3b0e7dc0798') in 0.005941542 seconds
Start importing Packages/com.unity.timeline/Editor/StyleSheets/Images/Shared/TimelineWarning.png using Guid(1732e542f535d374bbfa7565fc78414e) (TextureImporter) -> (artifact id: 'd1662bb77abedde24b1f1345c1c00f1a') in 0.002612875 seconds
Start importing Packages/com.meta.xr.sdk.core/Scripts/ImmersiveDebugger/UserInterface/Resources/Textures/bin_icon.png using Guid(1765075aab1561e4ba556833a673e04e) (TextureImporter) -> (artifact id: 'cd4cd71c4fe835ca15031e2d84cd99bb') in 0.006361792 seconds
Start importing Packages/com.meta.xr.sdk.core/Editor/BuildingBlocks/BlockData/AIBlocks/SpeechToText/Textures/bb_thumb_ai_stt.png using Guid(1778cdaced7699146aed6d0554cfa950) (TextureImporter) -> (artifact id: '6cbf8e43bcc9a44d642671596120162f') in 0.059051709 seconds
Start importing Packages/com.meta.xr.sdk.core/Editor/BuildingBlocks/Icons/ovr_bb_sqr_back.png using Guid(17dfbad93fe658c4f81fe0b8809ad59c) (TextureImporter) -> (artifact id: 'e00f48c5227269b375cec4a4c295c1ed') in 0.006119625 seconds
Start importing Packages/com.meta.xr.sdk.core/Textures/MetaQuestTouchPro/controller_l_lo_Normal.png using Guid(2771258a413ee134ab18726bc0362e4d) (TextureImporter) -> (artifact id: '01a96813efd8666cde933f2b4f577bf8') in 0.95707275 seconds
Start importing Packages/com.meta.xr.sdk.core/Editor/Icons/ovr_icon_pill.png using Guid(27bed237a429f964088ed9cc5acfa0d8) (TextureImporter) -> (artifact id: 'f28abe5f6ad3735a7851d00d70dde186') in 0.003569084 seconds
Start importing Packages/com.meta.xr.sdk.core/Editor/BuildingBlocks/Animations/bb_outline_08.png using Guid(37b36a602d2bd604fb7a7ca6e7b4ff49) (TextureImporter) -> (artifact id: '23af1d6f282aee337ddfc986111de933') in 0.008458791 seconds
Start importing Packages/com.meta.xr.sdk.core/Editor/Icons/meta_icon_large.png using Guid(3706497d9ade03b44b12d9c7556f5d60) (TextureImporter) -> (artifact id: '891d4d20ba34d85ec395b02e373a013e') in 0.0040195 seconds
Start importing Packages/com.meta.xr.sdk.core/Editor/Icons/sdk_Icons/mono/core_icon.png using Guid(3749982526f05ab4f8734115c948425d) (TextureImporter) -> (artifact id: 'f66fa49607d3decfa3f87697730f0c88') in 0.004627917 seconds
Start importing Packages/com.meta.xr.sdk.core/Editor/BuildingBlocks/BlockData/MultiplayerBlocks/Shared/Textures/bb_thumb_localmatchmaking.jpg using Guid(37ace9aacc61a4405a43bb89992f2baf) (TextureImporter) -> (artifact id: '33738f8c0f3773026038b7e11a098c26') in 0.026584583 seconds
Start importing Packages/com.meta.xr.sdk.core/Editor/BuildingBlocks/BlockData/MultiplayerBlocks/Shared/Textures/bb_thumb_custommatchmaking.jpg using Guid(57b03d0a194a60e439ec9b413a2148ad) (TextureImporter) -> (artifact id: '65cc77df27ea6d98db144c35acd00cd1') in 0.025616916 seconds
Start importing Packages/com.unity.timeline/Editor/StyleSheets/Images/Icons/d_TimelineEditModeRippleON.png using Guid(67a774c4384aa6c488128e2851b18ced) (TextureImporter) -> (artifact id: '4c6e137dcbaa39ced4f826096f46f445') in 0.002211208 seconds
Start importing Packages/com.unity.timeline/Editor/StyleSheets/Images/Icons/d_TrackMarkerButtonDisabled@2x.png using Guid(77d926c9a4ddcc940b8c000b45cbfb35) (TextureImporter) -> (artifact id: '85ad1bf6bb3ae9584bd505c67f836760') in 0.003016833 seconds
Start importing Packages/com.meta.xr.sdk.core/Editor/BuildingBlocks/Animations/bb_outline_07.png using Guid(a743f349118878d45b7b78c71abb2aa2) (TextureImporter) -> (artifact id: '9940dc763d47b2195707d5e295730faf') in 0.009788333 seconds
Start importing Packages/com.meta.xr.mrutilitykit/Editor/BuildingBlocks/RoomGuardian/Textures/roomGuardian.png using Guid(a7f4c54f9844aef41a0f9c29c538e084) (TextureImporter) -> (artifact id: 'f51d66650ab583fdd5c7a5b1654b5444') in 0.086560667 seconds
Start importing Packages/com.meta.xr.sdk.core/Editor/BuildingBlocks/Icons/ovr_icon_hidden.png using Guid(a787c8e4775ddb64496bcf4a995fd61a) (TextureImporter) -> (artifact id: 'bd23e9215f5a664dbe1a2c06b7e27b98') in 0.002826708 seconds
Start importing Packages/com.unity.timeline/Editor/StyleSheets/Images/LightSkin/TimelineIconClipOut.png using Guid(a7a968b204ed77c4ba90be3ef3ee8551) (TextureImporter) -> (artifact id: 'afa704fe4be9cbe801c974fe4e336c1e') in 0.002229209 seconds
Start importing Packages/com.meta.xr.sdk.core/Scripts/ImmersiveDebugger/UserInterface/Resources/Textures/compress_icon.png using Guid(c7a98ee624e845e43bfd4912414de2b5) (TextureImporter) -> (artifact id: 'd447f1a3b70f348006c8795c7e1a95c0') in 0.005623125 seconds
Start importing Packages/com.unity.timeline/Editor/StyleSheets/Images/LightSkin/TimelineLoop.png using Guid(c7df1e797b21c774f9b859d17f674737) (TextureImporter) -> (artifact id: 'f31a26a87a33df9b1832c7eabe5d626b') in 0.002414583 seconds
Start importing Packages/com.meta.xr.sdk.core/Scripts/ImmersiveDebugger/UserInterface/Resources/Textures/icon_background.png using Guid(d7208c116513cfb42be02397e2c5167e) (TextureImporter) -> (artifact id: '88a00100863b4a109842286ca150771a') in 0.00345975 seconds
Start importing Packages/com.meta.xr.sdk.core/Editor/Textures/Spinner/Spinner_04.png using Guid(d78df55e6450fbf4ab78ab09056aedb7) (TextureImporter) -> (artifact id: '7643a5495252e9568d3226c8704be57c') in 0.00312975 seconds
Start importing Packages/com.meta.xr.sdk.core/Editor/Icons/copy.png using Guid(e77af740b94a6c14e983954aeb7d100f) (TextureImporter) -> (artifact id: '6e400b3c3fa864d66219dfc54e41003e') in 0.006539708 seconds
Start importing Packages/com.meta.xr.sdk.core/Editor/Icons/ovr_icon_error.png using Guid(e72e9eea6010f3e49bd3ce52695520b5) (TextureImporter) -> (artifact id: 'e65c3d1981cf8b57929c235ea6937fc7') in 0.002096958 seconds
Start importing Packages/com.unity.ai.navigation/EditorResources/Overlay/NavigationOverlay On@32.png using Guid(f7a3e2b3beab29040bc1a68f0ad0045c) (TextureImporter) -> (artifact id: '27aaa2be629a9909d53a29073467ab3a') in 0.004860625 seconds
Start importing Packages/com.unity.timeline/Editor/StyleSheets/Images/DarkSkin/TimelineContinue.png using Guid(f747f9cdf03f2ff418fe728a77e8cbef) (TextureImporter) -> (artifact id: '0acbf13f709f66b89547d134ba2f565c') in 0.001758 seconds
Start importing Packages/com.meta.xr.sdk.core/Editor/Utils/Notifications/textures/notifications_gradient_neutral.png using Guid(08f439bb4f3532f47bcab19909b2f2fc) (TextureImporter) -> (artifact id: '31be8ded2694da0523eeedb734dabef6') in 0.00205225 seconds
Start importing Packages/com.meta.xr.sdk.core/Scripts/ImmersiveDebugger/UserInterface/Resources/Textures/categories_icon.png using Guid(089532af84b4a104abd5ee312d1fdf32) (TextureImporter) -> (artifact id: 'a66814514b2151a4b6e33d1fa90cb16c') in 0.003822708 seconds
Start importing Packages/com.unity.timeline/Editor/StyleSheets/Images/DarkSkin/TimelineAutokey_active@2x.png using Guid(183f7b7549219ab47becb461a16df882) (TextureImporter) -> (artifact id: '86e466e204d1f7c1cf5182793a0fc4a5') in 0.001641625 seconds
Start importing Packages/com.unity.timeline/Editor/StyleSheets/Images/LightSkin/TimelineActivation.png using Guid(2887294cc7f1fe840bff6e349409648d) (TextureImporter) -> (artifact id: '3bfcf9b2c43cb08c30243dc9e438b49b') in 0.001357417 seconds
Start importing Packages/com.meta.xr.mrutilitykit/Editor/BuildingBlocks/SceneDebugger/Textures/sceneDebugger.png using Guid(38f69350382be7f4887ee22dcc0d4b2c) (TextureImporter) -> (artifact id: 'd332e75bafc54b816769e5a867125e2d') in 0.086710875 seconds
Start importing Packages/com.unity.timeline/Editor/StyleSheets/Images/LightSkin/TimelinePingPong.png using Guid(88d697f38121de443ba144702e5122d9) (TextureImporter) -> (artifact id: '766e6b82ebc5d2a10abac9a9288a8a59') in 0.002462166 seconds
Start importing Packages/com.unity.timeline/Editor/StyleSheets/Images/Icons/TimelineEditModeMixON.png using Guid(a82846d41464fcf4b962ebdc815963f5) (TextureImporter) -> (artifact id: 'de50d988526c5395a5021b259b444e22') in 0.001699666 seconds
Start importing Packages/com.unity.timeline/Editor/StyleSheets/Images/LightSkin/TimelineSignalCollapsed.png using Guid(a88fa20ed164bbe4da6bf533f94a3113) (TextureImporter) -> (artifact id: '791d673ce93cdd2f79a9b5d6b2e9af19') in 0.003437625 seconds
Start importing Packages/com.meta.xr.sdk.core/Editor/Icons/sdk_Icons/interaction_icon.png using Guid(b8d1cef53887fa8439664091388fa24d) (TextureImporter) -> (artifact id: '5b5edff0ba07c821ab237680269a8ecf') in 0.003702209 seconds
Start importing Packages/com.unity.timeline/Editor/StyleSheets/Images/Icons/TrackLockButtonEnabled@2x.png using Guid(b8c531b4e51e4994a81837c4e9b0d649) (TextureImporter) -> (artifact id: '0a3eaca023ae5824678e1ccf598ddfd2') in 0.001800875 seconds
Start importing Packages/com.unity.ai.navigation/EditorResources/Overlay/d_NavigationOverlay On@32.png using Guid(b8a654e77ffbbcd4abdda7fdb70fbb9e) (TextureImporter) -> (artifact id: '6472b4430d7b7f52d7b12f7fc098636d') in 0.004759916 seconds
Start importing Packages/com.unity.timeline/Editor/StyleSheets/Images/Icons/TimelineCollapseMarkerButtonDisabled.png using Guid(b80d5b6acdfbc114b9efab6295fd96c1) (TextureImporter) -> (artifact id: '88c9ac4b01dfe3fd66d1d5cd4de60708') in 0.001549959 seconds
Start importing Packages/com.meta.xr.sdk.core/Editor/BuildingBlocks/BlockData/MultiplayerBlocks/PhotonFusion/PlayerVoiceChat/Textures/bb_thumb_networkedplayervoicechat.jpg using Guid(d8946f5c2e9b1430e902d6a90753f7d1) (TextureImporter) -> (artifact id: 'd1bfd72a377fe8d4436bed7611b69016') in 0.0291435 seconds
Start importing Packages/com.meta.xr.sdk.core/Editor/Icons/sdk_Icons/core_icon.png using Guid(d88676e24b0c65d4abe9e1bdba77611f) (TextureImporter) -> (artifact id: 'db94dea471d09f3c41dd9e7f44e16eac') in 0.009685375 seconds
Start importing Packages/com.meta.xr.sdk.core/Scripts/ImmersiveDebugger/UserInterface/Resources/Textures/move_icon.png using Guid(d8ae9fb21d28683468f714f6353fbfb0) (TextureImporter) -> (artifact id: '588d9e0004a1edb520b4b9a13c8e1382') in 0.00739175 seconds
Start importing Packages/com.unity.timeline/Editor/StyleSheets/Images/Icons/d_TrackLockButtonEnabled.png using Guid(e8aa120f1b4731e43a2dd31eb70bbbe2) (TextureImporter) -> (artifact id: '4a232b0887a71b9fed6164eb5198bdba') in 0.003529541 seconds
Start importing Packages/com.meta.xr.sdk.core/Editor/Icons/sdk_Icons/mono/multiplayer_icon.png using Guid(09462aa45d244304f82cbc1fcc823715) (TextureImporter) -> (artifact id: 'ab21d9599a232dac3d0e964d245cfd62') in 0.003947584 seconds
Start importing Packages/com.meta.xr.sdk.core/Editor/Icons/ovr_icon_update.png using Guid(09f628bcc055d6c419da907668a0f083) (TextureImporter) -> (artifact id: '9c9d12b38d24c349fdc8dbc6cb83135f') in 0.002251917 seconds
Start importing Packages/com.unity.timeline/Editor/StyleSheets/Images/Icons/TimelineEditModeReplaceOFF.png using Guid(09ae14686a02d484ab41e76fd1efba14) (TextureImporter) -> (artifact id: 'e1227aecb0f13ef53daed76ff6b0297a') in 0.002123625 seconds
Start importing Packages/com.unity.timeline/Editor/StyleSheets/Images/Icons/TrackMarkerButtonDisabled@2x.png using Guid(193dae938a3136440b693b45a2494737) (TextureImporter) -> (artifact id: '92525c6750de9831cb0e26c63d09ba31') in 0.001543792 seconds
Start importing Packages/com.meta.xr.mrutilitykit/Tests/Textures/Unity_Room_001.png using Guid(29bdc8e4df856db44b77005008602acf) (TextureImporter) -> (artifact id: 'b8abb84a949d53853db167ff6d832034') in 0.025084625 seconds
Start importing Packages/com.meta.xr.sdk.core/Editor/Icons/ovr_checkbox_selected.png using Guid(291e0a7e7d61798499ce95bcde6b3beb) (TextureImporter) -> (artifact id: '7cdfb6bdb381a853bcb6a9f65706dbcd') in 0.002919916 seconds
Start importing Packages/com.unity.timeline/Editor/StyleSheets/Images/Icons/d_TimelineEditModeMixOFF.png using Guid(39d9575ed0465354cb02b69ea18526de) (TextureImporter) -> (artifact id: '32382862ad082ea4bf8d50736889c889') in 0.002240583 seconds
Start importing Packages/com.unity.timeline/Editor/StyleSheets/Images/Icons/TrackRecordButtonDisabled.png using Guid(495998c718a094540bbe57ae5ab07647) (TextureImporter) -> (artifact id: '1400b2c8c71582146a3b41df58a18132') in 0.002577708 seconds
Start importing Packages/com.meta.xr.sdk.core/Editor/BuildingBlocks/BlockData/PassthroughCameraVisualizer/Textures/bb_thumb_pca_visualizer.png using Guid(5910d1cecce5f3f4a99b72631827a115) (TextureImporter) -> (artifact id: '2f03249268d46a86d63b960d0653361b') in 0.064293709 seconds
Start importing Packages/com.meta.xr.sdk.core/Editor/Icons/ovr_checkbox.png using Guid(59e24492e87738f4bbf78f638abe7666) (TextureImporter) -> (artifact id: 'c7cfb76a895c3fe95b182f62de788994') in 0.002751875 seconds
Start importing Packages/com.unity.timeline/Editor/StyleSheets/Images/LightSkin/TimelineEndPlayback.png using Guid(6952cd3b0f88917449a8fa4d19fc5009) (TextureImporter) -> (artifact id: '90022c6f4bbe896087b194e080df8f63') in 0.002339625 seconds
Start importing Packages/com.unity.timeline/Editor/StyleSheets/Images/LightSkin/TimelineInfiniteTrackNoShadow.png using Guid(69ff79f863a32ad44a9497d4896d9d1c) (TextureImporter) -> (artifact id: 'f320b16bde43898735a1d433c88b026d') in 0.003612291 seconds
Start importing Packages/com.meta.xr.sdk.core/Textures/gaze_cursor_timer.tga using Guid(79a33e7a7166c6142ad50f46a9a23d3e) (TextureImporter) -> (artifact id: '2ace2b01005047051369e4b151b49cc3') in 0.004672208 seconds
Start importing Packages/com.meta.xr.sdk.core/Textures/color_ramp_timer.tga using Guid(8929c8bc5148a624b8c9d6df0ee6f0ca) (TextureImporter) -> (artifact id: 'f7273c6804720ec485eed7ff3adb2470') in 0.004322 seconds
Start importing Packages/com.meta.xr.sdk.core/Editor/BuildingBlocks/BlockData/Cube/Textures/bb_thumb_cube.jpg using Guid(99a9adb7dbf96f84f8a3b5ee1042e4e0) (TextureImporter) -> (artifact id: '4f3d518ee13ffbf4f008eb5e7f55c74d') in 0.006636875 seconds
Start importing Packages/com.meta.xr.sdk.core/Editor/Textures/Spinner/Spinner_01.png using Guid(a9b8751d2cc7a274cb089ecea60b3dd8) (TextureImporter) -> (artifact id: '419f8873cbdca8d4282aef82523b8180') in 0.002882625 seconds
Start importing Packages/com.meta.xr.sdk.core/Editor/Icons/sdk_Icons/mono/passthrough_icon.png using Guid(a99cf20fef8c0b04fb88fd0036d20f0a) (TextureImporter) -> (artifact id: 'fbb9d924f5854a4f7b677727f8234895') in 0.003215666 seconds
Start importing Packages/com.meta.xr.sdk.core/Editor/Icons/ovr_icon_cog.png using Guid(a98e835fb7d77694b9e11d6e74e318b5) (TextureImporter) -> (artifact id: '58e68523bbcfd2c57efc0b9eec070091') in 0.002627167 seconds
Start importing Packages/com.meta.xr.sdk.core/Scripts/ImmersiveDebugger/UserInterface/Resources/Textures/panel_background.png using Guid(c961697d198d60c49a13800fcf897b36) (TextureImporter) -> (artifact id: '8bea5793e9b775d8d0a7e18071f5376c') in 0.006856583 seconds
Start importing Packages/com.meta.xr.sdk.core/Editor/Icons/sdk_Icons/mono/scene_icon.png using Guid(c991be8aefa712244b3126e3fd5ca8b6) (TextureImporter) -> (artifact id: 'b1c89f7d60e7ff2089df3eefc7ee4ec2') in 0.003010291 seconds
Start importing Packages/com.meta.xr.sdk.core/Editor/BuildingBlocks/Animations/bb_outline_03.png using Guid(c91f1eb70a4bdfb4490ddb0b55d7870d) (TextureImporter) -> (artifact id: '1dcef807b36b42e0234d26b482ad8c1b') in 0.018760125 seconds
Start importing Packages/com.unity.timeline/Editor/StyleSheets/Images/DarkSkin/TimelineSignalCollapsed.png using Guid(d91793cd853a258448e4d5545bb38e45) (TextureImporter) -> (artifact id: 'f709dc0b09426a37c52d10caefd56d3f') in 0.003334792 seconds
Start importing Packages/com.meta.xr.sdk.core/Textures/MetaQuestTouchPro/controller_l_lo_BaseColor.png using Guid(d9ad590bd590c2d47b7034bbfc26813b) (TextureImporter) -> (artifact id: 'ebbd9913b9caa95cd6fc31a405a9a4a3') in 2.376642916 seconds
Start importing Packages/com.meta.xr.sdk.core/Editor/BuildingBlocks/BlockData/RoomModel/Textures/bb_thumb_roommodel.jpg using Guid(e9e12fd1a426e804eb879518b6202ed8) (TextureImporter) -> (artifact id: '781409cc871bc08c0527b49eb0c32028') in 0.007134667 seconds
Start importing Packages/com.unity.ai.navigation/EditorResources/Overlay/NavigationOverlay@32.png using Guid(f9a2f623ba32a844da6de770f5ccf17f) (TextureImporter) -> (artifact id: '14d51238d0525acc2aed7dc0da5f32eb') in 0.007165167 seconds
Start importing Packages/com.unity.timeline/Editor/StyleSheets/Images/LightSkin/TimelineKeyframe.png using Guid(f9fd2f335364cda41937eab39bf20049) (TextureImporter) -> (artifact id: '8f7b6d3d57c7e38874268ac05a3470eb') in 0.002410542 seconds
Start importing Packages/com.meta.xr.mrutilitykit/Editor/BuildingBlocks/InstantContentPlacement/Textures/bb_thumb_instantcontentplacement.png using Guid(0aa8fdc06ed7df8478c8911a432173da) (TextureImporter) -> (artifact id: '6da654b1c95c755845f25fd589b4a34a') in 0.067741458 seconds
Start importing Packages/com.unity.timeline/Editor/StyleSheets/Images/LightSkin/TimelineAutokey_active.png using Guid(0a5e3e063c4e1ab45999cf6e40c13c07) (TextureImporter) -> (artifact id: '40530eaaf571701b05956ef7b336c642') in 0.002300125 seconds
Start importing Packages/com.unity.timeline/Editor/StyleSheets/Images/LightSkin/TimelineSignalSelected.png using Guid(1a7852b1b33b816498b6af1e739f5995) (TextureImporter) -> (artifact id: '2eb3457885fc668459c47b02f7883344') in 0.001801417 seconds
Start importing Packages/com.meta.xr.sdk.core/Editor/BuildingBlocks/BlockData/SharedSpatialAnchorCore/Textures/bb_thumb_ssa.jpg using Guid(2a52470dda46ac64788ce268d26170e2) (TextureImporter) -> (artifact id: 'c115e471cc9cdd1857036cddb85dd07d') in 0.007487125 seconds
Start importing Packages/com.meta.xr.sdk.core/Editor/Icons/sdk_Icons/mono/aio_icon.png using Guid(2ac397fcc775f6748939b61f7dd4be6b) (TextureImporter) -> (artifact id: 'a3fb43fcbc487cbc18c90c8c7d050e16') in 0.002822667 seconds
Start importing Packages/com.meta.xr.sdk.core/Editor/BuildingBlocks/BlockData/EyeGaze/Textures/bb_thumb_eyegaze.jpg using Guid(3aba4c4778b69ce4397e3883bbfb9c65) (TextureImporter) -> (artifact id: 'd5c24ba64972f14004b514965a2beba8') in 0.006312833 seconds
Start importing Packages/com.meta.xr.sdk.core/Editor/Icons/ovr_icon_meta_white.png using Guid(4ad2774222eef7c418f869d5e948bd88) (TextureImporter) -> (artifact id: 'b7d669650d94bc8e4a9a6c31c579655d') in 0.00376075 seconds
Start importing Packages/com.meta.xr.sdk.core/Editor/BuildingBlocks/BlockData/SampleSpatialAnchorController/Textures/bb_thumb_samplespatialanchorcontroller.jpg using Guid(5a9d3959d5cc6c346bf7998612a568a6) (TextureImporter) -> (artifact id: '37a70ad212a4e40ea27c0a9985a206df') in 0.007178459 seconds
Start importing Packages/com.unity.timeline/Editor/StyleSheets/Images/Icons/d_TrackMuteButtonDisabled.png using Guid(6ab002208ec290544b44bc263dc58a95) (TextureImporter) -> (artifact id: '46aedd784cf995935983c00b9a781fdd') in 0.0016415 seconds
Start importing Packages/com.meta.xr.sdk.core/Editor/Icons/sdk_Icons/mono/haptics_icon.png using Guid(6a374eed1fcb445408bd08d346110222) (TextureImporter) -> (artifact id: 'd02648d8ca3ef5a53009e1cb53b98bec') in 0.002671084 seconds
Start importing Packages/com.unity.ai.navigation/EditorResources/Overlay/d_NavigationOverlay.png using Guid(6a986a181c9bc6043b057a3d15edbaad) (TextureImporter) -> (artifact id: 'bd6d7f5f10360911b8f90d002312d71f') in 0.002933334 seconds
Start importing Packages/com.meta.xr.sdk.core/Editor/Guide/Textures/ovr_develop_02.jpg using Guid(7ae592bc19aae4b4baf7fdf7de5c4212) (TextureImporter) -> (artifact id: '70022912edde357cbcd29613f6130680') in 0.004546458 seconds
Start importing Packages/com.meta.xr.sdk.core/Editor/BuildingBlocks/BlockData/AlertViewHUD/Textures/icon_error.png using Guid(7a29e7d49a68af045bb7256ccad50103) (TextureImporter) -> (artifact id: '10aed7960964f1a273c752d4f6244b9f') in 0.004766166 seconds
Start importing Packages/com.meta.xr.sdk.core/Scripts/ImmersiveDebugger/UserInterface/Resources/Textures/rotate_icon.png using Guid(aa07d14bb6bb11245965a5a57219d12d) (TextureImporter) -> (artifact id: 'b8f5517321f1f065948f1af334d7c6a0') in 0.003503209 seconds
Start importing Packages/com.meta.xr.sdk.core/Editor/BuildingBlocks/BlockData/AIBlocks/LLM/Textures/DebugImage.png using Guid(ba234129451db284baa574c1678e21ac) (TextureImporter) -> (artifact id: '86c8ed128268bf1b882ee8b48520475d') in 0.021192208 seconds
Start importing Packages/com.meta.xr.sdk.core/Editor/Guide/Icons/ovr_bullet.png using Guid(dab18177eef03d947876924e480bc73d) (TextureImporter) -> (artifact id: 'dcc3aa09e2afb3019ba072fd5e7ced2c') in 0.003508375 seconds
Start importing Packages/com.meta.xr.sdk.core/Editor/OVRProjectSetup/Icons/ovr_icon_upst.png using Guid(daccb634c40170b40a52151fdcb6ea99) (TextureImporter) -> (artifact id: 'f5dbb2d675c53fb693f24ed1c91b627e') in 0.01189475 seconds
Start importing Packages/com.unity.timeline/Editor/StyleSheets/Images/DarkSkin/TimelineInfiniteTrackNoShadow.png using Guid(eae63adb172f1164db61a7f4bdfc3637) (TextureImporter) -> (artifact id: '058bdce32c05bc8ca476ea388252d3b4') in 0.002164 seconds
Start importing Packages/com.meta.xr.sdk.core/Editor/MetaWand/Icons/cube_filled_mini.png using Guid(ea6f46e3396d5834fbe6a03135601860) (TextureImporter) -> (artifact id: '0ffc246129ed9ed6f460394bead6a27c') in 0.002257875 seconds
Start importing Packages/com.meta.xr.mrutilitykit/Core/Textures/BlobShadow.png using Guid(fa027ebc6893b41468b2fb967e13ab1b) (TextureImporter) -> (artifact id: '5ca2b7ea94180902969f844db3cae4bc') in 0.01362175 seconds
Start importing Packages/com.meta.xr.sdk.core/Editor/BuildingBlocks/Icons/ovr_icon_debug.png using Guid(0b8379dd3ae32f641890e80597408d28) (TextureImporter) -> (artifact id: '6d3af2995161a0ea5c287a513810ea28') in 0.005548042 seconds
Start importing Packages/com.meta.xr.sdk.core/Editor/OVRProjectSetup/Icons/ovr_icon_category_success.png using Guid(0be6bd91c3ed459429f7e023ab85d7ee) (TextureImporter) -> (artifact id: 'a6a401b32d1599385f5a52dd58dc603e') in 0.002079166 seconds
Start importing Packages/com.meta.xr.sdk.core/Scripts/ImmersiveDebugger/UserInterface/Resources/Textures/pointer.png using Guid(0b7b31db21cbfe2438ffa6619a73f25d) (TextureImporter) -> (artifact id: '236b55699b7088199121f072c3b3ab8e') in 0.003209041 seconds
Start importing Packages/com.meta.xr.sdk.core/Editor/Guide/Icons/ovr_learn_icon.png using Guid(1be123b581a648348bfb1a1fcf6c733d) (TextureImporter) -> (artifact id: 'b420ef8f879474e0e930c42beb211cab') in 0.002651542 seconds
Start importing Packages/com.unity.ai.navigation/EditorResources/Overlay/NavigationOverlay@128.png using Guid(1b6bf0e7b03fea94987a73d0cb14781b) (TextureImporter) -> (artifact id: 'bcfd1f8e327c2bd79f8dd4f205cde9e0') in 0.011935125 seconds
Start importing Packages/com.meta.xr.sdk.core/Editor/Icons/plus.png using Guid(2b76468f0dfcaad43ab9eb5ffa35179a) (TextureImporter) -> (artifact id: '8faa81a2feecf4bf877a5737a19210e5') in 0.004636916 seconds
Start importing Packages/com.unity.timeline/Editor/StyleSheets/Images/DarkSkin/TimelineTimeCursor.png using Guid(3b9e9b3d9ade166499e7a17109ca73bf) (TextureImporter) -> (artifact id: '0ce9f2b81ac5a962e347610408e82a9a') in 0.002939916 seconds
Start importing Packages/com.meta.xr.sdk.core/Editor/Icons/sdk_Icons/audio_icon.png using Guid(4b06f2bbf51c88d44b11b2b42ad74843) (TextureImporter) -> (artifact id: '99113bb3eaca231eaa1f1f6e1aeae1a6') in 0.00248525 seconds
Start importing Packages/com.unity.timeline/Editor/StyleSheets/Images/Icons/TrackAvatarButtonEnabled.png using Guid(4bf6507f1346b2746a35384f6a5fd5f9) (TextureImporter) -> (artifact id: 'b2be1ec0a37bf6645d3aaa84d3f80674') in 0.001395416 seconds
Start importing Packages/com.meta.xr.sdk.core/Editor/Icons/sdk_Icons/mono/voice_icon.png using Guid(4b8e22a58e023f742886b2c417a8eccf) (TextureImporter) -> (artifact id: '1f2378d424f400383080300f5563d909') in 0.002744 seconds
Start importing Packages/com.unity.ai.navigation/EditorResources/Overlay/d_NavigationOverlay On@128.png using Guid(5b2a8a1e265e99b4fb8d77061490f397) (TextureImporter) -> (artifact id: 'd27a6f37d67c8bfc1fb9fb2f42fce3a5') in 0.011922292 seconds
Start importing Packages/com.meta.xr.sdk.core/Editor/BuildingBlocks/BlockData/CameraRig/Textures/bb_thumb_camerarig.jpg using Guid(5bbac4b39c4d6e046a86e35f184a7a26) (TextureImporter) -> (artifact id: '243c7af9f8d73272bac87e4617de8c71') in 0.006153458 seconds
Start importing Packages/com.meta.xr.mrutilitykit/Core/Textures/UI/mruk_common_icons.png using Guid(5bfa77e9219036c4baa0a195dae2a44f) (TextureImporter) -> (artifact id: 'a48eb098638bb3ed1dd11bac60cb9712') in 0.025244834 seconds
Start importing Packages/com.meta.xr.sdk.core/Editor/Textures/Spinner/Spinner_05.png using Guid(7b58143045997824194077c9744573fa) (TextureImporter) -> (artifact id: '8d8288a6f142504c10b44f3c4b53e803') in 0.003413625 seconds
Start importing Packages/com.meta.xr.sdk.core/Editor/Textures/Spinner/Spinner_02.png using Guid(7ba9824414cdad84e9512b2acbefc8c9) (TextureImporter) -> (artifact id: 'e71eb12000f8bb9e267db1139849b064') in 0.003155125 seconds
Start importing Packages/com.unity.timeline/Editor/StyleSheets/Images/Icons/d_TimelineEditModeReplaceON.png using Guid(7b4b3cedf598c954cb2f38d6e2e34c0d) (TextureImporter) -> (artifact id: 'f2426c53914dd78e273adc7bc6325229') in 0.004457375 seconds
Start importing Packages/com.meta.xr.sdk.core/Editor/BuildingBlocks/Icons/ovr_icon_link.png using Guid(8bb100d6094986c49b2408ec32a18777) (TextureImporter) -> (artifact id: '0a4b3a256ba2c169b4d82e613905bd1d') in 0.00195025 seconds
Start importing Packages/com.unity.timeline/Editor/StyleSheets/Images/DarkSkin/TimelineIconClipIn.png using Guid(ab1e2f0dfb0df5e40bb95359b3d8ed3a) (TextureImporter) -> (artifact id: 'c5864fa49ebeb03ce2026b10c2f94c00') in 0.001632 seconds
Start importing Packages/com.meta.xr.sdk.core/Editor/BuildingBlocks/Icons/ovr_icon_meta.png using Guid(cb04533a0cc196547858d7baab3d58ec) (TextureImporter) -> (artifact id: 'e9c45ca4d6a247230eb217cde5a92431') in 0.001998959 seconds
Start importing Packages/com.unity.timeline/Editor/StyleSheets/Images/Icons/TrackMuteButtonDisabled@2x.png using Guid(db31466324572e740a431e4e0e03a016) (TextureImporter) -> (artifact id: 'd9eebdd289f16302f8f6bd15ce62e29d') in 0.00175625 seconds
Start importing Packages/com.meta.xr.sdk.core/Editor/BuildingBlocks/BlockData/MultiplayerBlocks/Shared/Textures/bb_thumb_networkedusername.jpg using Guid(db24c53695d934b4c8d3b67e240cc7cd) (TextureImporter) -> (artifact id: 'bfbf1b58739e8e5d5393a173b96ea199') in 0.02133925 seconds
Start importing Packages/com.unity.timeline/Editor/StyleSheets/Images/Icons/d_TrackRecordButtonDisabled@2x.png using Guid(db15c78579dee4a4db85f392634c8ecc) (TextureImporter) -> (artifact id: '8305e2be7297b746638b4b02c0ad203d') in 0.003986417 seconds
Start importing Packages/com.unity.timeline/Editor/StyleSheets/Images/Shared/TimelineBottomShadow.png using Guid(db66ea47c76423f4a881937d34495801) (TextureImporter) -> (artifact id: '0f4c6daecbd984da4d3fa69b71035c97') in 0.001957625 seconds
Start importing Packages/com.meta.xr.sdk.core/Editor/BuildingBlocks/Icons/bb_icon_collection.png using Guid(dbf752eb6f6b28f43afd8f7d24f635da) (TextureImporter) -> (artifact id: 'a5b04da663267f194cba7eee7955eb73') in 0.017998333 seconds
Start importing Packages/com.meta.xr.sdk.core/Editor/Guide/Textures/ovr_upst.png using Guid(ebd6367872501a34ba2cd60aed06c33b) (TextureImporter) -> (artifact id: '7eea564b123876933e1b91d8ef022a2f') in 0.009272792 seconds
Start importing Packages/com.unity.timeline/Editor/StyleSheets/Images/Icons/d_TrackCurvesButtonEnabled.png using Guid(fbcdeb07ee516a64daa01ce462874280) (TextureImporter) -> (artifact id: 'fc3612a8704ea8eee61778cc9a427e74') in 0.002032541 seconds
Start importing Packages/com.meta.xr.sdk.core/Editor/Icons/ovr_icon_instructions.png using Guid(0c946f30221860b43a5f049f33c28dc5) (TextureImporter) -> (artifact id: '7cf0e9cd7561f750e0ba9a37ef838889') in 0.001844292 seconds
Start importing Packages/com.unity.ai.navigation/EditorResources/Overlay/NavigationOverlay On@16.png using Guid(1c89fbe185cd30b4584ab3d5476807eb) (TextureImporter) -> (artifact id: 'aae753ea36489b28a3ff6ebcfce27b20') in 0.002372667 seconds
Start importing Packages/com.meta.xr.sdk.core/Scripts/ImmersiveDebugger/UserInterface/Resources/Textures/opacity_icon.png using Guid(1c3acb827cbbd6548afd85eca833e826) (TextureImporter) -> (artifact id: 'c2b21a9a785d0a395e47057237bb648e') in 0.002617375 seconds
Start importing Packages/com.unity.timeline/Editor/StyleSheets/Images/Icons/d_TrackLockButtonEnabled@2x.png using Guid(2c85066ea99cfbe4f90294bf295ce543) (TextureImporter) -> (artifact id: 'b9a2cfc902d323285e71b74d4dce4d88') in 0.001537833 seconds
Start importing Packages/com.meta.xr.sdk.core/Textures/Logos/OculusLogoSplash.png using Guid(3caded05dba914447a5f85650f9f4ab2) (TextureImporter) -> (artifact id: '1cb137329ffbfc36852234e0b2a54fb6') in 0.011790042 seconds
Start importing Packages/com.meta.xr.sdk.core/Editor/Icons/ovr_icon_meta.png using Guid(5c5053a74ef44e64ea5fbd7ed46bac90) (TextureImporter) -> (artifact id: '3fa8ef12e302ffb1dbcf954f29247aad') in 0.00173125 seconds
Start importing Packages/com.meta.xr.sdk.core/Editor/Icons/ovr_icon_hmd.png using Guid(5cf4fc0475468f348b67c4c32ffbf3e1) (TextureImporter) -> (artifact id: '3af4c47b4df5ec251e73b4ca695ce1d2') in 0.001517375 seconds
Start importing Packages/com.unity.ai.navigation/EditorResources/Overlay/d_NavigationOverlay On.png using Guid(5c5ac68c1bc4e104f9e987b9d1da4556) (TextureImporter) -> (artifact id: '266681ccb7100c6b95cc548e874290f9') in 0.002392125 seconds
Start importing Packages/com.meta.xr.sdk.core/Editor/Icons/ovr_icon_close.png using Guid(5c6c6c6b024bafd4facafcf9dd7952cc) (TextureImporter) -> (artifact id: '122e18e00b4ac6fead36fcf1eca76293') in 0.004765667 seconds
Start importing Packages/com.meta.xr.mrutilitykit/Core/Textures/Checker.png using Guid(6c110a12172551c4bb8d180d9bfbf142) (TextureImporter) -> (artifact id: '1a3c7856d22f6ba38bbbf044594749e6') in 0.007261167 seconds
Start importing Packages/com.meta.xr.sdk.core/Editor/BuildingBlocks/Animations/bb_outline_06.png using Guid(6c93320b42205d742a1aa9c894b1ad19) (TextureImporter) -> (artifact id: 'a3378544c1a58c9231f4a74eda937adf') in 0.006853458 seconds
Start importing Packages/com.unity.timeline/Editor/StyleSheets/Images/Shared/TimelineGroupBackground.png using Guid(6ca5daa3415451940921fa7e2c3db9e8) (TextureImporter) -> (artifact id: '66bd82776f94b845829b7fef6f84d2ae') in 0.002145625 seconds
Start importing Packages/com.unity.timeline/Editor/StyleSheets/Images/Icons/TrackAvatarButtonDisabled@2x.png using Guid(7c05578092876a0458b8b480269aef86) (TextureImporter) -> (artifact id: '3c505c40cc4d5f1e19bb25425729b851') in 0.001644459 seconds
Start importing Packages/com.meta.xr.sdk.core/Editor/Icons/sdk_Icons/mono/platform_icon.png using Guid(7c8609ea7e8ad7143857bdcc234b4f9b) (TextureImporter) -> (artifact id: '535eb63483ce95f2c81df271f9e6b7b9') in 0.002346333 seconds
Start importing Packages/com.unity.timeline/Editor/StyleSheets/Images/Icons/d_TimelineEditModeMixON.png using Guid(7c681ffb5a436684fa3e98a9b66775c0) (TextureImporter) -> (artifact id: '225bda69a037197314ea003d3d52b2dc') in 0.001411334 seconds
Start importing Packages/com.meta.xr.sdk.core/Editor/BuildingBlocks/BlockData/MultiplayerBlocks/Shared/Textures/bb_thumb_automatchmaking.jpg using Guid(7cb8b47d1a3124681980f3ca0ae6daec) (TextureImporter) -> (artifact id: '96bfd096c653cb5c25f1b250899563a7') in 0.019518333 seconds
Start importing Packages/com.meta.xr.sdk.core/Scripts/ImmersiveDebugger/UserInterface/Resources/Textures/close_icon.png using Guid(7c0e5721ea9dafd4db94a6478e5b01a2) (TextureImporter) -> (artifact id: '3f24b0b3c1c344ef47dda4de29e2e75a') in 0.003886 seconds
Start importing Packages/com.meta.xr.sdk.core/Textures/MetaQuestTouchPlus/MetaQuestTouchPlus_Metallic.png using Guid(8cd27a8f4c15ae84bbdb2381fd964a49) (TextureImporter) -> (artifact id: 'c9363820fed501b1b3b44bca79aac93e') in 0.515290584 seconds
Start importing Packages/com.unity.timeline/Editor/StyleSheets/Images/Icons/d_TrackMuteButtonDisabled@2x.png using Guid(9c706019afb28944eb19b500ea0da38c) (TextureImporter) -> (artifact id: 'e275bd083368068f90779cda6274416b') in 0.002708916 seconds
Start importing Packages/com.unity.timeline/Editor/StyleSheets/Images/Icons/d_TrackRecordButtonDisabled.png using Guid(9c6daec86666cbb4b9e558b839a103db) (TextureImporter) -> (artifact id: '6f7cbc13afed007392f73410624b2dad') in 0.002420834 seconds
Start importing Packages/com.meta.xr.sdk.core/Editor/BuildingBlocks/Animations/bb_outline_04.png using Guid(ac201414ee3ef3a4183f8b5f6d9e9694) (TextureImporter) -> (artifact id: '7201bd5cd5b935c908615dfdb2be3bfc') in 0.009099875 seconds
Start importing Packages/com.unity.timeline/Editor/StyleSheets/Images/Icons/d_TrackMuteButtonEnabled.png using Guid(ac5017dfbeee42347b3b45ecc572674e) (TextureImporter) -> (artifact id: '3c45517415c72abeade29dc5c0bb42d7') in 0.002238916 seconds
Start importing Packages/com.meta.xr.sdk.core/Editor/BuildingBlocks/BlockData/HandTracking/Textures/bb_thumb_handtracking.jpg using Guid(ac048d3b15e843e4ab5b54c6392bedb7) (TextureImporter) -> (artifact id: 'daae830ac8015180f5ceefba2b2d8f28') in 0.007965583 seconds
Start importing Packages/com.meta.xr.sdk.core/Editor/BuildingBlocks/BlockData/SurfaceProjectedPassthrough/Textures/EdgeGlow.tga using Guid(aca61ad7de8ecf6418a1aff310a1a5fa) (TextureImporter) -> (artifact id: 'dc00bab095be51f718fb9e9d2f8f1028') in 0.041401375 seconds
Start importing Packages/com.meta.xr.sdk.core/Editor/Icons/sdk_Icons/mono/mruk_icon.png using Guid(bcf6f9a3e8a9fdc4581a0255f94bfd44) (TextureImporter) -> (artifact id: 'c668f3994f89a55de56317f6d8c51275') in 0.006183125 seconds
Start importing Packages/com.unity.ai.navigation/Gizmos/NavMeshModifierVolume Icon.png using Guid(cc7b9475dbddf4f9088d327d6e10ab77) (TextureImporter) -> (artifact id: 'ee821a5b804c42ad59750587114b39cf') in 0.005923625 seconds
Start importing Packages/com.meta.xr.sdk.core/Editor/BuildingBlocks/BlockData/MultiplayerBlocks/Shared/Textures/bb_thumb_networkedavatarentity.jpg using Guid(dc3e5b4641485485d905bd218bac77aa) (TextureImporter) -> (artifact id: '710c2205dab7fb3308e8c3b22ac0ae2b') in 0.03289675 seconds
Start importing Packages/com.meta.xr.sdk.core/Editor/BuildingBlocks/BlockData/SpatialAudio/Textures/bb_thumbnail_spatialaudio.png using Guid(ece7f22ca0181924187420a1fcc92263) (TextureImporter) -> (artifact id: '4c82ff3d5796f2d86fc446fb1109d202') in 0.071654917 seconds
Start importing Packages/com.unity.ai.navigation/EditorResources/Overlay/NavigationOverlay@64.png using Guid(fc46fceb4d1516544b7f503337211f65) (TextureImporter) -> (artifact id: '3f621f95b81a13b60de4e7e7d9821caf') in 0.012711084 seconds
Start importing Packages/com.meta.xr.sdk.core/Editor/BuildingBlocks/Animations/bb_outline_01.png using Guid(0df6b5d007f0c064a862ce0a7393196a) (TextureImporter) -> (artifact id: 'a1a37b34ace098a015d0c97b99be0904') in 0.011491666 seconds
Start importing Packages/com.meta.xr.sdk.core/Editor/BuildingBlocks/BlockData/MultiplayerBlocks/Shared/Textures/bb_thumb_networkedgrabbableobject.jpg using Guid(1d14abf370e5143499c5282b269fdc5d) (TextureImporter) -> (artifact id: '9bf701ca665155b14ee035b5fdf3e20d') in 0.027732833 seconds
Start importing Packages/com.meta.xr.sdk.core/Editor/BuildingBlocks/BlockData/ControllerButtonsMapper/Textures/bb_thumb_controllerbuttonsmapper.jpg using Guid(1d66a150b7116734dacf2f40c4103150) (TextureImporter) -> (artifact id: 'fb0377589bb6edaf75197c00d1eda07d') in 0.007023958 seconds
Start importing Packages/com.unity.ai.navigation/EditorResources/Overlay/d_NavigationOverlay@64.png using Guid(1dacc9e843ef1444fad71e40913ef05c) (TextureImporter) -> (artifact id: '0d0544ae83107e12549e3490443cf5ec') in 0.008865958 seconds
Start importing Packages/com.meta.xr.mrutilitykit/Editor/BuildingBlocks/AnchorPrefabSpawner/Textures/anchorPrefabSpawner.png using Guid(2d5d1e65047dfba4da2c1ce0564eed8f) (TextureImporter) -> (artifact id: 'd8c498122f2e6bf3a8706a2794ff82d2') in 0.095069 seconds
Start importing Packages/com.unity.timeline/Editor/StyleSheets/Images/DarkSkin/TimelineMarkerItemSelected.png using Guid(3dd65256ca8837544b3e738c0d3ee0e2) (TextureImporter) -> (artifact id: 'c25cf484abf09049924fb8b3e5f38e19') in 0.004225084 seconds
Start importing Packages/com.meta.xr.sdk.core/Editor/BuildingBlocks/BlockData/PassthroughCameraAccess/Textures/bb_thumb_pca.png using Guid(3d78b5313ff178b429ea0d50d85486b0) (TextureImporter) -> (artifact id: '3f660a18d6be98c938f1a486e5482ff6') in 0.066740458 seconds
Start importing Packages/com.meta.xr.sdk.core/Editor/Icons/ovr_icon_settings.png using Guid(4d1a5448975df7842b8a595729e3c23b) (TextureImporter) -> (artifact id: 'e389ce65b54f5fe80c894267990f7b37') in 0.00232825 seconds
Start importing Packages/com.meta.xr.sdk.core/Editor/BuildingBlocks/Icons/ovr_icon_confirm.png using Guid(5d90b106f1e1cf04b9e7c7ee3df2c6de) (TextureImporter) -> (artifact id: '481d3d748339995c6a37c814e0b550c8') in 0.004835 seconds
Start importing Packages/com.unity.timeline/Editor/StyleSheets/Images/Shared/TimelineSeqEnd.png using Guid(5dfe66e61e0d270468ae75349ff3a3eb) (TextureImporter) -> (artifact id: '2d9b45fe3d4a8e06eceb9daab3355b07') in 0.001870875 seconds
Start importing Packages/com.unity.timeline/Editor/StyleSheets/Images/Icons/TimelineEditModeReplaceON.png using Guid(6d41c3e8796a4fd4e80840354039e4ac) (TextureImporter) -> (artifact id: '072276b3855ac734b4bb233b31bdce0d') in 0.001391458 seconds
Start importing Packages/com.meta.xr.sdk.core/Editor/BuildingBlocks/Icons/ovr_bb_icon_details.png using Guid(6d336a75d265b7c47b4a562881069f4c) (TextureImporter) -> (artifact id: '4dad1ef774520f34f67a9f672ea3b724') in 0.002277333 seconds
Start importing Packages/com.meta.xr.sdk.core/Editor/BuildingBlocks/Icons/ovr_icon_experimental.png using Guid(6dd511e1b7109d74cb260c2800c50f63) (TextureImporter) -> (artifact id: '8c7fd9f58a5680636173cda81bf5c165') in 0.002069416 seconds
Start importing Packages/com.unity.timeline/Editor/StyleSheets/Images/LightSkin/TimelineMarkerItemCollapsed.png using Guid(7d4691eba7565c34ab785c00fbc27ff8) (TextureImporter) -> (artifact id: '92de43463bf2a191b71681dffdde5e98') in 0.001621125 seconds
Start importing Packages/com.unity.ai.navigation/EditorResources/Overlay/d_NavigationOverlay@2x.png using Guid(7d5867654fa2bf448b06f384143ceca7) (TextureImporter) -> (artifact id: '3294a1d728308573479a1428e680673e') in 0.004411917 seconds
Start importing Packages/com.meta.xr.sdk.core/Editor/BuildingBlocks/Icons/ovr_icon_addblock.png using Guid(8de3361e4c791f94d85338238347dd7a) (TextureImporter) -> (artifact id: 'e9f2665510c44b313221bb08fe58c4f1') in 0.001627125 seconds
Start importing Packages/com.unity.ai.navigation/EditorResources/Overlay/d_NavigationOverlay@16.png using Guid(8d8d1929f2279804e8a744d3da25e23b) (TextureImporter) -> (artifact id: 'd5e74008f5c6947b0401bb5ce7c22c8e') in 0.002611417 seconds
Start importing Packages/com.unity.ai.navigation/EditorResources/Overlay/NavigationOverlay@2x.png using Guid(9d244ceb235342e4c8f308aa1f71be7e) (TextureImporter) -> (artifact id: '9c8d7d0df363685b57f655e10b33d4cf') in 0.00526825 seconds
Start importing Packages/com.meta.xr.sdk.core/Scripts/ImmersiveDebugger/UserInterface/Resources/Textures/inspectors_icon.png using Guid(ade6b3a17ed0a4746817d8cf80732a9a) (TextureImporter) -> (artifact id: '2d6d496ca7540d9d26bf422a6c60359a') in 0.003489416 seconds
Start importing Packages/com.unity.timeline/Editor/StyleSheets/Images/Icons/d_TimelineSignal.png using Guid(ad2e3e92b00839c4e991ca602ef19822) (TextureImporter) -> (artifact id: '63ac77c36780f5af510f65422d5f84ed') in 0.001603833 seconds
Start importing Packages/com.meta.xr.sdk.core/Editor/Guide/Textures/ovr_develop_03.jpg using Guid(bde9b80e6b5a58c4e9b4588bd8edac11) (TextureImporter) -> (artifact id: 'c4fe0e4f11d4a401bc86e36ade1f95f5') in 0.003189625 seconds
Start importing Packages/com.unity.timeline/Editor/StyleSheets/Images/Icons/TimelineEditModeRippleOFF.png using Guid(bd7b7cac6eb0c3f469781d9a729a1c94) (TextureImporter) -> (artifact id: '09b8b172a10193b0cd604779e15f7bb2') in 0.001803042 seconds
Start importing Packages/com.unity.timeline/Editor/StyleSheets/Images/DarkSkin/TimelineHold.png using Guid(ddbd45249a133a846b2f20e39b537565) (TextureImporter) -> (artifact id: 'ecdfa3e0b542b81918cfd1b47f935761') in 0.001631459 seconds
Start importing Packages/com.meta.xr.sdk.core/Editor/Icons/sdk_Icons/haptics_icon.png using Guid(ed20d60744c5a9041a65590e2649c4bf) (TextureImporter) -> (artifact id: '3ad362379e9cc5b2383b2ae547716283') in 0.003389625 seconds
Start importing Packages/com.unity.timeline/Editor/StyleSheets/Images/LightSkin/TimelineTimeCursor.png using Guid(ed665472b4fee2043a5c1cc802beaa8e) (TextureImporter) -> (artifact id: '634d7556da88574c5dfe57c859336923') in 0.001729041 seconds
Start importing Packages/com.unity.timeline/Editor/StyleSheets/Images/Icons/d_TrackAvatarButtonEnabled@2x.png using Guid(fd12dbe3b63ae464f824b4a74c0e1766) (TextureImporter) -> (artifact id: 'bc5c84c0ae4b051140b6efba89db9a8e') in 0.0013005 seconds
Start importing Packages/com.unity.timeline/Editor/StyleSheets/Images/Icons/d_TrackAvatarButtonDisabled@2x.png using Guid(fd194f75fe3d7ca4488fa775ae832fd8) (TextureImporter) -> (artifact id: 'e1bef827176c9070c18a17ca8808741a') in 0.001326833 seconds
Start importing Packages/com.unity.timeline/Editor/StyleSheets/Images/Icons/d_TrackRecordButtonEnabled.png using Guid(0e5ba0f04df278944a8f5a62f64f5aa6) (TextureImporter) -> (artifact id: 'd04c53eb32771bb746b92ad47dc2c329') in 0.001262958 seconds
Start importing Packages/com.meta.xr.sdk.core/Editor/MetaWand/Icons/asset_library.png using Guid(1ee54f9087733864b951ceff2e740d6b) (TextureImporter) -> (artifact id: '98501721e66e64019b8a42ce6b0d2f03') in 0.001944375 seconds
Start importing Packages/com.meta.xr.sdk.core/Editor/BuildingBlocks/Icons/ovr_info_greybg.png using Guid(3e9092ed0fa564e4c9ed1149474df672) (TextureImporter) -> (artifact id: '2336c1366060adaea82cff5ee1b33eeb') in 0.004262709 seconds
Start importing Packages/com.meta.xr.sdk.core/Textures/MetaQuestTouchPlus/MetaQuestTouchPlus_Right_BaseColor_AO_AlphaRoughness.png using Guid(3eea87b91f85d324797846a5c54875b0) (TextureImporter) -> (artifact id: 'bcc8641375e1d5384e2fca6ceb8002b0') in 2.68724025 seconds
Start importing Packages/com.meta.xr.sdk.core/Editor/BuildingBlocks/Animations/bb_tutorial_01.png using Guid(3e3be453c67ef874e89c6edd7fc0ebf1) (TextureImporter) -> (artifact id: '3e63285bb2027eb609a8898e7493918d') in 0.006924 seconds
Start importing Packages/com.meta.xr.sdk.core/Editor/Icons/ovr_icon_info.png using Guid(4e8211b51c2ed194ca614f7c0f36d56f) (TextureImporter) -> (artifact id: '2c051f8b043f5a4620369a7788f3171f') in 0.002009209 seconds
Start importing Packages/com.meta.xr.sdk.core/Scripts/ImmersiveDebugger/UserInterface/Resources/Textures/console_icon.png using Guid(6ef46bfbed7e44344863c09a2a2c8f60) (TextureImporter) -> (artifact id: 'e46dc94ce345af6fc9a90fe8cfd9d782') in 0.003886125 seconds
Start importing Packages/com.meta.xr.sdk.core/Editor/BuildingBlocks/Icons/ovr_bg_radius8.png using Guid(6ef65e04e617e104480532604302f86b) (TextureImporter) -> (artifact id: '5f83a416db1dd2b10f71ddd9d8dbea8b') in 0.002947833 seconds
Start importing Packages/com.meta.xr.sdk.core/Editor/BuildingBlocks/BlockData/Occlusion/Textures/bb_thumb_occlusion.jpg using Guid(7e5f2a89b5e35214698b4b96959eee17) (TextureImporter) -> (artifact id: '0d336749b1e77136083c42168158f320') in 0.02716175 seconds
Start importing Packages/com.meta.xr.sdk.core/Editor/BuildingBlocks/BlockData/AIBlocks/LLM/Textures/bb_thumb_llm.png using Guid(8e3a7d812db44d94588f4941b987d9eb) (TextureImporter) -> (artifact id: '4bbe0b7bd8459a824289251b26b9dc82') in 0.060653125 seconds
Start importing Packages/com.meta.xr.sdk.core/Editor/Guide/Textures/ovr_develop_01.jpg using Guid(8e7a9e4954ffd2546b1e8252fa2bdd7e) (TextureImporter) -> (artifact id: '927a8d280d2f768a337730b288fee7b8') in 0.00556825 seconds
Start importing Packages/com.unity.timeline/Editor/StyleSheets/Images/DarkSkin/TimelineKeyframe.png using Guid(8eba099eb091faf419fecdcd5cdabfd7) (TextureImporter) -> (artifact id: '79712f7740556a2b44114e3b343ed38d') in 0.003462333 seconds
Start importing Packages/com.meta.xr.sdk.core/Editor/Guide/Icons/ovr_icon_meta.png using Guid(9ee33574b960bfd44ae1c925d1c90331) (TextureImporter) -> (artifact id: '63fcc36e0c525611467286bf075c40d3') in 0.004702917 seconds
Start importing Packages/com.unity.timeline/Editor/StyleSheets/Images/Icons/TrackCurvesButtonEnabled@2x.png using Guid(9e541b6dcfb77d34481f69b3d62d0343) (TextureImporter) -> (artifact id: '4c0b3506adfcd72f207aac16faa6711e') in 0.001702542 seconds
Start importing Packages/com.meta.xr.sdk.core/Editor/Icons/ovr_icon_check.png using Guid(9ee58db2dffa27c4790b253e57e8f89e) (TextureImporter) -> (artifact id: 'bb871c6a43a0bdf0f0cdf04c33717c16') in 0.0020495 seconds
Start importing Packages/com.meta.xr.sdk.core/Editor/BuildingBlocks/BlockData/SurfaceProjectedPassthrough/Textures/bb_thumb_projectedpassthrough.jpg using Guid(aed137c3d795a864d81b421c25ec504e) (TextureImporter) -> (artifact id: '76799d741bb3eefb3d26810f60a7b909') in 0.00761875 seconds
Start importing Packages/com.meta.xr.sdk.core/Editor/ImmersiveDebugger/Icons/ovr_icon_idf.png using Guid(ae02a93846efad14a80656e6cc227135) (TextureImporter) -> (artifact id: '20b19f1ad5ebee01b1932e772acff13a') in 0.00314975 seconds
Start importing Packages/com.meta.xr.mrutilitykit/Tests/Textures/Unity_Room_001_LessObjects.png using Guid(bec88b7d690e7b941a8dad86a18f6a41) (TextureImporter) -> (artifact id: '546e107b172206ed6b8310bd0496f930') in 0.028428125 seconds
Start importing Packages/com.meta.xr.sdk.core/Textures/MetaQuestTouchPlus/MetaQuestTouchPlus_Normals.png using Guid(ce67415a9a94bca45a6db7ec544cbd1b) (TextureImporter) -> (artifact id: '0bb5c56626f214df0fc218d201d7f6a2') in 0.409377 seconds
Start importing Packages/com.meta.xr.sdk.core/Textures/handle.png using Guid(ce8f78b2b9292484e97f36ad9568fc4f) (TextureImporter) -> (artifact id: '148a01c16d60b5d978dbe04bf2b6aced') in 0.002832041 seconds
Start importing Packages/com.meta.xr.sdk.core/Materials/Ray.png using Guid(de5d92d1931de104793e0017792db1cb) (TextureImporter) -> (artifact id: '82956b2c5c51f40d15347956fdde8680') in 0.0354845 seconds
Start importing Packages/com.meta.xr.sdk.core/Editor/BuildingBlocks/BlockData/Passthrough/Textures/bb_thumb_passthrough.jpg using Guid(ee83bb931d724374bac6a8645b30d386) (TextureImporter) -> (artifact id: '2e8291cc6d2d972be749a43b177a4df1') in 0.039032875 seconds
Start importing Packages/com.meta.xr.sdk.core/Editor/BuildingBlocks/BlockData/MultiplayerBlocks/Shared/NetworkedCharacterRetargeter/bb_thumb_networkedretargetedcharacter.png using Guid(ee98f87bb0cdea64d96df4deb46ed486) (TextureImporter) -> (artifact id: '3bd794c7860827cf4e5ca63088153888') in 0.074480375 seconds
Start importing Packages/com.meta.xr.sdk.core/Textures/Icons/OculusIcon.png using Guid(ee6b6c047f060074596445bbb9ebbfe7) (TextureImporter) -> (artifact id: '192d22ae4f111c30df629a82f789d70a') in 0.003076792 seconds
Start importing Packages/com.unity.timeline/Editor/StyleSheets/Images/Icons/TrackLockButtonDisabled.png using Guid(fef7487d8b06bba408f70354e2463ce4) (TextureImporter) -> (artifact id: 'e0d2e5066fc1b7363f906fbd3df97ce5') in 0.002207958 seconds
Start importing Packages/com.meta.xr.sdk.core/Textures/MetaQuestTouchPro/controller_r_lo_Normal.png using Guid(fe6dffbda2f52bb4998faa03fee04336) (TextureImporter) -> (artifact id: '3aa9d64a77a907b46744faa14f946742') in 1.033373792 seconds
Start importing Packages/com.meta.xr.mrutilitykit/Editor/BuildingBlocks/EffectMesh/Textures/effectMesh.png using Guid(0ff624bc672ccb747bc6de18bf390568) (TextureImporter) -> (artifact id: '811524c8520f881366cbf620a152bafc') in 0.087081666 seconds
Start importing Packages/com.meta.xr.sdk.core/Editor/Icons/sdk_Icons/platform_icon.png using Guid(0f9bb154939662d459639158bc5905cc) (TextureImporter) -> (artifact id: '9f5293ddeafb90c5dfabccab5331e027') in 0.003934958 seconds
Start importing Packages/com.unity.timeline/Editor/StyleSheets/Images/Icons/d_TrackRecordButtonEnabled@2x.png using Guid(0f1c9a12872a30f45bab34f536332bb3) (TextureImporter) -> (artifact id: 'e5147299c77a5c2be9075f2a042b689e') in 0.002514208 seconds
Start importing Packages/com.meta.xr.sdk.core/Editor/Textures/Spinner/Spinner_07.png using Guid(1fec20c90dd8b054eb040325522dbe5d) (TextureImporter) -> (artifact id: '8b119b4b7d04df48e87c90c3988cfc31') in 0.005437166 seconds
Start importing Packages/com.unity.timeline/Editor/StyleSheets/Images/Icons/d_TrackCurvesButtonDisabled@2x.png using Guid(1f3ea4caa6e0ec74388e4d7d16690e68) (TextureImporter) -> (artifact id: 'ca14ae6d460d6a272f961992f354faf1') in 0.002338666 seconds
Start importing Packages/com.meta.xr.sdk.core/Editor/Icons/ovr_icon_documentation.png using Guid(2f7b9be30da388641871c88e2b9de844) (TextureImporter) -> (artifact id: '25fdc669900753f655c45df382078d0c') in 0.002336208 seconds
Start importing Packages/com.meta.xr.sdk.core/Editor/BuildingBlocks/BlockData/AlertViewHUD/Textures/icon_info.png using Guid(2f4c3044cf264364496c14c84946210c) (TextureImporter) -> (artifact id: '21ad2ab0a6b0c54b003d329fce47675b') in 0.00515025 seconds
Start importing Packages/com.unity.timeline/Editor/StyleSheets/Images/Icons/d_TimelineHeaderMarkerIcon.png using Guid(4f8d98ef7dbbe3d469e14c04722cbeed) (TextureImporter) -> (artifact id: 'cc0bb755ad3d95da5be116111e4a39f8') in 0.003523583 seconds
Start importing Packages/com.meta.xr.sdk.core/Scripts/ImmersiveDebugger/UserInterface/Resources/Textures/down_icon.png using Guid(5f03374eaa65dfc4b984e0973b9c7fe1) (TextureImporter) -> (artifact id: '33c1469abfb3c740bc4614a69a5abf94') in 0.003544792 seconds
Start importing Packages/com.unity.timeline/Editor/StyleSheets/Images/Icons/TrackLockButtonDisabled@2x.png using Guid(6fb5cabb85ba3794682b16eba19440cb) (TextureImporter) -> (artifact id: 'a66f13d5514e6b22dc784ce646fc2cd4') in 0.001771958 seconds
Start importing Packages/com.unity.timeline/Editor/StyleSheets/Images/Icons/d_TrackLockButtonDisabled@2x.png using Guid(6f0b77e050cdb12478ed9514b3a0e40e) (TextureImporter) -> (artifact id: '2423c28beddfa8bd356e8455dca2cd16') in 0.001604208 seconds
Start importing Packages/com.unity.ai.navigation/EditorResources/Overlay/d_NavigationOverlay@32.png using Guid(6f3c566cd9f63c9408d201ea50b51444) (TextureImporter) -> (artifact id: '81722dc6411cb3304b912cbebf3fd757') in 0.004918417 seconds
Start importing Packages/com.meta.xr.sdk.core/Editor/BuildingBlocks/BlockData/MultiplayerBlocks/Shared/Textures/bb_thumb_friendsmatchmaking.jpg using Guid(7fa8dd9e5f4c1f848880d8210f584895) (TextureImporter) -> (artifact id: 'dc4155b22a52bf95b1cb53d2f51cdc10') in 0.02400825 seconds
Start importing Packages/com.meta.xr.sdk.core/Editor/BuildingBlocks/BlockData/ControllerTracking/Textures/bb_thumb_controllertracking.jpg using Guid(7fb9c19c262a3bf4884528a7804f8ff9) (TextureImporter) -> (artifact id: '1d971641c94bc0b91b53aac5952f524b') in 0.007831416 seconds
Start importing Packages/com.meta.xr.sdk.core/Editor/Icons/sdk_Icons/mruk_icon.png using Guid(7f2f1630804cf8f4f95b8fd34f9db045) (TextureImporter) -> (artifact id: 'a0de4ef45bdec870302352c1bb04e45a') in 0.007539625 seconds
Start importing Packages/com.meta.xr.sdk.core/Editor/Guide/Textures/ovr_develop.jpg using Guid(8f934e9ff91c52e45a218eb361e0753d) (TextureImporter) -> (artifact id: '8ced48d82ef74b0010dd1f5a4002b067') in 0.021178083 seconds
Start importing Packages/com.meta.xr.mrutilitykit/Core/Textures/Falloff.png using Guid(8fa71c6d78280e94788d8f46b38af9b6) (TextureImporter) -> (artifact id: 'f4e4674cfd296751d1e21b007a9a2d6c') in 0.002974875 seconds
Start importing Packages/com.unity.timeline/Editor/StyleSheets/Images/Icons/TimelineEditModeMixOFF.png using Guid(8fca5ed160cdc5440a4c7561db4082b2) (TextureImporter) -> (artifact id: '91b7499807675a5deb2e0494dd7d03ab') in 0.002414958 seconds
Start importing Packages/com.unity.timeline/Editor/StyleSheets/Images/Icons/TrackRecordButtonEnabled@2x.png using Guid(8fdae4ac756ed6047b01021ff0cc3ebb) (TextureImporter) -> (artifact id: '9dfbb93b79d5f8f0fb56c6cb057722ff') in 0.003725958 seconds
Start importing Packages/com.meta.xr.sdk.core/Textures/MetaQuestTouchPro/controller_r_lo_BaseColor.png using Guid(9f1871411a4175a49a72069635000987) (TextureImporter) -> (artifact id: 'aea03381a113d8f49353a7069c01c43e') in 2.593706792 seconds
Start importing Packages/com.unity.timeline/Editor/StyleSheets/Images/DarkSkin/TimelineAutokey@2x.png using Guid(af24c542434a025448222d576f61a956) (TextureImporter) -> (artifact id: '7255707991e17810bcfb73c8f2e1e0be') in 0.004866084 seconds
Start importing Packages/com.unity.timeline/Editor/StyleSheets/Images/LightSkin/TimelineAutokey.png using Guid(af3aec622aef40c45813b39e405966a3) (TextureImporter) -> (artifact id: '6b63e342ca191c8026ac7e0e33cd508e') in 0.002697583 seconds
Start importing Packages/com.meta.xr.sdk.core/Materials/Cursor.png using Guid(af2c44d9f0333b242b5c46834ae5a13a) (TextureImporter) -> (artifact id: '122b0d302f6c80e2732f1ae432fadfaa') in 0.014934 seconds
Start importing Packages/com.unity.timeline/Editor/StyleSheets/Images/Icons/TimelineHeaderMarkerIcon.png using Guid(bf1debab21103154b99778ba6e074175) (TextureImporter) -> (artifact id: 'ada307dbbc755cd0611790b85c427cf1') in 0.002399917 seconds
Start importing Packages/com.unity.timeline/Editor/StyleSheets/Images/Icons/TrackLockButtonEnabled.png using Guid(cf575301f1e76c4478de0e77db15eba0) (TextureImporter) -> (artifact id: 'd9097e8253b8116cbeb29e9f3b5614ba') in 0.001994209 seconds
Start importing Packages/com.unity.timeline/Editor/StyleSheets/Images/LightSkin/TimelineAutokey@2x.png using Guid(cf3fbf98d5c3f1941bd9c0256918a4c8) (TextureImporter) -> (artifact id: 'bbed4bdea27f8e3abc02a06cf91119ab') in 0.002532083 seconds
Start importing Packages/com.meta.xr.sdk.core/Editor/BuildingBlocks/BlockData/SpatialAnchorCore/Textures/bb_thumb_spatialanchorcore.jpg using Guid(df5b9490c9e8d0546b277a9ce0813d1c) (TextureImporter) -> (artifact id: '0032345aa5afd7238df80d6303d76ce9') in 0.007768417 seconds
Start importing Packages/com.meta.xr.sdk.core/Editor/Icons/ovr_icon_meta_raw.png using Guid(ff800b29666cb50429da1dedf4fcc08a) (TextureImporter) -> (artifact id: '0bf46c5ac2c03ef2538bc4d5821f9313') in 0.002235334 seconds
Start importing Packages/com.meta.xr.sdk.core/Editor/MetaWand/Icons/cube_filled.png using Guid(ffd6a16fd3f009d42bc3ffcdae70ebb1) (TextureImporter) -> (artifact id: 'ff56dbf02520f45fc3688996e54ef850') in 0.003687375 seconds
Start importing Packages/com.meta.xr.sdk.core/Editor/BuildingBlocks/Icons/ovr_bb_icon_back.png using Guid(fff83ae4821057b4f86aeb3433707b7e) (TextureImporter) -> (artifact id: 'cde8b2eee4a0477ffc73f506b0804b81') in 0.005628291 seconds
Start importing Packages/com.meta.xr.sdk.core/Shaders/OVRVirtualKeyboard/VirtualKeyboardMMBias.shader using Guid(502519190e12db54c8dd6a9322721a70) (ShaderImporter)[OVRPlugin][INFO] UnityPluginLoad called

Launching external process: /Applications/Unity/Hub/Editor/6000.3.22f1/Unity.app/Contents/Helpers/UnityShaderCompiler
Launched and connected shader compiler UnityShaderCompiler after 0.28 seconds
 -> (artifact id: '79920e77cd1964b812d60af234b28622') in 0.321065 seconds
Start importing Packages/com.meta.xr.sdk.core/Shaders/MetaLitTransparent.shader using Guid(b0b4d9b7641b02f45a805c4a4ad9048a) (ShaderImporter) -> (artifact id: '35c4545b6335e04845d7ef5f3b252fc2') in 7.139883083 seconds
Start importing Packages/com.meta.xr.sdk.core/Shaders/EnvironmentDepth/OcclusionLit.shader using Guid(e1b734cb95fa288408401d3b5c6167db) (ShaderImporter) -> (artifact id: 'b4eeb95a35a33c2d49358dd20ea4b2e2') in 0.674572834 seconds
Start importing Packages/com.meta.xr.mrutilitykit/Core/Shaders/DestructibleMesh.shader using Guid(8214c1698b01bb447bb37e3dff17f335) (ShaderImporter) -> (artifact id: '191faf1a1e2cfcc2a7f3121e9743f77f') in 0.007168958 seconds
Start importing Packages/com.meta.xr.mrutilitykit/Core/Shaders/SceneMeshOutline.shader using Guid(d24e7f72dad0f494b9a141ca0dea0382) (ShaderImporter) -> (artifact id: '37fa121621d3b4a0cd60d76c0f9ee28f') in 0.004614083 seconds
Start importing Packages/com.meta.xr.sdk.core/Shaders/MetaLit.shader using Guid(f2e8677bac33bbf4eb43f0f1289803a7) (ShaderImporter) -> (artifact id: '304219e182decd1fc8aab52c36c2d8f3') in 2.701781167 seconds
Start importing Packages/com.meta.xr.sdk.core/Shaders/EnvironmentDepth/Resources/DepthMask.shader using Guid(73817e6e5c844beaa39419a1f07bbeb0) (ShaderImporter) -> (artifact id: 'e2ad3d42f7db8ad775df9c45428f2e4f') in 0.008447584 seconds
Start importing Packages/com.meta.xr.sdk.core/Resources/Texture2D Blit.shader using Guid(a31796e9e8816c7448b55d584c9417f1) (ShaderImporter) -> (artifact id: '43cae414f5fc26c24096161e484e2306') in 0.004186708 seconds
Start importing Packages/com.meta.xr.sdk.core/Editor/BuildingBlocks/BlockData/RoomMesh/Shaders/WireframeShaderRoomMesh.shader using Guid(94b0b532ddec06e4895dd0111e28c278) (ShaderImporter) -> (artifact id: '2af81e7bf64a1cff5ee94c12c8282a9a') in 0.004993791 seconds
Start importing Packages/com.meta.xr.sdk.core/Shaders/Unlit Crosshair.shader using Guid(05b53b473302943b58b8e33c93a38dac) (ShaderImporter) -> (artifact id: '472e03602ffe7e086196bbd0e0c0fa3b') in 0.004156791 seconds
Start importing Packages/com.meta.xr.sdk.core/Scripts/ImmersiveDebugger/Gizmos/DebugGizmos/Resources/PolylineUnlit.shader using Guid(b56dcea8083354dd3ae2e5700ce711f6) (ShaderImporter) -> (artifact id: '98b1d80e644a2aa0ad8b46c70b3b3e6e') in 0.005012542 seconds
Start importing Packages/com.meta.xr.mrutilitykit/Core/Shaders/VertexFadedPassthrough.shader using Guid(f5c5f9a14247a47809769bb2ccfae268) (ShaderImporter) -> (artifact id: '6fa17d98d8f9d3941094919caac533b8') in 0.004786542 seconds
Start importing Packages/com.meta.xr.mrutilitykit/Core/Shaders/HighlightsAndShadows.shader using Guid(467bb1d52b84786459dbd9be4a413086) (ShaderImporter) -> (artifact id: '291acacd9ed7806e672283fe0e8de0e5') in 0.011602042 seconds
Start importing Packages/com.meta.xr.sdk.core/Resources/Cubemap Blit.shader using Guid(561ccac587275c745aec500620f12fc7) (ShaderImporter) -> (artifact id: 'cfb597c325e01fdec280500a30beafbe') in 0.004497209 seconds
Start importing Packages/com.meta.xr.sdk.core/Shaders/EnvironmentDepth/BiRP/OcclusionSurfaceLit.shader using Guid(b6c71c9c13df7fb4ca02d7fcdc872360) (ShaderImporter) -> (artifact id: '766b64cebd44c01b54df4ed7122b1076') in 0.583054792 seconds
Start importing Packages/com.meta.xr.sdk.core/Shaders/URP UI Prerendered.shader using Guid(c64e6f0cc900d3f45ab52710eae7416f) (ShaderImporter)WARNING: Shader Unsupported: 'URP/UI/Prerendered' - All subshaders removed
WARNING: Shader Did you use #pragma only_renderers and omit this platform?
WARNING: Shader If subshaders removal was intentional, you may have forgotten turning Fallback off?
WARNING: Shader Unsupported: 'URP/UI/Prerendered' - All subshaders removed
WARNING: Shader Did you use #pragma only_renderers and omit this platform?
WARNING: Shader If subshaders removal was intentional, you may have forgotten turning Fallback off?
WARNING: Shader Unsupported: 'URP/UI/Prerendered' - All subshaders removed
WARNING: Shader Did you use #pragma only_renderers and omit this platform?
WARNING: Shader If subshaders removal was intentional, you may have forgotten turning Fallback off?
WARNING: Shader Unsupported: 'URP/UI/Prerendered' - All subshaders removed
WARNING: Shader Did you use #pragma only_renderers and omit this platform?
WARNING: Shader If subshaders removal was intentional, you may have forgotten turning Fallback off?
 -> (artifact id: '8edcae8e5b6f99391e32720563401f31') in 0.00517475 seconds
Start importing Packages/com.meta.xr.sdk.core/Resources/Underlay Transparent Occluder.shader using Guid(d6708eb99dec8334fb83db57b764097a) (ShaderImporter) -> (artifact id: '3b577cff5168af019ff2946cf118edee') in 0.198096667 seconds
Start importing Packages/com.meta.xr.sdk.core/Shaders/EnvironmentDepth/Resources/DepthPreprocessing.shader using Guid(f66fcb9802ce5ab41a6469acf34a53ca) (ShaderImporter) -> (artifact id: '7276fe520a5519b6cf4fd8bd0b4af5ef') in 0.003331792 seconds
Start importing Packages/com.meta.xr.mrutilitykit/Core/Shaders/SpaceMapGradient.shader using Guid(47290247fb23c194da357673ecc1061a) (ShaderImporter) -> (artifact id: '776372967249b3c8d4ded592c7c94ced') in 0.004126208 seconds
Start importing Packages/com.meta.xr.sdk.core/Shaders/EnvironmentDepth/URP/OcclusionUnlit.shader using Guid(47395cb24808e3943989d4f386225fe5) (ShaderImporter)WARNING: Shader Unsupported: 'EnvironmentDepth/URP/OcclusionUnlit' - All subshaders removed
WARNING: Shader Did you use #pragma only_renderers and omit this platform?
WARNING: Shader If subshaders removal was intentional, you may have forgotten turning Fallback off?
WARNING: Shader Unsupported: 'EnvironmentDepth/URP/OcclusionUnlit' - All subshaders removed
WARNING: Shader Did you use #pragma only_renderers and omit this platform?
WARNING: Shader If subshaders removal was intentional, you may have forgotten turning Fallback off?
WARNING: Shader Unsupported: 'EnvironmentDepth/URP/OcclusionUnlit' - All subshaders removed
WARNING: Shader Did you use #pragma only_renderers and omit this platform?
WARNING: Shader If subshaders removal was intentional, you may have forgotten turning Fallback off?
WARNING: Shader Unsupported: 'EnvironmentDepth/URP/OcclusionUnlit' - All subshaders removed
WARNING: Shader Did you use #pragma only_renderers and omit this platform?
WARNING: Shader If subshaders removal was intentional, you may have forgotten turning Fallback off?
 -> (artifact id: 'e2973ac1132f58b6fef3a7f64af3052b') in 0.00314875 seconds
Start importing Packages/com.meta.xr.mrutilitykit/Core/Shaders/Wireframe.shader using Guid(87aebc2701b73a84687f693e551b912b) (ShaderImporter) -> (artifact id: '22ebfbcb5d30ff929470dccc50753d0f') in 0.003354459 seconds
Start importing Packages/com.meta.xr.mrutilitykit/Core/Shaders/InvisibleOccluder.shader using Guid(b781ed308666c4ee3a3d7b13840d680c) (ShaderImporter) -> (artifact id: '32bb1f938611eca22d2077b8eba1ba51') in 0.003847708 seconds
Start importing Packages/com.meta.xr.sdk.core/Shaders/UI Default Correct.shader using Guid(e720ef9c6dcfbe4489d043ddf61706f8) (ShaderImporter) -> (artifact id: 'a94fd6da9a4281461a380efc0c59a98e') in 0.004048167 seconds
Start importing Packages/com.meta.xr.mrutilitykit/Core/Shaders/SceneMeshDefault.shader using Guid(f7a957024f8cfba47b11d3c17287900b) (ShaderImporter) -> (artifact id: '754b667fdc9c8baeafd9d60779da7402') in 0.004907583 seconds
Start importing Packages/com.meta.xr.sdk.core/Scripts/BuildingBlocks/AIBlocks/Resources/NMSCompute.compute using Guid(28ac39a8e5009184d838d8e8c444bd6d) (ComputeShaderImporter) -> (artifact id: '4d2582a13d87adc31eed38eecd84229e') in 0.003556541 seconds
Start importing Packages/com.meta.xr.sdk.core/Resources/OVRMRUnlitTransparent.shader using Guid(38ad33c152e32ee46a9bbbb0e656f7e1) (ShaderImporter) -> (artifact id: '6ec8c5609587c53d61af2ce24070e4b7') in 0.003943 seconds
Start importing Packages/com.meta.xr.sdk.core/Scripts/Editor/OVROverlaySrcRectEditor.shader using Guid(589b36d0aa66c7349bcff8750b670434) (ShaderImporter) -> (artifact id: '43133a2a2c729737fe10cd6ab3191e97') in 0.003219542 seconds
Start importing Packages/com.meta.xr.sdk.core/Resources/OVRMRCameraFrameLit.shader using Guid(a8577c885e80d8043946ac5b7abcf9a1) (ShaderImporter) -> (artifact id: '379222b41f0832c3fdc849b880689e9e') in 0.414565083 seconds
Start importing Packages/com.meta.xr.sdk.core/Shaders/URP UI Prerendered Opaque.shader using Guid(d8e39106449b12147968b744f7b25296) (ShaderImporter)WARNING: Shader Unsupported: 'URP/UI/Prerendered Opaque' - All subshaders removed
WARNING: Shader Did you use #pragma only_renderers and omit this platform?
WARNING: Shader If subshaders removal was intentional, you may have forgotten turning Fallback off?
WARNING: Shader Unsupported: 'URP/UI/Prerendered Opaque' - All subshaders removed
WARNING: Shader Did you use #pragma only_renderers and omit this platform?
WARNING: Shader If subshaders removal was intentional, you may have forgotten turning Fallback off?
WARNING: Shader Unsupported: 'URP/UI/Prerendered Opaque' - All subshaders removed
WARNING: Shader Did you use #pragma only_renderers and omit this platform?
WARNING: Shader If subshaders removal was intentional, you may have forgotten turning Fallback off?
WARNING: Shader Unsupported: 'URP/UI/Prerendered Opaque' - All subshaders removed
WARNING: Shader Did you use #pragma only_renderers and omit this platform?
WARNING: Shader If subshaders removal was intentional, you may have forgotten turning Fallback off?
 -> (artifact id: '150a83479642bccd8570e335dcc34bf6') in 0.004085291 seconds
Start importing Packages/com.meta.xr.sdk.core/Editor/BuildingBlocks/BlockData/PassthroughWindow/Shaders/DeprecatedSelectivePassthrough.shader using Guid(d83cf346d52c15b4abac9c631a96e7c5) (ShaderImporter) -> (artifact id: '1e6adbd1f69f3ca66489047900075dc7') in 0.003606042 seconds
Start importing Packages/com.meta.xr.mrutilitykit/Core/Shaders/TransparentTexture.shader using Guid(e8904231ba71c4544929470999585a9e) (ShaderImporter) -> (artifact id: '32d56f09cb1bee7368693b7464b56c90') in 0.003762958 seconds
Start importing Packages/com.meta.xr.sdk.core/Editor/BuildingBlocks/BlockData/PassthroughWindow/Shaders/SelectivePassthrough.shader using Guid(1930b7b9ed5bddd4ab959652723a377c) (ShaderImporter) -> (artifact id: '0581ba29131afbbf49b9db73438ddf0f') in 0.003036 seconds
Start importing Packages/com.meta.xr.mrutilitykit/Core/Shaders/SpaceMap.compute using Guid(59e8a77a6e68f9e4ead6050275ee7c0c) (ComputeShaderImporter) -> (artifact id: '1c2c60c9a1eb8ab6d9d4e555a4273883') in 0.002111333 seconds
Start importing Packages/com.meta.xr.sdk.core/Shaders/OVRColorRampAlpha.shader using Guid(b95caf64e2cc3614892026a94bb2be84) (ShaderImporter) -> (artifact id: '563eadd5581ac146d13efe6ae792b75d') in 0.003355167 seconds
Start importing Packages/com.meta.xr.mrutilitykit/Core/Resources/CopyDepthTexture.compute using Guid(d93000b3a5544f42808dee914d9768c9) (ComputeShaderImporter) -> (artifact id: '825527f658fe66269351bc1efcb1f338') in 0.002355083 seconds
Start importing Packages/com.meta.xr.mrutilitykit/Core/Shaders/MRUKLit.shader using Guid(3a4384a97ee36b54cb7114ba12a91159) (ShaderImporter) -> (artifact id: '096137adf3ffbae25100ab518cb9cd7b') in 2.516916458 seconds
Start importing Packages/com.meta.xr.sdk.core/Shaders/EnvironmentDepth/BiRP/OcclusionUnlit.shader using Guid(7af3b9c40c4254e4185931e59a260def) (ShaderImporter) -> (artifact id: 'b12d922dba3894c2aa596349d3acd2d8') in 0.004398625 seconds
Start importing Packages/com.meta.xr.sdk.core/Scripts/ImmersiveDebugger/UserInterface/Resources/Shaders/idf_prerendered.shader using Guid(7a1e00f5c0a8513418c4e461d47770fe) (ShaderImporter) -> (artifact id: 'a45fa53658cb0f3ca531933eb59c8899') in 0.005141791 seconds
Start importing Packages/com.meta.xr.mrutilitykit/Core/Shaders/FakeGuardian.shader using Guid(8a42c39a6f97c4362a11b9ca2f542a32) (ShaderImporter) -> (artifact id: 'a6ff9fc46e45704f05b26efa34854873') in 0.005077125 seconds
Start importing Packages/com.meta.xr.sdk.core/Resources/OVRMRUnlit.shader using Guid(9aa46566e1d86644c9a55e3037e935f6) (ShaderImporter) -> (artifact id: '5feb9b7e045087f2e32f6e5361d8612e') in 0.003286084 seconds
Start importing Packages/com.meta.xr.sdk.core/Resources/Underlay Impostor.shader using Guid(eaeac9ce83896a04691d2590189776f5) (ShaderImporter) -> (artifact id: 'c636b56ce0ef56fe4f599ce3641c7fdc') in 0.27807775 seconds
Start importing Packages/com.meta.xr.mrutilitykit/Core/Shaders/PassthroughReveal.shader using Guid(fadb727869e4c4392bda563f077b98ed) (ShaderImporter) -> (artifact id: '611f24eb3529bf1770b0fdc5e43b81fb') in 0.003751625 seconds
Start importing Packages/com.meta.xr.sdk.core/Resources/OVRMRCameraFrame.shader using Guid(2bd7618c3fa0e4b4ab8e08dc3fadc376) (ShaderImporter) -> (artifact id: '823f11c689bdc235065f6cf7fe1e7718') in 0.004357166 seconds
Start importing Packages/com.meta.xr.sdk.core/Scripts/Editor/OVROverlayDestRectEditor.shader using Guid(7c52c9bacdbb59f4a973dd1849d03106) (ShaderImporter) -> (artifact id: 'b5937a8445f3ab8064623b237f3538a5') in 0.00345325 seconds
Start importing Packages/com.meta.xr.mrutilitykit/Core/Shaders/BlobShadow.shader using Guid(dcdb5896ff6cba046888189977d9293a) (ShaderImporter) -> (artifact id: 'd11f7a04baf2958cd70424232c56cff7') in 0.003480334 seconds
Start importing Packages/com.meta.xr.sdk.core/Shaders/UI Prerendered Opaque.shader using Guid(1d90b910cd5a4854598ecfe4f74358d1) (ShaderImporter) -> (artifact id: '80b14ee8d63576975dc8c86ef05d9645') in 0.003789458 seconds
Start importing Packages/com.meta.xr.sdk.core/Shaders/OVRVignette.shader using Guid(9d034fa3f535a1648b5059e6907c647d) (ShaderImporter) -> (artifact id: 'ef58c36401733cfe40d54e0a3056d797') in 0.003422875 seconds
Start importing Packages/com.meta.xr.sdk.core/Shaders/UI Prerendered.shader using Guid(3e744168f165d504fb0f5f3e0a6ae824) (ShaderImporter) -> (artifact id: 'a46968145255794ff321024d8df95e69') in 0.003236917 seconds
Start importing Packages/com.meta.xr.sdk.core/Scripts/BuildingBlocks/AIBlocks/Resources/CopyDepthTextureIntoNativeArray.compute using Guid(aea7043f33c23e84cbcceb8d098692df) (ComputeShaderImporter) -> (artifact id: '4a0b4da42e01a8b20db8e32125eeb172') in 0.002150833 seconds
Start importing Packages/com.meta.xr.sdk.core/Resources/Unlit Transparent Color.shader using Guid(ced943c76cb8fb8489bab18c3dfcdcd3) (ShaderImporter) -> (artifact id: '1b53348ebb79d1ce468190e7b584e3a5') in 0.002226833 seconds
Start importing Packages/com.meta.xr.sdk.core/Editor/BuildingBlocks/BlockData/RoomModel/Shaders/TransparentTexture.shader using Guid(3f032750a244319498ff63757c66cf04) (ShaderImporter) -> (artifact id: 'b751ea8140413f4ba9132b6087f7f8da') in 0.004178333 seconds
Start importing Packages/com.meta.xr.sdk.core/Editor/BuildingBlocks/BlockData/HandTracking/Shaders/OculusSampleAlphaHandOutline.shader using Guid(cfa50fc6e259b524ea01ec7dde0f108d) (ShaderImporter) -> (artifact id: '65a27b7e6b6cab4bdd1db0c6e253fba2') in 0.003883292 seconds
Start importing Assets/TextMesh Pro/Fonts/LiberationSans.ttf using Guid(e3265ab4bf004d28a9537516768c1c75) (TrueTypeFontImporter) -> (artifact id: '895f3ec0dfeab52dc70a72a9d70ad8e5') in 0.366506708 seconds
Start importing Packages/com.meta.xr.sdk.core/Scripts/ImmersiveDebugger/UserInterface/Resources/Fonts/RobotoMono-VariableFont_wght.ttf using Guid(d7b7c71c81d721f439d51761df04d4d6) (TrueTypeFontImporter) -> (artifact id: 'fe3190f07f7a477aced3ccf2b115b40a') in 0.007645541 seconds
Start importing Assets/Milzet/StartupSource/Project/UI/Fonts/Korean/ArialKR-Regular.ttf using Guid(48c2cbb80dafe79459a66776f8430fa4) (TrueTypeFontImporter) -> (artifact id: '21f31678bd19aa6ee7b60fe6f4a993d2') in 0.082478375 seconds
Start importing Packages/com.unity.inputsystem/InputSystem/Editor/UITKAssetEditor/PackageResources/BindingPanelRowTemplate.uxml using Guid(449c8e5ca27af8e4a9db710c8be5e4df) (ScriptedImporter) -> (artifact id: 'd92ce9d7f78af3c2408ec45db4092803') in 0.336883583 seconds
WARNING: Shader Unsupported: 'URP/UI/Prerendered Opaque' - All subshaders removed
WARNING: Shader Did you use #pragma only_renderers and omit this platform?
WARNING: Shader If subshaders removal was intentional, you may have forgotten turning Fallback off?
WARNING: Shader Unsupported: 'URP/UI/Prerendered Opaque' - All subshaders removed
WARNING: Shader Did you use #pragma only_renderers and omit this platform?
WARNING: Shader If subshaders removal was intentional, you may have forgotten turning Fallback off?
WARNING: Shader Unsupported: 'URP/UI/Prerendered' - All subshaders removed
WARNING: Shader Did you use #pragma only_renderers and omit this platform?
WARNING: Shader If subshaders removal was intentional, you may have forgotten turning Fallback off?
WARNING: Shader Unsupported: 'URP/UI/Prerendered' - All subshaders removed
WARNING: Shader Did you use #pragma only_renderers and omit this platform?
WARNING: Shader If subshaders removal was intentional, you may have forgotten turning Fallback off?
WARNING: Shader Unsupported: 'EnvironmentDepth/URP/OcclusionUnlit' - All subshaders removed
WARNING: Shader Did you use #pragma only_renderers and omit this platform?
WARNING: Shader If subshaders removal was intentional, you may have forgotten turning Fallback off?
WARNING: Shader Unsupported: 'EnvironmentDepth/URP/OcclusionUnlit' - All subshaders removed
WARNING: Shader Did you use #pragma only_renderers and omit this platform?
WARNING: Shader If subshaders removal was intentional, you may have forgotten turning Fallback off?
Shader 'Oculus/OVRMRCameraFrameLit': fallback shader 'Alpha-Diffuse' not found
Shader 'Meta/MRUK/Scene/HighlightsAndShadows': fallback shader 'Off' not found
Launching external process: /Applications/Unity/Hub/Editor/6000.3.22f1/Unity.app/Contents/Helpers/UnityShaderCompiler
Launched and connected shader compiler UnityShaderCompiler after 0.06 seconds
Launching external process: /Applications/Unity/Hub/Editor/6000.3.22f1/Unity.app/Contents/Helpers/UnityShaderCompiler
Launched and connected shader compiler UnityShaderCompiler after 0.06 seconds
Launching external process: /Applications/Unity/Hub/Editor/6000.3.22f1/Unity.app/Contents/Helpers/UnityShaderCompiler
Launched and connected shader compiler UnityShaderCompiler after 0.06 seconds
Launching external process: /Applications/Unity/Hub/Editor/6000.3.22f1/Unity.app/Contents/Helpers/UnityShaderCompiler
Launched and connected shader compiler UnityShaderCompiler after 0.07 seconds
Launching external process: /Applications/Unity/Hub/Editor/6000.3.22f1/Unity.app/Contents/Helpers/UnityShaderCompiler
Launched and connected shader compiler UnityShaderCompiler after 0.09 seconds
Launching external process: /Applications/Unity/Hub/Editor/6000.3.22f1/Unity.app/Contents/Helpers/UnityShaderCompiler
Launched and connected shader compiler UnityShaderCompiler after 0.14 seconds
Launching external process: /Applications/Unity/Hub/Editor/6000.3.22f1/Unity.app/Contents/Helpers/UnityShaderCompiler
Launched and connected shader compiler UnityShaderCompiler after 0.13 seconds
Refreshing native plugins compatible for Editor in 11.69 ms, found 9 plugins.
Preloading 0 native plugins for Editor in 0.00 ms.
Asset Pipeline Refresh (id=4aa10a84893c44b94be47ac44d0f1251): Total: 107.160 seconds - Initiated by InitialRefreshV2(ForceSynchronousImport)
	Summary:
		Imports: total=903 (actual=470, local cache=433, cache server=0)
		Asset DB Process Time: managed=224 ms, native=46255 ms
		Asset DB Callback time: managed=1745 ms, native=211 ms
		Scripting: domain reloads=1, domain reload time=1291 ms, compile time=57362 ms, other=68 ms
		Project Asset Count: scripts=1245, non-scripts=1528
		Asset File Changes: new=0, changed=2, moved=0, deleted=0
		Scan Filter Count: 1
	InvokeCustomDependenciesCallbacks: 0.002ms
	InvokePackagesCallback: 77.706ms
	ApplyChangesToAssetFolders: 0.964ms
	Scan: 971.663ms
	OnSourceAssetsModified: 1.628ms
	CategorizeAssetsWithTransientArtifact: 77.517ms
	ProcessAssetsWithTransientArtifactChanges: 87.289ms
	CategorizeAssets: 76.359ms
	ImportOutOfDateAssets: 45016.625ms (-50935.992ms without children)
		ImportManagerImport: 38473.925ms (116.707ms without children)
			ImportInProcess: 38353.552ms
			UpdateCategorizedAssets: 3.666ms
		CompileScripts: 57362.369ms
		ReloadNativeAssets: 0.011ms
		UnloadImportedAssets: 9.959ms
		ReloadImportedAssets: 104.098ms
		EnsureUptoDateAssetsAreRegisteredWithGuidPM: 0.962ms
		InitializingProgressBar: 0.007ms
		PostProcessAllAssetNotificationsAddChangedAssets: 0.001ms
		OnDemandSchedulerStart: 1.286ms
	PostProcessAllAssets: 1862.700ms
	Hotreload: 18.387ms
	GatherAllCurrentPrimaryArtifactRevisions: 0.001ms
	UnloadStreamsBegin: 3.172ms
	PersistCurrentRevisions: 1.107ms
	UnloadStreamsEnd: 0.002ms
	GenerateScriptTypeHashes: 13.276ms
	Untracked: 58964.700ms

Application.AssetDatabase Initial Refresh End
Shader 'Oculus/OVRMRCameraFrameLit': fallback shader 'Alpha-Diffuse' not found
Shader 'Meta/MRUK/Scene/HighlightsAndShadows': fallback shader 'Off' not found
Scanning for USB devices : 0.414ms
Initializing Unity extensions:
[MODES] ModeService[none].Initialize
[MODES] ModeService[none].LoadModes
[MODES] Loading mode Default (0) for mode-current-id-Milzet VR Studio
2026-09-09 15:45:37.189 Unity[18606:3734465] NSEventModifierFlagFunction specified to -setKeyEquivalentModifierMask: for item <NSMenuItem: 0x717f37a20 SDF, ke='Command-F12'>, but is only supported for system-provided menu items; will not be used
Unloading 191 Unused Serialized files (Serialized files now loaded: 0)
Unloading 3827 unused Assets / (1.6 MB). Loaded Objects now: 6641.
Memory consumption went from 304.5 MB to 302.9 MB.
Total: 47.144084 ms (FindLiveObjects: 0.489333 ms CreateObjectMapping: 0.198542 ms MarkObjects: 43.535791 ms  DeleteObjects: 2.919125 ms)

2026-09-09 15:45:37.778 Unity[18606:3734465] NSEventModifierFlagFunction specified to -setKeyEquivalentModifierMask: for item <NSMenuItem: 0x717feee40 SDF, ke='Command-F12'>, but is only supported for system-provided menu items; will not be used
Asset Pipeline Refresh (id=4d9fe6b5d141744f3a85122b2659c270): Total: 0.252 seconds - Initiated by RefreshV2(NoUpdateAssetOptions)
[Licensing::Client] Successfully resolved entitlement details
[Licensing::Module] License group:
  Id: F4-AZ6T-383H-7KTU-RM2U-XXXX
  Product: Unity Personal
  Type: ULF
  Expiration: Unlimited
[Licensing::Module] License group:
  Id: 11270701585829-UnityPersXXXX
  Product: Unity Personal
  Type: Assigned
  Expiration: Unlimited
[Licensing::Client] Successfully resolved entitlement details
[Licensing::Module] License group:
  Id: F4-AZ6T-383H-7KTU-RM2U-XXXX
  Product: Unity Personal
  Type: ULF
  Expiration: Unlimited
[Licensing::Module] License group:
  Id: 11270701585829-UnityPersXXXX
  Product: Unity Personal
  Type: Assigned
  Expiration: Unlimited
Asset Pipeline Refresh (id=8bcb6a3b4a2a146c0b89b42d5baa6834): Total: 0.221 seconds - Initiated by RefreshV2(NoUpdateAssetOptions)
Start importing ProjectSettings/ProjectSettings.asset using Guid(00000000000000004000000000000000) (LibraryAssetImporter) -> (artifact id: '6e6b45e7f0e72aa7e54f0ebc67c8441d') in 0.002468334 seconds
Start importing Assets/XR/Settings/OpenXR Package Settings.asset using Guid(720d9c3e3c30d4b52b870758e7e5bf78) (NativeFormatImporter) -> (artifact id: 'b4c0a857bafb51b5280ecaaf75ea289c') in 0.00391225 seconds
Start importing Assets/XR/XRGeneralSettingsPerBuildTarget.asset using Guid(ad5d4c853c9f44ae981993ebe4f6f65e) (NativeFormatImporter) -> (artifact id: '85cdd7f5b787d0090742f5bff0879b4e') in 0.00213025 seconds
Refreshing native plugins compatible for Editor in 4.72 ms, found 9 plugins.
Preloading 0 native plugins for Editor in 0.00 ms.
Asset Pipeline Refresh (id=49226a41588234ca8821ad744cf9fb01): Total: 0.046 seconds - Initiated by StopAssetImportingV2(NoUpdateAssetOptions)
Start importing Assets/Plugins/Android/AndroidManifest.xml using Guid(42f054661a8ec493687c270f821e8d75) (TextScriptImporter) -> (artifact id: 'e1d47cd257fe372209bd250a45c5c030') in 0.003741625 seconds
Refreshing native plugins compatible for Editor in 4.48 ms, found 9 plugins.
Preloading 0 native plugins for Editor in 0.00 ms.
Asset Pipeline Refresh (id=9956ddcf434c04556a13442a3ed0ed7c): Total: 0.112 seconds - Initiated by RefreshV2(NoUpdateAssetOptions)
Start importing Assets/Oculus/OculusProjectConfig.asset using Guid(4037511c1f15249f293621cd423700f6) (NativeFormatImporter) -> (artifact id: '3c00e057bac16b10dc28d1c1f42024ad') in 0.001506167 seconds
Refreshing native plugins compatible for Editor in 4.35 ms, found 9 plugins.
Preloading 0 native plugins for Editor in 0.00 ms.
Asset Pipeline Refresh (id=c4f0f9f4b461848d0812455edd2fcd80): Total: 0.059 seconds - Initiated by StopAssetImportingV2(NoUpdateAssetOptions)
[Licensing::Client] Successfully resolved entitlement details
[Licensing::Module] License group:
  Id: F4-AZ6T-383H-7KTU-RM2U-XXXX
  Product: Unity Personal
  Type: ULF
  Expiration: Unlimited
[Licensing::Module] License group:
  Id: 11270701585829-UnityPersXXXX
  Product: Unity Personal
  Type: Assigned
  Expiration: Unlimited
Unloading 1 Unused Serialized files (Serialized files now loaded: 0)
Unloading 43 unused Assets / (5.3 KB). Loaded Objects now: 6646.
Memory consumption went from 277.2 MB to 277.2 MB.
Total: 20.784750 ms (FindLiveObjects: 0.285375 ms CreateObjectMapping: 0.097625 ms MarkObjects: 20.354042 ms  DeleteObjects: 0.047209 ms)

Start importing Assets/Milzet/TemporaryViewerBuild.unity using Guid(5288b8817829347f891af9319cbc9555) (DefaultImporter) -> (artifact id: '748c1d7da38bb47a52b2740bd39e5781') in 0.001118584 seconds
Refreshing native plugins compatible for Editor in 4.48 ms, found 9 plugins.
Preloading 0 native plugins for Editor in 0.00 ms.
Asset Pipeline Refresh (id=9e8a7411625a94d4bbb695bb3fd5fc5a): Total: 0.029 seconds - Initiated by StopAssetImportingV2(NoUpdateAssetOptions)
[Optional] Switch to use InputSystem.XR.PoseControl instead of OpenXR.Input.PoseControl, which will be deprecated in a future release.
UnityEngine.Debug:ExtractStackTraceNoAlloc (byte*,int,string)
UnityEngine.StackTraceUtility:ExtractStackTrace () (at /Users/bokken/build/output/unity/unity/Runtime/Export/Scripting/StackTrace.cs:35)
UnityEngine.DebugLogHandler:Internal_Log (UnityEngine.LogType,UnityEngine.LogOption,string,UnityEngine.Object)
UnityEngine.DebugLogHandler:LogFormat (UnityEngine.LogType,UnityEngine.Object,string,object[])
UnityEngine.Logger:Log (UnityEngine.LogType,object)
UnityEngine.Debug:LogWarning (object)
UnityEditor.XR.OpenXR.OpenXRProjectValidation:LogBuildValidationIssues (UnityEditor.BuildTargetGroup) (at ./Library/PackageCache/com.unity.xr.openxr@05fb1a7d75d1/Runtime/OpenXRProjectValidation.cs:391)
UnityEditor.XR.OpenXR.OpenXRProjectValidationBuildStep:OnPreprocessBuild (UnityEditor.Build.Reporting.BuildReport) (at ./Library/PackageCache/com.unity.xr.openxr@05fb1a7d75d1/Editor/OpenXRProjectValidationRulesSetup.cs:266)
UnityEditor.Build.BuildPipelineInterfaces/<>c__DisplayClass17_0:<OnBuildPreProcess>b__1 (UnityEditor.Build.IPreprocessBuildWithReport) (at /Users/bokken/build/output/unity/unity/Editor/Mono/BuildPipeline/BuildPipelineInterfaces.cs:526)
UnityEditor.Build.BuildPipelineInterfaces:InvokeCallbackInterfacesPair<UnityEditor.Build.IPreprocessBuild, UnityEditor.Build.IPreprocessBuildWithReport> (System.Collections.Generic.List`1<UnityEditor.Build.IPreprocessBuild>,System.Action`1<UnityEditor.Build.IPreprocessBuild>,System.Collections.Generic.List`1<UnityEditor.Build.IPreprocessBuildWithReport>,System.Action`1<UnityEditor.Build.IPreprocessBuildWithReport>,bool) (at /Users/bokken/build/output/unity/unity/Editor/Mono/BuildPipeline/BuildPipelineInterfaces.cs:492)
UnityEditor.Build.BuildPipelineInterfaces:OnBuildPreProcess (UnityEditor.Build.Reporting.BuildReport) (at /Users/bokken/build/output/unity/unity/Editor/Mono/BuildPipeline/BuildPipelineInterfaces.cs:524)
UnityEditor.BuildPipeline:BuildPlayerInternalNoCheck (string[],string,string,UnityEditor.BuildTargetGroup,UnityEditor.BuildTarget,int,UnityEditor.BuildOptions,string[],bool)
UnityEditor.BuildPipeline:BuildPlayerInternal (string[],string,string,UnityEditor.BuildTargetGroup,UnityEditor.BuildTarget,int,UnityEditor.BuildOptions,string[]) (at /Users/bokken/build/output/unity/unity/Editor/Mono/BuildPipeline.bindings.cs:494)
UnityEditor.BuildPipeline:BuildPlayer (string[],string,string,UnityEditor.BuildTargetGroup,UnityEditor.BuildTarget,int,UnityEditor.BuildOptions,string[]) (at /Users/bokken/build/output/unity/unity/Editor/Mono/BuildPipeline.bindings.cs:410)
UnityEditor.BuildPipeline:BuildPlayer (UnityEditor.BuildPlayerOptions) (at /Users/bokken/build/output/unity/unity/Editor/Mono/BuildPipeline.bindings.cs:356)
Milzet.Editor.BuildViewer:Build (UnityEditor.BuildTarget,string) (at Assets/Milzet/Editor/BuildViewer.cs:34)
Milzet.Editor.BuildViewer:Android () (at Assets/Milzet/Editor/BuildViewer.cs:31)
Milzet.Editor.BuildViewer:StartupRepair () (at Assets/Milzet/Editor/BuildViewer.cs:29)

(Filename: ./Library/PackageCache/com.unity.xr.openxr@05fb1a7d75d1/Runtime/OpenXRProjectValidation.cs Line: 391)

[Optional] Latency Optimization is recommended to be set to <b>Prioritize Input Polling</b> when Meta Quest support is enabled.
UnityEngine.Debug:ExtractStackTraceNoAlloc (byte*,int,string)
UnityEngine.StackTraceUtility:ExtractStackTrace () (at /Users/bokken/build/output/unity/unity/Runtime/Export/Scripting/StackTrace.cs:35)
UnityEngine.DebugLogHandler:Internal_Log (UnityEngine.LogType,UnityEngine.LogOption,string,UnityEngine.Object)
UnityEngine.DebugLogHandler:LogFormat (UnityEngine.LogType,UnityEngine.Object,string,object[])
UnityEngine.Logger:Log (UnityEngine.LogType,object)
UnityEngine.Debug:LogWarning (object)
UnityEditor.XR.OpenXR.OpenXRProjectValidation:LogBuildValidationIssues (UnityEditor.BuildTargetGroup) (at ./Library/PackageCache/com.unity.xr.openxr@05fb1a7d75d1/Runtime/OpenXRProjectValidation.cs:391)
UnityEditor.XR.OpenXR.OpenXRProjectValidationBuildStep:OnPreprocessBuild (UnityEditor.Build.Reporting.BuildReport) (at ./Library/PackageCache/com.unity.xr.openxr@05fb1a7d75d1/Editor/OpenXRProjectValidationRulesSetup.cs:266)
UnityEditor.Build.BuildPipelineInterfaces/<>c__DisplayClass17_0:<OnBuildPreProcess>b__1 (UnityEditor.Build.IPreprocessBuildWithReport) (at /Users/bokken/build/output/unity/unity/Editor/Mono/BuildPipeline/BuildPipelineInterfaces.cs:526)
UnityEditor.Build.BuildPipelineInterfaces:InvokeCallbackInterfacesPair<UnityEditor.Build.IPreprocessBuild, UnityEditor.Build.IPreprocessBuildWithReport> (System.Collections.Generic.List`1<UnityEditor.Build.IPreprocessBuild>,System.Action`1<UnityEditor.Build.IPreprocessBuild>,System.Collections.Generic.List`1<UnityEditor.Build.IPreprocessBuildWithReport>,System.Action`1<UnityEditor.Build.IPreprocessBuildWithReport>,bool) (at /Users/bokken/build/output/unity/unity/Editor/Mono/BuildPipeline/BuildPipelineInterfaces.cs:492)
UnityEditor.Build.BuildPipelineInterfaces:OnBuildPreProcess (UnityEditor.Build.Reporting.BuildReport) (at /Users/bokken/build/output/unity/unity/Editor/Mono/BuildPipeline/BuildPipelineInterfaces.cs:524)
UnityEditor.BuildPipeline:BuildPlayerInternalNoCheck (string[],string,string,UnityEditor.BuildTargetGroup,UnityEditor.BuildTarget,int,UnityEditor.BuildOptions,string[],bool)
UnityEditor.BuildPipeline:BuildPlayerInternal (string[],string,string,UnityEditor.BuildTargetGroup,UnityEditor.BuildTarget,int,UnityEditor.BuildOptions,string[]) (at /Users/bokken/build/output/unity/unity/Editor/Mono/BuildPipeline.bindings.cs:494)
UnityEditor.BuildPipeline:BuildPlayer (string[],string,string,UnityEditor.BuildTargetGroup,UnityEditor.BuildTarget,int,UnityEditor.BuildOptions,string[]) (at /Users/bokken/build/output/unity/unity/Editor/Mono/BuildPipeline.bindings.cs:410)
UnityEditor.BuildPipeline:BuildPlayer (UnityEditor.BuildPlayerOptions) (at /Users/bokken/build/output/unity/unity/Editor/Mono/BuildPipeline.bindings.cs:356)
Milzet.Editor.BuildViewer:Build (UnityEditor.BuildTarget,string) (at Assets/Milzet/Editor/BuildViewer.cs:34)
Milzet.Editor.BuildViewer:Android () (at Assets/Milzet/Editor/BuildViewer.cs:31)
Milzet.Editor.BuildViewer:StartupRepair () (at Assets/Milzet/Editor/BuildViewer.cs:29)

(Filename: ./Library/PackageCache/com.unity.xr.openxr@05fb1a7d75d1/Runtime/OpenXRProjectValidation.cs Line: 391)

[TestRunBuilder] Creating new file 'Assets/Resources/PerformanceTestRunInfo.json' (2468 bytes)
UnityEngine.Debug:ExtractStackTraceNoAlloc (byte*,int,string)
UnityEngine.StackTraceUtility:ExtractStackTrace () (at /Users/bokken/build/output/unity/unity/Runtime/Export/Scripting/StackTrace.cs:35)
UnityEngine.DebugLogHandler:Internal_Log (UnityEngine.LogType,UnityEngine.LogOption,string,UnityEngine.Object)
UnityEngine.DebugLogHandler:LogFormat (UnityEngine.LogType,UnityEngine.Object,string,object[])
UnityEngine.Logger:Log (UnityEngine.LogType,object)
UnityEngine.Debug:Log (object)
Unity.PerformanceTesting.Editor.TestRunBuilder:SaveToStorage (object,string) (at ./Library/PackageCache/com.unity.test-framework.performance@8b56083ec0f0/Editor/TestRunBuilder.cs:242)
Unity.PerformanceTesting.Editor.TestRunBuilder:OnPreprocessBuild (UnityEditor.Build.Reporting.BuildReport) (at ./Library/PackageCache/com.unity.test-framework.performance@8b56083ec0f0/Editor/TestRunBuilder.cs:35)
UnityEditor.Build.BuildPipelineInterfaces/<>c__DisplayClass17_0:<OnBuildPreProcess>b__1 (UnityEditor.Build.IPreprocessBuildWithReport) (at /Users/bokken/build/output/unity/unity/Editor/Mono/BuildPipeline/BuildPipelineInterfaces.cs:526)
UnityEditor.Build.BuildPipelineInterfaces:InvokeCallbackInterfacesPair<UnityEditor.Build.IPreprocessBuild, UnityEditor.Build.IPreprocessBuildWithReport> (System.Collections.Generic.List`1<UnityEditor.Build.IPreprocessBuild>,System.Action`1<UnityEditor.Build.IPreprocessBuild>,System.Collections.Generic.List`1<UnityEditor.Build.IPreprocessBuildWithReport>,System.Action`1<UnityEditor.Build.IPreprocessBuildWithReport>,bool) (at /Users/bokken/build/output/unity/unity/Editor/Mono/BuildPipeline/BuildPipelineInterfaces.cs:492)
UnityEditor.Build.BuildPipelineInterfaces:OnBuildPreProcess (UnityEditor.Build.Reporting.BuildReport) (at /Users/bokken/build/output/unity/unity/Editor/Mono/BuildPipeline/BuildPipelineInterfaces.cs:524)
UnityEditor.BuildPipeline:BuildPlayerInternalNoCheck (string[],string,string,UnityEditor.BuildTargetGroup,UnityEditor.BuildTarget,int,UnityEditor.BuildOptions,string[],bool)
UnityEditor.BuildPipeline:BuildPlayerInternal (string[],string,string,UnityEditor.BuildTargetGroup,UnityEditor.BuildTarget,int,UnityEditor.BuildOptions,string[]) (at /Users/bokken/build/output/unity/unity/Editor/Mono/BuildPipeline.bindings.cs:494)
UnityEditor.BuildPipeline:BuildPlayer (string[],string,string,UnityEditor.BuildTargetGroup,UnityEditor.BuildTarget,int,UnityEditor.BuildOptions,string[]) (at /Users/bokken/build/output/unity/unity/Editor/Mono/BuildPipeline.bindings.cs:410)
UnityEditor.BuildPipeline:BuildPlayer (UnityEditor.BuildPlayerOptions) (at /Users/bokken/build/output/unity/unity/Editor/Mono/BuildPipeline.bindings.cs:356)
Milzet.Editor.BuildViewer:Build (UnityEditor.BuildTarget,string) (at Assets/Milzet/Editor/BuildViewer.cs:34)
Milzet.Editor.BuildViewer:Android () (at Assets/Milzet/Editor/BuildViewer.cs:31)
Milzet.Editor.BuildViewer:StartupRepair () (at Assets/Milzet/Editor/BuildViewer.cs:29)

(Filename: ./Library/PackageCache/com.unity.test-framework.performance@8b56083ec0f0/Editor/TestRunBuilder.cs Line: 242)

[TestRunBuilder] Creating new file 'Assets/Resources/PerformanceTestRunSettings.json' (23 bytes)
UnityEngine.Debug:ExtractStackTraceNoAlloc (byte*,int,string)
UnityEngine.StackTraceUtility:ExtractStackTrace () (at /Users/bokken/build/output/unity/unity/Runtime/Export/Scripting/StackTrace.cs:35)
UnityEngine.DebugLogHandler:Internal_Log (UnityEngine.LogType,UnityEngine.LogOption,string,UnityEngine.Object)
UnityEngine.DebugLogHandler:LogFormat (UnityEngine.LogType,UnityEngine.Object,string,object[])
UnityEngine.Logger:Log (UnityEngine.LogType,object)
UnityEngine.Debug:Log (object)
Unity.PerformanceTesting.Editor.TestRunBuilder:SaveToStorage (object,string) (at ./Library/PackageCache/com.unity.test-framework.performance@8b56083ec0f0/Editor/TestRunBuilder.cs:242)
Unity.PerformanceTesting.Editor.TestRunBuilder:OnPreprocessBuild (UnityEditor.Build.Reporting.BuildReport) (at ./Library/PackageCache/com.unity.test-framework.performance@8b56083ec0f0/Editor/TestRunBuilder.cs:38)
UnityEditor.Build.BuildPipelineInterfaces/<>c__DisplayClass17_0:<OnBuildPreProcess>b__1 (UnityEditor.Build.IPreprocessBuildWithReport) (at /Users/bokken/build/output/unity/unity/Editor/Mono/BuildPipeline/BuildPipelineInterfaces.cs:526)
UnityEditor.Build.BuildPipelineInterfaces:InvokeCallbackInterfacesPair<UnityEditor.Build.IPreprocessBuild, UnityEditor.Build.IPreprocessBuildWithReport> (System.Collections.Generic.List`1<UnityEditor.Build.IPreprocessBuild>,System.Action`1<UnityEditor.Build.IPreprocessBuild>,System.Collections.Generic.List`1<UnityEditor.Build.IPreprocessBuildWithReport>,System.Action`1<UnityEditor.Build.IPreprocessBuildWithReport>,bool) (at /Users/bokken/build/output/unity/unity/Editor/Mono/BuildPipeline/BuildPipelineInterfaces.cs:492)
UnityEditor.Build.BuildPipelineInterfaces:OnBuildPreProcess (UnityEditor.Build.Reporting.BuildReport) (at /Users/bokken/build/output/unity/unity/Editor/Mono/BuildPipeline/BuildPipelineInterfaces.cs:524)
UnityEditor.BuildPipeline:BuildPlayerInternalNoCheck (string[],string,string,UnityEditor.BuildTargetGroup,UnityEditor.BuildTarget,int,UnityEditor.BuildOptions,string[],bool)
UnityEditor.BuildPipeline:BuildPlayerInternal (string[],string,string,UnityEditor.BuildTargetGroup,UnityEditor.BuildTarget,int,UnityEditor.BuildOptions,string[]) (at /Users/bokken/build/output/unity/unity/Editor/Mono/BuildPipeline.bindings.cs:494)
UnityEditor.BuildPipeline:BuildPlayer (string[],string,string,UnityEditor.BuildTargetGroup,UnityEditor.BuildTarget,int,UnityEditor.BuildOptions,string[]) (at /Users/bokken/build/output/unity/unity/Editor/Mono/BuildPipeline.bindings.cs:410)
UnityEditor.BuildPipeline:BuildPlayer (UnityEditor.BuildPlayerOptions) (at /Users/bokken/build/output/unity/unity/Editor/Mono/BuildPipeline.bindings.cs:356)
Milzet.Editor.BuildViewer:Build (UnityEditor.BuildTarget,string) (at Assets/Milzet/Editor/BuildViewer.cs:34)
Milzet.Editor.BuildViewer:Android () (at Assets/Milzet/Editor/BuildViewer.cs:31)
Milzet.Editor.BuildViewer:StartupRepair () (at Assets/Milzet/Editor/BuildViewer.cs:29)

(Filename: ./Library/PackageCache/com.unity.test-framework.performance@8b56083ec0f0/Editor/TestRunBuilder.cs Line: 242)

[Meta] libopenxr_loader.so from other packages will be disabled because of enabled MetaXRFeature: Packages/com.unity.xr.openxr/Runtime/MockRuntime/android/arm64/libopenxr_loader.so
UnityEngine.Debug:ExtractStackTraceNoAlloc (byte*,int,string)
UnityEngine.StackTraceUtility:ExtractStackTrace () (at /Users/bokken/build/output/unity/unity/Runtime/Export/Scripting/StackTrace.cs:35)
UnityEngine.DebugLogHandler:Internal_Log (UnityEngine.LogType,UnityEngine.LogOption,string,UnityEngine.Object)
UnityEngine.DebugLogHandler:LogFormat (UnityEngine.LogType,UnityEngine.Object,string,object[])
UnityEngine.Logger:LogFormat (UnityEngine.LogType,string,object[])
UnityEngine.Debug:LogFormat (string,object[])
OVRGradleGeneration:OnPreprocessBuild (UnityEditor.Build.Reporting.BuildReport) (at ./Library/PackageCache/com.meta.xr.sdk.core@f8b4cfb2789f/Editor/OVRGradleGeneration.cs:185)
UnityEditor.Build.BuildPipelineInterfaces/<>c__DisplayClass17_0:<OnBuildPreProcess>b__1 (UnityEditor.Build.IPreprocessBuildWithReport) (at /Users/bokken/build/output/unity/unity/Editor/Mono/BuildPipeline/BuildPipelineInterfaces.cs:526)
UnityEditor.Build.BuildPipelineInterfaces:InvokeCallbackInterfacesPair<UnityEditor.Build.IPreprocessBuild, UnityEditor.Build.IPreprocessBuildWithReport> (System.Collections.Generic.List`1<UnityEditor.Build.IPreprocessBuild>,System.Action`1<UnityEditor.Build.IPreprocessBuild>,System.Collections.Generic.List`1<UnityEditor.Build.IPreprocessBuildWithReport>,System.Action`1<UnityEditor.Build.IPreprocessBuildWithReport>,bool) (at /Users/bokken/build/output/unity/unity/Editor/Mono/BuildPipeline/BuildPipelineInterfaces.cs:492)
UnityEditor.Build.BuildPipelineInterfaces:OnBuildPreProcess (UnityEditor.Build.Reporting.BuildReport) (at /Users/bokken/build/output/unity/unity/Editor/Mono/BuildPipeline/BuildPipelineInterfaces.cs:524)
UnityEditor.BuildPipeline:BuildPlayerInternalNoCheck (string[],string,string,UnityEditor.BuildTargetGroup,UnityEditor.BuildTarget,int,UnityEditor.BuildOptions,string[],bool)
UnityEditor.BuildPipeline:BuildPlayerInternal (string[],string,string,UnityEditor.BuildTargetGroup,UnityEditor.BuildTarget,int,UnityEditor.BuildOptions,string[]) (at /Users/bokken/build/output/unity/unity/Editor/Mono/BuildPipeline.bindings.cs:494)
UnityEditor.BuildPipeline:BuildPlayer (string[],string,string,UnityEditor.BuildTargetGroup,UnityEditor.BuildTarget,int,UnityEditor.BuildOptions,string[]) (at /Users/bokken/build/output/unity/unity/Editor/Mono/BuildPipeline.bindings.cs:410)
UnityEditor.BuildPipeline:BuildPlayer (UnityEditor.BuildPlayerOptions) (at /Users/bokken/build/output/unity/unity/Editor/Mono/BuildPipeline.bindings.cs:356)
Milzet.Editor.BuildViewer:Build (UnityEditor.BuildTarget,string) (at Assets/Milzet/Editor/BuildViewer.cs:34)
Milzet.Editor.BuildViewer:Android () (at Assets/Milzet/Editor/BuildViewer.cs:31)
Milzet.Editor.BuildViewer:StartupRepair () (at Assets/Milzet/Editor/BuildViewer.cs:29)

(Filename: ./Library/PackageCache/com.meta.xr.sdk.core@f8b4cfb2789f/Editor/OVRGradleGeneration.cs Line: 185)

[Meta] libopenxr_loader.so from other packages will be disabled because of enabled MetaXRFeature: Packages/com.unity.xr.openxr/RuntimeLoaders/android/openxr_loader.aar
UnityEngine.Debug:ExtractStackTraceNoAlloc (byte*,int,string)
UnityEngine.StackTraceUtility:ExtractStackTrace () (at /Users/bokken/build/output/unity/unity/Runtime/Export/Scripting/StackTrace.cs:35)
UnityEngine.DebugLogHandler:Internal_Log (UnityEngine.LogType,UnityEngine.LogOption,string,UnityEngine.Object)
UnityEngine.DebugLogHandler:LogFormat (UnityEngine.LogType,UnityEngine.Object,string,object[])
UnityEngine.Logger:LogFormat (UnityEngine.LogType,string,object[])
UnityEngine.Debug:LogFormat (string,object[])
OVRGradleGeneration:OnPreprocessBuild (UnityEditor.Build.Reporting.BuildReport) (at ./Library/PackageCache/com.meta.xr.sdk.core@f8b4cfb2789f/Editor/OVRGradleGeneration.cs:185)
UnityEditor.Build.BuildPipelineInterfaces/<>c__DisplayClass17_0:<OnBuildPreProcess>b__1 (UnityEditor.Build.IPreprocessBuildWithReport) (at /Users/bokken/build/output/unity/unity/Editor/Mono/BuildPipeline/BuildPipelineInterfaces.cs:526)
UnityEditor.Build.BuildPipelineInterfaces:InvokeCallbackInterfacesPair<UnityEditor.Build.IPreprocessBuild, UnityEditor.Build.IPreprocessBuildWithReport> (System.Collections.Generic.List`1<UnityEditor.Build.IPreprocessBuild>,System.Action`1<UnityEditor.Build.IPreprocessBuild>,System.Collections.Generic.List`1<UnityEditor.Build.IPreprocessBuildWithReport>,System.Action`1<UnityEditor.Build.IPreprocessBuildWithReport>,bool) (at /Users/bokken/build/output/unity/unity/Editor/Mono/BuildPipeline/BuildPipelineInterfaces.cs:492)
UnityEditor.Build.BuildPipelineInterfaces:OnBuildPreProcess (UnityEditor.Build.Reporting.BuildReport) (at /Users/bokken/build/output/unity/unity/Editor/Mono/BuildPipeline/BuildPipelineInterfaces.cs:524)
UnityEditor.BuildPipeline:BuildPlayerInternalNoCheck (string[],string,string,UnityEditor.BuildTargetGroup,UnityEditor.BuildTarget,int,UnityEditor.BuildOptions,string[],bool)
UnityEditor.BuildPipeline:BuildPlayerInternal (string[],string,string,UnityEditor.BuildTargetGroup,UnityEditor.BuildTarget,int,UnityEditor.BuildOptions,string[]) (at /Users/bokken/build/output/unity/unity/Editor/Mono/BuildPipeline.bindings.cs:494)
UnityEditor.BuildPipeline:BuildPlayer (string[],string,string,UnityEditor.BuildTargetGroup,UnityEditor.BuildTarget,int,UnityEditor.BuildOptions,string[]) (at /Users/bokken/build/output/unity/unity/Editor/Mono/BuildPipeline.bindings.cs:410)
UnityEditor.BuildPipeline:BuildPlayer (UnityEditor.BuildPlayerOptions) (at /Users/bokken/build/output/unity/unity/Editor/Mono/BuildPipeline.bindings.cs:356)
Milzet.Editor.BuildViewer:Build (UnityEditor.BuildTarget,string) (at Assets/Milzet/Editor/BuildViewer.cs:34)
Milzet.Editor.BuildViewer:Android () (at Assets/Milzet/Editor/BuildViewer.cs:31)
Milzet.Editor.BuildViewer:StartupRepair () (at Assets/Milzet/Editor/BuildViewer.cs:29)

(Filename: ./Library/PackageCache/com.meta.xr.sdk.core@f8b4cfb2789f/Editor/OVRGradleGeneration.cs Line: 185)

[Meta] libopenxr_loader.so from other packages will be disabled because of enabled MetaXRFeature: Packages/com.unity.xr.openxr/Runtime/MockRuntime/android/x64/libopenxr_loader.so
UnityEngine.Debug:ExtractStackTraceNoAlloc (byte*,int,string)
UnityEngine.StackTraceUtility:ExtractStackTrace () (at /Users/bokken/build/output/unity/unity/Runtime/Export/Scripting/StackTrace.cs:35)
UnityEngine.DebugLogHandler:Internal_Log (UnityEngine.LogType,UnityEngine.LogOption,string,UnityEngine.Object)
UnityEngine.DebugLogHandler:LogFormat (UnityEngine.LogType,UnityEngine.Object,string,object[])
UnityEngine.Logger:LogFormat (UnityEngine.LogType,string,object[])
UnityEngine.Debug:LogFormat (string,object[])
OVRGradleGeneration:OnPreprocessBuild (UnityEditor.Build.Reporting.BuildReport) (at ./Library/PackageCache/com.meta.xr.sdk.core@f8b4cfb2789f/Editor/OVRGradleGeneration.cs:185)
UnityEditor.Build.BuildPipelineInterfaces/<>c__DisplayClass17_0:<OnBuildPreProcess>b__1 (UnityEditor.Build.IPreprocessBuildWithReport) (at /Users/bokken/build/output/unity/unity/Editor/Mono/BuildPipeline/BuildPipelineInterfaces.cs:526)
UnityEditor.Build.BuildPipelineInterfaces:InvokeCallbackInterfacesPair<UnityEditor.Build.IPreprocessBuild, UnityEditor.Build.IPreprocessBuildWithReport> (System.Collections.Generic.List`1<UnityEditor.Build.IPreprocessBuild>,System.Action`1<UnityEditor.Build.IPreprocessBuild>,System.Collections.Generic.List`1<UnityEditor.Build.IPreprocessBuildWithReport>,System.Action`1<UnityEditor.Build.IPreprocessBuildWithReport>,bool) (at /Users/bokken/build/output/unity/unity/Editor/Mono/BuildPipeline/BuildPipelineInterfaces.cs:492)
UnityEditor.Build.BuildPipelineInterfaces:OnBuildPreProcess (UnityEditor.Build.Reporting.BuildReport) (at /Users/bokken/build/output/unity/unity/Editor/Mono/BuildPipeline/BuildPipelineInterfaces.cs:524)
UnityEditor.BuildPipeline:BuildPlayerInternalNoCheck (string[],string,string,UnityEditor.BuildTargetGroup,UnityEditor.BuildTarget,int,UnityEditor.BuildOptions,string[],bool)
UnityEditor.BuildPipeline:BuildPlayerInternal (string[],string,string,UnityEditor.BuildTargetGroup,UnityEditor.BuildTarget,int,UnityEditor.BuildOptions,string[]) (at /Users/bokken/build/output/unity/unity/Editor/Mono/BuildPipeline.bindings.cs:494)
UnityEditor.BuildPipeline:BuildPlayer (string[],string,string,UnityEditor.BuildTargetGroup,UnityEditor.BuildTarget,int,UnityEditor.BuildOptions,string[]) (at /Users/bokken/build/output/unity/unity/Editor/Mono/BuildPipeline.bindings.cs:410)
UnityEditor.BuildPipeline:BuildPlayer (UnityEditor.BuildPlayerOptions) (at /Users/bokken/build/output/unity/unity/Editor/Mono/BuildPipeline.bindings.cs:356)
Milzet.Editor.BuildViewer:Build (UnityEditor.BuildTarget,string) (at Assets/Milzet/Editor/BuildViewer.cs:34)
Milzet.Editor.BuildViewer:Android () (at Assets/Milzet/Editor/BuildViewer.cs:31)
Milzet.Editor.BuildViewer:StartupRepair () (at Assets/Milzet/Editor/BuildViewer.cs:29)

(Filename: ./Library/PackageCache/com.meta.xr.sdk.core@f8b4cfb2789f/Editor/OVRGradleGeneration.cs Line: 185)

[Meta] Native plugin included in build because of enabled MetaXRFeature: Packages/com.meta.xr.sdk.core/Plugins/AndroidOpenXR/OVRPlugin.aar
UnityEngine.Debug:ExtractStackTraceNoAlloc (byte*,int,string)
UnityEngine.StackTraceUtility:ExtractStackTrace () (at /Users/bokken/build/output/unity/unity/Runtime/Export/Scripting/StackTrace.cs:35)
UnityEngine.DebugLogHandler:Internal_Log (UnityEngine.LogType,UnityEngine.LogOption,string,UnityEngine.Object)
UnityEngine.DebugLogHandler:LogFormat (UnityEngine.LogType,UnityEngine.Object,string,object[])
UnityEngine.Logger:LogFormat (UnityEngine.LogType,string,object[])
UnityEngine.Debug:LogFormat (string,object[])
OVRGradleGeneration:OnPreprocessBuild (UnityEditor.Build.Reporting.BuildReport) (at ./Library/PackageCache/com.meta.xr.sdk.core@f8b4cfb2789f/Editor/OVRGradleGeneration.cs:173)
UnityEditor.Build.BuildPipelineInterfaces/<>c__DisplayClass17_0:<OnBuildPreProcess>b__1 (UnityEditor.Build.IPreprocessBuildWithReport) (at /Users/bokken/build/output/unity/unity/Editor/Mono/BuildPipeline/BuildPipelineInterfaces.cs:526)
UnityEditor.Build.BuildPipelineInterfaces:InvokeCallbackInterfacesPair<UnityEditor.Build.IPreprocessBuild, UnityEditor.Build.IPreprocessBuildWithReport> (System.Collections.Generic.List`1<UnityEditor.Build.IPreprocessBuild>,System.Action`1<UnityEditor.Build.IPreprocessBuild>,System.Collections.Generic.List`1<UnityEditor.Build.IPreprocessBuildWithReport>,System.Action`1<UnityEditor.Build.IPreprocessBuildWithReport>,bool) (at /Users/bokken/build/output/unity/unity/Editor/Mono/BuildPipeline/BuildPipelineInterfaces.cs:492)
UnityEditor.Build.BuildPipelineInterfaces:OnBuildPreProcess (UnityEditor.Build.Reporting.BuildReport) (at /Users/bokken/build/output/unity/unity/Editor/Mono/BuildPipeline/BuildPipelineInterfaces.cs:524)
UnityEditor.BuildPipeline:BuildPlayerInternalNoCheck (string[],string,string,UnityEditor.BuildTargetGroup,UnityEditor.BuildTarget,int,UnityEditor.BuildOptions,string[],bool)
UnityEditor.BuildPipeline:BuildPlayerInternal (string[],string,string,UnityEditor.BuildTargetGroup,UnityEditor.BuildTarget,int,UnityEditor.BuildOptions,string[]) (at /Users/bokken/build/output/unity/unity/Editor/Mono/BuildPipeline.bindings.cs:494)
UnityEditor.BuildPipeline:BuildPlayer (string[],string,string,UnityEditor.BuildTargetGroup,UnityEditor.BuildTarget,int,UnityEditor.BuildOptions,string[]) (at /Users/bokken/build/output/unity/unity/Editor/Mono/BuildPipeline.bindings.cs:410)
UnityEditor.BuildPipeline:BuildPlayer (UnityEditor.BuildPlayerOptions) (at /Users/bokken/build/output/unity/unity/Editor/Mono/BuildPipeline.bindings.cs:356)
Milzet.Editor.BuildViewer:Build (UnityEditor.BuildTarget,string) (at Assets/Milzet/Editor/BuildViewer.cs:34)
Milzet.Editor.BuildViewer:Android () (at Assets/Milzet/Editor/BuildViewer.cs:31)
Milzet.Editor.BuildViewer:StartupRepair () (at Assets/Milzet/Editor/BuildViewer.cs:29)

(Filename: ./Library/PackageCache/com.meta.xr.sdk.core@f8b4cfb2789f/Editor/OVRGradleGeneration.cs Line: 173)

BuildFailedException: Oculus Utilities Plugin with OpenXR only supports linear lighting. Please set 'Rendering/Color Space' to 'Linear' in Player Settings
  at OVRGradleGeneration.OnPreprocessBuild (UnityEditor.Build.Reporting.BuildReport report) [0x00329] in ./Library/PackageCache/com.meta.xr.sdk.core@f8b4cfb2789f/Editor/OVRGradleGeneration.cs:297 
  at UnityEditor.Build.BuildPipelineInterfaces+<>c__DisplayClass17_0.<OnBuildPreProcess>b__1 (UnityEditor.Build.IPreprocessBuildWithReport bpp) [0x00000] in /Users/bokken/build/output/unity/unity/Editor/Mono/BuildPipeline/BuildPipelineInterfaces.cs:526 
  at UnityEditor.Build.BuildPipelineInterfaces.InvokeCallbackInterfacesPair[T1,T2] (System.Collections.Generic.List`1[T] oneInterfaces, System.Action`1[T] invocationOne, System.Collections.Generic.List`1[T] twoInterfaces, System.Action`1[T] invocationTwo, System.Boolean exitOnFailure) [0x000ff] in /Users/bokken/build/output/unity/unity/Editor/Mono/BuildPipeline/BuildPipelineInterfaces.cs:492 
UnityEngine.DebugLogHandler:Internal_LogException_Injected(Exception, IntPtr)
UnityEngine.DebugLogHandler:Internal_LogException(Exception, Object)
UnityEngine.DebugLogHandler:LogException(Exception, Object)
UnityEngine.Logger:LogException(Exception, Object)
UnityEngine.Debug:LogException(Exception)
UnityEditor.Build.BuildPipelineInterfaces:InvokeCallbackInterfacesPair(List`1, Action`1, List`1, Action`1, Boolean) (at /Users/bokken/build/output/unity/unity/Editor/Mono/BuildPipeline/BuildPipelineInterfaces.cs:505)
UnityEditor.Build.BuildPipelineInterfaces:OnBuildPreProcess(BuildReport) (at /Users/bokken/build/output/unity/unity/Editor/Mono/BuildPipeline/BuildPipelineInterfaces.cs:524)
UnityEditor.BuildPipeline:BuildPlayerInternalNoCheck_Injected(String[], ManagedSpanWrapper&, ManagedSpanWrapper&, BuildTargetGroup, BuildTarget, Int32, BuildOptions, String[], Boolean)
UnityEditor.BuildPipeline:BuildPlayerInternalNoCheck(String[], String, String, BuildTargetGroup, BuildTarget, Int32, BuildOptions, String[], Boolean)
UnityEditor.BuildPipeline:BuildPlayerInternal(String[], String, String, BuildTargetGroup, BuildTarget, Int32, BuildOptions, String[]) (at /Users/bokken/build/output/unity/unity/Editor/Mono/BuildPipeline.bindings.cs:494)
UnityEditor.BuildPipeline:BuildPlayer(String[], String, String, BuildTargetGroup, BuildTarget, Int32, BuildOptions, String[]) (at /Users/bokken/build/output/unity/unity/Editor/Mono/BuildPipeline.bindings.cs:410)
UnityEditor.BuildPipeline:BuildPlayer(BuildPlayerOptions) (at /Users/bokken/build/output/unity/unity/Editor/Mono/BuildPipeline.bindings.cs:356)
Milzet.Editor.BuildViewer:Build(BuildTarget, String) (at Assets/Milzet/Editor/BuildViewer.cs:34)
Milzet.Editor.BuildViewer:Android() (at Assets/Milzet/Editor/BuildViewer.cs:31)
Milzet.Editor.BuildViewer:StartupRepair() (at Assets/Milzet/Editor/BuildViewer.cs:29)

(Filename: ./Library/PackageCache/com.meta.xr.sdk.core@f8b4cfb2789f/Editor/OVRGradleGeneration.cs Line: 297)

Error building Player: BuildFailedException: Oculus Utilities Plugin with OpenXR only supports linear lighting. Please set 'Rendering/Color Space' to 'Linear' in Player Settings
Unloading 12 Unused Serialized files (Serialized files now loaded: 0)
Unloading 54 unused Assets / (23.5 KB). Loaded Objects now: 6678.
Memory consumption went from 285.4 MB to 285.4 MB.
Total: 26.577792 ms (FindLiveObjects: 0.290791 ms CreateObjectMapping: 0.101125 ms MarkObjects: 26.111083 ms  DeleteObjects: 0.074292 ms)

Build Finished, Result: Failure.
##utp:{"type":"PlayerBuildInfo","version":2,"phase":"Immediate","time":1788961539787,"processId":18606,"steps":[{"description":"Preprocess Player","duration":947}],"duration":947}
Refreshing native plugins compatible for Editor in 2.91 ms, found 9 plugins.
Preloading 0 native plugins for Editor in 0.00 ms.
Asset Pipeline Refresh (id=5e0ecc4dc1df34bcbaed4d25e46d94b0): Total: 0.041 seconds - Initiated by StopAssetImportingV2(NoUpdateAssetOptions)
InvalidDataException: Viewer build failed: Failed
  at Milzet.Content.PackageReader.Require (System.Boolean ok, System.String message) [0x0000a] in /Users/mziwamadoda/Projects/Binteca/Interactive/milzetvrstudio/Unity/Assets/Milzet/Runtime/PackageReader.cs:23 
  at Milzet.Editor.BuildViewer.Build (UnityEditor.BuildTarget target, System.String name) [0x00087] in /Users/mziwamadoda/Projects/Binteca/Interactive/milzetvrstudio/Unity/Assets/Milzet/Editor/BuildViewer.cs:34 
  at Milzet.Editor.BuildViewer.Android () [0x00005] in /Users/mziwamadoda/Projects/Binteca/Interactive/milzetvrstudio/Unity/Assets/Milzet/Editor/BuildViewer.cs:31 
  at Milzet.Editor.BuildViewer.StartupRepair () [0x00045] in /Users/mziwamadoda/Projects/Binteca/Interactive/milzetvrstudio/Unity/Assets/Milzet/Editor/BuildViewer.cs:29 

(Filename: Assets/Milzet/Runtime/PackageReader.cs Line: 23)

executeMethod method Milzet.Editor.BuildViewer.StartupRepair threw exception.
[Package Manager] Server process was shutdown
[40m[32minfo[39m[22m[49m: Microsoft.Hosting.Lifetime[0]
      Application is shutting down...
[40m[32minfo[39m[22m[49m: Unity.ILPP.Runner.PostProcessingAssemblyLoadContext[0]
      ALC ILPP context 1 is unloading
