Unity Editor version:    6000.3.22f1 (1c726e1fb402)
Branch:                  6000.3/staging
Build type:              Release
Batch mode:              YES
macOS version:           Version 26.6.2 (Build 25G83)
Darwin version:          25.6.0
Architecture:            arm64
Running under Rosetta:   NO
Available memory:        16384 MB
Date:                    2026-09-09T13:53:45Z
[Licensing::Module] Trying to connect to existing licensing client channel...
[Licensing::IpcConnector] Successfully connected to: "LicenseClient-mziwamadoda" at "2026-09-09T13:53:45.58992Z"
Launching external process: /Applications/Unity/Hub/Editor/6000.3.22f1/Unity.app/Contents/Resources/PackageManager/Server/UnityPackageManager

COMMAND LINE ARGUMENTS:
/Applications/Unity/Hub/Editor/6000.3.22f1/Unity.app/Contents/MacOS/Unity
-batchmode
-quit
-projectPath
/Users/mziwamadoda/Projects/Binteca/Interactive/milzetvrstudio/Unity
-buildTarget
Android
-executeMethod
Milzet.Editor.BuildViewer.StartupRepair
-logFile
/Users/mziwamadoda/Projects/Binteca/Interactive/milzetvrstudio/Artifacts/DeviceAcceptance/startup-android-linear-build.log
Successfully changed project path to: /Users/mziwamadoda/Projects/Binteca/Interactive/milzetvrstudio/Unity
/Users/mziwamadoda/Projects/Binteca/Interactive/milzetvrstudio/Unity
[UnityMemory] Configuration Parameters - Can be set up in boot.config
    "memorysetup-allocator-temp-initial-block-size-main=262144"
    "memorysetup-allocator-temp-initial-block-size-worker=262144"
    "memorysetup-temp-allocator-size-background-worker=32768"
    "memorysetup-temp-allocator-size-job-worker=262144"
    "memorysetup-temp-allocator-size-preload-manager=33554432"
    "memorysetup-temp-allocator-size-nav-mesh-worker=65536"
    "memorysetup-temp-allocator-size-audio-worker=65536"
    "memorysetup-temp-allocator-size-cloud-worker=32768"
    "memorysetup-bucket-allocator-granularity=16"
    "memorysetup-bucket-allocator-bucket-count=8"
    "memorysetup-bucket-allocator-block-size=33554432"
    "memorysetup-bucket-allocator-block-count=8"
    "memorysetup-main-allocator-block-size=16777216"
    "memorysetup-thread-allocator-block-size=16777216"
    "memorysetup-gfx-main-allocator-block-size=16777216"
    "memorysetup-gfx-thread-allocator-block-size=16777216"
    "memorysetup-cache-allocator-block-size=4194304"
    "memorysetup-typetree-allocator-block-size=2097152"
    "memorysetup-profiler-bucket-allocator-granularity=16"
    "memorysetup-profiler-bucket-allocator-bucket-count=8"
    "memorysetup-profiler-bucket-allocator-block-size=33554432"
    "memorysetup-profiler-bucket-allocator-block-count=8"
    "memorysetup-profiler-allocator-block-size=16777216"
    "memorysetup-profiler-editor-allocator-block-size=1048576"
    "memorysetup-temp-allocator-size-main=16777216"
    "memorysetup-job-temp-allocator-block-size=2097152"
    "memorysetup-job-temp-allocator-block-size-background=1048576"
    "memorysetup-job-temp-allocator-reduction-small-platforms=262144"
    "memorysetup-temp-allocator-size-gi-baking-worker=262144"
    "memorysetup-temp-allocator-size-gi-baking-worker=262144"
    "memorysetup-temp-allocator-size-gi-baking-worker=262144"
    "memorysetup-temp-allocator-size-gi-baking-worker=262144"
    "memorysetup-temp-allocator-size-gi-baking-worker=262144"
    "memorysetup-temp-allocator-size-gfx=262144"
Player connection [8272978304]  Target information:

Player connection [8272978304]  * "[IP] 192.168.1.108 [Port] 55504 [Flags] 2 [Guid] 292976201 [EditorId] 292976201 [Version] 1048832 [Id] OSXEditor(0,Zolas-MacBook-Air.local) [Debug] 1 [PackageName] OSXEditor [ProjectName] Editor" 

Player connection [8272978304] Host joined multi-casting on [225.0.0.222:54997]...
Player connection [8272978304] Host joined alternative multi-casting on [225.0.0.222:34997]...
Input System module state changed to: Initialized.
[Physics::Module] Initialized fallback backend.
[Physics::Module] Id: 0xdecafbad
[Licensing::Client] Handshaking with LicensingClient:
  Version:                 1.18.1+9fbee8e
  Session Id:              6fb90aff14344a91be2425af7ce33cdd
  Correlation Id:          9642781fa38e9829d443533035d1d04c
  External correlation Id: 492855376311331792
  Machine Id:              UEiIifZ0NVpQOyONubALCs688Qc=
[Licensing::Module] Successfully connected to LicensingClient on channel: "LicenseClient-mziwamadoda" (connect: 0.00s, validation: 0.02s, handshake: 1.42s)
[Licensing::IpcConnector] Successfully connected to: "LicenseClient-mziwamadoda-notifications" at "2026-09-09T13:53:47.03685Z"
[Licensing::Module] Error: Access token is unavailable; failed to update
[Licensing::Client] Successfully resolved entitlement details
[Licensing::Module] License group:
  Id: F4-AZ6T-383H-7KTU-RM2U-XXXX
  Product: Unity Personal
  Type: ULF
  Expiration: Unlimited
[Licensing::Module] License group:
  Id: 11270701585829-UnityPersXXXX
  Product: Unity Personal
  Type: Assigned
  Expiration: Unlimited
[Licensing::Client] Successfully updated license, isAsync: True, time: 0.02
[Licensing::Client] Successfully resolved entitlement details
[Licensing::Module] License group:
  Id: F4-AZ6T-383H-7KTU-RM2U-XXXX
  Product: Unity Personal
  Type: ULF
  Expiration: Unlimited
[Licensing::Module] License group:
  Id: 11270701585829-UnityPersXXXX
  Product: Unity Personal
  Type: Assigned
  Expiration: Unlimited
[Licensing::Module] Licensing Background thread has ended after 1.50s
[Package Manager] Connected to IPC stream "Upm-22242" after 1.7 seconds.
[Licensing::Client] Successfully resolved entitlement details
[Licensing::Module] License group:
  Id: F4-AZ6T-383H-7KTU-RM2U-XXXX
  Product: Unity Personal
  Type: ULF
  Expiration: Unlimited
[Licensing::Module] License group:
  Id: 11270701585829-UnityPersXXXX
  Product: Unity Personal
  Type: Assigned
  Expiration: Unlimited
Library Redirect Path: Library/
[Physics::Module] Selected backend.
[Physics::Module] Name: PhysX
[Physics::Module] Id: 0xf2b8ea05
[Physics::Module] SDK Version: 4.1.2
[Physics::Module] Integration Version: 1.0.0
[Physics::Module] Threading Mode: Multi-Threaded
Artifact Garbage Collection - Removed 2 unused hashed content files
[Licensing::Client] Successfully resolved entitlement details
[Licensing::Module] License group:
  Id: F4-AZ6T-383H-7KTU-RM2U-XXXX
  Product: Unity Personal
  Type: ULF
  Expiration: Unlimited
[Licensing::Module] License group:
  Id: 11270701585829-UnityPersXXXX
  Product: Unity Personal
  Type: Assigned
  Expiration: Unlimited
Targeting platform: Android
Refreshing native plugins compatible for Editor in 0.27 ms, found 0 plugins.
Preloading 0 native plugins for Editor in 0.00 ms.
Initialize engine version: 6000.3.22f1 (1c726e1fb402)
[Subsystems] Discovering subsystems at path /Applications/Unity/Hub/Editor/6000.3.22f1/Unity.app/Contents/Resources/UnitySubsystems
[Subsystems] Discovering subsystems at path /Users/mziwamadoda/Projects/Binteca/Interactive/milzetvrstudio/Unity/Assets
GfxDevice: creating device client; kGfxThreadingModeNonThreaded
 preferred device: Apple M3 (high power)
Metal devices available: 1
0: Apple M3 (high power)
Using device Apple M3 (high power)
Initializing Metal device caps: Apple M3
Mac GPU Family: 2
Apple GPU Family: 9
MSL Version: 3.0
Has Float MSAA: 1
Has Float Filtering: 1
ReadWrite Texture Tier: 2
Shader 'Meta/MRUK/Scene/HighlightsAndShadows': fallback shader 'Off' not found
Shader 'Oculus/OVRMRCameraFrameLit': fallback shader 'Alpha-Diffuse' not found
Initialize mono
Mono path[0] = '/Applications/Unity/Hub/Editor/6000.3.22f1/Unity.app/Contents/Resources/Scripting/Managed'
Mono path[1] = '/Applications/Unity/Hub/Editor/6000.3.22f1/Unity.app/Contents/Resources/Scripting/MonoBleedingEdge/lib/mono/unityjit-macos'
Mono config path = '/Applications/Unity/Hub/Editor/6000.3.22f1/Unity.app/Contents/Resources/Scripting/MonoBleedingEdge/etc'
Using monoOptions --debugger-agent=transport=dt_socket,embedding=1,server=y,suspend=n,address=127.0.0.1:56242
Using cacheserver namespaces - metadata:defaultmetadata, artifacts:defaultartifacts
Using cacheserver namespaces - metadata:defaultmetadata, artifacts:defaultartifacts
ImportWorker Server TCP listen port: 0
AcceleratorClientConnectionCallback - disconnected - :0
Begin MonoManager ReloadAssembly
Registering precompiled unity dll's ...
Register platform support module: /Applications/Unity/Hub/Editor/6000.3.22f1/Unity.app/Contents/PlaybackEngines/MacStandaloneSupport/UnityEditor.OSXStandalone.Extensions.dll
Register platform support module: /Applications/Unity/Hub/Editor/6000.3.22f1/PlaybackEngines/WindowsStandaloneSupport/UnityEditor.WindowsStandalone.Extensions.dll
Register platform support module: /Applications/Unity/Hub/Editor/6000.3.22f1/PlaybackEngines/AndroidPlayer/UnityEditor.Android.Extensions.dll
Registered in 0.003255 seconds.
- Loaded All Assemblies, in  0.606 seconds
Native extension for Android target not found
Native extension for WindowsStandalone target not found
Native extension for OSXStandalone target not found
Package Manager log level set to [2]
ScheduleIndexationOnStartup MainProcess:False IndexOnStartup:True
Mono: successfully reloaded assembly
- Finished resetting the current domain, in  0.532 seconds
Domain Reload Profiling: 1138ms
	BeginReloadAssembly (189ms)
		ExecutionOrderSort (0ms)
		DisableScriptedObjects (0ms)
		BackupInstance (0ms)
		ReleaseScriptingObjects (0ms)
		CreateAndSetChildDomain (11ms)
	RebuildCommonClasses (54ms)
	RebuildNativeTypeToScriptingClass (21ms)
	initialDomainReloadingComplete (64ms)
	LoadAllAssembliesAndSetupDomain (276ms)
		LoadAssemblies (180ms)
		RebuildTransferFunctionScriptingTraits (0ms)
		AnalyzeDomain (269ms)
			TypeCache.Refresh (265ms)
				TypeCache.ScanAssembly (241ms)
			BuildScriptInfoCaches (0ms)
			ResolveRequiredComponents (1ms)
	FinalizeReload (532ms)
		ReleaseScriptCaches (0ms)
		RebuildScriptCaches (0ms)
		SetupLoadedEditorAssemblies (479ms)
			LogAssemblyErrors (0ms)
			InitializePlatformSupportModulesInManaged (74ms)
			SetLoadedEditorAssemblies (6ms)
			BeforeProcessingInitializeOnLoad (101ms)
			ProcessInitializeOnLoadAttributes (171ms)
			ProcessInitializeOnLoadMethodAttributes (127ms)
			AfterProcessingInitializeOnLoad (0ms)
			EditorAssembliesLoaded (0ms)
		ExecutionOrderSort2 (0ms)
		AwakeInstancesAfterBackupRestoration (0ms)
[Licensing::Client] Successfully resolved entitlement details
[Licensing::Module] License group:
  Id: F4-AZ6T-383H-7KTU-RM2U-XXXX
  Product: Unity Personal
  Type: ULF
  Expiration: Unlimited
[Licensing::Module] License group:
  Id: 11270701585829-UnityPersXXXX
  Product: Unity Personal
  Type: Assigned
  Expiration: Unlimited
[Licensing::Client] Successfully resolved entitlement details
[Licensing::Module] License group:
  Id: F4-AZ6T-383H-7KTU-RM2U-XXXX
  Product: Unity Personal
  Type: ULF
  Expiration: Unlimited
[Licensing::Module] License group:
  Id: 11270701585829-UnityPersXXXX
  Product: Unity Personal
  Type: Assigned
  Expiration: Unlimited
Application.AssetDatabase Initial Refresh Start
[Package Manager] Restoring resolved packages state from cache
[Licensing::Client] Successfully resolved entitlement details
[Package Manager] Registered 47 packages:
  Packages from [https://packages.unity.com]:
    com.unity.cloud.gltfast@6.20.0 (location: /Users/mziwamadoda/Projects/Binteca/Interactive/milzetvrstudio/Unity/Library/PackageCache/com.unity.cloud.gltfast@11ddc2436f97)
    com.unity.xr.openxr@1.15.1 (location: /Users/mziwamadoda/Projects/Binteca/Interactive/milzetvrstudio/Unity/Library/PackageCache/com.unity.xr.openxr@05fb1a7d75d1)
    com.meta.xr.sdk.core@85.0.0 (location: /Users/mziwamadoda/Projects/Binteca/Interactive/milzetvrstudio/Unity/Library/PackageCache/com.meta.xr.sdk.core@f8b4cfb2789f)
    com.meta.xr.mrutilitykit@85.0.0 (location: /Users/mziwamadoda/Projects/Binteca/Interactive/milzetvrstudio/Unity/Library/PackageCache/com.meta.xr.mrutilitykit@6d21b459f6d3)
    com.unity.timeline@1.8.12 (location: /Users/mziwamadoda/Projects/Binteca/Interactive/milzetvrstudio/Unity/Library/PackageCache/com.unity.timeline@8cd8509afae5)
    com.unity.ai.navigation@2.0.14 (location: /Users/mziwamadoda/Projects/Binteca/Interactive/milzetvrstudio/Unity/Library/PackageCache/com.unity.ai.navigation@134dd6a3b97b)
    com.unity.nuget.newtonsoft-json@3.2.2 (location: /Users/mziwamadoda/Projects/Binteca/Interactive/milzetvrstudio/Unity/Library/PackageCache/com.unity.nuget.newtonsoft-json@4dfd81071c64)
    com.unity.inputsystem@1.20.0 (location: /Users/mziwamadoda/Projects/Binteca/Interactive/milzetvrstudio/Unity/Library/PackageCache/com.unity.inputsystem@7a4e1a2a8194)
    com.unity.xr.core-utils@2.6.0 (location: /Users/mziwamadoda/Projects/Binteca/Interactive/milzetvrstudio/Unity/Library/PackageCache/com.unity.xr.core-utils@a8b900321199)
    com.unity.xr.management@4.5.4 (location: /Users/mziwamadoda/Projects/Binteca/Interactive/milzetvrstudio/Unity/Library/PackageCache/com.unity.xr.management@e3a3882b360a)
    com.unity.xr.legacyinputhelpers@2.1.13 (location: /Users/mziwamadoda/Projects/Binteca/Interactive/milzetvrstudio/Unity/Library/PackageCache/com.unity.xr.legacyinputhelpers@9535ff2c27ac)
    com.unity.burst@1.8.30 (location: /Users/mziwamadoda/Projects/Binteca/Interactive/milzetvrstudio/Unity/Library/PackageCache/com.unity.burst@2f3d916873ea)
    com.unity.collections@2.6.8 (location: /Users/mziwamadoda/Projects/Binteca/Interactive/milzetvrstudio/Unity/Library/PackageCache/com.unity.collections@84e8eb3fc12e)
    com.unity.mathematics@1.3.3 (location: /Users/mziwamadoda/Projects/Binteca/Interactive/milzetvrstudio/Unity/Library/PackageCache/com.unity.mathematics@19a9377c4ffa)
    com.unity.nuget.mono-cecil@1.11.6 (location: /Users/mziwamadoda/Projects/Binteca/Interactive/milzetvrstudio/Unity/Library/PackageCache/com.unity.nuget.mono-cecil@ecb9724e46ff)
    com.unity.test-framework.performance@3.5.0 (location: /Users/mziwamadoda/Projects/Binteca/Interactive/milzetvrstudio/Unity/Library/PackageCache/com.unity.test-framework.performance@8b56083ec0f0)
  Built-in packages:
    com.unity.modules.audio@1.0.0 (location: /Users/mziwamadoda/Projects/Binteca/Interactive/milzetvrstudio/Unity/Library/PackageCache/com.unity.modules.audio)
    com.unity.modules.imgui@1.0.0 (location: /Users/mziwamadoda/Projects/Binteca/Interactive/milzetvrstudio/Unity/Library/PackageCache/com.unity.modules.imgui)
    com.unity.modules.imageconversion@1.0.0 (location: /Users/mziwamadoda/Projects/Binteca/Interactive/milzetvrstudio/Unity/Library/PackageCache/com.unity.modules.imageconversion)
    com.unity.modules.physics@1.0.0 (location: /Users/mziwamadoda/Projects/Binteca/Interactive/milzetvrstudio/Unity/Library/PackageCache/com.unity.modules.physics)
    com.unity.modules.jsonserialize@1.0.0 (location: /Users/mziwamadoda/Projects/Binteca/Interactive/milzetvrstudio/Unity/Library/PackageCache/com.unity.modules.jsonserialize)
    com.unity.modules.video@1.0.0 (location: /Users/mziwamadoda/Projects/Binteca/Interactive/milzetvrstudio/Unity/Library/PackageCache/com.unity.modules.video)
    com.unity.ugui@2.0.0 (location: /Users/mziwamadoda/Projects/Binteca/Interactive/milzetvrstudio/Unity/Library/PackageCache/com.unity.ugui@20629863fcab)
    com.unity.modules.androidjni@1.0.0 (location: /Users/mziwamadoda/Projects/Binteca/Interactive/milzetvrstudio/Unity/Library/PackageCache/com.unity.modules.androidjni)
    com.unity.modules.assetbundle@1.0.0 (location: /Users/mziwamadoda/Projects/Binteca/Interactive/milzetvrstudio/Unity/Library/PackageCache/com.unity.modules.assetbundle)
    com.unity.modules.particlesystem@1.0.0 (location: /Users/mziwamadoda/Projects/Binteca/Interactive/milzetvrstudio/Unity/Library/PackageCache/com.unity.modules.particlesystem)
    com.unity.modules.physics2d@1.0.0 (location: /Users/mziwamadoda/Projects/Binteca/Interactive/milzetvrstudio/Unity/Library/PackageCache/com.unity.modules.physics2d)
    com.unity.modules.unitywebrequestaudio@1.0.0 (location: /Users/mziwamadoda/Projects/Binteca/Interactive/milzetvrstudio/Unity/Library/PackageCache/com.unity.modules.unitywebrequestaudio)
    com.unity.modules.unitywebrequestassetbundle@1.0.0 (location: /Users/mziwamadoda/Projects/Binteca/Interactive/milzetvrstudio/Unity/Library/PackageCache/com.unity.modules.unitywebrequestassetbundle)
    com.unity.modules.unitywebrequesttexture@1.0.0 (location: /Users/mziwamadoda/Projects/Binteca/Interactive/milzetvrstudio/Unity/Library/PackageCache/com.unity.modules.unitywebrequesttexture)
    com.unity.modules.unitywebrequestwww@1.0.0 (location: /Users/mziwamadoda/Projects/Binteca/Interactive/milzetvrstudio/Unity/Library/PackageCache/com.unity.modules.unitywebrequestwww)
    com.unity.modules.terrain@1.0.0 (location: /Users/mziwamadoda/Projects/Binteca/Interactive/milzetvrstudio/Unity/Library/PackageCache/com.unity.modules.terrain)
    com.unity.modules.terrainphysics@1.0.0 (location: /Users/mziwamadoda/Projects/Binteca/Interactive/milzetvrstudio/Unity/Library/PackageCache/com.unity.modules.terrainphysics)
    com.unity.modules.cloth@1.0.0 (location: /Users/mziwamadoda/Projects/Binteca/Interactive/milzetvrstudio/Unity/Library/PackageCache/com.unity.modules.cloth)
    com.unity.modules.unitywebrequest@1.0.0 (location: /Users/mziwamadoda/Projects/Binteca/Interactive/milzetvrstudio/Unity/Library/PackageCache/com.unity.modules.unitywebrequest)
    com.unity.modules.ai@1.0.0 (location: /Users/mziwamadoda/Projects/Binteca/Interactive/milzetvrstudio/Unity/Library/PackageCache/com.unity.modules.ai)
    com.unity.modules.director@1.0.0 (location: /Users/mziwamadoda/Projects/Binteca/Interactive/milzetvrstudio/Unity/Library/PackageCache/com.unity.modules.director)
    com.unity.modules.animation@1.0.0 (location: /Users/mziwamadoda/Projects/Binteca/Interactive/milzetvrstudio/Unity/Library/PackageCache/com.unity.modules.animation)
    com.unity.textmeshpro@5.0.0 (location: /Users/mziwamadoda/Projects/Binteca/Interactive/milzetvrstudio/Unity/Library/PackageCache/com.unity.textmeshpro@53f43edfd2e0)
    com.unity.modules.ui@1.0.0 (location: /Users/mziwamadoda/Projects/Binteca/Interactive/milzetvrstudio/Unity/Library/PackageCache/com.unity.modules.ui)
    com.unity.modules.vr@1.0.0 (location: /Users/mziwamadoda/Projects/Binteca/Interactive/milzetvrstudio/Unity/Library/PackageCache/com.unity.modules.vr)
    com.unity.modules.xr@1.0.0 (location: /Users/mziwamadoda/Projects/Binteca/Interactive/milzetvrstudio/Unity/Library/PackageCache/com.unity.modules.xr)
    com.unity.modules.subsystems@1.0.0 (location: /Users/mziwamadoda/Projects/Binteca/Interactive/milzetvrstudio/Unity/Library/PackageCache/com.unity.modules.subsystems)
    com.unity.modules.uielements@1.0.0 (location: /Users/mziwamadoda/Projects/Binteca/Interactive/milzetvrstudio/Unity/Library/PackageCache/com.unity.modules.uielements)
    com.unity.test-framework@1.6.0 (location: /Users/mziwamadoda/Projects/Binteca/Interactive/milzetvrstudio/Unity/Library/PackageCache/com.unity.test-framework@bd7f943e9647)
    com.unity.modules.hierarchycore@1.0.0 (location: /Users/mziwamadoda/Projects/Binteca/Interactive/milzetvrstudio/Unity/Library/PackageCache/com.unity.modules.hierarchycore)
    com.unity.ext.nunit@2.0.5 (location: /Users/mziwamadoda/Projects/Binteca/Interactive/milzetvrstudio/Unity/Library/PackageCache/com.unity.ext.nunit@d8c07649098d)
[Subsystems] Looking for new subsystems at path /Users/mziwamadoda/Projects/Binteca/Interactive/milzetvrstudio/Unity/Library/PackageCache/com.unity.xr.openxr@05fb1a7d75d1
[Subsystems] Novel subsystem found at Library/PackageCache/com.unity.xr.openxr@05fb1a7d75d1/Runtime/UnitySubsystemsManifest.json
[Subsystems] Discovering subsystems at path /Applications/Unity/Hub/Editor/6000.3.22f1/Unity.app/Contents/Resources/UnitySubsystems
[Subsystems] Discovering subsystems at path /Users/mziwamadoda/Projects/Binteca/Interactive/milzetvrstudio/Unity/Assets
[Subsystems] Discovering subsystems at path /Users/mziwamadoda/Projects/Binteca/Interactive/milzetvrstudio/Unity/Library/PackageCache/com.unity.xr.openxr@05fb1a7d75d1
[Subsystems] No descriptors matched for  examples in Library/PackageCache/com.unity.xr.openxr@05fb1a7d75d1/Runtime/UnitySubsystemsManifest.json.
[Subsystems] 1 'inputs' descriptors matched in Library/PackageCache/com.unity.xr.openxr@05fb1a7d75d1/Runtime/UnitySubsystemsManifest.json
[Subsystems] 1 'displays' descriptors matched in Library/PackageCache/com.unity.xr.openxr@05fb1a7d75d1/Runtime/UnitySubsystemsManifest.json
[Subsystems] No descriptors matched for  meshings in Library/PackageCache/com.unity.xr.openxr@05fb1a7d75d1/Runtime/UnitySubsystemsManifest.json.
[Package Manager] Done registering packages in 0.01 seconds
[ScriptCompilation] Requested script compilation because: InitialRefresh: Force Refresh Recompile flag enabled
[40m[32minfo[39m[22m[49m: Microsoft.Hosting.Lifetime[14]
      Now listening on: http://unix:/tmp/ilpp.sock-8b6b067d4af5f5ec7857bbae4a54e28d
[40m[32minfo[39m[22m[49m: Microsoft.Hosting.Lifetime[0]
      Application started. Press Ctrl+C to shut down.
[40m[32minfo[39m[22m[49m: Microsoft.Hosting.Lifetime[0]
      Hosting environment: Production
[40m[32minfo[39m[22m[49m: Microsoft.Hosting.Lifetime[0]
      Content root path: /Users/mziwamadoda/Projects/Binteca/Interactive/milzetvrstudio/Unity/
[40m[32minfo[39m[22m[49m: Microsoft.AspNetCore.Hosting.Diagnostics[1]
      Request starting HTTP/2 POST http://ilpp/UnityILPP.PostProcessing/Ping application/grpc -
[40m[32minfo[39m[22m[49m: Microsoft.AspNetCore.Routing.EndpointMiddleware[0]
      Executing endpoint 'gRPC - /UnityILPP.PostProcessing/Ping'
[40m[32minfo[39m[22m[49m: Microsoft.AspNetCore.Routing.EndpointMiddleware[1]
      Executed endpoint 'gRPC - /UnityILPP.PostProcessing/Ping'
[40m[32minfo[39m[22m[49m: Microsoft.AspNetCore.Hosting.Diagnostics[2]
      Request finished HTTP/2 POST http://ilpp/UnityILPP.PostProcessing/Ping application/grpc - - 200 - application/grpc 89.7222ms
Starting: /Applications/Unity/Hub/Editor/6000.3.22f1/Unity.app/Contents/Resources/BuildPipeline/bee_backend --ipc --defer-dag-verification --dagfile="Library/Bee/1300b0aE.dag" --continue-on-failure --profile="Library/Bee/backend1.traceevents" ScriptAssemblies
WorkingDir: /Users/mziwamadoda/Projects/Binteca/Interactive/milzetvrstudio/Unity
DisplayProgressbar: Compiling Scripts
[40m[32minfo[39m[22m[49m: Microsoft.AspNetCore.Hosting.Diagnostics[1]
      Request starting HTTP/2 POST http://ilpp/UnityILPP.PostProcessing/ConfigurePostProcessors application/grpc -
[40m[32minfo[39m[22m[49m: Microsoft.AspNetCore.Routing.EndpointMiddleware[0]
      Executing endpoint 'gRPC - /UnityILPP.PostProcessing/ConfigurePostProcessors'
[40m[1m[33mwarn[39m[22m[49m: Unity.ILPP.Runner.PostProcessingAssemblyLoadContext[0]
      Assembly system.runtime.interopservices.windowsruntime has duplicate hint path. Ignoring "/Applications/Unity/Hub/Editor/6000.3.22f1/Unity.app/Contents/Resources/Scripting/UnityReferenceAssemblies/unity-4.8-api/Facades/System.Runtime.InteropServices.WindowsRuntime.dll" in favor of "/Applications/Unity/Hub/Editor/6000.3.22f1/Unity.app/Contents/Resources/Scripting/NetStandard/Extensions/2.0.0/System.Runtime.InteropServices.WindowsRuntime.dll"
[40m[1m[33mwarn[39m[22m[49m: Unity.ILPP.Runner.PostProcessingAssemblyLoadContext[0]
      Assembly system.componentmodel.composition has duplicate hint path. Ignoring "/Applications/Unity/Hub/Editor/6000.3.22f1/Unity.app/Contents/Resources/Scripting/UnityReferenceAssemblies/unity-4.8-api/System.ComponentModel.Composition.dll" in favor of "/Applications/Unity/Hub/Editor/6000.3.22f1/Unity.app/Contents/Resources/Scripting/NetStandard/compat/2.1.0/shims/netfx/System.ComponentModel.Composition.dll"
[40m[32minfo[39m[22m[49m: Unity.ILPP.Runner.PostProcessingAssemblyLoadContext[0]
      Resolved Unity.Burst.Cecil, Version=0.11.6.0, Culture=neutral, PublicKeyToken=50cebf1cceb9d05e with Library/PackageCache/com.unity.burst@2f3d916873ea/Unity.Burst.CodeGen/Unity.Burst.Cecil.dll
[40m[32minfo[39m[22m[49m: Unity.ILPP.Runner.PostProcessingAssemblyLoadContext[0]
      Resolved Mono.Cecil, Version=0.11.5.0, Culture=neutral, PublicKeyToken=50cebf1cceb9d05e with Library/PackageCache/com.unity.nuget.mono-cecil@ecb9724e46ff/Mono.Cecil.dll
[40m[32minfo[39m[22m[49m: Microsoft.AspNetCore.Routing.EndpointMiddleware[1]
      Executed endpoint 'gRPC - /UnityILPP.PostProcessing/ConfigurePostProcessors'
[40m[32minfo[39m[22m[49m: Microsoft.AspNetCore.Hosting.Diagnostics[2]
      Request finished HTTP/2 POST http://ilpp/UnityILPP.PostProcessing/ConfigurePostProcessors application/grpc - - 200 - application/grpc 83.1012ms
[40m[32minfo[39m[22m[49m: Microsoft.AspNetCore.Hosting.Diagnostics[1]
      Request starting HTTP/2 POST http://ilpp/UnityILPP.PostProcessing/PostProcessAssembly application/grpc -
[40m[32minfo[39m[22m[49m: Microsoft.AspNetCore.Routing.EndpointMiddleware[0]
      Executing endpoint 'gRPC - /UnityILPP.PostProcessing/PostProcessAssembly'
[40m[32minfo[39m[22m[49m: Unity.ILPP.Runner.PostProcessingPipeline[0]
      Processing assembly Library/Bee/artifacts/1300b0aE.dag/Assembly-CSharp.dll, with 150 defines and 329 references
[40m[32minfo[39m[22m[49m: Unity.ILPP.Runner.PostProcessingPipeline[0]
      processors: Unity.Jobs.CodeGen.JobsILPostProcessor, zzzUnity.Burst.CodeGen.BurstILPostProcessor
[40m[32minfo[39m[22m[49m: Unity.ILPP.Runner.PostProcessingPipeline[0]
      running Unity.Jobs.CodeGen.JobsILPostProcessor
[40m[32minfo[39m[22m[49m: Unity.ILPP.Runner.PostProcessingAssemblyLoadContext[0]
      Resolved Unity.Collections, Version=0.0.0.0, Culture=neutral, PublicKeyToken=null with Library/Bee/artifacts/1300b0aE.dag/Unity.Collections.dll
[40m[32minfo[39m[22m[49m: Unity.ILPP.Runner.PostProcessingAssemblyLoadContext[0]
      Resolved UnityEditor.CoreModule, Version=0.0.0.0, Culture=neutral, PublicKeyToken=null with /Applications/Unity/Hub/Editor/6000.3.22f1/Unity.app/Contents/Resources/Scripting/Managed/UnityEngine/UnityEditor.CoreModule.dll
[40m[32minfo[39m[22m[49m: Unity.ILPP.Runner.PostProcessingAssemblyLoadContext[0]
      Resolved UnityEngine.CoreModule, Version=0.0.0.0, Culture=neutral, PublicKeyToken=null with /Applications/Unity/Hub/Editor/6000.3.22f1/Unity.app/Contents/Resources/Scripting/Managed/UnityEngine/UnityEngine.CoreModule.dll
[40m[32minfo[39m[22m[49m: Unity.ILPP.Runner.PostProcessingPipeline[0]
      running zzzUnity.Burst.CodeGen.BurstILPostProcessor
[40m[32minfo[39m[22m[49m: Unity.ILPP.Runner.PostProcessingAssemblyLoadContext[0]
      Resolved Unity.Burst.Cecil.Rocks, Version=0.11.6.0, Culture=neutral, PublicKeyToken=50cebf1cceb9d05e with Library/PackageCache/com.unity.burst@2f3d916873ea/Unity.Burst.CodeGen/Unity.Burst.Cecil.Rocks.dll
[40m[32minfo[39m[22m[49m: Microsoft.AspNetCore.Routing.EndpointMiddleware[1]
      Executed endpoint 'gRPC - /UnityILPP.PostProcessing/PostProcessAssembly'
[40m[32minfo[39m[22m[49m: Microsoft.AspNetCore.Hosting.Diagnostics[2]
      Request finished HTTP/2 POST http://ilpp/UnityILPP.PostProcessing/PostProcessAssembly application/grpc - - 200 - application/grpc 809.4659ms
[40m[32minfo[39m[22m[49m: Microsoft.AspNetCore.Hosting.Diagnostics[1]
      Request starting HTTP/2 POST http://ilpp/UnityILPP.PostProcessing/PostProcessAssembly application/grpc -
[40m[32minfo[39m[22m[49m: Microsoft.AspNetCore.Routing.EndpointMiddleware[0]
      Executing endpoint 'gRPC - /UnityILPP.PostProcessing/PostProcessAssembly'
[40m[32minfo[39m[22m[49m: Unity.ILPP.Runner.PostProcessingPipeline[0]
      Processing assembly Library/Bee/artifacts/1300b0aE.dag/Assembly-CSharp-Editor.dll, with 148 defines and 355 references
[40m[32minfo[39m[22m[49m: Unity.ILPP.Runner.PostProcessingPipeline[0]
      processors: Unity.Jobs.CodeGen.JobsILPostProcessor, zzzUnity.Burst.CodeGen.BurstILPostProcessor
[40m[32minfo[39m[22m[49m: Unity.ILPP.Runner.PostProcessingPipeline[0]
      running Unity.Jobs.CodeGen.JobsILPostProcessor
[40m[32minfo[39m[22m[49m: Unity.ILPP.Runner.PostProcessingPipeline[0]
      running zzzUnity.Burst.CodeGen.BurstILPostProcessor
[40m[32minfo[39m[22m[49m: Microsoft.AspNetCore.Routing.EndpointMiddleware[1]
      Executed endpoint 'gRPC - /UnityILPP.PostProcessing/PostProcessAssembly'
[40m[32minfo[39m[22m[49m: Microsoft.AspNetCore.Hosting.Diagnostics[2]
      Request finished HTTP/2 POST http://ilpp/UnityILPP.PostProcessing/PostProcessAssembly application/grpc - - 200 - application/grpc 81.5898ms
ExitCode: 0 Duration: 4s765ms
[ 538/1044  0s] CopyFiles Library/ScriptAssemblies/UnityEngine.TestRunner.dll
[ 539/1044  0s] CopyFiles Library/ScriptAssemblies/UnityEngine.TestRunner.pdb
[ 542/1044  0s] CopyFiles Library/ScriptAssemblies/UnityEditor.TestRunner.pdb
[ 543/1044  0s] CopyFiles Library/ScriptAssemblies/UnityEditor.TestRunner.dll
[ 685/1044  0s] CopyFiles Library/ScriptAssemblies/Unity.Collections.CodeGen.pdb
[ 686/1044  0s] CopyFiles Library/ScriptAssemblies/Unity.Collections.CodeGen.dll
[ 690/1044  0s] CopyFiles Library/ScriptAssemblies/Unity.Burst.CodeGen.dll
[ 691/1044  0s] CopyFiles Library/ScriptAssemblies/Unity.Burst.CodeGen.pdb
[ 768/1044  0s] ILPP-Configuration Library/ilpp-configuration.nevergeneratedoutput
[ 852/1044  0s] CopyFiles Library/ScriptAssemblies/Meta.XR.EnvironmentDepth.dll
[ 855/1044  0s] CopyFiles Library/ScriptAssemblies/Unity.XR.OpenXR.dll
[ 856/1044  0s] CopyFiles Library/ScriptAssemblies/glTFast.Export.dll
[ 857/1044  0s] CopyFiles Library/ScriptAssemblies/glTFast.Documentation.Examples.dll
[ 858/1044  0s] CopyFiles Library/ScriptAssemblies/Unity.TextMeshPro.dll
[ 859/1044  0s] CopyFiles Library/ScriptAssemblies/Unity.XR.CoreUtils.dll
[ 860/1044  0s] CopyFiles Library/ScriptAssemblies/glTFast.dots.dll
[ 863/1044  0s] CopyFiles Library/ScriptAssemblies/glTFast.Newtonsoft.dll
[ 864/1044  0s] CopyFiles Library/ScriptAssemblies/Unity.InputSystem.dll
[ 865/1044  0s] CopyFiles Library/ScriptAssemblies/Meta.XR.ImmersiveDebugger.Interface.dll
[ 866/1044  0s] CopyFiles Library/ScriptAssemblies/Unity.XR.OpenXR.Features.MockRuntime.dll
[ 867/1044  0s] CopyFiles Library/ScriptAssemblies/Unity.Timeline.dll
[ 868/1044  0s] CopyFiles Library/ScriptAssemblies/Meta.XR.BuildingBlocks.dll
[ 869/1044  0s] CopyFiles Library/ScriptAssemblies/Meta.XR.BuildingBlocks.DepthAPI.dll
[ 870/1044  0s] CopyFiles Library/ScriptAssemblies/Meta.XR.BuildingBlocks.AIBlocks.dll
[ 871/1044  0s] CopyFiles Library/ScriptAssemblies/Unity.XR.OpenXR.Features.ConformanceAutomation.dll
[ 872/1044  0s] CopyFiles Library/ScriptAssemblies/Unity.XR.Management.dll
[ 873/1044  0s] CopyFiles Library/ScriptAssemblies/Unity.Mathematics.dll
[ 874/1044  0s] CopyFiles Library/ScriptAssemblies/Oculus.VR.dll
[ 875/1044  0s] CopyFiles Library/ScriptAssemblies/Unity.XR.OpenXR.Features.RuntimeDebugger.dll
[ 876/1044  0s] CopyFiles Library/ScriptAssemblies/UnityEngine.XR.LegacyInputHelpers.dll
[ 877/1044  0s] CopyFiles Library/ScriptAssemblies/UnityEngine.UI.dll
[ 878/1044  0s] CopyFiles Library/ScriptAssemblies/UnityEngine.SpatialTracking.dll
[ 879/1044  0s] CopyFiles Library/ScriptAssemblies/Meta.XR.MultiplayerBlocks.Shared.dll
[ 880/1044  0s] CopyFiles Library/ScriptAssemblies/Unity.InputSystem.TestFramework.dll
[ 881/1044  0s] CopyFiles Library/ScriptAssemblies/Unity.Collections.dll
[ 882/1044  0s] CopyFiles Library/ScriptAssemblies/Unity.InputSystem.ForUI.dll
[ 883/1044  0s] CopyFiles Library/ScriptAssemblies/glTFast.dll
[ 884/1044  0s] CopyFiles Library/ScriptAssemblies/Unity.PerformanceTesting.dll
[ 885/1044  0s] CopyFiles Library/ScriptAssemblies/Unity.Burst.dll
[ 886/1044  0s] CopyFiles Library/ScriptAssemblies/meta.xr.mrutilitykit.dll
[ 888/1044  0s] CopyFiles Library/ScriptAssemblies/Unity.XR.OpenXR.Features.OculusQuestSupport.dll
[ 889/1044  0s] CopyFiles Library/ScriptAssemblies/Unity.AI.Navigation.dll
[ 890/1044  0s] CopyFiles Library/ScriptAssemblies/Meta.XR.ImmersiveDebugger.dll
[ 891/1044  0s] CopyFiles Library/ScriptAssemblies/Unity.XR.OpenXR.Features.MetaQuestSupport.dll
[ 892/1044  0s] CopyFiles Library/ScriptAssemblies/Unity.InternalAPIEngineBridge.004.dll
[ 893/1044  0s] CopyFiles Library/ScriptAssemblies/Meta.XR.Editor.Tags.dll
[ 894/1044  0s] CopyFiles Library/ScriptAssemblies/Meta.XR.MultiplayerBlocks.Fusion.Editor.dll
[ 895/1044  0s] CopyFiles Library/ScriptAssemblies/Meta.XR.MultiplayerBlocks.Fusion.Editor.pdb
[ 896/1044  0s] CopyFiles Library/ScriptAssemblies/Meta.XR.Editor.Tags.pdb
[ 897/1044  0s] CopyFiles Library/ScriptAssemblies/Meta.XR.Editor.Reflection.pdb
[ 898/1044  0s] CopyFiles Library/ScriptAssemblies/Meta.XR.Editor.Reflection.dll
[ 899/1044  0s] CopyFiles Library/ScriptAssemblies/Meta.XR.Editor.UPST.Notifications.pdb
[ 900/1044  0s] CopyFiles Library/ScriptAssemblies/Unity.Burst.Editor.pdb
[ 901/1044  0s] CopyFiles Library/ScriptAssemblies/Meta.XR.Editor.UPST.Notifications.dll
[ 902/1044  0s] CopyFiles Library/ScriptAssemblies/Meta.XR.Editor.Id.dll
[ 903/1044  0s] CopyFiles Library/ScriptAssemblies/Unity.Burst.Editor.dll
[ 904/1044  0s] CopyFiles Library/ScriptAssemblies/UnityEditor.XR.LegacyInputHelpers.pdb
[ 905/1044  0s] CopyFiles Library/ScriptAssemblies/UnityEditor.UI.Analytics.pdb
[ 906/1044  0s] CopyFiles Library/ScriptAssemblies/Unity.AI.Navigation.Updater.pdb
[ 907/1044  0s] CopyFiles Library/ScriptAssemblies/Meta.XR.Editor.Id.pdb
[ 908/1044  0s] CopyFiles Library/ScriptAssemblies/UnityEditor.XR.LegacyInputHelpers.dll
[ 909/1044  0s] CopyFiles Library/ScriptAssemblies/glTFast.Editor.dll
[ 910/1044  0s] CopyFiles Library/ScriptAssemblies/glTFast.Editor.pdb
[ 911/1044  0s] CopyFiles Library/ScriptAssemblies/UnityEditor.UI.Analytics.dll
[ 912/1044  0s] CopyFiles Library/ScriptAssemblies/Unity.AI.Navigation.Updater.dll
[ 913/1044  0s] CopyFiles Library/ScriptAssemblies/Meta.XR.Editor.TelemetryUI.dll
[ 914/1044  0s] CopyFiles Library/ScriptAssemblies/Meta.XR.MultiplayerBlocks.NGO.Editor.dll
[ 915/1044  0s] CopyFiles Library/ScriptAssemblies/Unity.XR.OpenXR.Features.OculusQuestSupport.Editor.dll
[ 916/1044  0s] CopyFiles Library/ScriptAssemblies/Meta.XR.MultiplayerBlocks.NGO.Editor.pdb
[ 917/1044  0s] CopyFiles Library/ScriptAssemblies/Unity.XR.OpenXR.Features.OculusQuestSupport.Editor.pdb
[ 918/1044  0s] CopyFiles Library/ScriptAssemblies/Unity.TextMeshPro.Editor.dll
[ 919/1044  0s] CopyFiles Library/ScriptAssemblies/Unity.AI.Navigation.Editor.dll
[ 920/1044  0s] CopyFiles Library/ScriptAssemblies/Meta.XR.Editor.TelemetryUI.pdb
[ 921/1044  0s] CopyFiles Library/ScriptAssemblies/Unity.TextMeshPro.Editor.pdb
[ 922/1044  0s] CopyFiles Library/ScriptAssemblies/Unity.AI.Navigation.Editor.pdb
[ 923/1044  0s] CopyFiles Library/ScriptAssemblies/Unity.XR.Management.Editor.dll
[ 924/1044  0s] CopyFiles Library/ScriptAssemblies/Unity.XR.Management.Editor.pdb
[ 925/1044  0s] CopyFiles Library/ScriptAssemblies/Meta.XR.Editor.RemoteContent.dll
[ 926/1044  0s] CopyFiles Library/ScriptAssemblies/UnityEditor.UI.dll
[ 927/1044  0s] CopyFiles Library/ScriptAssemblies/UnityEditor.UI.pdb
[ 928/1044  0s] CopyFiles Library/ScriptAssemblies/Meta.XR.Editor.RemoteContent.pdb
[ 929/1044  0s] CopyFiles Library/ScriptAssemblies/Unity.XR.CoreUtils.Editor.dll
[ 930/1044  0s] CopyFiles Library/ScriptAssemblies/Unity.XR.CoreUtils.Editor.pdb
[ 931/1044  0s] CopyFiles Library/ScriptAssemblies/Unity.XR.OpenXR.Features.RuntimeDebugger.Editor.pdb
[ 932/1044  0s] CopyFiles Library/ScriptAssemblies/Meta.XR.EnvironmentDepth.Editor.pdb
[ 933/1044  0s] CopyFiles Library/ScriptAssemblies/Unity.XR.OpenXR.Features.MetaQuestSupport.Editor.pdb
[ 934/1044  0s] CopyFiles Library/ScriptAssemblies/Unity.XR.OpenXR.Features.MetaQuestSupport.Editor.dll
[ 935/1044  0s] CopyFiles Library/ScriptAssemblies/Meta.XR.EnvironmentDepth.Editor.dll
[ 936/1044  0s] CopyFiles Library/ScriptAssemblies/Meta.XR.MultiplayerBlocks.Shared.Editor.pdb
[ 937/1044  0s] CopyFiles Library/ScriptAssemblies/Unity.XR.OpenXR.Editor.pdb
[ 938/1044  0s] CopyFiles Library/ScriptAssemblies/Meta.XR.Editor.Notifications.dll
[ 939/1044  0s] CopyFiles Library/ScriptAssemblies/Meta.XR.Editor.Notifications.pdb
[ 940/1044  0s] CopyFiles Library/ScriptAssemblies/Unity.XR.OpenXR.Editor.dll
[ 941/1044  0s] CopyFiles Library/ScriptAssemblies/Unity.Mathematics.Editor.pdb
[ 942/1044  0s] CopyFiles Library/ScriptAssemblies/Unity.Mathematics.Editor.dll
[ 943/1044  0s] CopyFiles Library/ScriptAssemblies/Unity.InputSystem.DocCodeSamples.pdb
[ 944/1044  0s] CopyFiles Library/ScriptAssemblies/Unity.PerformanceTesting.Editor.pdb
[ 945/1044  0s] CopyFiles Library/ScriptAssemblies/Meta.XR.MultiplayerBlocks.Shared.Editor.dll
[ 946/1044  0s] CopyFiles Library/ScriptAssemblies/Unity.PerformanceTesting.Editor.dll
[ 947/1044  0s] CopyFiles Library/ScriptAssemblies/Unity.InputSystem.DocCodeSamples.dll
[ 948/1044  0s] CopyFiles Library/ScriptAssemblies/Meta.XR.Editor.ToolingSupport.RuntimeOptimizer.pdb
[ 949/1044  0s] CopyFiles Library/ScriptAssemblies/Meta.XR.Editor.ToolingSupport.RuntimeOptimizer.dll
[ 950/1044  0s] CopyFiles Library/ScriptAssemblies/Unity.InputSystem.ForUI.Editor.dll
[ 951/1044  0s] CopyFiles Library/ScriptAssemblies/Unity.InputSystem.ForUI.Editor.pdb
[ 952/1044  0s] CopyFiles Library/ScriptAssemblies/meta.xr.mrutilitykit.editor.pdb
[ 953/1044  0s] CopyFiles Library/ScriptAssemblies/meta.xr.mrutilitykit.editor.dll
[ 954/1044  0s] CopyFiles Library/ScriptAssemblies/Meta.XR.BuildingBlocks.Editor.dll
[ 955/1044  0s] CopyFiles Library/ScriptAssemblies/Oculus.VR.Editor.pdb
[ 956/1044  0s] CopyFiles Library/ScriptAssemblies/Meta.XR.ImmersiveDebugger.Editor.dll
[ 957/1044  0s] CopyFiles Library/ScriptAssemblies/Unity.XR.OpenXR.Features.RuntimeDebugger.Editor.dll
[ 958/1044  0s] CopyFiles Library/ScriptAssemblies/Meta.XR.BuildingBlocks.Editor.pdb
[ 959/1044  0s] CopyFiles Library/ScriptAssemblies/Meta.XR.ImmersiveDebugger.Editor.pdb
[ 960/1044  0s] CopyFiles Library/ScriptAssemblies/Oculus.VR.Editor.dll
[ 961/1044  0s] CopyFiles Library/ScriptAssemblies/Meta.XR.Editor.Guide.About.dll
[ 962/1044  0s] CopyFiles Library/ScriptAssemblies/Meta.XR.Editor.PlayCompanion.dll
[ 963/1044  0s] CopyFiles Library/ScriptAssemblies/Meta.XR.Editor.PlayCompanion.pdb
[ 964/1044  0s] CopyFiles Library/ScriptAssemblies/Meta.XR.Editor.Guide.About.pdb
[ 965/1044  0s] CopyFiles Library/ScriptAssemblies/Meta.XR.Editor.UserInterface.dll
[ 966/1044  0s] CopyFiles Library/ScriptAssemblies/Meta.XR.Editor.UserInterface.pdb
[ 967/1044  0s] CopyFiles Library/ScriptAssemblies/Meta.XR.Editor.Callbacks.dll
[ 968/1044  0s] CopyFiles Library/ScriptAssemblies/MetaXRSimulatorCore.Editor.pdb
[ 969/1044  0s] CopyFiles Library/ScriptAssemblies/Meta.XR.Editor.Callbacks.pdb
[ 970/1044  0s] CopyFiles Library/ScriptAssemblies/UnityEditor.SpatialTracking.dll
[ 971/1044  0s] CopyFiles Library/ScriptAssemblies/MetaXRSimulatorCore.Editor.dll
[ 972/1044  0s] CopyFiles Library/ScriptAssemblies/UnityEditor.SpatialTracking.pdb
[ 973/1044  0s] CopyFiles Library/ScriptAssemblies/Meta.XR.Editor.ToolingSupport.pdb
[ 974/1044  0s] CopyFiles Library/ScriptAssemblies/Meta.XR.Editor.ToolingSupport.dll
[ 975/1044  0s] CopyFiles Library/ScriptAssemblies/Meta.XR.MetaWand.Editor.pdb
[ 976/1044  0s] CopyFiles Library/ScriptAssemblies/Meta.XR.MetaWand.Editor.dll
[ 977/1044  0s] CopyFiles Library/ScriptAssemblies/Meta.XR.Editor.StatusMenu.pdb
[ 978/1044  0s] CopyFiles Library/ScriptAssemblies/glTFast.Newtonsoft.pdb
[ 979/1044  0s] CopyFiles Library/ScriptAssemblies/Meta.XR.Editor.StatusMenu.dll
[ 980/1044  0s] CopyFiles Library/ScriptAssemblies/Meta.XR.Editor.Settings.pdb
[ 981/1044  0s] CopyFiles Library/ScriptAssemblies/Meta.XR.Editor.EditorCoroutine.pdb
[ 982/1044  0s] CopyFiles Library/ScriptAssemblies/Meta.XR.BuildingBlocks.DepthAPI.Editor.pdb
[ 983/1044  0s] CopyFiles Library/ScriptAssemblies/Meta.XR.Editor.Settings.dll
[ 984/1044  0s] CopyFiles Library/ScriptAssemblies/Meta.XR.BuildingBlocks.DepthAPI.Editor.dll
[ 985/1044  0s] CopyFiles Library/ScriptAssemblies/Meta.XR.Editor.EditorCoroutine.dll
[ 986/1044  0s] CopyFiles Library/ScriptAssemblies/Unity.Timeline.Editor.dll
[ 987/1044  0s] CopyFiles Library/ScriptAssemblies/Meta.XR.Guides.Editor.dll
[ 988/1044  0s] CopyFiles Library/ScriptAssemblies/Meta.XR.Editor.BuildingBlocks.AIBlocks.pdb
[ 989/1044  0s] CopyFiles Library/ScriptAssemblies/Unity.Timeline.Editor.pdb
[ 990/1044  0s] CopyFiles Library/ScriptAssemblies/Meta.XR.Guides.Editor.pdb
[ 991/1044  0s] CopyFiles Library/ScriptAssemblies/Unity.InputSystem.ForUI.pdb
[ 992/1044  0s] CopyFiles Library/ScriptAssemblies/Meta.XR.Editor.BuildingBlocks.AIBlocks.dll
[ 993/1044  0s] CopyFiles Library/ScriptAssemblies/glTFast.Editor.Documentation.Examples.dll
[ 994/1044  0s] CopyFiles Library/ScriptAssemblies/glTFast.Editor.Documentation.Examples.pdb
[ 995/1044  0s] CopyFiles Library/ScriptAssemblies/Unity.Collections.Editor.pdb
[ 996/1044  0s] CopyFiles Library/ScriptAssemblies/Unity.AI.Navigation.Editor.ConversionSystem.pdb
[ 997/1044  0s] CopyFiles Library/ScriptAssemblies/Unity.AI.Navigation.Editor.ConversionSystem.dll
[ 998/1044  0s] CopyFiles Library/ScriptAssemblies/Unity.InputSystem.pdb
[1000/1044  0s] CopyFiles Library/ScriptAssemblies/UnityEngine.UI.pdb
[1001/1044  0s] CopyFiles Library/ScriptAssemblies/Unity.XR.OpenXR.Features.MockRuntime.pdb
[1002/1044  0s] CopyFiles Library/ScriptAssemblies/Unity.Collections.Editor.dll
[1003/1044  0s] CopyFiles Library/ScriptAssemblies/Unity.AI.Navigation.pdb
[1004/1044  0s] CopyFiles Library/ScriptAssemblies/Unity.XR.OpenXR.Features.OculusQuestSupport.pdb
[1005/1044  0s] CopyFiles Library/ScriptAssemblies/Oculus.VR.Scripts.Editor.pdb
[1006/1044  0s] CopyFiles Library/ScriptAssemblies/Meta.XR.MultiplayerBlocks.Shared.pdb
[1007/1044  0s] CopyFiles Library/ScriptAssemblies/Oculus.VR.Scripts.Editor.dll
[1008/1044  0s] CopyFiles Library/ScriptAssemblies/Meta.XR.BuildingBlocks.DepthAPI.pdb
[1009/1044  0s] CopyFiles Library/ScriptAssemblies/Meta.XR.ImmersiveDebugger.pdb
[1010/1044  0s] CopyFiles Library/ScriptAssemblies/Meta.XR.BuildingBlocks.pdb
[1011/1044  0s] CopyFiles Library/ScriptAssemblies/Unity.Timeline.pdb
[1012/1044  0s] CopyFiles Library/ScriptAssemblies/Oculus.VR.pdb
[1013/1044  0s] CopyFiles Library/ScriptAssemblies/Meta.XR.ImmersiveDebugger.Interface.pdb
[1014/1044  0s] CopyFiles Library/ScriptAssemblies/Unity.Collections.pdb
[1015/1044  0s] CopyFiles Library/ScriptAssemblies/UnityEngine.XR.LegacyInputHelpers.pdb
[1016/1044  0s] CopyFiles Library/ScriptAssemblies/Unity.PerformanceTesting.pdb
[1017/1044  0s] CopyFiles Library/ScriptAssemblies/Unity.InternalAPIEngineBridge.004.pdb
[1018/1044  0s] CopyFiles Library/ScriptAssemblies/glTFast.Documentation.Examples.pdb
[1019/1044  0s] CopyFiles Library/ScriptAssemblies/Unity.XR.OpenXR.Features.MetaQuestSupport.pdb
[1020/1044  0s] CopyFiles Library/ScriptAssemblies/Meta.XR.EnvironmentDepth.pdb
[1021/1044  0s] CopyFiles Library/ScriptAssemblies/glTFast.dots.pdb
[1022/1044  0s] CopyFiles Library/ScriptAssemblies/Unity.TextMeshPro.pdb
[1023/1044  0s] CopyFiles Library/ScriptAssemblies/Unity.Mathematics.pdb
[1024/1044  0s] CopyFiles Library/ScriptAssemblies/UnityEngine.SpatialTracking.pdb
[1025/1044  0s] CopyFiles Library/ScriptAssemblies/Unity.InputSystem.TestFramework.pdb
[1026/1044  0s] CopyFiles Library/ScriptAssemblies/meta.xr.mrutilitykit.pdb
[1027/1044  0s] CopyFiles Library/ScriptAssemblies/Unity.Burst.pdb
[1028/1044  0s] CopyFiles Library/ScriptAssemblies/Unity.XR.OpenXR.Features.RuntimeDebugger.pdb
[1029/1044  0s] CopyFiles Library/ScriptAssemblies/Unity.XR.OpenXR.Features.ConformanceAutomation.pdb
[1030/1044  0s] CopyFiles Library/ScriptAssemblies/Unity.XR.CoreUtils.pdb
[1031/1044  0s] CopyFiles Library/ScriptAssemblies/Meta.XR.BuildingBlocks.AIBlocks.pdb
[1032/1044  0s] CopyFiles Library/ScriptAssemblies/glTFast.Export.pdb
[1033/1044  0s] CopyFiles Library/ScriptAssemblies/Unity.XR.Management.pdb
[1034/1044  0s] CopyFiles Library/ScriptAssemblies/glTFast.pdb
[1035/1044  0s] CopyFiles Library/ScriptAssemblies/Unity.XR.OpenXR.pdb
[1036/1044  2s] Csc Library/Bee/artifacts/1300b0aE.dag/Assembly-CSharp.dll (+2 others)
[1037/1044  1s] ILPostProcess Library/Bee/artifacts/1300b0aE.dag/post-processed/Assembly-CSharp.dll (+pdb)
Processing assembly Library/Bee/artifacts/1300b0aE.dag/Assembly-CSharp.dll, with 150 defines and 329 references
processors: Unity.Jobs.CodeGen.JobsILPostProcessor, zzzUnity.Burst.CodeGen.BurstILPostProcessor
running Unity.Jobs.CodeGen.JobsILPostProcessor
running zzzUnity.Burst.CodeGen.BurstILPostProcessor
[1038/1044  0s] CopyFiles Library/ScriptAssemblies/Assembly-CSharp.dll
[1039/1044  0s] CopyFiles Library/ScriptAssemblies/Assembly-CSharp.pdb
[1040/1044  2s] Csc Library/Bee/artifacts/1300b0aE.dag/Assembly-CSharp-Editor.dll (+2 others)
[1041/1044  0s] ILPostProcess Library/Bee/artifacts/1300b0aE.dag/post-processed/Assembly-CSharp-Editor.dll (+pdb)
Processing assembly Library/Bee/artifacts/1300b0aE.dag/Assembly-CSharp-Editor.dll, with 148 defines and 355 references
processors: Unity.Jobs.CodeGen.JobsILPostProcessor, zzzUnity.Burst.CodeGen.BurstILPostProcessor
running Unity.Jobs.CodeGen.JobsILPostProcessor
running zzzUnity.Burst.CodeGen.BurstILPostProcessor
[1042/1044  0s] CopyFiles Library/ScriptAssemblies/Assembly-CSharp-Editor.pdb
[1043/1044  0s] CopyFiles Library/ScriptAssemblies/Assembly-CSharp-Editor.dll
*** Tundra build success (4.73 seconds), 195 items updated, 1044 evaluated
AssetDatabase: script compilation time: 5.923691s
Begin MonoManager ReloadAssembly
Symbol file LoadedFromMemory is not a mono symbol file
- Loaded All Assemblies, in  0.986 seconds
'Packages/com.meta.xr.sdk.core/Editor/BuildingBlocks/BlocksWindowDetailsExtension.cs' contains partial class of Unity.Object, exactly 1 of the partial classes needs to be in a file with the same filename. This is to know the one that can be referenced from ie. GameObjects
'Packages/com.meta.xr.sdk.core/Editor/BuildingBlocks/BlocksWindow.cs' contains partial class of Unity.Object, exactly 1 of the partial classes needs to be in a file with the same filename. This is to know the one that can be referenced from ie. GameObjects
'Packages/com.meta.xr.sdk.core/Editor/BuildingBlocks/BlocksWindowCollectionsPageExtension.cs' contains partial class of Unity.Object, exactly 1 of the partial classes needs to be in a file with the same filename. This is to know the one that can be referenced from ie. GameObjects
Refreshing native plugins compatible for Editor in 11.46 ms, found 9 plugins.
Native extension for Android target not found
Native extension for WindowsStandalone target not found
Native extension for OSXStandalone target not found
09/09 15:54:00.911 {DEBUG}   [AnalyticsLifeTime] Pre initialization finished.
* daemon not running; starting now at tcp:5037
* daemon started successfully
[Licensing::Client] Successfully resolved entitlement details
ScheduleIndexationOnStartup MainProcess:True IndexOnStartup:True
Mono: successfully reloaded assembly
- Finished resetting the current domain, in  7.985 seconds
Domain Reload Profiling: 8970ms
	BeginReloadAssembly (382ms)
		ExecutionOrderSort (0ms)
		DisableScriptedObjects (29ms)
		BackupInstance (0ms)
		ReleaseScriptingObjects (0ms)
		CreateAndSetChildDomain (166ms)
	RebuildCommonClasses (54ms)
	RebuildNativeTypeToScriptingClass (21ms)
	initialDomainReloadingComplete (27ms)
	LoadAllAssembliesAndSetupDomain (501ms)
		LoadAssemblies (430ms)
		RebuildTransferFunctionScriptingTraits (0ms)
		AnalyzeDomain (201ms)
			TypeCache.Refresh (154ms)
				TypeCache.ScanAssembly (133ms)
			BuildScriptInfoCaches (38ms)
			ResolveRequiredComponents (6ms)
	FinalizeReload (7986ms)
		ReleaseScriptCaches (0ms)
		RebuildScriptCaches (0ms)
		SetupLoadedEditorAssemblies (7786ms)
			LogAssemblyErrors (0ms)
			InitializePlatformSupportModulesInManaged (42ms)
			SetLoadedEditorAssemblies (8ms)
			BeforeProcessingInitializeOnLoad (207ms)
			ProcessInitializeOnLoadAttributes (7250ms)
			ProcessInitializeOnLoadMethodAttributes (275ms)
			AfterProcessingInitializeOnLoad (2ms)
			EditorAssembliesLoaded (1ms)
		ExecutionOrderSort2 (0ms)
		AwakeInstancesAfterBackupRestoration (28ms)
Start importing Packages/com.unity.inputsystem/InputSystem/Editor/Icons/ChevronUp@3x.png using Guid(006305b616daf47409935f3dc8a172e2) (TextureImporter) -> (artifact id: '59045e66870479452431f8f581f493ba') in 0.027149791 seconds
Start importing Packages/com.meta.xr.sdk.core/Editor/BuildingBlocks/BlockData/AlertViewHUD/Textures/bg.png using Guid(00b41c8fdc9c1654dbcf3d01f003f6bc) (TextureImporter) -> (artifact id: 'aee9a619250cb35d85c6039f3e48b18a') in 0.026436291 seconds
Start importing Packages/com.unity.inputsystem/InputSystem/Editor/Icons/d_ChevronDown@2x.png using Guid(0068f400a72d84c92a1b8f5889a574b2) (TextureImporter) -> (artifact id: '06b2bc73073fe91037d95ff965eb78dd') in 0.002389875 seconds
Start importing Packages/com.meta.xr.sdk.core/Editor/Icons/ovr_icon_simulator.png using Guid(00091c5d0e93c2e41af0edf6907f8852) (TextureImporter) -> (artifact id: '7c6ca677d1776003bf55564726cc88d4') in 0.001900958 seconds
Start importing Packages/com.meta.xr.sdk.core/Editor/BuildingBlocks/BlockData/AIBlocks/ObjectDetection/textures/BoundingBoxTexture.png using Guid(100f62424d2aa0745a86ff1166bb4aa5) (TextureImporter) -> (artifact id: 'f6382575443f00ee1e5f6bfc158881f8') in 0.081771041 seconds
Start importing Packages/com.unity.inputsystem/InputSystem/Editor/Icons/Interactive Binding@2x.png using Guid(2027b97fd12d842d7a3169c784502a54) (TextureImporter) -> (artifact id: '8cde6a6c79d857e153b2d3ce72c342ca') in 0.002344584 seconds
Start importing Packages/com.unity.inputsystem/InputSystem/Editor/Icons/InputSystemUIInputModule@64.png using Guid(3028dc075ba8c584d9bc7d1e0255e038) (TextureImporter) -> (artifact id: '40231ba4716a94a7fd7e36f8ce4ca5f7') in 0.002130709 seconds
Start importing Packages/com.meta.xr.sdk.core/Textures/CircularGradient.png using Guid(40b0edc3631a66045b06c803979bc455) (TextureImporter) -> (artifact id: '00dd95080e304c53f554458309faecd9') in 0.032114875 seconds
Start importing Packages/com.unity.timeline/Editor/StyleSheets/Images/Icons/d_TimelineCollapseMarkerButtonDisabled.png using Guid(40947ddc2dd4f0d499a92d0f3675c4e8) (TextureImporter) -> (artifact id: 'a3431539d2700cfdbc01a07ffc983188') in 0.002301333 seconds
Start importing Packages/com.meta.xr.sdk.core/Textures/MetaQuestTouchPro/batteryIndicatorTexture32.png using Guid(4005ec4dc7a14dd408f4b8f39b8a9937) (TextureImporter) -> (artifact id: 'd78ac21c05948f58cdd037341a201c01') in 0.017296833 seconds
Start importing Packages/com.unity.inputsystem/InputSystem/Editor/Icons/InputAction.png using Guid(40265a896a0f341bb956e90c59025a29) (TextureImporter) -> (artifact id: '4720024766998c13cda6de144a4c4694') in 0.004698375 seconds
Start importing Packages/com.meta.xr.sdk.core/Editor/BuildingBlocks/BlockData/RoomMesh/Textures/bb_thumb_roommesh.jpg using Guid(406c86d69894bd74d9ec0ab20f78582d) (TextureImporter) -> (artifact id: 'ca10176bcdc0b0841c79e7b0cf9e7e70') in 0.063882708 seconds
Start importing Packages/com.unity.timeline/Editor/StyleSheets/Images/DarkSkin/TimelineStartPlayback.png using Guid(5060c9f9eb2f7ee4695b638a21d8fe01) (TextureImporter) -> (artifact id: 'df1e90f4f8346e6e6f725ad3817995cb') in 0.002642833 seconds
Start importing Packages/com.unity.timeline/Editor/StyleSheets/Images/Icons/TrackRecordButtonDisabled@2x.png using Guid(6091f9516d23100479c03bca26138bc8) (TextureImporter) -> (artifact id: '28b637f0d8cd7cdc594879d575429b16') in 0.001768875 seconds
Start importing Packages/com.meta.xr.sdk.core/Editor/BuildingBlocks/Icons/ovr_icon_utilities.png using Guid(606c9f0621fda674cb8bce50d9f0a9dd) (TextureImporter) -> (artifact id: 'f82bcfa4e14776ca598cc84f14224bcd') in 0.002674833 seconds
Start importing Packages/com.unity.timeline/Editor/StyleSheets/Images/LightSkin/TimelinePlayRange.png using Guid(70e3f118652b9094885689730ad3a47b) (TextureImporter) -> (artifact id: '5e8c3d89d957620b2c5e11bad7d72300') in 0.001685125 seconds
Start importing Packages/com.meta.xr.sdk.core/Editor/Icons/ovr_icon_home.png using Guid(80983bd0b96c21e459d9b5cc8981e5a5) (TextureImporter) -> (artifact id: '0c20d2127de37f7b9e319561c4591a25') in 0.00217675 seconds
Start importing Packages/com.unity.ai.navigation/EditorResources/Overlay/d_NavigationOverlay@128.png using Guid(80899a9fbe3d3364eac2c5924c0a28cf) (TextureImporter) -> (artifact id: 'e64f383a5f64169472f2ad90bcdd5cd4') in 0.012636375 seconds
Start importing Packages/com.meta.xr.sdk.core/Editor/BuildingBlocks/Thumbnails/bb_thumb_internal.jpg using Guid(90ad9cc1b602b4e469c9c261b6323292) (TextureImporter) -> (artifact id: '97fc62b37dfc0f99bce52ab50d518d42') in 0.005768708 seconds
Start importing Packages/com.meta.xr.sdk.core/Textures/Black.png using Guid(a025c23fceb7d4966b603419f551ce99) (TextureImporter) -> (artifact id: '9f7584d05da26d58c701538260640502') in 0.003118541 seconds
Start importing Packages/com.unity.inputsystem/InputSystem/Editor/Icons/Mouse@4x.png using Guid(a0b78c5ab9d654a9daba91ff774b4931) (TextureImporter) -> (artifact id: 'e5ee558065a1149e390e2d55ff63ca41') in 0.001827125 seconds
Start importing Packages/com.unity.timeline/Editor/StyleSheets/Images/Shared/TimelineConnector.png using Guid(a04f1625bf500f64e97445265dfbcc93) (TextureImporter) -> (artifact id: '2eb062bdc8ac52fd15f4d320db46161a') in 0.002537042 seconds
Start importing Packages/com.unity.timeline/Editor/StyleSheets/Images/LightSkin/TimelineHold.png using Guid(a09fd8b5d9396c24a96a6de50cddc3b9) (TextureImporter) -> (artifact id: '79902595323f7a82c78fed0d648c30e0') in 0.001846291 seconds
Start importing Packages/com.unity.inputsystem/InputSystem/Editor/Icons/InputActionAsset.png using Guid(b025a2a0f9e554d1e88a93b5649dfc3f) (TextureImporter) -> (artifact id: '8b0a96136e7550e47a252fe2a0d694e9') in 0.003954791 seconds
Start importing Packages/com.unity.ai.navigation/EditorResources/NavigationWindowIcon.png using Guid(b0172c3ab97e219478711e1fbe9630f2) (TextureImporter) -> (artifact id: 'd6a375198bb58ea35ffe6edfa65ab8be') in 0.002506625 seconds
Start importing Packages/com.unity.inputsystem/InputSystem/Editor/AssetEditor/PackageResources/pro/propertiesBackground.png using Guid(b02e3f0c0798a4f1789a89a7697660be) (TextureImporter) -> (artifact id: '1239b6366cca35760d854df63e0649fd') in 0.001654916 seconds
Start importing Packages/com.unity.ai.navigation/EditorResources/Overlay/NavigationOverlay On@256.png using Guid(b05e7d8dc2bdbb14ab5b1da240ac65d5) (TextureImporter) -> (artifact id: '9e7126c25207d6eda6db65e843e96059') in 0.02928575 seconds
Start importing Assets/Milzet/StartupSource/Project/PresencePlatformBrand/UI/MetaPresencePlatform.png using Guid(c0a4c3040db7a3644a9e5e810faa15c4) (TextureImporter) -> (artifact id: '6178d1bd3e21a102b6b0d9dd48480cf6') in 0.157642625 seconds
Start importing Packages/com.unity.inputsystem/InputSystem/Editor/AssetEditor/PackageResources/pro/foldoutBackground.png using Guid(c0996bc290ff74bf4834f4a8b7dc8c3e) (TextureImporter) -> (artifact id: '31c715500063b65719430353dee33a7a') in 0.002426042 seconds
Start importing Packages/com.meta.xr.sdk.core/Textures/HandTracking/HandTracking_uvmap_2048.png using Guid(c00bf1ce0c68d5646ad7ea3d26b3486d) (TextureImporter) -> (artifact id: '4c4c90cc573c9b8b80752c30b9e0f7cc') in 1.581619042 seconds
Start importing Packages/com.unity.inputsystem/InputSystem/Editor/Icons/Axis@2x.png using Guid(d0006d51a864248adba0238883f8c71e) (TextureImporter) -> (artifact id: '2be695d0f4732d05108ed8653acc1f16') in 0.254973167 seconds
Start importing Packages/com.meta.xr.sdk.core/Editor/BuildingBlocks/Icons/ovr_icon_cancel.png using Guid(d0f57a77046afc645b8edc6af3b9c896) (TextureImporter) -> (artifact id: '7188138c9a552a43cf5777f1c9cc1b10') in 0.00536275 seconds
Start importing Packages/com.meta.xr.sdk.core/Editor/BuildingBlocks/Icons/ovr_error_greybg.png using Guid(d0390c3a10ac76641b718f04d77f80ae) (TextureImporter) -> (artifact id: '8debee5ebf6554f3fabb5bd12a82eeef') in 0.002765417 seconds
Start importing Packages/com.unity.inputsystem/InputSystem/Editor/Icons/d_Axis@4x.png using Guid(e01ab4b854c6d4fa3a8d869b67ecd643) (TextureImporter) -> (artifact id: '18fa837a4db3a66cd2a8375fa068501a') in 0.003377 seconds
Start importing Packages/com.unity.ugui/Editor Resources/Textures/btn_AlignRight_Light.psd using Guid(e05ace3bd15740cda0bad60d89092a5b) (TextureImporter) -> (artifact id: 'e023dcd0358c019cb5e9e18774071904') in 0.0031935 seconds
Start importing Packages/com.meta.xr.mrutilitykit/Tests/Icon/ovr_icon_mruk_stf.png using Guid(f088de450882ec545b06290aa844e028) (TextureImporter) -> (artifact id: 'e63946ff2e8befd019d0287cabb431a1') in 0.003889834 seconds
Start importing Packages/com.unity.timeline/Editor/StyleSheets/Images/Icons/TrackCurvesButtonDisabled.png using Guid(f0f8ff8921b22a74a8c79d955ace248d) (TextureImporter) -> (artifact id: '94ecd9f0e956fa0a907b0fefcf091752') in 0.004161041 seconds
Start importing Packages/com.meta.xr.sdk.core/Scripts/ImmersiveDebugger/UserInterface/Resources/Textures/caret_right_icon.png using Guid(01b2fa7e15d7fcd47aecaaf527aa76cb) (TextureImporter) -> (artifact id: 'fcb85b602a7b77c9a4e0266175607785') in 0.017873041 seconds
Start importing Packages/com.meta.xr.sdk.core/Editor/Icons/sdk_Icons/mono/avatar_icon.png using Guid(01542b80808da8d4892c7cc6f4c4eabd) (TextureImporter) -> (artifact id: 'a6ad3b529f60ee9f717af6d06bf87a1e') in 0.004164584 seconds
Start importing Packages/com.unity.collections/Unity.Collections.PerformanceTests/Unity.PerformanceTesting.Benchmark/PerformanceTestFrameworkOutput.png using Guid(0175a7523f9f1754ca406f92afcfcbc6) (TextureImporter) -> (artifact id: 'd3c9575659dd649039f59ea53eec6918') in 0.0922625 seconds
Start importing Packages/com.meta.xr.sdk.core/Editor/BuildingBlocks/Icons/ovr_icon_prototype.png using Guid(010f0b37c67ed9d4f9ae695e8950a8cc) (TextureImporter) -> (artifact id: '173bac4972fa6c317f86e0eb00418db7') in 0.00331275 seconds
Start importing Packages/com.meta.xr.sdk.core/Editor/Guide/Icons/ovr_success.png using Guid(21a57199b5da27a4895b1085aa84cc13) (TextureImporter) -> (artifact id: 'ff0a3e01ae604586f2c9e08c4ba026c1') in 0.004503334 seconds
Start importing Packages/com.unity.inputsystem/InputSystem/Editor/Icons/Interactive Binding.png using Guid(2196c18f03faf4184b1aeb2c61d5571d) (TextureImporter) -> (artifact id: 'b26e661595558807dc89552db4d38bb8') in 0.00345125 seconds
Start importing Packages/com.unity.timeline/Editor/StyleSheets/Images/LightSkin/TimelineIconClipIn.png using Guid(4171b549947246b4f9579419d5698a7e) (TextureImporter) -> (artifact id: '74cf591226fb81eed147beded57e3eb2') in 0.00246175 seconds
Start importing Packages/com.unity.ugui/Editor Resources/Textures/btn_AlignMiddle.psd using Guid(41b96614b2e6494ba995ddcd252d11ae) (TextureImporter) -> (artifact id: '6a653ab61b2b54a6829339291ffa1f96') in 0.00342775 seconds
Start importing Packages/com.meta.xr.sdk.core/Editor/Icons/sdk_Icons/voice_icon.png using Guid(413d218f7d10b3843bd46489036110f7) (TextureImporter) -> (artifact id: 'edb19e10bef178e673d8bcb9fc4d2b34') in 0.0027305 seconds
Start importing Packages/com.unity.inputsystem/InputSystem/Editor/Icons/d_Dpad@4x.png using Guid(41edf25d451a744e6ad1172a677603bd) (TextureImporter) -> (artifact id: 'a06879d37bb2948645308d109b62bf0f') in 0.001647042 seconds
Start importing Packages/com.unity.timeline/Editor/StyleSheets/Images/Icons/d_TimelineEditModeRippleOFF.png using Guid(411e6f19c19fa0546af83aeb59c2ed4b) (TextureImporter) -> (artifact id: '91735b75657b345bf276a139621ba9ef') in 0.001440166 seconds
Start importing Packages/com.unity.timeline/Editor/StyleSheets/Images/DarkSkin/TimelineDisabledBackground.png using Guid(412f73153f3a3c549b67b2a847741145) (TextureImporter) -> (artifact id: 'a7e311a57509593a918eed0d4436b487') in 0.001629292 seconds
Start importing Packages/com.unity.timeline/Editor/StyleSheets/Images/Icons/TrackMuteButtonEnabled@2x.png using Guid(512aaee9b220348408a2e518f98d6e14) (TextureImporter) -> (artifact id: '26de7eb51d2a396d24171001d057c607') in 0.002183458 seconds
Start importing Packages/com.unity.timeline/Editor/StyleSheets/Images/Icons/TrackAvatarButtonEnabled@2x.png using Guid(51bf5f55a8a01e546bf6092b54fdae20) (TextureImporter) -> (artifact id: 'cd98ea9fce8ab367f6c8241694ba3fe0') in 0.001946917 seconds
Start importing Packages/com.unity.inputsystem/InputSystem/Editor/Icons/Keyboard@3x.png using Guid(6191a40940a3e46899ecf82fa8389d01) (TextureImporter) -> (artifact id: '76856d916ea1ab24fb3c1319a65643eb') in 0.001723625 seconds
Start importing Packages/com.unity.timeline/Editor/StyleSheets/Images/Icons/d_TrackMarkerButtonEnabled@2x.png using Guid(6192986415256ca47a97a97507406f5e) (TextureImporter) -> (artifact id: 'aba76c5d5e6542ce4d47a7bf52e35c1b') in 0.001780792 seconds
Start importing Packages/com.unity.timeline/Editor/StyleSheets/Images/LightSkin/TimelineContinue.png using Guid(61c21f74972ba8246b3ea400a9231841) (TextureImporter) -> (artifact id: 'f4eb4cbe8c572bc4c796ebafe5b84522') in 0.001618459 seconds
Start importing Packages/com.unity.inputsystem/InputSystem/Editor/Icons/d_Mouse@3x.png using Guid(6164e492ad3164525ab8ecd9968c3a64) (TextureImporter) -> (artifact id: '15c50f79225432d9a334dacd143dd58a') in 0.00588175 seconds
Start importing Packages/com.meta.xr.sdk.core/Editor/ImmersiveDebugger/Icons/ovr_icon_inspect_raw.png using Guid(619d122462e69de49a4a53d04f051f2f) (TextureImporter) -> (artifact id: '6cd5c52f515f9d77f6faa9955e082445') in 0.004630167 seconds
Start importing Packages/com.unity.timeline/Editor/StyleSheets/Images/Icons/TrackMuteButtonEnabled.png using Guid(81e8b4a4bcbf7a14898e2658fd827642) (TextureImporter) -> (artifact id: '6c440f1b6896d08a2b3b44bd7326fab8') in 0.003470083 seconds
Start importing Packages/com.unity.ugui/Editor Resources/Textures/btn_AlignCenter.psd using Guid(81ed8c76d2bc4a4c95d092c98af4e58f) (TextureImporter) -> (artifact id: '20af596c6548577b0546914e5b75f34f') in 0.003402084 seconds
Start importing Packages/com.unity.timeline/Editor/StyleSheets/Images/Icons/d_TrackAvatarButtonDisabled.png using Guid(91746a504b59769439bb2749c314d231) (TextureImporter) -> (artifact id: '39ac9c0a8e0a3a691d80ccb4c0622352') in 0.015843542 seconds
Start importing Packages/com.unity.timeline/Editor/StyleSheets/Images/Icons/d_TimelineEditModeReplaceOFF.png using Guid(912fd71cbf4cbe140b4f240bedbc1f3e) (TextureImporter) -> (artifact id: '0befb2401b41f58f3e724ecde7a3e56f') in 0.006690709 seconds
Start importing Packages/com.unity.inputsystem/InputSystem/Editor/Icons/d_Dpad@3x.png using Guid(a1b7d9ffed68a47128c5622c13ba4752) (TextureImporter) -> (artifact id: '61b339f3889e36798aa1006a317f6fb0') in 0.001878083 seconds
Start importing Packages/com.unity.timeline/Editor/StyleSheets/Images/Icons/TimelineDigIn.png using Guid(b1d064d6d80829f4eb370f679384ea1f) (TextureImporter) -> (artifact id: '0e21d5bc35c21005f1af26d342fdfac2') in 0.039486959 seconds
Start importing Packages/com.meta.xr.sdk.core/Textures/OculusTouchForQuest2/OculusTouchForQuest2_AlbedoRoughness.tga using Guid(b1f40c50ae24356469c6c6d4bfb2a2d6) (TextureImporter) -> (artifact id: '4a4b77c7ec946d11fa00698016378c90') in 0.43537075 seconds
Start importing Packages/com.unity.timeline/Editor/StyleSheets/Images/DarkSkin/TimelineMarkerItem.png using Guid(c133595e3c100774496e03e66fa69259) (TextureImporter) -> (artifact id: 'cb9ee7b2d46a50e0b1cd31655c0c98eb') in 0.003256417 seconds
Start importing Packages/com.unity.ai.navigation/EditorResources/Overlay/NavigationOverlay On.png using Guid(c136efa5cc6d99a4d9e7bad0209aea25) (TextureImporter) -> (artifact id: '752553560e96b4b46a7d5f10d8670e39') in 0.003603875 seconds
Start importing Packages/com.unity.timeline/Editor/StyleSheets/Images/Icons/d_TrackMarkerButtonEnabled.png using Guid(d18286874382ef042bbbdab5f71329c1) (TextureImporter) -> (artifact id: '0509d364930fc5e45fd73df817b3a22b') in 0.001536417 seconds
Start importing Packages/com.meta.xr.sdk.core/Editor/Guide/Icons/ovr_status.png using Guid(d1d92cd76e5a329419b906ed470af327) (TextureImporter) -> (artifact id: '0dee73aa81b5a43ef5ae4536503112ac') in 0.001660208 seconds
Start importing Packages/com.unity.inputsystem/InputSystem/Editor/Icons/ChevronDown@4x.png using Guid(d1acbe0a708dc40dc80254764e67ecfa) (TextureImporter) -> (artifact id: '6ef38152e5f1ed969eadbb7598ff74a2') in 0.001518416 seconds
Start importing Packages/com.unity.timeline/Editor/StyleSheets/Images/Icons/TrackMarkerButtonEnabled.png using Guid(d1eccbb425fdacc4ba53ce4223f4ea30) (TextureImporter) -> (artifact id: 'e0f8b4fc5f7f40da0807a764f70f6805') in 0.001366042 seconds
Start importing Packages/com.unity.inputsystem/InputSystem/Editor/Icons/d_Position@3x.png using Guid(e1da124f7cbda41a4925397406076a42) (TextureImporter) -> (artifact id: '976a34840336e5269bc8ea041dd87958') in 0.001469333 seconds
Start importing Packages/com.meta.xr.sdk.core/Editor/BuildingBlocks/BlockData/VoiceBlocks/Textures/bb_thumb_dictation.jpg using Guid(e1faf0485fad56242bca4a2d15c5d60a) (TextureImporter) -> (artifact id: 'c97d009d115dec0348648d3a668ee46d') in 0.157244958 seconds
Start importing Packages/com.meta.xr.sdk.core/Editor/BuildingBlocks/BlockData/VoiceBlocks/Textures/bb_thumb_texttospeech.jpg using Guid(e19dd181df67c81468e76d169719c758) (TextureImporter) -> (artifact id: 'a69982f2c2e96875d7cd28bec8ec2daf') in 0.214686292 seconds
Start importing Packages/com.unity.timeline/Editor/StyleSheets/Images/DarkSkin/TimelineAutokey_active.png using Guid(e17ee60887efdd04389991a15ee0c578) (TextureImporter) -> (artifact id: 'ba7622726b555794022a23bd8bba0b12') in 0.002102584 seconds
Start importing Packages/com.unity.timeline/Editor/StyleSheets/Images/DarkSkin/TimelineMarkerItemCollapsed.png using Guid(f179d9a3cccffb04ba2e27f681e9b147) (TextureImporter) -> (artifact id: 'e486d90cb74e15a5c7accf5b149c64c3') in 0.001664667 seconds
Start importing Packages/com.unity.inputsystem/InputSystem/Editor/Icons/d_Keyboard@2x.png using Guid(f14e3a4027f834f16b235498ac15bb3f) (TextureImporter) -> (artifact id: 'c0291f4fa7af8ddb56f8a0a9e3a72862') in 0.001702792 seconds
Start importing Packages/com.meta.xr.sdk.core/Editor/Utils/ToolingSupport/RuntimeOptimizer/Icons/ovr_icon_runtimeoptimizer.png using Guid(0239283f86936284db234bfd04d0884d) (TextureImporter) -> (artifact id: '9c3e8a286b3e7403b1a2081af1876541') in 0.002551208 seconds
Start importing Packages/com.meta.xr.sdk.core/Editor/BuildingBlocks/Icons/ovr_icon_deprecated.png using Guid(02793b895384ef94ea87d06aa4a97bc2) (TextureImporter) -> (artifact id: '0aae5881643c9eed79c305653d972cf6') in 0.005179958 seconds
Start importing Packages/com.meta.xr.sdk.core/Textures/cube_texture.png using Guid(020d1a102a7f2a14ebf6cefe7b977303) (TextureImporter) -> (artifact id: 'e4d3923eddb55c7d8c5391c553864dcc') in 0.334350667 seconds
Start importing Packages/com.unity.ugui/Editor Resources/Textures/btn_AlignLeft_Light.psd using Guid(12736c98af174f91827a26b66d2b01b9) (TextureImporter) -> (artifact id: '31e79e9bb1bc7a43fa4a5cc9ad05dce9') in 0.013086333 seconds
Start importing Packages/com.unity.inputsystem/InputSystem/Editor/Icons/d_Keyboard@4x.png using Guid(123b6218ad27a41af933311ee524dcdc) (TextureImporter) -> (artifact id: '07a65c884505fd1c3bb0dc2eb08225ed') in 0.002380291 seconds
Start importing Packages/com.unity.timeline/Editor/StyleSheets/Images/Icons/d_TimelineDigIn.png using Guid(22c3c381bd3cd4a40a8541103023e1ef) (TextureImporter) -> (artifact id: '68288aa5ddb4a3c18d70d8cac5d84e28') in 0.002077208 seconds
Start importing Packages/com.unity.timeline/Editor/StyleSheets/Images/DarkSkin/TimelineIconClipOut.png using Guid(32f7e3598d6414c489127629e29af3f6) (TextureImporter) -> (artifact id: 'eca26c5437956dd1aa88277da31fe225') in 0.001752292 seconds
Start importing Packages/com.meta.xr.sdk.core/Textures/bar_background.png using Guid(32480d79d7cd39b4d90c897f3f36b573) (TextureImporter) -> (artifact id: 'a3c8c2d952ea9fffb49d3b09ade7e18f') in 0.005343 seconds
Start importing Packages/com.meta.xr.sdk.core/Editor/BuildingBlocks/BlockData/MultiplayerBlocks/Shared/Textures/bb_thumb_colocation.jpg using Guid(421b2265eddeb4589b88151439da716f) (TextureImporter) -> (artifact id: '2f9119858b8e008959e8a1897c14fbca') in 0.05750275 seconds
Start importing Packages/com.unity.inputsystem/InputSystem/Editor/Icons/d_Orientation@3x.png using Guid(424bff4d3ea64400e9b384cb8bebfb96) (TextureImporter) -> (artifact id: '26f1b27d670ae91d5d0831c5b0cd1a10') in 0.002382584 seconds
Start importing Packages/com.unity.ai.navigation/EditorResources/d_NavigationWindowIcon.png using Guid(425f55e9ef81a5e48b87c5d6b1bbf35c) (TextureImporter) -> (artifact id: 'e3da03764787cdcf6ef1d2cc6277b500') in 0.002197375 seconds
Start importing Packages/com.unity.timeline/Editor/StyleSheets/Images/Icons/TrackMuteButtonDisabled.png using Guid(5216b1b48296ef345ad2d2ec43105bf0) (TextureImporter) -> (artifact id: '1ea57f7f2af887931dc6729b3529f98e') in 0.002073 seconds
Start importing Packages/com.unity.timeline/Editor/StyleSheets/Images/Icons/d_TrackLockButtonDisabled.png using Guid(52ee3ba2abc3da14a95cdf64d32ae0ae) (TextureImporter) -> (artifact id: '547dcf2554aa06170f260585ded8e4bd') in 0.001772292 seconds
Start importing Packages/com.unity.inputsystem/InputSystem/Editor/Icons/Stick.png using Guid(6234dae5cf6f04acb9a51e04d448e444) (TextureImporter) -> (artifact id: 'd52e7a0d21916ca3f227dabb09eac8c8') in 0.002442583 seconds
Start importing Packages/com.unity.inputsystem/InputSystem/Editor/Icons/d_Axis@3x.png using Guid(62c846073cb844a2b926e4bbd3189647) (TextureImporter) -> (artifact id: 'c1afea3d81f0d6a2e90627a4109e2db5') in 0.003250334 seconds
Start importing Packages/com.unity.inputsystem/InputSystem/Editor/Icons/Orientation@2x.png using Guid(62f8dda50382d487597224e197cbd34f) (TextureImporter) -> (artifact id: '371ea458c3e2a76fb38060d02c70634e') in 0.00225725 seconds
Start importing Packages/com.unity.inputsystem/InputSystem/Editor/Icons/InputControl@2x.png using Guid(62ce957ca99fe4fcba573a5b141eb113) (TextureImporter) -> (artifact id: '8aee645df459d3167774768df08551b5') in 0.001678 seconds
Start importing Packages/com.meta.xr.sdk.core/Editor/Icons/sdk_Icons/mono/ai_icon.png using Guid(72e8ee55eb418294e8da2a9adefb5da4) (TextureImporter) -> (artifact id: '26fc6848b92d70b311fa0ebf6578daf5') in 0.002963167 seconds
Start importing Packages/com.meta.xr.sdk.core/Textures/GazeRing.png using Guid(82026cb669304dc4897d2c11d3753141) (TextureImporter) -> (artifact id: '0e6e79b1de430252ca4abaa76c8f4902') in 0.035305292 seconds
Start importing Packages/com.unity.timeline/Editor/StyleSheets/Images/Shared/TimelineOutline.png using Guid(829511f8e35bf3a40be037a1050f801c) (TextureImporter) -> (artifact id: 'caa57f4537e9dc05e5f6935c1a8d8fb6') in 0.002556458 seconds
Start importing Packages/com.meta.xr.sdk.core/Editor/BuildingBlocks/Icons/ovr_success_greybg.png using Guid(8295fd5efef25b34da622a30ed234bb2) (TextureImporter) -> (artifact id: 'b6dfae5c903e2c18657ddac4fee59111') in 0.001580542 seconds
Start importing Packages/com.unity.inputsystem/InputSystem/Editor/Icons/Touch@2x.png using Guid(82073a8bfd6b8488a89b8796d500d12d) (TextureImporter) -> (artifact id: '5c87d7c89e58673ae8e94680a2dede4e') in 0.009035 seconds
Start importing Packages/com.unity.timeline/Editor/StyleSheets/Images/LightSkin/TimelineStartPlayback.png using Guid(824c4beb0ca6c934bbc7a26919302236) (TextureImporter) -> (artifact id: '1bcd1fef42ba66f037522d1726baa90c') in 0.0019575 seconds
Start importing Packages/com.unity.ugui/Editor Resources/Textures/btn_AlignJustified.psd using Guid(92027f7f8cfc4feaa477da0dc38d3d46) (TextureImporter) -> (artifact id: '8829360c60ef8cefb7684464cbdf8945') in 0.001619625 seconds
Start importing Packages/com.unity.ai.navigation/Gizmos/NavMeshLink Icon.png using Guid(92f4afa3e25264f5b964937ccea49ff2) (TextureImporter) -> (artifact id: 'db8c74df12c866084d6047c5776ead95') in 0.00678025 seconds
Start importing Packages/com.unity.timeline/Editor/StyleSheets/Images/DarkSkin/TimelineAutokey.png using Guid(92b5e4310629b264dad0fb2cc196d818) (TextureImporter) -> (artifact id: '1a797385070e51989fc75df100bbc0e0') in 0.00198125 seconds
Start importing Packages/com.unity.ugui/Editor Resources/Textures/btn_AlignLeft.psd using Guid(9288066c33474b94b6ee5465f4df1cc0) (TextureImporter) -> (artifact id: '4949249e48b9f7b34606504f9d77e20c') in 0.00180975 seconds
Start importing Packages/com.unity.ai.navigation/EditorResources/Overlay/d_NavigationOverlay On@2x.png using Guid(a206ff0ddc681e642a2e62fc57a7d51c) (TextureImporter) -> (artifact id: '6158f30f7e3ddaa63b936d874039b5ab') in 0.003785459 seconds
Start importing Packages/com.meta.xr.sdk.core/Textures/windowgui.png using Guid(a26663690a6580440963aa46e582c35b) (TextureImporter) -> (artifact id: 'ddda59a86afa7437ff22cbababb72419') in 0.059116625 seconds
Start importing Packages/com.unity.timeline/Editor/StyleSheets/Images/DarkSkin/TimelineEndPlayback.png using Guid(c285802d9d414814fad592b90b223f15) (TextureImporter) -> (artifact id: '18427db209593acbe008d0bbd85bb33e') in 0.001780709 seconds
Start importing Packages/com.unity.timeline/Editor/StyleSheets/Images/Icons/d_TrackAvatarButtonEnabled.png using Guid(c207dcd389fb689489f5266468cd4609) (TextureImporter) -> (artifact id: 'b6c3a322e595ab7684500ad13c10b328') in 0.001632042 seconds
Start importing Packages/com.unity.ugui/Editor Resources/Textures/btn_AlignMidLine.psd using Guid(c2f7f6a88b4c4f20a53deb72f3d9144c) (TextureImporter) -> (artifact id: 'caf204a43157687f20326071c782b4f8') in 0.001790583 seconds
Start importing Packages/com.unity.inputsystem/InputSystem/Editor/Icons/Joystick.png using Guid(c28849deb3e3b45c98965e7efd26f7be) (TextureImporter) -> (artifact id: '2a061c18e7e5602fa53014da3b24abe1') in 0.001355167 seconds
Start importing Packages/com.meta.xr.sdk.core/Editor/Icons/sdk_Icons/mono/interaction_icon.png using Guid(c2dc607e6e77f704d84d3f8b19575104) (TextureImporter) -> (artifact id: '1588913237b915abb8730bb4050fe9a6') in 0.002846125 seconds
Start importing Packages/com.meta.xr.sdk.core/Editor/BuildingBlocks/Thumbnails/bb_thumb_default.jpg using Guid(d20871ad8b4c55448881b5aaa1517f02) (TextureImporter) -> (artifact id: '761d6005df5e86a434a668952b9fa9e8') in 0.004594208 seconds
Start importing Packages/com.unity.inputsystem/InputSystem/Editor/Icons/d_InputControl@4x.png using Guid(e2078613efd9e410c8771cbd2717f4e7) (TextureImporter) -> (artifact id: '2a72933a92707c2559357a9145d9f8f3') in 0.002082125 seconds
Start importing Packages/com.meta.xr.sdk.core/Editor/BuildingBlocks/BlockData/Movement/CharacterRetargeter/Textures/bb_thumb_characterretargeter.png using Guid(f2603281291aa4b47bdcb06bc9dbf3fe) (TextureImporter) -> (artifact id: 'd6b95d79ddfa9e97646b17753a8b582f') in 0.190699084 seconds
Start importing Packages/com.meta.xr.sdk.core/Editor/Guide/Textures/ovr_bb.png using Guid(f24915a717a7cb7439dcc628714aa175) (TextureImporter) -> (artifact id: 'dd7d8ee5797b709225f629412dd09b45') in 0.009830208 seconds
Start importing Packages/com.meta.xr.sdk.core/Editor/MetaWand/Textures/mal_banner.png using Guid(f29c5619c2f814a4caaf9c8da06af8cc) (TextureImporter) -> (artifact id: '45583c1a3a0cebec363eb5d066de0c29') in 0.049310792 seconds
Start importing Packages/com.unity.inputsystem/InputSystem/Editor/Icons/d_Stick@4x.png using Guid(f2fd4d7aa99c94a67a6a137fe979a760) (TextureImporter) -> (artifact id: 'f65212037a940509a58e074e938eb8d9') in 0.002838625 seconds
Start importing Packages/com.unity.inputsystem/InputSystem/Editor/Icons/d_Stick@3x.png using Guid(03c3559bb64164f7785cd1250e475250) (TextureImporter) -> (artifact id: 'a2d1cee1fa8c68f208df40cec16f9721') in 0.002529584 seconds
Start importing Packages/com.unity.timeline/Editor/StyleSheets/Images/LightSkin/TimelineDisabledBackground.png using Guid(0304baf8d224f3e47b22d872c8dcd412) (TextureImporter) -> (artifact id: 'ae5c7fb7ee13f1aa2980396211b28a33') in 0.003583417 seconds
Start importing Packages/com.unity.timeline/Editor/StyleSheets/Images/Icons/TimelineCollapseMarkerButtonEnabled.png using Guid(0367ce1ebbbb18940b79eed63a0315d5) (TextureImporter) -> (artifact id: '5cd44ea62af525ec5e9ce596c88c3abb') in 0.002147 seconds
Start importing Packages/com.unity.inputsystem/InputSystem/Editor/Icons/d_Button.png using Guid(0309256f03c114697813e2296f0a1f18) (TextureImporter) -> (artifact id: '6f3926f48b6a22f4d238852d71fdf0b5') in 0.001840958 seconds
Start importing Packages/com.unity.timeline/Editor/StyleSheets/Images/Shared/TimelineDisplay.png using Guid(03ae22b9de3989144a9bebf8972b4fad) (TextureImporter) -> (artifact id: '1613e5a3c57bbbbd9c79932cdd26ebe1') in 0.001421542 seconds
Start importing Packages/com.meta.xr.sdk.core/Editor/MetaWand/Textures/mal_banner_mini.png using Guid(1340a9326d23d164083a8149418e47d8) (TextureImporter) -> (artifact id: '929e6eb2b007053224a3769882964ca0') in 0.0174205 seconds
Start importing Packages/com.unity.inputsystem/InputSystem/Editor/Icons/Pen@2x.png using Guid(13fb345befe624412ac0bd0138d7bcf2) (TextureImporter) -> (artifact id: '7580a694174692ba66d9385d4e8f863a') in 0.001928083 seconds
Start importing Packages/com.meta.xr.sdk.core/Editor/Icons/ovr_icon_experimental.png using Guid(2341668e4b51a124f9cd335ab4f496f0) (TextureImporter) -> (artifact id: 'be26638db1a2a15bdf1d9e61e623a337') in 0.002542417 seconds
Start importing Packages/com.meta.xr.sdk.core/Editor/OVRProjectSetup/Icons/ovr_icon_category_error.png using Guid(23ed0d2bfc90b1d4f97cf416f2cd23a8) (TextureImporter) -> (artifact id: 'f9a796d65871c69e4c1dce0fcba671b5') in 0.002389334 seconds
Start importing Packages/com.unity.timeline/Editor/StyleSheets/Images/Icons/TimelineClipFG.png using Guid(33b1871a2d09cfa459a93f4e8feb5c41) (TextureImporter) -> (artifact id: 'fdd803fa34c327ef77843aac03290333') in 0.002673917 seconds
Start importing Packages/com.unity.inputsystem/InputSystem/Editor/AssetEditor/PackageResources/blue.png using Guid(33f32142c2c2d4662be5f5274db27158) (TextureImporter) -> (artifact id: '3e41b3fb978a8f7ad79c81597fbd21ed') in 0.002112125 seconds
Start importing Packages/com.unity.ai.navigation/EditorResources/Overlay/NavigationOverlay On@2x.png using Guid(334589c596cc053418f700189f91111c) (TextureImporter) -> (artifact id: '6f49e176e21897729bf348e6903e7d64') in 0.004713542 seconds
Start importing Packages/com.unity.timeline/Editor/StyleSheets/Images/Icons/TrackMarkerButtonDisabled.png using Guid(33a52b41b4de5874ca7da1da32067e39) (TextureImporter) -> (artifact id: '7b6edc6626d37786c080b4b598b963e2') in 0.001726083 seconds
Start importing Packages/com.meta.xr.sdk.core/Editor/BuildingBlocks/BlockData/PassthroughWindow/Textures/bb_thumb_passthroughwindow.jpg using Guid(337ab3654a1281249b7a1342a0d7aa2e) (TextureImporter) -> (artifact id: '61c6a71784e8cf80e84003959feeef72') in 0.006249166 seconds
Start importing Packages/com.meta.xr.sdk.core/Editor/Icons/ovr_bullet.png using Guid(336d30902ce536a4aa770bc87c57e1b1) (TextureImporter) -> (artifact id: 'c830fe6c2454125397f8b8e4c69bc177') in 0.003305083 seconds
Start importing Packages/com.unity.timeline/Editor/StyleSheets/Images/Icons/d_TrackCurvesButtonEnabled@2x.png using Guid(43ed4593c5ddda0439fcc1bdaf8309fe) (TextureImporter) -> (artifact id: '8a9bedde6fef661e2e72dcf74f3477fd') in 0.002041542 seconds
Start importing Packages/com.unity.timeline/Editor/StyleSheets/Images/DarkSkin/TimelinePlayRange.png using Guid(43eeff8a446b32242a4fb1a5c1bd7b8e) (TextureImporter) -> (artifact id: 'ad85c2b5ab40082d8037d610bb97ce5e') in 0.001601041 seconds
Start importing Packages/com.meta.xr.mrutilitykit/Core/Textures/UI/RoundCorners.png using Guid(6329baa70222fee4ea544dd84b7610b2) (TextureImporter) -> (artifact id: '440c74320a61b409b24120ca8bfe67a4') in 0.003369625 seconds
Start importing Packages/com.meta.xr.sdk.core/Editor/Icons/ovr_icon_monitor.png using Guid(63cd68e5c0d2313478120493df466a68) (TextureImporter) -> (artifact id: '0d6ff185a921ca1eeca2996c9b3e9e92') in 0.001860042 seconds
Start importing Packages/com.meta.xr.sdk.core/Scripts/ImmersiveDebugger/UserInterface/Resources/Textures/toggle_on.png using Guid(73b14a507a5586244b105444c7487a42) (TextureImporter) -> (artifact id: '3fefdc538c62f8ee68e4a2eef0f80417') in 0.003318541 seconds
Start importing Packages/com.unity.ai.navigation/EditorResources/Overlay/NavigationOverlay@16.png using Guid(731522d95656bec42a5fc0bdc672ebe9) (TextureImporter) -> (artifact id: '7cd69aebdddc714f8578536fa482f82d') in 0.003810875 seconds
Start importing Packages/com.unity.timeline/Editor/StyleSheets/Images/Icons/TimelineSelector.png using Guid(73f5ebb64da7b2a40ab6bffac80f1a61) (TextureImporter) -> (artifact id: '1e5d0441690cf15c26002f171efda235') in 0.001858 seconds
Start importing Packages/com.meta.xr.sdk.core/Editor/BuildingBlocks/Icons/ovr_icon_new.png using Guid(735ae99e412d5b84580869c780c5fa0e) (TextureImporter) -> (artifact id: '6a7dd0cd323be328263af67a606e835f') in 0.001879 seconds
Start importing Packages/com.meta.xr.mrutilitykit/Core/Textures/SpaceMap.png using Guid(739e6dc1c3321437396cc061e4b2e2bd) (TextureImporter) -> (artifact id: '446a0ba8e453a3ebe5fdf10d3f8d1386') in 0.00193775 seconds
Start importing Packages/com.unity.inputsystem/InputSystem/Editor/Icons/d_Gamepad@4x.png using Guid(83438053370c84456a73f7f95ef821fb) (TextureImporter) -> (artifact id: 'c0ef5412386218478e6e86d04bf4fac0') in 0.002018208 seconds
Start importing Packages/com.meta.xr.sdk.core/Editor/BuildingBlocks/BlockData/AlertViewHUD/Textures/icon_warning.png using Guid(83c3317d33aa04347ae25b09873e5392) (TextureImporter) -> (artifact id: 'dd4bad5123e4f20d91b0deaada307d21') in 0.004146333 seconds
Start importing Packages/com.unity.inputsystem/InputSystem/Editor/Icons/d_Keyboard.png using Guid(83382fb171da648c594229ca6fa7ad94) (TextureImporter) -> (artifact id: 'ecb53a76748421ac970e76b6864492d1') in 0.001862125 seconds
Start importing Packages/com.unity.timeline/Editor/StyleSheets/Images/Icons/TrackCurvesButtonDisabled@2x.png using Guid(a383d8b1327c9254896ad76d6efaf357) (TextureImporter) -> (artifact id: '3edf197cc06c14c5ba7a992de9d6832d') in 0.002048959 seconds
Start importing Packages/com.unity.inputsystem/InputSystem/Editor/Icons/Position@2x.png using Guid(a3fa73829479e4b41965e749fcca7c12) (TextureImporter) -> (artifact id: 'b45ce85307fa9928a46ccc0d2ab1097a') in 0.001665542 seconds
Start importing Packages/com.meta.xr.sdk.core/Editor/Textures/Spinner/Spinner_08.png using Guid(a38c40289e7720f41b8c449d3f0c60f7) (TextureImporter) -> (artifact id: 'f1fb96d875c70e0719bfb32bd33a5e9b') in 0.003105125 seconds
Start importing Packages/com.unity.timeline/Editor/StyleSheets/Images/Icons/d_TrackMarkerButtonDisabled.png using Guid(b3644a971cca0bd4eb357cb9aca4dde1) (TextureImporter) -> (artifact id: '670e635345de1bc76bc0802cf6266076') in 0.002413292 seconds
Start importing Packages/com.meta.xr.sdk.core/Editor/InputActions/Icons/ovr_icon_stylus.png using Guid(b39d22d9bd629424491bc31d51b2d9a0) (TextureImporter) -> (artifact id: '43d07e174a1330b4c8173d7d8bd6785b') in 0.00494575 seconds
Start importing Packages/com.unity.ai.navigation/EditorResources/Overlay/d_NavigationOverlay On@64.png using Guid(b3cd430fb0ffe164fa829262bb9e1d4b) (TextureImporter) -> (artifact id: '47e6345c8d4bb5486d4d861845e3d837') in 0.007826042 seconds
Start importing Packages/com.unity.timeline/Editor/StyleSheets/Images/Icons/TrackMarkerButtonEnabled@2x.png using Guid(c35a22ede3f5feb488bf69587ddc36ed) (TextureImporter) -> (artifact id: '38e89c709863aaa6567b6ef152fda4a1') in 0.002798125 seconds
Start importing Packages/com.meta.xr.sdk.core/Editor/BuildingBlocks/Animations/bb_outline_02.png using Guid(c3dddeff90af1e84497f7197f61cc5f4) (TextureImporter) -> (artifact id: 'aeeceb6b6e9b2294dcd415f42e554f97') in 0.011087042 seconds
Start importing Packages/com.unity.timeline/Editor/StyleSheets/Images/DarkSkin/TimelinePingPong.png using Guid(d3b5c4f7d6b94f64085b3713bffa680e) (TextureImporter) -> (artifact id: '17b78246b64c51010eded352ae002a37') in 0.004394958 seconds
Start importing Packages/com.meta.xr.sdk.core/Editor/BuildingBlocks/Icons/ovr_bg_radius4.png using Guid(d30dd905e94d4ea47aa7c7103eea4af9) (TextureImporter) -> (artifact id: '84e058b3513277ce65482c98bce36231') in 0.003677792 seconds
Start importing Packages/com.unity.ugui/Editor Resources/Textures/SectionHeader_Light.psd using Guid(e3b0f810fdea84e40ab4ba20f256f7e8) (TextureImporter) -> (artifact id: '5cd6a83dcf2ae9e6804933e8d48d6d27') in 0.004041458 seconds
Start importing Packages/com.unity.ai.navigation/EditorResources/Overlay/NavigationOverlay.png using Guid(e3f0b16456276c94aab8bd6664208dc3) (TextureImporter) -> (artifact id: 'e299da08692a05b9aed0e67d3e0066d8') in 0.004268875 seconds
Start importing Packages/com.meta.xr.sdk.core/Scripts/ImmersiveDebugger/UserInterface/Resources/Textures/error_icon.png using Guid(e3fd51c9b85e4e648869e165e2d055c4) (TextureImporter) -> (artifact id: 'e85246383d7866051789807e70aad2ae') in 0.005018458 seconds
Start importing Packages/com.meta.xr.sdk.core/Scripts/ImmersiveDebugger/UserInterface/Resources/Textures/eye_icon.png using Guid(f370e1e1d6d453944ad4eef495d46a4c) (TextureImporter) -> (artifact id: '4a002ffacb71622369dc7d4150250b31') in 0.005814666 seconds
Start importing Packages/com.meta.xr.sdk.core/Scripts/ImmersiveDebugger/UserInterface/Resources/Textures/toggle_off.png using Guid(f304d76740531394b8e88c127a34e922) (TextureImporter) -> (artifact id: '78a28b0736baa077886b57299aaf6e12') in 0.004339333 seconds
Start importing Packages/com.meta.xr.sdk.core/Editor/Guide/Icons/meta_icon.png using Guid(f3e4a01389254b447bad47318e36833b) (TextureImporter) -> (artifact id: '3a9153720f200e372e8ebe8edfa9f744') in 0.00876625 seconds
Start importing Packages/com.meta.xr.sdk.core/Editor/BuildingBlocks/BlockData/Haptics/Textures/bb_thumb_haptics.jpg using Guid(04042d87cf8e13c47b463f262729e2ee) (TextureImporter) -> (artifact id: 'fc5538d1f00bea4ccb81caf39ff97352') in 0.202728 seconds
Start importing Packages/com.meta.xr.sdk.core/Scripts/ImmersiveDebugger/UserInterface/Resources/Textures/caret_down_icon.png using Guid(040cec7a13fa36c47bc7f06246a841b7) (TextureImporter) -> (artifact id: 'b7a5370b643843060c6f6afd6e23c4ba') in 0.020354 seconds
Start importing Packages/com.meta.xr.sdk.core/Editor/Icons/ovr_radiobutton.png using Guid(14a4819307e909b46bdab8dab538ed47) (TextureImporter) -> (artifact id: '1abd5518049e5ec44ef4563733f5a15c') in 0.002405833 seconds
Start importing Packages/com.unity.ai.navigation/EditorResources/Overlay/NavigationOverlay@256.png using Guid(1497075210b6dcd4c8f31ecfc6c5c79c) (TextureImporter) -> (artifact id: '613a050b6d89db0d949b7ed8718dda8d') in 0.036133584 seconds
Start importing Packages/com.unity.timeline/Editor/StyleSheets/Images/Icons/d_TimelineCollapseMarkerButtonEnabled.png using Guid(2446ee609b613cd4e9142ccc55cb7c43) (TextureImporter) -> (artifact id: 'f1da70d5df51c61f851dec6f7879700f') in 0.002688334 seconds
Start importing Packages/com.unity.timeline/Editor/StyleSheets/Images/LightSkin/TimelineMarkerItem.png using Guid(24b97c67b63a23b48bea4036d28a5818) (TextureImporter) -> (artifact id: '6193aaea6134937f9be4c86c4bdcda53') in 0.002785958 seconds
Start importing Packages/com.meta.xr.sdk.core/Editor/Icons/sdk_Icons/mono/audio_icon.png using Guid(34a239f301a0c9f4eb5b79d34c16bc2d) (TextureImporter) -> (artifact id: '58885d47b4f63aa702ec12a533527278') in 0.002866709 seconds
Start importing Packages/com.unity.inputsystem/InputSystem/Editor/Icons/d_Axis.png using Guid(34f9452ba2ee14c0b9c976800caef571) (TextureImporter) -> (artifact id: '1bb45b38c4097e6b09dac82e5bd69c10') in 0.00179 seconds
Start importing Packages/com.unity.ugui/Editor Resources/Textures/btn_AlignRight.psd using Guid(342a0f8aca7f4f0691338912faec0494) (TextureImporter) -> (artifact id: '734894ca90b33bfe40654c412ff257a2') in 0.002478291 seconds
Start importing Packages/com.meta.xr.sdk.core/Editor/Icons/sdk_Icons/aio_icon.png using Guid(4403bd37b20e7574890fef4a0ce5099d) (TextureImporter) -> (artifact id: '492d83d2836c7affa502d25c0456c106') in 0.014803333 seconds
Start importing Packages/com.unity.ai.navigation/EditorResources/Overlay/NavigationOverlay On@128.png using Guid(44837f46c53a42246a6de7fa161e0d00) (TextureImporter) -> (artifact id: 'ae2384fb39cdebe03ec2cc5b10650d2e') in 0.014154541 seconds
Start importing Packages/com.unity.timeline/Editor/StyleSheets/Images/Icons/TrackAvatarButtonDisabled.png using Guid(54623075676bd504d93243fb18745161) (TextureImporter) -> (artifact id: '70e3d75c9d6197c03e47fac44082705d') in 0.00263975 seconds
Start importing Packages/com.unity.inputsystem/InputSystem/Editor/Icons/d_Interactive Binding@3x.png using Guid(542599ad529004327a7b18f7b2a4aeb8) (TextureImporter) -> (artifact id: '900b1e2f0ca384a89e4efa31d3e266ce') in 0.001790208 seconds
Start importing Packages/com.meta.xr.sdk.core/Editor/Textures/Spinner/Spinner_03.png using Guid(64a10c12b48400f46bd608fff44e7b05) (TextureImporter) -> (artifact id: '67ee9c3d29f09f37097bdb9bd73f9325') in 0.003066083 seconds
Start importing Packages/com.meta.xr.sdk.core/Textures/MetaQuestTouchPlus/MetaQuestTouchPlus_Left_BaseColor_AO_AlphaRoughness.png using Guid(6418748e9d0ad7644ae0f0586c655804) (TextureImporter) -> (artifact id: 'fb4cc03c380d8839b23e631c1b4178dc') in 2.890574125 seconds
Start importing Packages/com.unity.ugui/Editor Resources/Textures/btn_AlignFlush_Light.psd using Guid(64b9fad609434c489c32b1cdf2004a1c) (TextureImporter) -> (artifact id: 'e2836aa424b8fdee26b161dd18a93e40') in 0.003222625 seconds
Start importing Packages/com.unity.ai.navigation/EditorResources/Overlay/d_NavigationOverlay On@256.png using Guid(642f7453935154b44afc516c07b1d009) (TextureImporter) -> (artifact id: '7551e4e9f7afd8738d0cc049d502f6a4') in 0.036162959 seconds
Start importing Packages/com.meta.xr.sdk.core/Editor/Icons/sdk_Icons/mono/movement_icon.png using Guid(745d5c8836981e74bace4046c8fc848f) (TextureImporter) -> (artifact id: 'c0f6a64274accda3575439c3c41c18df') in 0.004479875 seconds
Start importing Packages/com.meta.xr.sdk.core/Textures/OculusTouchForRift/touchController_controlmap.tga using Guid(8469e5158ec88094497effdf524ee900) (TextureImporter) -> (artifact id: 'a1084b610872a22fbe8a145a27b96dab') in 0.1284525 seconds
Start importing Packages/com.unity.inputsystem/InputSystem/Editor/Icons/d_Touch.png using Guid(94fa2e214a138425e8afbbe1329e0b55) (TextureImporter) -> (artifact id: '6b3d027112d9bdfca6acd57e06ce24d8') in 0.005410209 seconds
Start importing Packages/com.unity.inputsystem/InputSystem/Editor/AssetEditor/PackageResources/pro/actionTreeBackgroundWithoutBorder.png using Guid(943deaaee9c9347e0a455aa208526c42) (TextureImporter) -> (artifact id: 'bd371f757e7bc29edd9c629fd3bf6393') in 0.002000042 seconds
Start importing Packages/com.unity.timeline/Editor/StyleSheets/Images/Icons/Timeline-Marker-Warning-Overlay.png using Guid(945f4ecec6df62244b9ebcc363833642) (TextureImporter) -> (artifact id: 'a9975710a904c7257dc8e45ab18fc33a') in 0.005276459 seconds
Start importing Packages/com.unity.inputsystem/InputSystem/Editor/Icons/Joystick@3x.png using Guid(a4610f64a5a4e4625b1ddbd44b04c5a6) (TextureImporter) -> (artifact id: '85fe1fd3a0918e79c2ed5b3ce3133eac') in 0.002488875 seconds
Start importing Packages/com.unity.inputsystem/InputSystem/Editor/Icons/TrackedPoseDriver.png using Guid(a4d5a38cb01e9c54aa75431f797059cb) (TextureImporter) -> (artifact id: '4ce8f60414d1d2ea908b6d4e1eb9d397') in 0.002771959 seconds
Start importing Packages/com.unity.inputsystem/InputSystem/Editor/Icons/d_Add Binding.png using Guid(a4bbff684804d4c84b61cd0256cd2360) (TextureImporter) -> (artifact id: '9ac495b42c8bfe980f01b977eceab7eb') in 0.002089875 seconds
Start importing Packages/com.unity.inputsystem/InputSystem/Editor/Icons/Position@3x.png using Guid(a43c2c10c85c448b584c8f2840f86915) (TextureImporter) -> (artifact id: 'c65d04fae7de7aaf72a7cfd3970a417a') in 0.00182875 seconds
Start importing Packages/com.meta.xr.sdk.core/Editor/Guide/Textures/ovr_banner.png using Guid(a44c8dce179e3e845b90d7676518497b) (TextureImporter) -> (artifact id: '4ea9f53b0e24e5d82354ff11d5b6dfe3') in 0.051212333 seconds
Start importing Packages/com.unity.inputsystem/InputSystem/Editor/Icons/Stick@3x.png using Guid(a4deca3e01bf64bfc9136f4cb3b41c9f) (TextureImporter) -> (artifact id: 'e0cf6753453862eefd0248e1753c47f1') in 0.001985833 seconds
Start importing Packages/com.unity.inputsystem/InputSystem/Editor/Icons/d_InputControl@2x.png using Guid(c4235c4abfa134435bd4c8c1f8fd8c56) (TextureImporter) -> (artifact id: 'd89414f18e11812d6a5baf534494d17c') in 0.001495792 seconds
Start importing Packages/com.unity.inputsystem/InputSystem/Editor/AssetEditor/PackageResources/pro/actionTreeBackground.png using Guid(c4b66e31395c54087a2fbc13ae7e0f3c) (TextureImporter) -> (artifact id: 'ee355de679e7baed3ce86a7efa691d41') in 0.001339875 seconds
Start importing Packages/com.unity.inputsystem/InputSystem/Editor/Icons/ChevronUp@4x.png using Guid(c4f7551c56dfb47a7a105b6579646d2f) (TextureImporter) -> (artifact id: '15599012807afa20a7b0d24e73b6f0cd') in 0.001695833 seconds
Start importing Packages/com.meta.xr.sdk.core/Editor/Textures/mqdh_icon.png using Guid(c4ad52725d16842dd8385d0264dda36c) (TextureImporter) -> (artifact id: '32150ec5d244106bfe0a6f1f04fcc2ed') in 0.118298417 seconds
Start importing Packages/com.meta.xr.sdk.core/Editor/MetaWand/Icons/metawand_mini.png using Guid(c49f41f33cb52d04f9ffb35852245927) (TextureImporter) -> (artifact id: 'e48bc036a0d38f8b6610dfe48efd1357') in 0.004220041 seconds
Start importing Packages/com.meta.xr.sdk.core/Editor/Icons/sdk_Icons/mono/anchor_icon.png using Guid(d445377271c0ee941b96143af687536c) (TextureImporter) -> (artifact id: '6eec4d8bc34ba4f8ccebdad6c85d5420') in 0.012084708 seconds
Start importing Packages/com.unity.timeline/Editor/StyleSheets/Images/Icons/TimelineClipBG.png using Guid(d44fc8b11425e0043aa7c20a301ce707) (TextureImporter) -> (artifact id: '1d4cf6f571e365159256dc4327b241db') in 0.008915542 seconds
Start importing Packages/com.unity.ai.navigation/Gizmos/NavMeshSurface Icon.png using Guid(e4f97225bcfb64760a1c81f460837f01) (TextureImporter) -> (artifact id: 'e51ca8addd298342230ae58f8f5bdc26') in 0.007557375 seconds
Start importing Packages/com.unity.inputsystem/InputSystem/Editor/Icons/d_ChevronUp@4x.png using Guid(e46ad23216d074f828f3437b21912c64) (TextureImporter) -> (artifact id: '4115d72494f2446366ecfa5846df101b') in 0.001915542 seconds
Start importing Packages/com.unity.inputsystem/InputSystem/Editor/Icons/d_Interactive Binding@4x.png using Guid(f4e6ca70dd9734da1a812be882c6364e) (TextureImporter) -> (artifact id: '87b80f19705889518c936807b7ec08bf') in 0.003818375 seconds
Start importing Packages/com.meta.xr.sdk.core/Editor/Textures/Spinner/Spinner_06.png using Guid(f41cf46779ce1e247be5d8fa0897f99b) (TextureImporter) -> (artifact id: '0858c61e49c6c695f87665eabf27d0e6') in 0.0024095 seconds
Start importing Packages/com.meta.xr.sdk.core/Editor/Icons/download.png using Guid(0565b7da5651a774fa08adfd495078f3) (TextureImporter) -> (artifact id: 'c5c55802411f77bba25d590bfbb65a4f') in 0.002334459 seconds
Start importing Packages/com.unity.inputsystem/InputSystem/Editor/Icons/Mouse@3x.png using Guid(05bbafd21bf3c4cca93cb8ddfbbd4070) (TextureImporter) -> (artifact id: 'c75966d3c674998d57b8edfa08305fbe') in 0.003237833 seconds
Start importing Packages/com.unity.timeline/Editor/StyleSheets/Images/Icons/TimelineSignal.png using Guid(15845fb26c2846947b4dedb9fb348cc1) (TextureImporter) -> (artifact id: 'bc2b8eb1d77e93262d14bb080cdb3e13') in 0.001679792 seconds
Start importing Packages/com.unity.ai.navigation/EditorResources/Overlay/NavigationOverlay On@64.png using Guid(151753cf3d5916d4fbf624668c268675) (TextureImporter) -> (artifact id: '95c06fda7091734bd27fc225de5a42fd') in 0.007665917 seconds
Start importing Packages/com.unity.inputsystem/InputSystem/Editor/Icons/ChevronDown@2x.png using Guid(153c8e15f7f6c452ca50f6795813ed39) (TextureImporter) -> (artifact id: '54f102ec0fc692ed11667b0d18832501') in 0.002640041 seconds
Start importing Packages/com.meta.xr.sdk.core/Scripts/ImmersiveDebugger/UserInterface/Resources/Textures/warning_icon.png using Guid(25f195953a5441849b801692dcdeba97) (TextureImporter) -> (artifact id: '32e8872096226d7048c0906bedbb6d70') in 0.003586709 seconds
Start importing Packages/com.unity.inputsystem/InputSystem/Editor/Icons/d_Position@2x.png using Guid(2552e303d22424da2ad62552efbd06e8) (TextureImporter) -> (artifact id: 'a4adb216bef9d7bd698949beabf3ec3e') in 0.001696375 seconds
Start importing Packages/com.unity.timeline/Editor/StyleSheets/Images/DarkSkin/TimelineActivation.png using Guid(359cf58d5969d1a4aad29b095c7fc338) (TextureImporter) -> (artifact id: 'c7e43f65c567aa6c3f812e54bd38d19f') in 0.001486625 seconds
Start importing Packages/com.unity.ugui/Editor Resources/Textures/btn_AlignCenterGeo_Light.psd using Guid(35ff0937876540d3bd4b6a941df62a92) (TextureImporter) -> (artifact id: '3833994e5fd35eb47417c30739852997') in 0.001644084 seconds
Start importing Packages/com.meta.xr.sdk.core/Editor/Guide/Icons/ovr_info.png using Guid(4577a126956f8d348ad58f1fb4b8e269) (TextureImporter) -> (artifact id: 'b61ded0f386fe02256ec0b822f02018d') in 0.011898667 seconds
Start importing Packages/com.unity.inputsystem/InputSystem/Editor/Icons/d_Stick.png using Guid(55040e210fa9b426b861a26909ab4de7) (TextureImporter) -> (artifact id: 'cb9808f4e792853dd08aa2d9c2c900a3') in 0.001639583 seconds
Start importing Packages/com.meta.xr.sdk.core/Textures/bar_background_semi_rounded.png using Guid(5526903be7994124dae39fe89a67ebcc) (TextureImporter) -> (artifact id: '263ce3bd4309b0bbf67e6af8b8dc8536') in 0.005381625 seconds
Start importing Packages/com.meta.xr.sdk.core/Editor/Icons/ovr_icon_reload.png using Guid(65837d3c48f3d694ba5eae35bb5241c8) (TextureImporter) -> (artifact id: '34323f12c5e1a2ccee912adcc9dda017') in 0.0030805 seconds
Start importing Packages/com.meta.xr.sdk.core/Editor/BuildingBlocks/Icons/ovr_bb_icon.png using Guid(6557dba7c7035a3448c0583098600c6c) (TextureImporter) -> (artifact id: 'bfb2cbf36c6fdc21a7441a303991f5ff') in 0.004559292 seconds
Start importing Packages/com.unity.timeline/Editor/StyleSheets/Images/Shared/Timeline-Marker-Multi-Overlay.png using Guid(75f26f1c549568c4e9950a368bd08cb8) (TextureImporter) -> (artifact id: 'ea8225f8960ad180de7f1f855e7e85d3') in 0.001787333 seconds
Start importing Packages/com.unity.inputsystem/InputSystem/Editor/Icons/Gamepad@4x.png using Guid(7543bb6341c2140f292c8c852e7a3bbf) (TextureImporter) -> (artifact id: '79fe5bc973eae636a75f828461c4d42f') in 0.001509167 seconds
Start importing Packages/com.meta.xr.sdk.core/Scripts/ImmersiveDebugger/UserInterface/Resources/Textures/expand_icon.png using Guid(851b57887c97a574999a49d21718319f) (TextureImporter) -> (artifact id: 'a17058cb77974ec275e3c23dd8c84c4d') in 0.003272334 seconds
Start importing Packages/com.unity.timeline/Editor/StyleSheets/Images/Icons/TrackCurvesButtonEnabled.png using Guid(9589d5d9eb09dec43b2ad51af4e78b1e) (TextureImporter) -> (artifact id: '6116b665a29706f8a05d21e1444d0619') in 0.001636459 seconds
Start importing Packages/com.unity.inputsystem/InputSystem/Editor/Icons/Add Binding.png using Guid(958a10dec4f3a4764bb345b0aa03510b) (TextureImporter) -> (artifact id: '5f0ecbc24bfd0ee3253c6cc115f4f78f') in 0.001412459 seconds
Start importing Packages/com.unity.timeline/Editor/StyleSheets/Images/DarkSkin/TimelineSignalSelected.png using Guid(a5e21f4e466690645980dd0cf0b664bc) (TextureImporter) -> (artifact id: 'f9ac1436dddca492de757a9db28afce3') in 0.00201325 seconds
Start importing Packages/com.meta.xr.sdk.core/Editor/OVRProjectSetup/Icons/ovr_icon_category_neutral.png using Guid(a5c6b8a6ed5d33749ac1f5783e1675f2) (TextureImporter) -> (artifact id: '4c59ed65ebd5107e395a5983767abdd2') in 0.002524792 seconds
Start importing Packages/com.meta.xr.sdk.core/Textures/OculusTouchForQuestAndRiftS/OculusQuestTouchControllerTexture.tga using Guid(a53d1d4e8207acf45b310f189c342b70) (TextureImporter) -> (artifact id: '3c300088a7f3e6cdd04618c2cf1d3250') in 0.44021275 seconds
Start importing Packages/com.meta.xr.sdk.core/Textures/Logos/OculusLogo.png using Guid(a56d69833b6471340bd0029e57449b72) (TextureImporter) -> (artifact id: 'e22670faa2914a86835f1fb01565f8c1') in 0.00541125 seconds
Start importing Packages/com.meta.xr.mrutilitykit/Editor/BuildingBlocks/FindSpawnPositions/Textures/findSpawnPositions.png using Guid(b5c5be7e0b904844aa95ba4b9a80d254) (TextureImporter) -> (artifact id: '30a75eef5578469caef3d9a46ac3d8ed') in 0.18671625 seconds
Start importing Packages/com.meta.xr.sdk.core/Editor/MetaWand/Icons/metawand.png using Guid(b53ae218b6843ad4d9b0f81f7a37a483) (TextureImporter) -> (artifact id: 'e73491380a321da45bb077390660f697') in 0.003719667 seconds
Start importing Packages/com.unity.timeline/Editor/StyleSheets/Images/Icons/TimelineEditModeRippleON.png using Guid(c5c1f094d9a9b3f4c9cc6c3a87af871c) (TextureImporter) -> (artifact id: '76931e68dd4f71c5e339463548516b48') in 0.001926167 seconds
Start importing Packages/com.meta.xr.sdk.core/Editor/BuildingBlocks/Icons/ovr_icon_download.png using Guid(c586018950d40664784457f6025fac43) (TextureImporter) -> (artifact id: '445d00f70420e541602b5f8571166cb0') in 0.002269416 seconds
Start importing Packages/com.unity.inputsystem/InputSystem/Editor/Icons/d_Position.png using Guid(c5bdeae4dabac4bf19f7a1afcf5ca678) (TextureImporter) -> (artifact id: 'baa858d35b7d1281d87472fce8006ddd') in 0.00152975 seconds
Start importing Packages/com.meta.xr.sdk.core/Editor/BuildingBlocks/BlockData/VirtualKeyboard/Textures/bb_thumb_virtualkeyboard.jpg using Guid(d5377891cf6386b4a9337b2fb62b1e80) (TextureImporter) -> (artifact id: 'f6ca73fd7ef07c5534c6959817891f35') in 0.007915417 seconds
Start importing Packages/com.unity.timeline/Editor/StyleSheets/Images/Icons/d_TrackCurvesButtonDisabled.png using Guid(d55a54a15106e3f418a43134888f2211) (TextureImporter) -> (artifact id: '35b42102373461d5dcd49329bcee2ffb') in 0.00216725 seconds
Start importing Packages/com.unity.timeline/Editor/StyleSheets/Images/Shared/TimelineSwatch.png using Guid(e50018fd67fc156459e4014bdad3f5f6) (TextureImporter) -> (artifact id: '6d61c7f368819421f9210104cbe5286e') in 0.001697875 seconds
Start importing Packages/com.unity.timeline/Editor/StyleSheets/Images/Icons/d_TrackMuteButtonEnabled@2x.png using Guid(e54e20c7a9730fe4c822d63228527ae4) (TextureImporter) -> (artifact id: 'fca3909f87924760644f52d684a1fa38') in 0.0015655 seconds
Start importing Packages/com.meta.xr.sdk.core/Editor/Icons/ovr_radiobutton_selected.png using Guid(f5981a9e55859ec45ad7bba9619d8595) (TextureImporter) -> (artifact id: '03a266eb2bb796eb554aa0bdd35ef105') in 0.001465667 seconds
Start importing Packages/com.unity.inputsystem/InputSystem/Editor/Icons/Joystick@4x.png using Guid(f58c918f135bd4b8abe5fdb06bda7f4d) (TextureImporter) -> (artifact id: '35d684c733305fc2c181490c7540910a') in 0.00155325 seconds
Start importing Packages/com.unity.inputsystem/InputSystem/Editor/Icons/Stick@4x.png using Guid(f5ace3d653812436a812bebfe7f9a242) (TextureImporter) -> (artifact id: '600a4aacb01f9b235cb16913cde075a5') in 0.00171575 seconds
Start importing Packages/com.unity.ai.navigation/EditorResources/Overlay/d_NavigationOverlay@256.png using Guid(f5dd88efd8622424998bf5326c5421eb) (TextureImporter) -> (artifact id: '306ce8bc7f02b8c5eeca17ee18a215b7') in 0.036161667 seconds
Start importing Packages/com.unity.ugui/Editor Resources/Textures/btn_AlignMiddle_Light.psd using Guid(066619c9c9c84f89acb1b48c11a7efe2) (TextureImporter) -> (artifact id: '4bb2fed00aa54af54c2756f02b407435') in 0.0026845 seconds
Start importing Packages/com.unity.inputsystem/InputSystem/Editor/Icons/d_ChevronDown.png using Guid(06ad495fb07444736b59782982d96250) (TextureImporter) -> (artifact id: '90a37dc1db1c7a107b0adb3681f165e2') in 0.002024833 seconds
Start importing Packages/com.meta.xr.sdk.core/Textures/OculusTouchForRift/touchController_albedo.png using Guid(063f7a502a7e06e428090710e8286b2b) (TextureImporter) -> (artifact id: 'f31b421b511e0b147027d9374497d30d') in 3.313148125 seconds
Start importing Packages/com.unity.timeline/Editor/StyleSheets/Images/Icons/d_TimelineSelector.png using Guid(06bf6150656339941aa98e175a995445) (TextureImporter) -> (artifact id: 'ffbd88c45b4ddd95997f52a0bd2ecd1d') in 0.004787791 seconds
Start importing Packages/com.meta.xr.sdk.core/Editor/Icons/ovr_icon_sidebar.png using Guid(1624d1475dba39d46a5a33694887514a) (TextureImporter) -> (artifact id: '9650ded2e456b2d26e79e3555a24de6d') in 0.005569875 seconds
Start importing Packages/com.unity.inputsystem/InputSystem/Editor/Icons/d_Mouse.png using Guid(264ffc05d7d2841d5a6065854b6282ca) (TextureImporter) -> (artifact id: '8d0a622b0c1a2f042ef1e2f4f88b9edb') in 0.00373825 seconds
Start importing Packages/com.meta.xr.sdk.core/Scripts/ImmersiveDebugger/UserInterface/Resources/Textures/icon_background_02.png using Guid(36567a5bd7bff6043909dd4fef323cab) (TextureImporter) -> (artifact id: '5c84eb48818f18d5cc3782ff8b447bae') in 0.004007792 seconds
Start importing Packages/com.meta.xr.sdk.core/Scripts/ImmersiveDebugger/UserInterface/Resources/Textures/minimize_icon.png using Guid(365a3b4e508fcef42863ed4bedffd3ed) (TextureImporter) -> (artifact id: '9038ce056734437a4e15a3cde4a61fc1') in 0.004849 seconds
Start importing Packages/com.unity.timeline/Editor/StyleSheets/Images/DarkSkin/TimelineLoop.png using Guid(360dded8761e81d4d98c10f469d55492) (TextureImporter) -> (artifact id: '2ab556cbb7b58e1adb64632c6d30a34b') in 0.003022167 seconds
Start importing Packages/com.meta.xr.sdk.core/Scripts/ImmersiveDebugger/UserInterface/Resources/Textures/notice_icon.png using Guid(365e4cb5e6c49dc4cadcc9eb2f3057ed) (TextureImporter) -> (artifact id: 'd41b3a6e5fb11a62a1945e55ef436fec') in 0.004860208 seconds
Start importing Packages/com.meta.xr.sdk.core/Editor/ImmersiveDebugger/Icons/ovr_icon_inspect.png using Guid(56f26e1a664e09549971c9c656fa86e8) (TextureImporter) -> (artifact id: '98180fb7ddc8f69dddc47350c7f5ac0d') in 0.0025355 seconds
Start importing Packages/com.unity.inputsystem/InputSystem/Editor/Icons/Position.png using Guid(5684eb521fa99491e9061de682d1622e) (TextureImporter) -> (artifact id: 'ca75d8f1f7e734fa796036eec8588d72') in 0.002651959 seconds
Start importing Packages/com.meta.xr.mrutilitykit/Core/Textures/SpaceMapGPU.png using Guid(66f900de077201e439e789d69e676228) (TextureImporter) -> (artifact id: '57a38fa0bc12850949e7a240b140d608') in 0.010755125 seconds
Start importing Packages/com.meta.xr.sdk.core/Editor/Icons/ovr_icon_bug.png using Guid(66ebdb1a1469f66469249a72d7082b35) (TextureImporter) -> (artifact id: 'ee40aa6d11d22300ed33622639117c14') in 0.004408334 seconds
Start importing Packages/com.meta.xr.sdk.core/Editor/BuildingBlocks/Icons/ovr_bg_border_radius8.png using Guid(7652df035ad6dea4382f9dffbb76ffa0) (TextureImporter) -> (artifact id: 'bfdf00e72865c84c38b7c6c5f0f39320') in 0.003108292 seconds
Start importing Packages/com.meta.xr.sdk.core/Editor/BuildingBlocks/Icons/bb_icon_close.png using Guid(76f80c1838e725a4fa7e9377d7f0dd3e) (TextureImporter) -> (artifact id: 'd5df5b3868ef26811c0cc31f12eeb411') in 0.007441584 seconds
Start importing Packages/com.unity.inputsystem/InputSystem/Editor/Icons/d_Gamepad.png using Guid(76dc61ff6c2d84b24b0a2ce01dc2842d) (TextureImporter) -> (artifact id: '06ef91519beb3d474ba84b96e596c13c') in 0.011319625 seconds
Start importing Packages/com.unity.inputsystem/InputSystem/Editor/Icons/Add Binding@4x.png using Guid(862c5ca31844d4a6d9aa804af982ce65) (TextureImporter) -> (artifact id: 'eb14cfc56c2034514c02886034fc6ab4') in 0.00261675 seconds
Start importing Packages/com.meta.xr.sdk.core/Scripts/ImmersiveDebugger/UserInterface/Resources/Textures/hierarchy_icon.png using Guid(9683f1d72d28108459e918388eab8449) (TextureImporter) -> (artifact id: '6b7065e9d83a1199fe132d6fd255d913') in 0.005984292 seconds
Start importing Packages/com.unity.inputsystem/InputSystem/Editor/Icons/d_Pen@2x.png using Guid(96f7582a52a6843c09e0c71617e94f2d) (TextureImporter) -> (artifact id: '11f733d6443de12655e5de813ecceafb') in 0.002665958 seconds
Start importing Packages/com.unity.ai.navigation/EditorResources/Overlay/d_NavigationOverlay On@16.png using Guid(96c9a57d95a712d44978703ea9dd7f4e) (TextureImporter) -> (artifact id: '7febc11f454df5ec4b81add1e19bfdc4') in 0.006373875 seconds
Start importing Packages/com.meta.xr.sdk.core/Editor/BuildingBlocks/BlockData/RoomModel/Textures/Checker.png using Guid(a691417de3d6c284497171b688bac703) (TextureImporter) -> (artifact id: '638dcf675729f5bef11fb0d8cbfb35e1') in 0.013777459 seconds
Start importing Packages/com.unity.collections/Unity.Collections.PerformanceTests/PerformanceTestFrameworkOutputListAdd.png using Guid(a6ecd2aa79759e64ba59ab5f51d661ac) (TextureImporter) -> (artifact id: 'd92e3b3b3c261e24660565cc32650699') in 0.127496125 seconds
Start importing Packages/com.unity.ai.navigation/Gizmos/NavMeshModifier Icon.png using Guid(b642c6bf23e624e23ad11b3e1d471932) (TextureImporter) -> (artifact id: '021a4023e483ae7a248cd808634b1f34') in 0.006759375 seconds
Start importing Packages/com.meta.xr.sdk.core/Editor/BuildingBlocks/Thumbnails/Collections/default.png using Guid(b664332af86314444b66edcee8edcbab) (TextureImporter) -> (artifact id: '30e04feb17f93c98fe78badfdc20e17e') in 0.006182541 seconds
Start importing Packages/com.unity.timeline/Editor/StyleSheets/Images/LightSkin/TimelineMarkerItemSelected.png using Guid(b6e9dc9aad5843748a0124b8925c3743) (TextureImporter) -> (artifact id: '40ac7f2816ec7ef180554140d3ce418f') in 0.002834583 seconds
Start importing Packages/com.meta.xr.sdk.core/Editor/BuildingBlocks/BlockData/AIBlocks/ObjectDetection/textures/bb_thumb_object _detection.png using Guid(b6ca6d636988e1b429bfbd7c703402dc) (TextureImporter) -> (artifact id: 'e005f74fadda6f0615b7de06048f15d5') in 0.160484375 seconds
Start importing Packages/com.unity.inputsystem/InputSystem/Editor/Icons/d_Dpad.png using Guid(b60b9eb0384c345c89435d0982a6e4fd) (TextureImporter) -> (artifact id: 'e232d047ff01d5ef40da2a6547f4e1e4') in 0.003299666 seconds
Start importing Packages/com.meta.xr.sdk.core/Editor/BuildingBlocks/Animations/bb_outline_05.png using Guid(b62ea05aab642a84aa10dda65834bf55) (TextureImporter) -> (artifact id: '887b20fc90fe49647234f2fe1be914bd') in 0.021606708 seconds
Start importing Packages/com.unity.timeline/Editor/StyleSheets/Images/Icons/TrackRecordButtonEnabled.png using Guid(c6a0c6226c05f954fa6cd03aebb4d255) (TextureImporter) -> (artifact id: 'aed6878fb669d1ce5992764bf5bba472') in 0.00451025 seconds
Start importing Packages/com.unity.timeline/Editor/StyleSheets/Images/LightSkin/TimelineAutokey_active@2x.png using Guid(f6717d61970edba4686c297677881a77) (TextureImporter) -> (artifact id: '97d18e103c05b909c2685ccc4dbf3254') in 0.002005167 seconds
Start importing Packages/com.meta.xr.sdk.core/Scripts/ImmersiveDebugger/UserInterface/Resources/Textures/shift_icon.png using Guid(f61a8ec5c53caa842ac01acee8fba8b3) (TextureImporter) -> (artifact id: '9512a739592f39ce94acb28e19386dd6') in 0.004641333 seconds
Start importing Packages/com.meta.xr.sdk.core/Textures/gaze_cursor.png using Guid(077028084dceb584798dade6c58d1978) (TextureImporter) -> (artifact id: 'e1f26167a14a11c21af17a6bbe78246b') in 0.013188291 seconds
Start importing Packages/com.meta.xr.sdk.core/Editor/BuildingBlocks/BlockData/AIBlocks/TextToSpeech/Textures/bb_thumb_ai_tts.png using Guid(0790af3af816dea428a26f393b90977c) (TextureImporter) -> (artifact id: '0218bfc457b6118716979aa1b3e7b475') in 0.1650595 seconds
Start importing Packages/com.meta.xr.sdk.core/Editor/Guide/Textures/ovr_xr_sim.png using Guid(0788e03d34feec24da0f901e70993201) (TextureImporter) -> (artifact id: '5aa45035885ded4691cebc94a79773bc') in 0.015281166 seconds
Start importing Packages/com.unity.collections/Unity.Collections.PerformanceTests/PerformanceTestFrameworkOutputFixedSize.png using Guid(079c3d43b74823a41bb33198b8221c23) (TextureImporter) -> (artifact id: '8398057092de914c493c62bc57f66483') in 0.249942166 seconds
Start importing Packages/com.meta.xr.sdk.core/Textures/microgestures_bar_background.png using Guid(078fde569b9ba7146ab80cbad7ca35ac) (TextureImporter) -> (artifact id: '8a2c93f6a125a7e0ea33f1850fc2c835') in 0.006780708 seconds
Start importing Packages/com.unity.timeline/Editor/StyleSheets/Images/Shared/TimelineWarning.png using Guid(1732e542f535d374bbfa7565fc78414e) (TextureImporter) -> (artifact id: '0d65f02198c57a08346f7b6ec940bbca') in 0.00413425 seconds
Start importing Packages/com.unity.inputsystem/InputSystem/Editor/Icons/d_Pen@3x.png using Guid(17b3fef87d666459d860ad88452862da) (TextureImporter) -> (artifact id: 'e5be94908203dd19ab1227cd0d380e13') in 0.009136708 seconds
Start importing Packages/com.meta.xr.sdk.core/Scripts/ImmersiveDebugger/UserInterface/Resources/Textures/bin_icon.png using Guid(1765075aab1561e4ba556833a673e04e) (TextureImporter) -> (artifact id: '944a81ec4097228b01bb80f12ea8a872') in 0.004941875 seconds
Start importing Packages/com.meta.xr.sdk.core/Editor/BuildingBlocks/BlockData/AIBlocks/SpeechToText/Textures/bb_thumb_ai_stt.png using Guid(1778cdaced7699146aed6d0554cfa950) (TextureImporter) -> (artifact id: '5f76fadf56944c83f7542f4789817381') in 0.157185417 seconds
Start importing Packages/com.unity.inputsystem/InputSystem/Editor/Icons/Gamepad.png using Guid(17c8753d0e5e24194b06404851be7f13) (TextureImporter) -> (artifact id: '83a2c5e29df7070037872f0c0498f0dc') in 0.002274541 seconds
Start importing Packages/com.meta.xr.sdk.core/Editor/BuildingBlocks/Icons/ovr_bb_sqr_back.png using Guid(17dfbad93fe658c4f81fe0b8809ad59c) (TextureImporter) -> (artifact id: '2bbe66bc8a6c095425a2dc5a1f8ac350') in 0.002800083 seconds
Start importing Packages/com.meta.xr.sdk.core/Textures/MetaQuestTouchPro/controller_l_lo_Normal.png using Guid(2771258a413ee134ab18726bc0362e4d) (TextureImporter) -> (artifact id: '8e76a9258e50cfe203ba12aa59c20879') in 0.949870834 seconds
Start importing Packages/com.unity.inputsystem/InputSystem/Editor/Icons/d_Axis@2x.png using Guid(27163f3cda5b9431d928f2b33eeb5cf1) (TextureImporter) -> (artifact id: 'f9caa400a0a4f51412c3eb50851cf3d4') in 0.003177875 seconds
Start importing Packages/com.unity.inputsystem/InputSystem/Editor/Icons/d_Joystick@2x.png using Guid(27fa98be5deb54cbf9c11ffc540272b2) (TextureImporter) -> (artifact id: 'c158ec08624066a1642d1162feaf663e') in 0.001930334 seconds
Start importing Packages/com.meta.xr.sdk.core/Editor/Icons/ovr_icon_pill.png using Guid(27bed237a429f964088ed9cc5acfa0d8) (TextureImporter) -> (artifact id: 'e5cbd96bc400f07e80f14810f47d50dc') in 0.002149584 seconds
Start importing Packages/com.meta.xr.sdk.core/Editor/BuildingBlocks/Animations/bb_outline_08.png using Guid(37b36a602d2bd604fb7a7ca6e7b4ff49) (TextureImporter) -> (artifact id: 'f9cbabc14aca30680fd7bf639973c538') in 0.007251416 seconds
Start importing Packages/com.meta.xr.sdk.core/Editor/Icons/meta_icon_large.png using Guid(3706497d9ade03b44b12d9c7556f5d60) (TextureImporter) -> (artifact id: '9b073ef85b06b968cae51d57e591bd92') in 0.004193375 seconds
Start importing Packages/com.meta.xr.sdk.core/Editor/Icons/sdk_Icons/mono/core_icon.png using Guid(3749982526f05ab4f8734115c948425d) (TextureImporter) -> (artifact id: '43e65cda8c106548ad8edb84d7562aab') in 0.003033166 seconds
Start importing Packages/com.meta.xr.sdk.core/Editor/BuildingBlocks/BlockData/MultiplayerBlocks/Shared/Textures/bb_thumb_localmatchmaking.jpg using Guid(37ace9aacc61a4405a43bb89992f2baf) (TextureImporter) -> (artifact id: 'da95e6650934a54eeaa8a0e84bd16834') in 0.062634541 seconds
Start importing Packages/com.unity.inputsystem/InputSystem/Editor/AssetEditor/PackageResources/yellow.png using Guid(47cf506b4219343519083fe1c0b8fc9c) (TextureImporter) -> (artifact id: '82c3c3ffa4971751a7bf0e2b20b79abc') in 0.002172375 seconds
Start importing Packages/com.meta.xr.sdk.core/Editor/BuildingBlocks/BlockData/MultiplayerBlocks/Shared/Textures/bb_thumb_custommatchmaking.jpg using Guid(57b03d0a194a60e439ec9b413a2148ad) (TextureImporter) -> (artifact id: '225d912274f68281c5e5a7c74e6a7ecc') in 0.052541458 seconds
Start importing Packages/com.unity.inputsystem/InputSystem/Editor/Icons/ChevronUp@2x.png using Guid(57dfdce0eaf2f48a9bd9e60e920e446b) (TextureImporter) -> (artifact id: '176ecc08dfac85bf194ddfc168b35b64') in 0.002194042 seconds
Start importing Packages/com.unity.timeline/Editor/StyleSheets/Images/Icons/d_TimelineEditModeRippleON.png using Guid(67a774c4384aa6c488128e2851b18ced) (TextureImporter) -> (artifact id: '39745417e8ff6f00d399f5ff0dc8a840') in 0.001835834 seconds
Start importing Packages/com.unity.timeline/Editor/StyleSheets/Images/Icons/d_TrackMarkerButtonDisabled@2x.png using Guid(77d926c9a4ddcc940b8c000b45cbfb35) (TextureImporter) -> (artifact id: 'b73b6a3195eed7dd847570b9697c5733') in 0.003033375 seconds
Start importing Packages/com.unity.inputsystem/InputSystem/Editor/Icons/Keyboard@2x.png using Guid(87ae93efe5d3b4262995b0acdc987d88) (TextureImporter) -> (artifact id: '478d0ad74181098281e1af18c25bc7f3') in 0.00296 seconds
Start importing Packages/com.unity.inputsystem/InputSystem/Editor/Icons/Mouse@2x.png using Guid(9721efa02e520488d96c36460fe7e4a6) (TextureImporter) -> (artifact id: '52ec1b831ee26e517a3410e0eac7b9c5') in 0.001955541 seconds
Start importing Packages/com.meta.xr.sdk.core/Editor/BuildingBlocks/Animations/bb_outline_07.png using Guid(a743f349118878d45b7b78c71abb2aa2) (TextureImporter) -> (artifact id: 'e1c6d4b35bc0620e56cf3c07fd1d180c') in 0.008940083 seconds
Start importing Packages/com.meta.xr.mrutilitykit/Editor/BuildingBlocks/RoomGuardian/Textures/roomGuardian.png using Guid(a7f4c54f9844aef41a0f9c29c538e084) (TextureImporter) -> (artifact id: '8520d2e3fd36c3637c3f4f6a67aca774') in 0.179925333 seconds
Start importing Packages/com.meta.xr.sdk.core/Editor/BuildingBlocks/Icons/ovr_icon_hidden.png using Guid(a787c8e4775ddb64496bcf4a995fd61a) (TextureImporter) -> (artifact id: 'd89b04cc888dbc67d80e14f20920e4cb') in 0.002322583 seconds
Start importing Packages/com.unity.timeline/Editor/StyleSheets/Images/LightSkin/TimelineIconClipOut.png using Guid(a7a968b204ed77c4ba90be3ef3ee8551) (TextureImporter) -> (artifact id: 'e215aa855fbb1db0ae5189519ca09808') in 0.002153375 seconds
Start importing Packages/com.unity.ugui/Editor Resources/Gizmos/TMP - Dropdown Icon.psd using Guid(a7ec9e7ad8b847b7ae4510af83c5d868) (TextureImporter) -> (artifact id: 'a7900f98f4f5ec336cca2bd4504d6b5c') in 0.003300375 seconds
Start importing Packages/com.unity.ugui/Editor Resources/Textures/btn_AlignCenterGeo.psd using Guid(c76700ea0062413d9f69409b4e9e151b) (TextureImporter) -> (artifact id: 'fa62e6a383a8d959c60b18443b32cb85') in 0.002002542 seconds
Start importing Packages/com.meta.xr.sdk.core/Scripts/ImmersiveDebugger/UserInterface/Resources/Textures/compress_icon.png using Guid(c7a98ee624e845e43bfd4912414de2b5) (TextureImporter) -> (artifact id: '213fb319e5cade78dcd9420c2ac06855') in 0.003581375 seconds
Start importing Packages/com.unity.timeline/Editor/StyleSheets/Images/LightSkin/TimelineLoop.png using Guid(c7df1e797b21c774f9b859d17f674737) (TextureImporter) -> (artifact id: 'c08c085ae6267eae8d6c6f2074b11690') in 0.001892875 seconds
Start importing Packages/com.meta.xr.sdk.core/Scripts/ImmersiveDebugger/UserInterface/Resources/Textures/icon_background.png using Guid(d7208c116513cfb42be02397e2c5167e) (TextureImporter) -> (artifact id: '5aad0569f27d54edac17b013626569d8') in 0.003291875 seconds
Start importing Packages/com.unity.inputsystem/InputSystem/Editor/AssetEditor/PackageResources/pink.png using Guid(d7b144323984d4298924c65ed071dea1) (TextureImporter) -> (artifact id: '5eb52d9819b929d4b0543be570abe9f4') in 0.002292791 seconds
Start importing Packages/com.unity.inputsystem/InputSystem/Editor/Icons/Dpad@4x.png using Guid(d7073cfe15a1a48bfb7ff59225052484) (TextureImporter) -> (artifact id: '175a6cf6e93cd6095aa36a2d5539c65f') in 0.001801375 seconds
Start importing Packages/com.meta.xr.sdk.core/Editor/Textures/Spinner/Spinner_04.png using Guid(d78df55e6450fbf4ab78ab09056aedb7) (TextureImporter) -> (artifact id: '299fb25f949d7ef128eeae145ebcc781') in 0.002138625 seconds
Start importing Packages/com.meta.xr.sdk.core/Editor/Icons/copy.png using Guid(e77af740b94a6c14e983954aeb7d100f) (TextureImporter) -> (artifact id: 'a4a34771710827a84a3333568f1d7657') in 0.004508459 seconds
Start importing Packages/com.meta.xr.sdk.core/Editor/Icons/ovr_icon_error.png using Guid(e72e9eea6010f3e49bd3ce52695520b5) (TextureImporter) -> (artifact id: 'a9545ebc6659c4444c7b5b5aeb9464c8') in 0.001930458 seconds
Start importing Packages/com.unity.inputsystem/InputSystem/Editor/Icons/d_Touch@3x.png using Guid(e77ee65b5139048949dc0ac5614efeec) (TextureImporter) -> (artifact id: '9a36fddc5901f7b5bd270fd89ebe25ef') in 0.001599333 seconds
Start importing Packages/com.unity.inputsystem/InputSystem/Editor/Icons/Dpad.png using Guid(e76f0489d4db34a2fbc3532e07f2848a) (TextureImporter) -> (artifact id: '980600b59d9b93a96be7453e784edcdb') in 0.002106666 seconds
Start importing Packages/com.unity.ai.navigation/EditorResources/Overlay/NavigationOverlay On@32.png using Guid(f7a3e2b3beab29040bc1a68f0ad0045c) (TextureImporter) -> (artifact id: 'bbb781b56f5e19f26b917178a55aff0a') in 0.00488425 seconds
Start importing Packages/com.unity.timeline/Editor/StyleSheets/Images/DarkSkin/TimelineContinue.png using Guid(f747f9cdf03f2ff418fe728a77e8cbef) (TextureImporter) -> (artifact id: '7efba4655d17ee6fb43aeb6f20d18941') in 0.001973292 seconds
Start importing Packages/com.meta.xr.sdk.core/Editor/Utils/Notifications/textures/notifications_gradient_neutral.png using Guid(08f439bb4f3532f47bcab19909b2f2fc) (TextureImporter) -> (artifact id: 'e8f3c778508229f848338d2f93fc09b3') in 0.001929167 seconds
Start importing Packages/com.meta.xr.sdk.core/Scripts/ImmersiveDebugger/UserInterface/Resources/Textures/categories_icon.png using Guid(089532af84b4a104abd5ee312d1fdf32) (TextureImporter) -> (artifact id: '3122eed246c506012d9c955f1d052b69') in 0.003439958 seconds
Start importing Packages/com.unity.inputsystem/InputSystem/Editor/Icons/InputControl@4x.png using Guid(08c99f7c2a7fa410d8567323e32ad5f5) (TextureImporter) -> (artifact id: 'b1a87015ff6ee3bc8349d1f8b6427d0f') in 0.003128167 seconds
Start importing Packages/com.unity.inputsystem/InputSystem/Editor/Icons/Joystick@2x.png using Guid(18e45e1f11fae429c80c200cca8e0b4c) (TextureImporter) -> (artifact id: '77e322ef5c2cdb118e0113c80b39b7f2') in 0.001880125 seconds
Start importing Packages/com.unity.ugui/Editor Resources/Textures/btn_AlignBaseLine_Light.psd using Guid(18775b51e3bd42299fd30bd036ea982f) (TextureImporter) -> (artifact id: '96f3fb27b01c3cc5c4f9cd3ea7bd4a85') in 0.001845875 seconds
Start importing Packages/com.unity.timeline/Editor/StyleSheets/Images/DarkSkin/TimelineAutokey_active@2x.png using Guid(183f7b7549219ab47becb461a16df882) (TextureImporter) -> (artifact id: '879fc1e3ab14c98f0a0ed82c5971338b') in 0.0014955 seconds
Start importing Packages/com.unity.timeline/Editor/StyleSheets/Images/LightSkin/TimelineActivation.png using Guid(2887294cc7f1fe840bff6e349409648d) (TextureImporter) -> (artifact id: '509cda87405246975d8c498e3fb78882') in 0.001674417 seconds
Start importing Packages/com.meta.xr.mrutilitykit/Editor/BuildingBlocks/SceneDebugger/Textures/sceneDebugger.png using Guid(38f69350382be7f4887ee22dcc0d4b2c) (TextureImporter) -> (artifact id: '6888957e27c7d09ca3bb162768bdc300') in 0.19215625 seconds
Start importing Packages/com.unity.ugui/Editor Resources/Textures/btn_AlignTop.psd using Guid(48d034c499ee4697af9dd6e327110249) (TextureImporter) -> (artifact id: 'd1d43e93d6f56bbb71b4c30cb863f6ca') in 0.00236075 seconds
Start importing Packages/com.unity.inputsystem/InputSystem/Editor/Icons/Touch.png using Guid(588041e6f0efb43489b38677e0aac58f) (TextureImporter) -> (artifact id: '9b63dcff4e3c7e96c6ff545f5b063109') in 0.001637208 seconds
Start importing Packages/com.unity.inputsystem/InputSystem/Editor/Icons/Stick@2x.png using Guid(5881d226463a047cb8db57c9cb0ebc0f) (TextureImporter) -> (artifact id: '04278733febb91cf78d6fe3894ce9d76') in 0.00160875 seconds
Start importing Packages/com.unity.inputsystem/InputSystem/Editor/Icons/Dpad@2x.png using Guid(5806833d077654e5784b7cbf3e722f58) (TextureImporter) -> (artifact id: 'd89730a1131f15323300a9a0eb6a003a') in 0.001427834 seconds
Start importing Packages/com.unity.ugui/Editor Resources/Textures/btn_AlignBottom_Light.psd using Guid(585b70cb75dd43efbfead809c30a1731) (TextureImporter) -> (artifact id: '47a24b854fa6f75c6c93b1e1872dac40') in 0.00191875 seconds
Start importing Packages/com.unity.timeline/Editor/StyleSheets/Images/LightSkin/TimelinePingPong.png using Guid(88d697f38121de443ba144702e5122d9) (TextureImporter) -> (artifact id: 'ecc4fdb3280b3b1c06fa40c11484a49c') in 0.002054333 seconds
Start importing Packages/com.unity.inputsystem/InputSystem/Editor/Icons/ChevronDown@3x.png using Guid(985cbca1705a64c80b370afdb30b3ee7) (TextureImporter) -> (artifact id: 'd8743892401dea200e634cea1caca975') in 0.001520458 seconds
Start importing Packages/com.unity.timeline/Editor/StyleSheets/Images/Icons/TimelineEditModeMixON.png using Guid(a82846d41464fcf4b962ebdc815963f5) (TextureImporter) -> (artifact id: '0339a146f34cd99f7d10cda0e08994da') in 0.002547625 seconds
Start importing Packages/com.unity.inputsystem/InputSystem/Editor/Icons/d_ChevronUp@2x.png using Guid(a89bfcdeffde84e7ebf930d44b695435) (TextureImporter) -> (artifact id: '160e42b87f57ba27661058a9ca431668') in 0.00253125 seconds
Start importing Packages/com.unity.timeline/Editor/StyleSheets/Images/LightSkin/TimelineSignalCollapsed.png using Guid(a88fa20ed164bbe4da6bf533f94a3113) (TextureImporter) -> (artifact id: '80232e9bdf6298eae39fddc05eddec7d') in 0.002304875 seconds
Start importing Packages/com.meta.xr.sdk.core/Editor/Icons/sdk_Icons/interaction_icon.png using Guid(b8d1cef53887fa8439664091388fa24d) (TextureImporter) -> (artifact id: 'c04f02d0316c8febd38c547f334db018') in 0.00319175 seconds
Start importing Packages/com.unity.timeline/Editor/StyleSheets/Images/Icons/TrackLockButtonEnabled@2x.png using Guid(b8c531b4e51e4994a81837c4e9b0d649) (TextureImporter) -> (artifact id: '659f7c017c39317a7c8a025ae8cc12bd') in 0.002010166 seconds
Start importing Packages/com.unity.ai.navigation/EditorResources/Overlay/d_NavigationOverlay On@32.png using Guid(b8a654e77ffbbcd4abdda7fdb70fbb9e) (TextureImporter) -> (artifact id: 'b8f776e1f970027e04f5c3337241bb57') in 0.005598166 seconds
Start importing Packages/com.unity.timeline/Editor/StyleSheets/Images/Icons/TimelineCollapseMarkerButtonDisabled.png using Guid(b80d5b6acdfbc114b9efab6295fd96c1) (TextureImporter) -> (artifact id: '300f7f8657b6b7d5bbe0d6d21c14b86c') in 0.001879167 seconds
Start importing Packages/com.meta.xr.sdk.core/Editor/BuildingBlocks/BlockData/MultiplayerBlocks/PhotonFusion/PlayerVoiceChat/Textures/bb_thumb_networkedplayervoicechat.jpg using Guid(d8946f5c2e9b1430e902d6a90753f7d1) (TextureImporter) -> (artifact id: '31e2022cfa2fc218f7fb7868fae4c996') in 0.054970208 seconds
Start importing Packages/com.unity.inputsystem/InputSystem/Editor/Icons/d_Joystick@4x.png using Guid(d88596134c72c47b99d7d55583f4c6bf) (TextureImporter) -> (artifact id: 'e1692542f564b6eb16b7adbf5c574eb8') in 0.002151958 seconds
Start importing Packages/com.meta.xr.sdk.core/Editor/Icons/sdk_Icons/core_icon.png using Guid(d88676e24b0c65d4abe9e1bdba77611f) (TextureImporter) -> (artifact id: '190070830db57781233ac701cd73cf25') in 0.002830375 seconds
Start importing Packages/com.meta.xr.sdk.core/Scripts/ImmersiveDebugger/UserInterface/Resources/Textures/move_icon.png using Guid(d8ae9fb21d28683468f714f6353fbfb0) (TextureImporter) -> (artifact id: '867455398344f8f7e65afefa7f04fe38') in 0.004465458 seconds
Start importing Packages/com.unity.timeline/Editor/StyleSheets/Images/Icons/d_TrackLockButtonEnabled.png using Guid(e8aa120f1b4731e43a2dd31eb70bbbe2) (TextureImporter) -> (artifact id: '4cc98673ac87cb5ef8450eaf6eb1b155') in 0.00152225 seconds
Start importing Packages/com.unity.inputsystem/InputSystem/Editor/Icons/d_Button@2x.png using Guid(0962795d1cafc460b9027de55b1c0a80) (TextureImporter) -> (artifact id: '38ef40bd3bc3241bb8cd3f8e4f872e4a') in 0.001443708 seconds
Start importing Packages/com.meta.xr.sdk.core/Editor/Icons/sdk_Icons/mono/multiplayer_icon.png using Guid(09462aa45d244304f82cbc1fcc823715) (TextureImporter) -> (artifact id: 'e1067e9bc2b78908967d344ab5fc09f7') in 0.003119916 seconds
Start importing Packages/com.meta.xr.sdk.core/Editor/Icons/ovr_icon_update.png using Guid(09f628bcc055d6c419da907668a0f083) (TextureImporter) -> (artifact id: '8ed616a69d099f7e676bfc91cb4e2745') in 0.00221775 seconds
Start importing Packages/com.unity.timeline/Editor/StyleSheets/Images/Icons/TimelineEditModeReplaceOFF.png using Guid(09ae14686a02d484ab41e76fd1efba14) (TextureImporter) -> (artifact id: '9cfde396317c0ef37672047358c6132b') in 0.001565458 seconds
Start importing Packages/com.unity.inputsystem/InputSystem/Editor/Icons/d_Mouse@4x.png using Guid(1918e7bff8ff44878a0003977ca03971) (TextureImporter) -> (artifact id: 'f1d94241071697fa17448a9be704581c') in 0.003702458 seconds
Start importing Packages/com.unity.timeline/Editor/StyleSheets/Images/Icons/TrackMarkerButtonDisabled@2x.png using Guid(193dae938a3136440b693b45a2494737) (TextureImporter) -> (artifact id: 'ee2a891bc9ed19d65d563346065cceb7') in 0.0016915 seconds
Start importing Packages/com.meta.xr.mrutilitykit/Tests/Textures/Unity_Room_001.png using Guid(29bdc8e4df856db44b77005008602acf) (TextureImporter) -> (artifact id: '224ff56ddde1f6fa742f8ec68bece1f2') in 0.024177875 seconds
Start importing Packages/com.meta.xr.sdk.core/Editor/Icons/ovr_checkbox_selected.png using Guid(291e0a7e7d61798499ce95bcde6b3beb) (TextureImporter) -> (artifact id: '73e5a1237eca8723065d6eb9b44b2a60') in 0.001987333 seconds
Start importing Packages/com.unity.timeline/Editor/StyleSheets/Images/Icons/d_TimelineEditModeMixOFF.png using Guid(39d9575ed0465354cb02b69ea18526de) (TextureImporter) -> (artifact id: 'a9d47263072456e9d0497e6736c1ef9d') in 0.002340542 seconds
Start importing Packages/com.unity.inputsystem/InputSystem/Editor/Icons/d_InputControl.png using Guid(399cd90f4e31041e692a7d3a8b1aa4d0) (TextureImporter) -> (artifact id: 'a9cae76d71a5b5b0ba16d5266bd751bd') in 0.0018305 seconds
Start importing Packages/com.unity.ugui/Editor Resources/Textures/btn_AlignCapLine_Light.psd using Guid(49679f302ac6408697f6b9314a38985c) (TextureImporter) -> (artifact id: '7516991172b99c5c9a3d550d83bc3cda') in 0.001723667 seconds
Start importing Packages/com.unity.timeline/Editor/StyleSheets/Images/Icons/TrackRecordButtonDisabled.png using Guid(495998c718a094540bbe57ae5ab07647) (TextureImporter) -> (artifact id: 'd9308e1404f91fa42f32ae5c45288a96') in 0.001431958 seconds
Start importing Packages/com.meta.xr.sdk.core/Editor/BuildingBlocks/BlockData/PassthroughCameraVisualizer/Textures/bb_thumb_pca_visualizer.png using Guid(5910d1cecce5f3f4a99b72631827a115) (TextureImporter) -> (artifact id: '1206786a3fbbefe3f0f19a9dd7af8ed5') in 0.124048125 seconds
Start importing Packages/com.meta.xr.sdk.core/Editor/Icons/ovr_checkbox.png using Guid(59e24492e87738f4bbf78f638abe7666) (TextureImporter) -> (artifact id: '4db775d4a273fbbd79febef647f4fbb2') in 0.002581167 seconds
Start importing Packages/com.unity.timeline/Editor/StyleSheets/Images/LightSkin/TimelineEndPlayback.png using Guid(6952cd3b0f88917449a8fa4d19fc5009) (TextureImporter) -> (artifact id: 'c297ef9effb731d2ac3da239c62b361f') in 0.002226 seconds
Start importing Packages/com.unity.ugui/Editor Resources/Textures/btn_AlignFlush.psd using Guid(691475c57a824010be0c6f474caeb7e1) (TextureImporter) -> (artifact id: 'ad3005419cdc1e2024fab200a5846cd2') in 0.001933166 seconds
Start importing Packages/com.unity.timeline/Editor/StyleSheets/Images/LightSkin/TimelineInfiniteTrackNoShadow.png using Guid(69ff79f863a32ad44a9497d4896d9d1c) (TextureImporter) -> (artifact id: 'fac125f3678474aa959f65ca09f21ed6') in 0.001795959 seconds
Start importing Packages/com.meta.xr.sdk.core/Textures/gaze_cursor_timer.tga using Guid(79a33e7a7166c6142ad50f46a9a23d3e) (TextureImporter) -> (artifact id: 'c5ce1e7060279d235890e78d9c832722') in 0.002263417 seconds
Start importing Packages/com.meta.xr.sdk.core/Textures/color_ramp_timer.tga using Guid(8929c8bc5148a624b8c9d6df0ee6f0ca) (TextureImporter) -> (artifact id: 'da68478012d10b6e1b5bdc68ddddd474') in 0.002577584 seconds
Start importing Packages/com.meta.xr.sdk.core/Editor/BuildingBlocks/BlockData/Cube/Textures/bb_thumb_cube.jpg using Guid(99a9adb7dbf96f84f8a3b5ee1042e4e0) (TextureImporter) -> (artifact id: 'd3c44c04c85b79c85fe55d448698ac96') in 0.00577075 seconds
Start importing Packages/com.unity.inputsystem/InputSystem/Editor/Icons/Axis@4x.png using Guid(a940917cc397643afb071010cb2143d9) (TextureImporter) -> (artifact id: '4fe9c0a086003f0b68d810fbbe7b6acc') in 0.0024575 seconds
Start importing Packages/com.meta.xr.sdk.core/Editor/Textures/Spinner/Spinner_01.png using Guid(a9b8751d2cc7a274cb089ecea60b3dd8) (TextureImporter) -> (artifact id: '47eed40fceb6ec823605282472c589a4') in 0.002161292 seconds
Start importing Packages/com.meta.xr.sdk.core/Editor/Icons/sdk_Icons/mono/passthrough_icon.png using Guid(a99cf20fef8c0b04fb88fd0036d20f0a) (TextureImporter) -> (artifact id: '5a3230baa4ce63ff987d4468cb6e7927') in 0.002485083 seconds
Start importing Packages/com.meta.xr.sdk.core/Editor/Icons/ovr_icon_cog.png using Guid(a98e835fb7d77694b9e11d6e74e318b5) (TextureImporter) -> (artifact id: '3f53a8fe981061f79fb58b4f40d6f823') in 0.00148625 seconds
Start importing Packages/com.unity.inputsystem/InputSystem/Editor/Icons/ChevronUp.png using Guid(a9fe7c3d19af4432b9ae2a5172f4ea72) (TextureImporter) -> (artifact id: '1092c0d108ebfeda7d304658ce5594e5') in 0.001416083 seconds
Start importing Packages/com.meta.xr.sdk.core/Scripts/ImmersiveDebugger/UserInterface/Resources/Textures/panel_background.png using Guid(c961697d198d60c49a13800fcf897b36) (TextureImporter) -> (artifact id: '61d6a987d6770d7a7a8bd40aaebaee08') in 0.006102583 seconds
Start importing Packages/com.meta.xr.sdk.core/Editor/Icons/sdk_Icons/mono/scene_icon.png using Guid(c991be8aefa712244b3126e3fd5ca8b6) (TextureImporter) -> (artifact id: '7dd42e2fc9a68664a2a4d60137e128c4') in 0.0035485 seconds
Start importing Packages/com.unity.inputsystem/InputSystem/Editor/Icons/d_Orientation.png using Guid(c933c2bcad7ef46309fde7c1cf11b39a) (TextureImporter) -> (artifact id: 'e7484f0d0976520c55f7a90a1487f09a') in 0.00210125 seconds
Start importing Packages/com.unity.inputsystem/InputSystem/Editor/Icons/Position@4x.png using Guid(c998b283038914e699477f514ecb31ac) (TextureImporter) -> (artifact id: '33c4508278aab6c0a834728dd32f1443') in 0.024095833 seconds
Start importing Packages/com.meta.xr.sdk.core/Editor/BuildingBlocks/Animations/bb_outline_03.png using Guid(c91f1eb70a4bdfb4490ddb0b55d7870d) (TextureImporter) -> (artifact id: 'c2cfd07da543edaaf89794c004b8aed6') in 0.007915584 seconds
Start importing Packages/com.unity.timeline/Editor/StyleSheets/Images/DarkSkin/TimelineSignalCollapsed.png using Guid(d91793cd853a258448e4d5545bb38e45) (TextureImporter) -> (artifact id: '4c078477e5fd828721d6312fc6ec604d') in 0.002554041 seconds
Start importing Packages/com.meta.xr.sdk.core/Textures/MetaQuestTouchPro/controller_l_lo_BaseColor.png using Guid(d9ad590bd590c2d47b7034bbfc26813b) (TextureImporter) -> (artifact id: '71d393e2e95cd07653387f32a46ed6c3') in 2.397595417 seconds
Start importing Packages/com.meta.xr.sdk.core/Editor/BuildingBlocks/BlockData/RoomModel/Textures/bb_thumb_roommodel.jpg using Guid(e9e12fd1a426e804eb879518b6202ed8) (TextureImporter) -> (artifact id: '14e6b0f34737fffb0ee2c3c30537f3a3') in 0.008457833 seconds
Start importing Packages/com.unity.ai.navigation/EditorResources/Overlay/NavigationOverlay@32.png using Guid(f9a2f623ba32a844da6de770f5ccf17f) (TextureImporter) -> (artifact id: '053d8cbcc3634584a72313c9f78b444d') in 0.004316 seconds
Start importing Packages/com.unity.timeline/Editor/StyleSheets/Images/LightSkin/TimelineKeyframe.png using Guid(f9fd2f335364cda41937eab39bf20049) (TextureImporter) -> (artifact id: 'a253cc6e6f7a61e99d09ea00fed42b30') in 0.002256916 seconds
Start importing Packages/com.meta.xr.mrutilitykit/Editor/BuildingBlocks/InstantContentPlacement/Textures/bb_thumb_instantcontentplacement.png using Guid(0aa8fdc06ed7df8478c8911a432173da) (TextureImporter) -> (artifact id: 'ecfc9d4e3a8895c686252a531f32e5a4') in 0.07222125 seconds
Start importing Packages/com.unity.inputsystem/InputSystem/Editor/Icons/d_Pen@4x.png using Guid(0aec7c7bf99354f66bc2a1d18bd0b4d2) (TextureImporter) -> (artifact id: 'f96e81f84379c923040c935ec54b5f85') in 0.00360875 seconds
Start importing Packages/com.unity.timeline/Editor/StyleSheets/Images/LightSkin/TimelineAutokey_active.png using Guid(0a5e3e063c4e1ab45999cf6e40c13c07) (TextureImporter) -> (artifact id: 'd8e4414575821fadfea1b0261a0d8b53') in 0.002311208 seconds
Start importing Packages/com.unity.timeline/Editor/StyleSheets/Images/LightSkin/TimelineSignalSelected.png using Guid(1a7852b1b33b816498b6af1e739f5995) (TextureImporter) -> (artifact id: '7da2a333cf39f8847e635a6f1c902c8f') in 0.0025685 seconds
Start importing Packages/com.meta.xr.sdk.core/Editor/BuildingBlocks/BlockData/SharedSpatialAnchorCore/Textures/bb_thumb_ssa.jpg using Guid(2a52470dda46ac64788ce268d26170e2) (TextureImporter) -> (artifact id: '88f41b60d8559237dc6b245d9dc04b96') in 0.071680833 seconds
Start importing Packages/com.meta.xr.sdk.core/Editor/Icons/sdk_Icons/mono/aio_icon.png using Guid(2ac397fcc775f6748939b61f7dd4be6b) (TextureImporter) -> (artifact id: 'b7194189d60fa8250afe75b5e1897d08') in 0.003322583 seconds
Start importing Packages/com.unity.inputsystem/InputSystem/Editor/Icons/Button.png using Guid(2a5d0a7febdc741039abf135883517e5) (TextureImporter) -> (artifact id: 'd6ab959599fd98f6f5480647eb7b610e') in 0.001929708 seconds
Start importing Packages/com.meta.xr.sdk.core/Editor/BuildingBlocks/BlockData/EyeGaze/Textures/bb_thumb_eyegaze.jpg using Guid(3aba4c4778b69ce4397e3883bbfb9c65) (TextureImporter) -> (artifact id: 'f9049ad7050216ae960b2ecf7d319dc5') in 0.005412542 seconds
Start importing Packages/com.unity.inputsystem/InputSystem/Editor/Icons/Gamepad@3x.png using Guid(4ae0b2f68c2464272b1b10105262b09b) (TextureImporter) -> (artifact id: '4f53f114fa109839d945c81f5d0752d3') in 0.002593334 seconds
Start importing Packages/com.meta.xr.sdk.core/Editor/Icons/ovr_icon_meta_white.png using Guid(4ad2774222eef7c418f869d5e948bd88) (TextureImporter) -> (artifact id: 'ca9ced8893af2d3a436555e4a942d999') in 0.001871667 seconds
Start importing Packages/com.unity.inputsystem/InputSystem/Editor/Icons/d_Add Binding@4x.png using Guid(4a0ce0eda6ee74c669b13104649e1313) (TextureImporter) -> (artifact id: '156f92cce38e4e218f6f208c409d37a2') in 0.002828416 seconds
Start importing Packages/com.unity.inputsystem/InputSystem/Editor/AssetEditor/PackageResources/personal/foldoutBackground.png using Guid(5ab69704aa4984b49bc426da72fabbed) (TextureImporter) -> (artifact id: 'cb429fb644b77f4e83bff538fa55a3ae') in 0.001644833 seconds
Start importing Packages/com.unity.inputsystem/InputSystem/Editor/Icons/Keyboard.png using Guid(5a5b9538c3aaa4587856e68a93a92a51) (TextureImporter) -> (artifact id: 'e1318158a4dfc3ba7beca7f3868b6143') in 0.001393416 seconds
Start importing Packages/com.meta.xr.sdk.core/Editor/BuildingBlocks/BlockData/SampleSpatialAnchorController/Textures/bb_thumb_samplespatialanchorcontroller.jpg using Guid(5a9d3959d5cc6c346bf7998612a568a6) (TextureImporter) -> (artifact id: '481d96bf1e360f2416bea65b92fe5b6d') in 0.006290334 seconds
Start importing Packages/com.unity.timeline/Editor/StyleSheets/Images/Icons/d_TrackMuteButtonDisabled.png using Guid(6ab002208ec290544b44bc263dc58a95) (TextureImporter) -> (artifact id: 'd4fbc088414bb277d01c4a3ed95faa6b') in 0.00167025 seconds
Start importing Packages/com.unity.inputsystem/InputSystem/Editor/Icons/MultiplayerEventSystem@64.png using Guid(6a237171e2346e3458db37eb0f90d42b) (TextureImporter) -> (artifact id: 'f20a9d5e749cdf19049705d57d66e23f') in 0.002159042 seconds
Start importing Packages/com.meta.xr.sdk.core/Editor/Icons/sdk_Icons/mono/haptics_icon.png using Guid(6a374eed1fcb445408bd08d346110222) (TextureImporter) -> (artifact id: 'd11e2a48957b9cfee3ed52ab5775d8ea') in 0.002889292 seconds
Start importing Packages/com.unity.ai.navigation/EditorResources/Overlay/d_NavigationOverlay.png using Guid(6a986a181c9bc6043b057a3d15edbaad) (TextureImporter) -> (artifact id: 'c156e956632d2af4913e4386605f2607') in 0.002571625 seconds
Start importing Packages/com.unity.ugui/Editor Resources/Textures/btn_AlignCenter_Light.psd using Guid(6ace62d30f494c948b71d5594afce11d) (TextureImporter) -> (artifact id: '8a9f20c0b7b37e9bbe5218ea6736f6bd') in 0.001789625 seconds
Start importing Packages/com.meta.xr.sdk.core/Editor/Guide/Textures/ovr_develop_02.jpg using Guid(7ae592bc19aae4b4baf7fdf7de5c4212) (TextureImporter) -> (artifact id: '62ed1e7ef1c5bfccfacc99146f00dc2a') in 0.003741667 seconds
Start importing Packages/com.meta.xr.sdk.core/Editor/BuildingBlocks/BlockData/AlertViewHUD/Textures/icon_error.png using Guid(7a29e7d49a68af045bb7256ccad50103) (TextureImporter) -> (artifact id: '0b49c5fe2fee3a4d459c07531a872113') in 0.006530833 seconds
Start importing Packages/com.unity.inputsystem/InputSystem/Editor/Icons/Touch@3x.png using Guid(9ad5d5b6a25b749e78b4950eae0a8ec2) (TextureImporter) -> (artifact id: '9adbc8c4bc19654ff863d91f63550960') in 0.001913292 seconds
Start importing Packages/com.unity.inputsystem/InputSystem/Editor/Icons/Button@4x.png using Guid(aa356632480554016ab8f4200032981b) (TextureImporter) -> (artifact id: '7ba49f0c1d59c61d4407f0186f7a3fc0') in 0.001661 seconds
Start importing Packages/com.meta.xr.sdk.core/Scripts/ImmersiveDebugger/UserInterface/Resources/Textures/rotate_icon.png using Guid(aa07d14bb6bb11245965a5a57219d12d) (TextureImporter) -> (artifact id: 'ff9a810912b466b87f3cea6b64bb954d') in 0.00330975 seconds
Start importing Packages/com.unity.inputsystem/InputSystem/Editor/AssetEditor/PackageResources/personal/propertiesBackground.png using Guid(aa4c2360f910d46f497f75b4b6677358) (TextureImporter) -> (artifact id: '9aac14cfb9930dff40257724572ddff2') in 0.001624 seconds
Start importing Packages/com.unity.inputsystem/InputSystem/Editor/Icons/ChevronDown.png using Guid(ba304f5556a3a4fac98d126883083e7e) (TextureImporter) -> (artifact id: 'cbbdb35fa02aa9a1e7540a8b92b7f1a4') in 0.001513375 seconds
Start importing Packages/com.meta.xr.sdk.core/Editor/BuildingBlocks/BlockData/AIBlocks/LLM/Textures/DebugImage.png using Guid(ba234129451db284baa574c1678e21ac) (TextureImporter) -> (artifact id: 'ddbebf1f81701f5c91349d19334482ad') in 0.05954375 seconds
Start importing Packages/com.unity.ugui/Editor Resources/Textures/btn_AlignBottom.psd using Guid(ca51b19024094d1b87f3e07edb0a75fb) (TextureImporter) -> (artifact id: '2370a407a3c2d7959f461a0a83bb5dd3') in 0.001994875 seconds
Start importing Packages/com.unity.inputsystem/InputSystem/Editor/Icons/d_Add Binding@3x.png using Guid(ca933a91c81734ddd88b17c8481ec1e9) (TextureImporter) -> (artifact id: '51b5f82d9504c01994fe432df24ee0c3') in 0.001499708 seconds
Start importing Packages/com.unity.inputsystem/InputSystem/Editor/Icons/Interactive Binding@3x.png using Guid(cac8742b1b72b44699fd1663287ca47d) (TextureImporter) -> (artifact id: '58d85f544e1f741535850eafec6291a9') in 0.001527583 seconds
Start importing Packages/com.unity.inputsystem/InputSystem/Editor/Icons/d_Orientation@2x.png using Guid(cae83450c8b18499c8c0239edf8bcc31) (TextureImporter) -> (artifact id: 'd42c5e63bf968b2ddaea677b524bd415') in 0.001490167 seconds
Start importing Packages/com.meta.xr.sdk.core/Editor/Guide/Icons/ovr_bullet.png using Guid(dab18177eef03d947876924e480bc73d) (TextureImporter) -> (artifact id: '10cd8b4871cf7df5402d0b16abb1fd1a') in 0.00461975 seconds
Start importing Packages/com.unity.inputsystem/InputSystem/Editor/Icons/d_Mouse@2x.png using Guid(daa9ba527d8a34b218224b8287ce11d3) (TextureImporter) -> (artifact id: '19bdfafd3b5ba8007ca41bb1a57ae507') in 0.00169775 seconds
Start importing Packages/com.meta.xr.sdk.core/Editor/OVRProjectSetup/Icons/ovr_icon_upst.png using Guid(daccb634c40170b40a52151fdcb6ea99) (TextureImporter) -> (artifact id: 'ab84921763ccb3cc220162b2eed0a920') in 0.002187292 seconds
Start importing Packages/com.unity.timeline/Editor/StyleSheets/Images/DarkSkin/TimelineInfiniteTrackNoShadow.png using Guid(eae63adb172f1164db61a7f4bdfc3637) (TextureImporter) -> (artifact id: '42499122853059a86a75d10543a41f69') in 0.001448542 seconds
Start importing Packages/com.unity.inputsystem/InputSystem/Editor/Icons/Pen.png using Guid(ea8b7319643924985a9ee4ca18b8db59) (TextureImporter) -> (artifact id: '2f4d1cc0888885ebdde0413a35f36226') in 0.001335459 seconds
Start importing Packages/com.meta.xr.sdk.core/Editor/MetaWand/Icons/cube_filled_mini.png using Guid(ea6f46e3396d5834fbe6a03135601860) (TextureImporter) -> (artifact id: 'eabe95b078c28a22f4206c72b14abb88') in 0.002304375 seconds
Start importing Packages/com.meta.xr.mrutilitykit/Core/Textures/BlobShadow.png using Guid(fa027ebc6893b41468b2fb967e13ab1b) (TextureImporter) -> (artifact id: '3eff8908b734d37250bf5e99ff2ac251') in 0.015699166 seconds
Start importing Packages/com.unity.ugui/Editor Resources/Textures/btn_AlignJustified_Light.psd using Guid(fa6bd40a216346b783a4cce741d277a5) (TextureImporter) -> (artifact id: 'f987c8fec96f3620352758aefeed56e8') in 0.0024195 seconds
Start importing Packages/com.meta.xr.sdk.core/Editor/BuildingBlocks/Icons/ovr_icon_debug.png using Guid(0b8379dd3ae32f641890e80597408d28) (TextureImporter) -> (artifact id: '17d4e5ad20cbd774776b20827dc84bdd') in 0.005415792 seconds
Start importing Packages/com.meta.xr.sdk.core/Editor/OVRProjectSetup/Icons/ovr_icon_category_success.png using Guid(0be6bd91c3ed459429f7e023ab85d7ee) (TextureImporter) -> (artifact id: '075e365ba121e872dfffe69416869a5e') in 0.00231375 seconds
Start importing Packages/com.meta.xr.sdk.core/Scripts/ImmersiveDebugger/UserInterface/Resources/Textures/pointer.png using Guid(0b7b31db21cbfe2438ffa6619a73f25d) (TextureImporter) -> (artifact id: '487e9ad507b6607cd384f152a5a908d1') in 0.003707708 seconds
Start importing Packages/com.meta.xr.sdk.core/Editor/Guide/Icons/ovr_learn_icon.png using Guid(1be123b581a648348bfb1a1fcf6c733d) (TextureImporter) -> (artifact id: 'c01dec9578541a048167179356b9beba') in 0.002221417 seconds
Start importing Packages/com.unity.inputsystem/InputSystem/Editor/Icons/Pen@3x.png using Guid(1bf9cdd4bc492489c8c7c6190785fc48) (TextureImporter) -> (artifact id: '0bbeef88d296b3d60ceb2a2c4d469a08') in 0.001729833 seconds
Start importing Packages/com.unity.ai.navigation/EditorResources/Overlay/NavigationOverlay@128.png using Guid(1b6bf0e7b03fea94987a73d0cb14781b) (TextureImporter) -> (artifact id: 'cd0133e97cd4701ca7183068e5ea11b3') in 0.012754334 seconds
Start importing Packages/com.meta.xr.sdk.core/Editor/Icons/plus.png using Guid(2b76468f0dfcaad43ab9eb5ffa35179a) (TextureImporter) -> (artifact id: 'bad82921cec3bcd5f6cc9406f3fb6862') in 0.002457084 seconds
Start importing Packages/com.unity.inputsystem/InputSystem/Editor/Icons/d_Interactive Binding@2x.png using Guid(3b78dc1763429489c9a1c70faf4f9a0e) (TextureImporter) -> (artifact id: '25dd2c959d71d6ac6f25313789dd50c5') in 0.002531666 seconds
Start importing Packages/com.unity.cloud.gltfast/Editor/UI/gltf-icon-bug.png using Guid(3b6a1cb26d29941f2a3cc902680e2e03) (TextureImporter) -> (artifact id: '806c5414812185832109507ef9f5843b') in 0.011124375 seconds
Start importing Packages/com.unity.timeline/Editor/StyleSheets/Images/DarkSkin/TimelineTimeCursor.png using Guid(3b9e9b3d9ade166499e7a17109ca73bf) (TextureImporter) -> (artifact id: '75dfa815405573a092739dbaec9a4f3e') in 0.002013333 seconds
Start importing Packages/com.meta.xr.sdk.core/Editor/Icons/sdk_Icons/audio_icon.png using Guid(4b06f2bbf51c88d44b11b2b42ad74843) (TextureImporter) -> (artifact id: 'dda8d3a38cacef19e7810e650cc4b6f3') in 0.002862042 seconds
Start importing Packages/com.unity.timeline/Editor/StyleSheets/Images/Icons/TrackAvatarButtonEnabled.png using Guid(4bf6507f1346b2746a35384f6a5fd5f9) (TextureImporter) -> (artifact id: '53c0f70b295a112bd4ac9be6e92a198e') in 0.001490542 seconds
Start importing Packages/com.meta.xr.sdk.core/Editor/Icons/sdk_Icons/mono/voice_icon.png using Guid(4b8e22a58e023f742886b2c417a8eccf) (TextureImporter) -> (artifact id: 'bf73b67def6dda8e797ac9f780f4f09b') in 0.00261075 seconds
Start importing Packages/com.unity.ai.navigation/EditorResources/Overlay/d_NavigationOverlay On@128.png using Guid(5b2a8a1e265e99b4fb8d77061490f397) (TextureImporter) -> (artifact id: '199930f0cf3ff0f96b30fb25fe634bbd') in 0.012618167 seconds
Start importing Packages/com.meta.xr.sdk.core/Editor/BuildingBlocks/BlockData/CameraRig/Textures/bb_thumb_camerarig.jpg using Guid(5bbac4b39c4d6e046a86e35f184a7a26) (TextureImporter) -> (artifact id: 'c24683ac16b0ef07f35d8818b24c613e') in 0.006161875 seconds
Start importing Packages/com.meta.xr.mrutilitykit/Core/Textures/UI/mruk_common_icons.png using Guid(5bfa77e9219036c4baa0a195dae2a44f) (TextureImporter) -> (artifact id: 'e63d8b7b573619284e6ed807db2ba941') in 0.025654167 seconds
Start importing Packages/com.meta.xr.sdk.core/Editor/Textures/Spinner/Spinner_05.png using Guid(7b58143045997824194077c9744573fa) (TextureImporter) -> (artifact id: 'b4f3d78b4e7862bd7c49df4da4e8cb7f') in 0.002837625 seconds
Start importing Packages/com.meta.xr.sdk.core/Editor/Textures/Spinner/Spinner_02.png using Guid(7ba9824414cdad84e9512b2acbefc8c9) (TextureImporter) -> (artifact id: 'eb1a8c76e85c1f8061ce11d9ed098d6f') in 0.002519958 seconds
Start importing Packages/com.unity.timeline/Editor/StyleSheets/Images/Icons/d_TimelineEditModeReplaceON.png using Guid(7b4b3cedf598c954cb2f38d6e2e34c0d) (TextureImporter) -> (artifact id: 'f871cbc44c42082e213f1fb24e431ab0') in 0.001811667 seconds
Start importing Packages/com.unity.inputsystem/InputSystem/Editor/Icons/TrackedPoseDriver@4x.png using Guid(7b8bfaee8f8631c4789ac62373cbc2d4) (TextureImporter) -> (artifact id: '10c02e13b5afc0714bcb7b48c3e08c22') in 0.00185675 seconds
Start importing Packages/com.meta.xr.sdk.core/Editor/BuildingBlocks/Icons/ovr_icon_link.png using Guid(8bb100d6094986c49b2408ec32a18777) (TextureImporter) -> (artifact id: '122205068fe0fe5dd35ef7eb1554b8ff') in 0.001911292 seconds
Start importing Packages/com.unity.inputsystem/InputSystem/Editor/Icons/Add Binding@3x.png using Guid(8be1fbf4b24de44c99840805bdae9e40) (TextureImporter) -> (artifact id: '16a4227c513bc96652fac6d4548d954f') in 0.00417625 seconds
Start importing Packages/com.unity.ugui/Editor Resources/Textures/btn_AlignBaseLine.psd using Guid(8bc445bb79654bf496c92d0407840a92) (TextureImporter) -> (artifact id: 'dbaacfbca9772f1a2ddd397b5d235575') in 0.00219575 seconds
Start importing Packages/com.unity.inputsystem/InputSystem/Editor/Icons/d_Dpad@2x.png using Guid(ab9b5824ece1d443aa1f3a5672d9da86) (TextureImporter) -> (artifact id: '11d3ad795b6724cad8f9dcb63757c777') in 0.001803209 seconds
Start importing Packages/com.unity.timeline/Editor/StyleSheets/Images/DarkSkin/TimelineIconClipIn.png using Guid(ab1e2f0dfb0df5e40bb95359b3d8ed3a) (TextureImporter) -> (artifact id: '2bb49a34728a7ea795d8d7b607e4e5e1') in 0.001693333 seconds
Start importing Packages/com.unity.ugui/Editor Resources/Textures/btn_AlignMidline_Light.psd using Guid(bb42b2d967d6427983c901a4ffc8ecd9) (TextureImporter) -> (artifact id: 'dadf78d9cad247b4698a740a4ba845c9') in 0.001683834 seconds
Start importing Packages/com.unity.inputsystem/InputSystem/Editor/Icons/d_Pen.png using Guid(bb42fb9342e9d4e68b6cf39a2e071d9b) (TextureImporter) -> (artifact id: '653d14ebf871c097691e7c05c6900ac4') in 0.001417042 seconds
Start importing Packages/com.unity.inputsystem/InputSystem/Editor/Icons/Add Binding@2x.png using Guid(bb5fa99d6e9434c9ebf101c956021ee1) (TextureImporter) -> (artifact id: 'e5e6a07ea73380770f586a7dd3b7d918') in 0.00141075 seconds
Start importing Packages/com.meta.xr.sdk.core/Editor/BuildingBlocks/Icons/ovr_icon_meta.png using Guid(cb04533a0cc196547858d7baab3d58ec) (TextureImporter) -> (artifact id: 'b994382bdf906af78b3f39765c6611f6') in 0.002058083 seconds
Start importing Packages/com.unity.timeline/Editor/StyleSheets/Images/Icons/TrackMuteButtonDisabled@2x.png using Guid(db31466324572e740a431e4e0e03a016) (TextureImporter) -> (artifact id: 'd96c3770212798f49cfcd8130e76fd60') in 0.0019165 seconds
Start importing Packages/com.meta.xr.sdk.core/Editor/BuildingBlocks/BlockData/MultiplayerBlocks/Shared/Textures/bb_thumb_networkedusername.jpg using Guid(db24c53695d934b4c8d3b67e240cc7cd) (TextureImporter) -> (artifact id: '0af33ab6200595e7bff2cd729402b8e2') in 0.052951209 seconds
Start importing Packages/com.unity.timeline/Editor/StyleSheets/Images/Icons/d_TrackRecordButtonDisabled@2x.png using Guid(db15c78579dee4a4db85f392634c8ecc) (TextureImporter) -> (artifact id: '3e2139d3557430d0a34ed3b8851eb208') in 0.002082458 seconds
Start importing Packages/com.unity.timeline/Editor/StyleSheets/Images/Shared/TimelineBottomShadow.png using Guid(db66ea47c76423f4a881937d34495801) (TextureImporter) -> (artifact id: '5db65f556dbe854948b8ed1d0ec7e6b6') in 0.001710458 seconds
Start importing Packages/com.meta.xr.sdk.core/Editor/BuildingBlocks/Icons/bb_icon_collection.png using Guid(dbf752eb6f6b28f43afd8f7d24f635da) (TextureImporter) -> (artifact id: '74954a7f898cc8933434467b6b20ff6d') in 0.00701525 seconds
Start importing Packages/com.unity.inputsystem/InputSystem/Editor/Icons/d_Button@4x.png using Guid(db3dc7a02ac6d4e90bbe905a44ac265b) (TextureImporter) -> (artifact id: '7474c374385272763f7f13b26bf4fef9') in 0.002541834 seconds
Start importing Packages/com.meta.xr.sdk.core/Editor/Guide/Textures/ovr_upst.png using Guid(ebd6367872501a34ba2cd60aed06c33b) (TextureImporter) -> (artifact id: 'ccee29ee078efd44c88f35c0eb703822') in 0.008968375 seconds
Start importing Packages/com.unity.inputsystem/InputSystem/Editor/Icons/d_Interactive Binding.png using Guid(eb28fd64eacfa495c97193108f1cdf03) (TextureImporter) -> (artifact id: '59348916047e312e249693ee9ba2fa0c') in 0.002163125 seconds
Start importing Packages/com.unity.ugui/Editor Resources/Textures/SectionHeader_Dark.psd using Guid(fb5730e24283d0c489e5c7d0bee023d9) (TextureImporter) -> (artifact id: '79283d900b79ab73131fb469e0743da7') in 0.002228292 seconds
Start importing Packages/com.unity.timeline/Editor/StyleSheets/Images/Icons/d_TrackCurvesButtonEnabled.png using Guid(fbcdeb07ee516a64daa01ce462874280) (TextureImporter) -> (artifact id: 'f688a676bb1cad104391302b3e2d7245') in 0.001499041 seconds
Start importing Packages/com.meta.xr.sdk.core/Editor/Icons/ovr_icon_instructions.png using Guid(0c946f30221860b43a5f049f33c28dc5) (TextureImporter) -> (artifact id: 'c63a7634db16d47bf505ab934d0a7283') in 0.001518958 seconds
Start importing Packages/com.unity.inputsystem/InputSystem/Editor/Icons/Orientation@4x.png using Guid(1c751eb104ad5407992e614361d5f81e) (TextureImporter) -> (artifact id: '9705f801af1a287bd8342899fc218965') in 0.001679584 seconds
Start importing Packages/com.unity.inputsystem/InputSystem/Editor/Icons/Button@2x.png using Guid(1c37f00575bd6494ea726be5afee89b9) (TextureImporter) -> (artifact id: '2257e9d1d1f9877c1059e1eea882f0da') in 0.001420958 seconds
Start importing Packages/com.unity.ai.navigation/EditorResources/Overlay/NavigationOverlay On@16.png using Guid(1c89fbe185cd30b4584ab3d5476807eb) (TextureImporter) -> (artifact id: '09aa396a81202ab4280f01c57bdf9727') in 0.00275375 seconds
Start importing Packages/com.meta.xr.sdk.core/Scripts/ImmersiveDebugger/UserInterface/Resources/Textures/opacity_icon.png using Guid(1c3acb827cbbd6548afd85eca833e826) (TextureImporter) -> (artifact id: 'f12f318c1a6f8b0ceb1882768075402f') in 0.003682167 seconds
Start importing Packages/com.unity.timeline/Editor/StyleSheets/Images/Icons/d_TrackLockButtonEnabled@2x.png using Guid(2c85066ea99cfbe4f90294bf295ce543) (TextureImporter) -> (artifact id: '46083a84ef96dd5941d090dd8c3e7fbe') in 0.002766292 seconds
Start importing Packages/com.meta.xr.sdk.core/Textures/Logos/OculusLogoSplash.png using Guid(3caded05dba914447a5f85650f9f4ab2) (TextureImporter) -> (artifact id: 'b4dc76b779e39471a9609fd658edf28f') in 0.012467125 seconds
Start importing Packages/com.meta.xr.sdk.core/Editor/Icons/ovr_icon_meta.png using Guid(5c5053a74ef44e64ea5fbd7ed46bac90) (TextureImporter) -> (artifact id: '96cde35b08e673dffaf5af3a9bba3ae0') in 0.00315675 seconds
Start importing Packages/com.meta.xr.sdk.core/Editor/Icons/ovr_icon_hmd.png using Guid(5cf4fc0475468f348b67c4c32ffbf3e1) (TextureImporter) -> (artifact id: 'c0ac5af3c7dff81b81bc7a4a53b93660') in 0.003747208 seconds
Start importing Packages/com.unity.ai.navigation/EditorResources/Overlay/d_NavigationOverlay On.png using Guid(5c5ac68c1bc4e104f9e987b9d1da4556) (TextureImporter) -> (artifact id: '15f2c2b864c1d357b7a25b745cc4b5be') in 0.002666834 seconds
Start importing Packages/com.meta.xr.sdk.core/Editor/Icons/ovr_icon_close.png using Guid(5c6c6c6b024bafd4facafcf9dd7952cc) (TextureImporter) -> (artifact id: '18e5f5b39eea3377897e69223e595d0b') in 0.006013208 seconds
Start importing Packages/com.unity.inputsystem/InputSystem/Editor/Icons/Dpad@3x.png using Guid(6c1147159d9dc42948601b29dfc9a40c) (TextureImporter) -> (artifact id: '87ea998045c03fd7650175cc09a0afb5') in 0.002075042 seconds
Start importing Packages/com.meta.xr.mrutilitykit/Core/Textures/Checker.png using Guid(6c110a12172551c4bb8d180d9bfbf142) (TextureImporter) -> (artifact id: '3de50c4bd4096b0f473b1e90e63c8b5c') in 0.009160542 seconds
Start importing Packages/com.meta.xr.sdk.core/Editor/BuildingBlocks/Animations/bb_outline_06.png using Guid(6c93320b42205d742a1aa9c894b1ad19) (TextureImporter) -> (artifact id: '5db3a4aef95e1949452f34ac97e1d6e5') in 0.009055208 seconds
Start importing Packages/com.unity.timeline/Editor/StyleSheets/Images/Shared/TimelineGroupBackground.png using Guid(6ca5daa3415451940921fa7e2c3db9e8) (TextureImporter) -> (artifact id: '64482bca8d5e06e84228b344704a1745') in 0.001986167 seconds
Start importing Packages/com.unity.timeline/Editor/StyleSheets/Images/Icons/TrackAvatarButtonDisabled@2x.png using Guid(7c05578092876a0458b8b480269aef86) (TextureImporter) -> (artifact id: '97640b460c886227556c954feade4e03') in 0.001662417 seconds
Start importing Packages/com.meta.xr.sdk.core/Editor/Icons/sdk_Icons/mono/platform_icon.png using Guid(7c8609ea7e8ad7143857bdcc234b4f9b) (TextureImporter) -> (artifact id: 'e5b1263b7a51e7ac26f5645484b5b8e5') in 0.002978917 seconds
Start importing Packages/com.unity.timeline/Editor/StyleSheets/Images/Icons/d_TimelineEditModeMixON.png using Guid(7c681ffb5a436684fa3e98a9b66775c0) (TextureImporter) -> (artifact id: 'ca18e51764c0eaed8614ddf61fa0530a') in 0.00148875 seconds
Start importing Packages/com.meta.xr.sdk.core/Editor/BuildingBlocks/BlockData/MultiplayerBlocks/Shared/Textures/bb_thumb_automatchmaking.jpg using Guid(7cb8b47d1a3124681980f3ca0ae6daec) (TextureImporter) -> (artifact id: '7d0c1d364351c8e5c1e90f100cc35d8e') in 0.050511875 seconds
Start importing Packages/com.meta.xr.sdk.core/Scripts/ImmersiveDebugger/UserInterface/Resources/Textures/close_icon.png using Guid(7c0e5721ea9dafd4db94a6478e5b01a2) (TextureImporter) -> (artifact id: '6be9425273881b3ad8d833a3cbd5ea83') in 0.003870334 seconds
Start importing Packages/com.meta.xr.sdk.core/Textures/MetaQuestTouchPlus/MetaQuestTouchPlus_Metallic.png using Guid(8cd27a8f4c15ae84bbdb2381fd964a49) (TextureImporter) -> (artifact id: 'd0cc8f336f9cc4aff3aa71bfe44614d0') in 1.354278125 seconds
Start importing Packages/com.unity.timeline/Editor/StyleSheets/Images/Icons/d_TrackMuteButtonDisabled@2x.png using Guid(9c706019afb28944eb19b500ea0da38c) (TextureImporter) -> (artifact id: '4dbe17c61dd4d4b16103861de8b237a4') in 0.003115917 seconds
Start importing Packages/com.unity.timeline/Editor/StyleSheets/Images/Icons/d_TrackRecordButtonDisabled.png using Guid(9c6daec86666cbb4b9e558b839a103db) (TextureImporter) -> (artifact id: '12ca179727422ba409123cb95644142e') in 0.001444791 seconds
Start importing Packages/com.meta.xr.sdk.core/Editor/BuildingBlocks/Animations/bb_outline_04.png using Guid(ac201414ee3ef3a4183f8b5f6d9e9694) (TextureImporter) -> (artifact id: 'c903ad59a8183a40f0a91a06d52db877') in 0.024465917 seconds
Start importing Packages/com.unity.timeline/Editor/StyleSheets/Images/Icons/d_TrackMuteButtonEnabled.png using Guid(ac5017dfbeee42347b3b45ecc572674e) (TextureImporter) -> (artifact id: '4610648e7895268840becbc9d5c8f9a5') in 0.002423459 seconds
Start importing Packages/com.unity.inputsystem/InputSystem/Editor/Icons/Pen@4x.png using Guid(acf10446fff184bb98db6350c2c43148) (TextureImporter) -> (artifact id: 'a7a0adb2870f9e9a9d52ff290e9c45ab') in 0.001614 seconds
Start importing Packages/com.meta.xr.sdk.core/Editor/BuildingBlocks/BlockData/HandTracking/Textures/bb_thumb_handtracking.jpg using Guid(ac048d3b15e843e4ab5b54c6392bedb7) (TextureImporter) -> (artifact id: '9a9ff7fa26a60cbca4464bf8d8f4fea1') in 0.00531125 seconds
Start importing Packages/com.meta.xr.sdk.core/Editor/BuildingBlocks/BlockData/SurfaceProjectedPassthrough/Textures/EdgeGlow.tga using Guid(aca61ad7de8ecf6418a1aff310a1a5fa) (TextureImporter) -> (artifact id: '3f139ca42fc225eba93f4d8f5ca19cc8') in 0.045546958 seconds
Start importing Packages/com.unity.inputsystem/InputSystem/Editor/Icons/d_Position@4x.png using Guid(ac4c5ccb2785f4460b2dcfe47010c688) (TextureImporter) -> (artifact id: '192eb500be6de3dd89d85a8c73a2b109') in 0.002672916 seconds
Start importing Packages/com.meta.xr.sdk.core/Editor/Icons/sdk_Icons/mono/mruk_icon.png using Guid(bcf6f9a3e8a9fdc4581a0255f94bfd44) (TextureImporter) -> (artifact id: 'f4caeffa8be3556a11df33dd1f1743b6') in 0.003245584 seconds
Start importing Packages/com.unity.ai.navigation/Gizmos/NavMeshModifierVolume Icon.png using Guid(cc7b9475dbddf4f9088d327d6e10ab77) (TextureImporter) -> (artifact id: 'c132b36d905dcbab990d5b3231ed78a4') in 0.005109709 seconds
Start importing Packages/com.meta.xr.sdk.core/Editor/BuildingBlocks/BlockData/MultiplayerBlocks/Shared/Textures/bb_thumb_networkedavatarentity.jpg using Guid(dc3e5b4641485485d905bd218bac77aa) (TextureImporter) -> (artifact id: '8f60f871ec3481772ca8117beda6aa64') in 0.067559834 seconds
Start importing Packages/com.unity.inputsystem/InputSystem/Editor/Icons/InputControl.png using Guid(ec85de66fa5b64dd984fdcc82f8f92b3) (TextureImporter) -> (artifact id: 'a99900b01ee4c806bfd0561dfb6e9f9b') in 0.002252625 seconds
Start importing Packages/com.meta.xr.sdk.core/Editor/BuildingBlocks/BlockData/SpatialAudio/Textures/bb_thumbnail_spatialaudio.png using Guid(ece7f22ca0181924187420a1fcc92263) (TextureImporter) -> (artifact id: '0362442a83fcc4c1216f683847b586ac') in 0.129720709 seconds
Start importing Packages/com.unity.ugui/Editor Resources/Gizmos/TMP - Sprite Asset Icon.psd using Guid(ec7c645d93308c04d8840982af12101e) (TextureImporter) -> (artifact id: '52ca22c66d412f02f5396f5f1fa4af88') in 0.003205958 seconds
Start importing Packages/com.unity.ai.navigation/EditorResources/Overlay/NavigationOverlay@64.png using Guid(fc46fceb4d1516544b7f503337211f65) (TextureImporter) -> (artifact id: '48f9eeb936d3c153c191e4643fa936e9') in 0.007171333 seconds
Start importing Packages/com.unity.inputsystem/InputSystem/Editor/Icons/d_Joystick@3x.png using Guid(fcaa0d99df7c74f52afaa17a375dd393) (TextureImporter) -> (artifact id: '7af7d3080d3c11afcb0d21051bf67024') in 0.003120584 seconds
Start importing Packages/com.meta.xr.sdk.core/Editor/BuildingBlocks/Animations/bb_outline_01.png using Guid(0df6b5d007f0c064a862ce0a7393196a) (TextureImporter) -> (artifact id: '505539cfeb6c6cadcd12c72984047304') in 0.005881833 seconds
Start importing Packages/com.unity.inputsystem/InputSystem/Editor/Icons/d_ChevronDown@4x.png using Guid(0de917098a5b848b1a371e570928ce10) (TextureImporter) -> (artifact id: 'e2cf7104ba3d336339b4c18137bc1332') in 0.002383083 seconds
Start importing Packages/com.unity.ugui/Editor Resources/Textures/btn_AlignCapLine.psd using Guid(0d9a36012a224080966c7b55896aa0f9) (TextureImporter) -> (artifact id: 'd3205c96743d0af44e4fbe010597653e') in 0.001849791 seconds
Start importing Packages/com.meta.xr.sdk.core/Editor/BuildingBlocks/BlockData/MultiplayerBlocks/Shared/Textures/bb_thumb_networkedgrabbableobject.jpg using Guid(1d14abf370e5143499c5282b269fdc5d) (TextureImporter) -> (artifact id: '2c3ff29062e095c03690456a85a8bdf2') in 0.049186917 seconds
Start importing Packages/com.meta.xr.sdk.core/Editor/BuildingBlocks/BlockData/ControllerButtonsMapper/Textures/bb_thumb_controllerbuttonsmapper.jpg using Guid(1d66a150b7116734dacf2f40c4103150) (TextureImporter) -> (artifact id: '780f62698d50ee851878db55ede93aa9') in 0.00587325 seconds
Start importing Packages/com.unity.ai.navigation/EditorResources/Overlay/d_NavigationOverlay@64.png using Guid(1dacc9e843ef1444fad71e40913ef05c) (TextureImporter) -> (artifact id: '471660b90b0a50164ddf28afea6f5df5') in 0.00628525 seconds
Start importing Packages/com.meta.xr.mrutilitykit/Editor/BuildingBlocks/AnchorPrefabSpawner/Textures/anchorPrefabSpawner.png using Guid(2d5d1e65047dfba4da2c1ce0564eed8f) (TextureImporter) -> (artifact id: '72a5f00a3d8cde6b13219e541d213c9a') in 0.166023417 seconds
Start importing Packages/com.unity.timeline/Editor/StyleSheets/Images/DarkSkin/TimelineMarkerItemSelected.png using Guid(3dd65256ca8837544b3e738c0d3ee0e2) (TextureImporter) -> (artifact id: '95c9cc14880cc5cc9509284363fdcbc5') in 0.002075834 seconds
Start importing Packages/com.meta.xr.sdk.core/Editor/BuildingBlocks/BlockData/PassthroughCameraAccess/Textures/bb_thumb_pca.png using Guid(3d78b5313ff178b429ea0d50d85486b0) (TextureImporter) -> (artifact id: 'e4982390a3ef4e1a19b818d0d0383106') in 0.119253583 seconds
Start importing Packages/com.unity.inputsystem/InputSystem/Editor/Icons/d_Add Binding@2x.png using Guid(3d7dc8d6b9a96490b9aa433645712fdf) (TextureImporter) -> (artifact id: 'ab168b1f00b9b2217119507cd7f23c56') in 0.002586167 seconds
Start importing Packages/com.meta.xr.sdk.core/Editor/Icons/ovr_icon_settings.png using Guid(4d1a5448975df7842b8a595729e3c23b) (TextureImporter) -> (artifact id: '8e7373c3aa9761a79c67ca39e5458c39') in 0.002217041 seconds
Start importing Packages/com.unity.inputsystem/InputSystem/Editor/Icons/Gamepad@2x.png using Guid(4defb5292901c41f29313d9c9c87a7eb) (TextureImporter) -> (artifact id: '888cb1bcb681fcd2dc41c6309a871e31') in 0.001395666 seconds
Start importing Packages/com.meta.xr.sdk.core/Editor/BuildingBlocks/Icons/ovr_icon_confirm.png using Guid(5d90b106f1e1cf04b9e7c7ee3df2c6de) (TextureImporter) -> (artifact id: '76c4af46853de4a847b4b323f300d386') in 0.004771334 seconds
Start importing Packages/com.unity.inputsystem/InputSystem/Editor/Icons/d_ChevronDown@3x.png using Guid(5d96795fd770f47d69d997b053532730) (TextureImporter) -> (artifact id: '60dbe7b40ab0d224f5398a06b4261bfc') in 0.001906708 seconds
Start importing Packages/com.unity.inputsystem/InputSystem/Editor/Icons/d_Stick@2x.png using Guid(5d0b11389336d4b16b96f147c9f912e2) (TextureImporter) -> (artifact id: '0cf4f101a9af0c20953d642352e250dc') in 0.001629583 seconds
Start importing Packages/com.unity.timeline/Editor/StyleSheets/Images/Shared/TimelineSeqEnd.png using Guid(5dfe66e61e0d270468ae75349ff3a3eb) (TextureImporter) -> (artifact id: '10b5e608dfd40dbfb155507e993bf736') in 0.001872 seconds
Start importing Packages/com.unity.inputsystem/InputSystem/Editor/Icons/d_Touch@4x.png using Guid(6db042035460c4167a6ab8d1ac3c2681) (TextureImporter) -> (artifact id: 'b5e5a90865e63462f0c3bf4d048198bc') in 0.002105959 seconds
Start importing Packages/com.unity.timeline/Editor/StyleSheets/Images/Icons/TimelineEditModeReplaceON.png using Guid(6d41c3e8796a4fd4e80840354039e4ac) (TextureImporter) -> (artifact id: '0bbdc8d250abc64945a430f262339f02') in 0.00135275 seconds
Start importing Packages/com.meta.xr.sdk.core/Editor/BuildingBlocks/Icons/ovr_bb_icon_details.png using Guid(6d336a75d265b7c47b4a562881069f4c) (TextureImporter) -> (artifact id: '889db679c20ea7e334db34d1e7aff420') in 0.001585125 seconds
Start importing Packages/com.meta.xr.sdk.core/Editor/BuildingBlocks/Icons/ovr_icon_experimental.png using Guid(6dd511e1b7109d74cb260c2800c50f63) (TextureImporter) -> (artifact id: 'd61d48f1ad6a471a02fdc7cc03d608c6') in 0.001432459 seconds
Start importing Packages/com.unity.timeline/Editor/StyleSheets/Images/LightSkin/TimelineMarkerItemCollapsed.png using Guid(7d4691eba7565c34ab785c00fbc27ff8) (TextureImporter) -> (artifact id: 'a38a4a0f0ad626d4d1498c3a22c28ae3') in 0.001422334 seconds
Start importing Packages/com.unity.inputsystem/InputSystem/Editor/Icons/d_Joystick.png using Guid(7d4638131127c4f4382fb36cf16c52fe) (TextureImporter) -> (artifact id: '1195751cedd59a51af40344d7e13698f') in 0.001291208 seconds
Start importing Packages/com.unity.ai.navigation/EditorResources/Overlay/d_NavigationOverlay@2x.png using Guid(7d5867654fa2bf448b06f384143ceca7) (TextureImporter) -> (artifact id: 'b92fb67091dacf071497d210938a1557') in 0.00383825 seconds
Start importing Packages/com.meta.xr.sdk.core/Editor/BuildingBlocks/Icons/ovr_icon_addblock.png using Guid(8de3361e4c791f94d85338238347dd7a) (TextureImporter) -> (artifact id: 'd058e139a89fc266054c34a2fc803d64') in 0.001887875 seconds
Start importing Packages/com.unity.ai.navigation/EditorResources/Overlay/d_NavigationOverlay@16.png using Guid(8d8d1929f2279804e8a744d3da25e23b) (TextureImporter) -> (artifact id: '97a8d28cdba7f183f8daccae18145d1b') in 0.0027975 seconds
Start importing Packages/com.unity.ai.navigation/EditorResources/Overlay/NavigationOverlay@2x.png using Guid(9d244ceb235342e4c8f308aa1f71be7e) (TextureImporter) -> (artifact id: 'fa2e7f9463f994a4d5fb6bd710d330d2') in 0.004632667 seconds
Start importing Packages/com.meta.xr.sdk.core/Scripts/ImmersiveDebugger/UserInterface/Resources/Textures/inspectors_icon.png using Guid(ade6b3a17ed0a4746817d8cf80732a9a) (TextureImporter) -> (artifact id: '8ed3cd67802292c18172f52a9ea443d5') in 0.003911917 seconds
Start importing Packages/com.unity.timeline/Editor/StyleSheets/Images/Icons/d_TimelineSignal.png using Guid(ad2e3e92b00839c4e991ca602ef19822) (TextureImporter) -> (artifact id: '949439798922c7750bc9d01ffdc443cf') in 0.002263 seconds
Start importing Packages/com.meta.xr.sdk.core/Editor/Guide/Textures/ovr_develop_03.jpg using Guid(bde9b80e6b5a58c4e9b4588bd8edac11) (TextureImporter) -> (artifact id: '2a0949b9cba245ad2869bcbd3e559931') in 0.003664042 seconds
Start importing Packages/com.unity.timeline/Editor/StyleSheets/Images/Icons/TimelineEditModeRippleOFF.png using Guid(bd7b7cac6eb0c3f469781d9a729a1c94) (TextureImporter) -> (artifact id: 'c0038f3c9a70a6cee534c4510c66262f') in 0.001637458 seconds
Start importing Packages/com.unity.timeline/Editor/StyleSheets/Images/DarkSkin/TimelineHold.png using Guid(ddbd45249a133a846b2f20e39b537565) (TextureImporter) -> (artifact id: '0a0f52ccaeded12c5e2e65feb61a4999') in 0.0014945 seconds
Start importing Packages/com.meta.xr.sdk.core/Editor/Icons/sdk_Icons/haptics_icon.png using Guid(ed20d60744c5a9041a65590e2649c4bf) (TextureImporter) -> (artifact id: '128c458fa87be07520cd4abd89067dfc') in 0.002404417 seconds
Start importing Packages/com.unity.ugui/Editor Resources/Textures/btn_AlignTop_Light.psd using Guid(ed041e68439749a69d0efa0e3d896c2e) (TextureImporter) -> (artifact id: '9148ee822faaf165d369cde55ebd85a5') in 0.001938417 seconds
Start importing Packages/com.unity.timeline/Editor/StyleSheets/Images/LightSkin/TimelineTimeCursor.png using Guid(ed665472b4fee2043a5c1cc802beaa8e) (TextureImporter) -> (artifact id: '1e0651cfa108d933ffaf9ef448a9aa99') in 0.001645458 seconds
Start importing Packages/com.unity.timeline/Editor/StyleSheets/Images/Icons/d_TrackAvatarButtonEnabled@2x.png using Guid(fd12dbe3b63ae464f824b4a74c0e1766) (TextureImporter) -> (artifact id: 'a575e2999cc5b0d20d92346069e16984') in 0.001567542 seconds
Start importing Packages/com.unity.timeline/Editor/StyleSheets/Images/Icons/d_TrackAvatarButtonDisabled@2x.png using Guid(fd194f75fe3d7ca4488fa775ae832fd8) (TextureImporter) -> (artifact id: '215506a6cd3bdfe55cb9b20b67e22541') in 0.001448084 seconds
Start importing Packages/com.unity.timeline/Editor/StyleSheets/Images/Icons/d_TrackRecordButtonEnabled.png using Guid(0e5ba0f04df278944a8f5a62f64f5aa6) (TextureImporter) -> (artifact id: 'e6f834a774b0f4e9319af02f6814101d') in 0.001935917 seconds
Start importing Packages/com.unity.inputsystem/InputSystem/Editor/Icons/d_ChevronUp@3x.png using Guid(0efecba65ae4341a385cd5d39a2af765) (TextureImporter) -> (artifact id: '21ee44c50c632873b4b9a2c06928acab') in 0.001655792 seconds
Start importing Packages/com.meta.xr.sdk.core/Editor/MetaWand/Icons/asset_library.png using Guid(1ee54f9087733864b951ceff2e740d6b) (TextureImporter) -> (artifact id: '490a44666cff48a33ffa1ce15be375b9') in 0.001661625 seconds
Start importing Packages/com.unity.inputsystem/InputSystem/Editor/Icons/Axis@3x.png using Guid(2e27a82b5cc4e4ef98cbef2d0b324aed) (TextureImporter) -> (artifact id: '89c06276d5c72888151f4bdcd8d3d57b') in 0.001289083 seconds
Start importing Packages/com.meta.xr.sdk.core/Editor/BuildingBlocks/Icons/ovr_info_greybg.png using Guid(3e9092ed0fa564e4c9ed1149474df672) (TextureImporter) -> (artifact id: 'd822f9a45ed3f97df7219e82bcb51f31') in 0.003697875 seconds
Start importing Packages/com.unity.ugui/Editor Resources/Gizmos/TMP - Input Field Icon.psd using Guid(3ee40aa79cd242a5b53b0b0ca4f13f0f) (TextureImporter) -> (artifact id: 'b0376a8c36febaa61aa98aed7141e2af') in 0.002560708 seconds
Start importing Packages/com.meta.xr.sdk.core/Textures/MetaQuestTouchPlus/MetaQuestTouchPlus_Right_BaseColor_AO_AlphaRoughness.png using Guid(3eea87b91f85d324797846a5c54875b0) (TextureImporter) -> (artifact id: '110dbd42076f582c23ebf95f0af56f27') in 2.626745 seconds
Start importing Packages/com.meta.xr.sdk.core/Editor/BuildingBlocks/Animations/bb_tutorial_01.png using Guid(3e3be453c67ef874e89c6edd7fc0ebf1) (TextureImporter) -> (artifact id: 'ff27bfb8c3f4808dd9001fb45308cb2b') in 0.006557792 seconds
Start importing Packages/com.meta.xr.sdk.core/Editor/Icons/ovr_icon_info.png using Guid(4e8211b51c2ed194ca614f7c0f36d56f) (TextureImporter) -> (artifact id: '063c4b82197dd23d3ad7d3082092e28d') in 0.002455792 seconds
Start importing Packages/com.unity.inputsystem/InputSystem/Editor/Icons/Touch@4x.png using Guid(6e9283a12f5b74afbba696cbb82f5e7f) (TextureImporter) -> (artifact id: '79bdc11dd91236db5611e76620e30e60') in 0.002192458 seconds
Start importing Packages/com.meta.xr.sdk.core/Scripts/ImmersiveDebugger/UserInterface/Resources/Textures/console_icon.png using Guid(6ef46bfbed7e44344863c09a2a2c8f60) (TextureImporter) -> (artifact id: '7416a5a3e7cdc00ab1aced101cf9b403') in 0.003107333 seconds
Start importing Packages/com.meta.xr.sdk.core/Editor/BuildingBlocks/Icons/ovr_bg_radius8.png using Guid(6ef65e04e617e104480532604302f86b) (TextureImporter) -> (artifact id: '5f1abb24bbcebf04c604c14aba9fb6da') in 0.001298083 seconds
Start importing Packages/com.unity.inputsystem/InputSystem/Editor/Icons/Axis.png using Guid(7e853779c8fed4ebf917a0de21c79602) (TextureImporter) -> (artifact id: 'fa1bff3a6e8e6e8ce6523b6d40789122') in 0.001228625 seconds
Start importing Packages/com.meta.xr.sdk.core/Editor/BuildingBlocks/BlockData/Occlusion/Textures/bb_thumb_occlusion.jpg using Guid(7e5f2a89b5e35214698b4b96959eee17) (TextureImporter) -> (artifact id: '7971da7ebbd5642b73e37d860a5ae4da') in 0.050859709 seconds
Start importing Packages/com.meta.xr.sdk.core/Editor/BuildingBlocks/BlockData/AIBlocks/LLM/Textures/bb_thumb_llm.png using Guid(8e3a7d812db44d94588f4941b987d9eb) (TextureImporter) -> (artifact id: '2b754167e6f5fc49b369e49c21cce18f') in 0.134596834 seconds
Start importing Packages/com.meta.xr.sdk.core/Editor/Guide/Textures/ovr_develop_01.jpg using Guid(8e7a9e4954ffd2546b1e8252fa2bdd7e) (TextureImporter) -> (artifact id: '372383cc84f9435e7cda5e452a4dc3cb') in 0.004480667 seconds
Start importing Packages/com.unity.timeline/Editor/StyleSheets/Images/DarkSkin/TimelineKeyframe.png using Guid(8eba099eb091faf419fecdcd5cdabfd7) (TextureImporter) -> (artifact id: '88e5b644786d959291cbef9a014d87fd') in 0.002205416 seconds
Start importing Packages/com.unity.inputsystem/InputSystem/Editor/Icons/Mouse.png using Guid(9eb2b64988cb1443cab6da5dc5300d1c) (TextureImporter) -> (artifact id: 'f47727edf4466a1c86bc1a90b0c7c943') in 0.001692084 seconds
Start importing Packages/com.meta.xr.sdk.core/Editor/Guide/Icons/ovr_icon_meta.png using Guid(9ee33574b960bfd44ae1c925d1c90331) (TextureImporter) -> (artifact id: 'b26ac0ec3792037b6f5ac69ab538826c') in 0.004383959 seconds
Start importing Packages/com.unity.timeline/Editor/StyleSheets/Images/Icons/TrackCurvesButtonEnabled@2x.png using Guid(9e541b6dcfb77d34481f69b3d62d0343) (TextureImporter) -> (artifact id: '3fcf297eb9fded5241e1e1c1ad1ec174') in 0.002910584 seconds
Start importing Packages/com.unity.inputsystem/InputSystem/Editor/Icons/d_Keyboard@3x.png using Guid(9ec4e316700da46b88741a8153b33963) (TextureImporter) -> (artifact id: 'a408ced5a4726fb2e3c945fb3338327e') in 0.001843708 seconds
Start importing Packages/com.meta.xr.sdk.core/Editor/Icons/ovr_icon_check.png using Guid(9ee58db2dffa27c4790b253e57e8f89e) (TextureImporter) -> (artifact id: 'b56153a380e87618ad663316fe2f62b2') in 0.003120584 seconds
Start importing Packages/com.unity.inputsystem/InputSystem/Editor/Icons/d_Gamepad@3x.png using Guid(9e882b58df0964f5b90ff99cb481ee79) (TextureImporter) -> (artifact id: '225651a16ab44674ea0331ab2a4de1dc') in 0.0023375 seconds
Start importing Packages/com.unity.inputsystem/InputSystem/Editor/Icons/Interactive Binding@4x.png using Guid(9e6c9e992a2ee4327bce1d6a8189cedb) (TextureImporter) -> (artifact id: '547cafdc0c3ead0d130efadc00526705') in 0.002235292 seconds
Start importing Packages/com.meta.xr.sdk.core/Editor/BuildingBlocks/BlockData/SurfaceProjectedPassthrough/Textures/bb_thumb_projectedpassthrough.jpg using Guid(aed137c3d795a864d81b421c25ec504e) (TextureImporter) -> (artifact id: '166502c57ca6ba4114ec78d5bb572895') in 0.0082905 seconds
Start importing Packages/com.meta.xr.sdk.core/Editor/ImmersiveDebugger/Icons/ovr_icon_idf.png using Guid(ae02a93846efad14a80656e6cc227135) (TextureImporter) -> (artifact id: '39b95debc79783a466de9f5a1352abcf') in 0.003936875 seconds
Start importing Packages/com.meta.xr.mrutilitykit/Tests/Textures/Unity_Room_001_LessObjects.png using Guid(bec88b7d690e7b941a8dad86a18f6a41) (TextureImporter) -> (artifact id: '39f61d275b1f4c3497092249230e7ffe') in 0.034342959 seconds
Start importing Packages/com.unity.inputsystem/InputSystem/Editor/Icons/d_Gamepad@2x.png using Guid(bed935caee9524e6780614c2055bfd35) (TextureImporter) -> (artifact id: '0530b378e9f4e76be1417ab064212041') in 0.002776958 seconds
Start importing Packages/com.meta.xr.sdk.core/Textures/MetaQuestTouchPlus/MetaQuestTouchPlus_Normals.png using Guid(ce67415a9a94bca45a6db7ec544cbd1b) (TextureImporter) -> (artifact id: 'c0eac01646f319303e6ebed991e178e9') in 0.428431542 seconds
Start importing Packages/com.unity.inputsystem/InputSystem/Editor/Icons/d_Touch@2x.png using Guid(ceaa885da02f84da195f87de12535da6) (TextureImporter) -> (artifact id: '8d5a80ac43f22374239edc7d4c357ec5') in 0.00237375 seconds
Start importing Packages/com.unity.inputsystem/InputSystem/Editor/AssetEditor/PackageResources/personal/actionTreeBackground.png using Guid(ce5f11cd993284c4f9c54f854bdc8c9c) (TextureImporter) -> (artifact id: '9efdcf76295c6bab093d129ec22807fe') in 0.001358708 seconds
Start importing Packages/com.meta.xr.sdk.core/Textures/handle.png using Guid(ce8f78b2b9292484e97f36ad9568fc4f) (TextureImporter) -> (artifact id: '6c12ca16ce4bf4e701ff707b45f61bee') in 0.002856208 seconds
Start importing Packages/com.unity.inputsystem/InputSystem/Editor/Icons/d_Orientation@4x.png using Guid(de98baf415a2c4d7dbe0de74cb6e171c) (TextureImporter) -> (artifact id: '2dcda89695bd4d7135a81cb86442a40f') in 0.0016435 seconds
Start importing Packages/com.meta.xr.sdk.core/Materials/Ray.png using Guid(de5d92d1931de104793e0017792db1cb) (TextureImporter) -> (artifact id: 'b50e530be15c58fce1867b239d77ba08') in 0.031694875 seconds
Start importing Packages/com.meta.xr.sdk.core/Editor/BuildingBlocks/BlockData/Passthrough/Textures/bb_thumb_passthrough.jpg using Guid(ee83bb931d724374bac6a8645b30d386) (TextureImporter) -> (artifact id: '99d6f9e0ee462f283e7aca46d7a96390') in 0.006408458 seconds
Start importing Packages/com.unity.ugui/Editor Resources/Gizmos/TMP - Font Asset Icon.psd using Guid(ee148e281f3c41c5b4ff5f8a5afe5a6c) (TextureImporter) -> (artifact id: '249a6679a3629ee66b8d65092610d26d') in 0.002971041 seconds
Start importing Packages/com.meta.xr.sdk.core/Editor/BuildingBlocks/BlockData/MultiplayerBlocks/Shared/NetworkedCharacterRetargeter/bb_thumb_networkedretargetedcharacter.png using Guid(ee98f87bb0cdea64d96df4deb46ed486) (TextureImporter) -> (artifact id: '911156d15de9ef872f45bb208624530c') in 0.166675709 seconds
Start importing Packages/com.meta.xr.sdk.core/Textures/Icons/OculusIcon.png using Guid(ee6b6c047f060074596445bbb9ebbfe7) (TextureImporter) -> (artifact id: '7fe6dac62031fda355270daf6730ea37') in 0.002651166 seconds
Start importing Packages/com.unity.timeline/Editor/StyleSheets/Images/Icons/TrackLockButtonDisabled.png using Guid(fef7487d8b06bba408f70354e2463ce4) (TextureImporter) -> (artifact id: '32af1a8b31b7ecc74a8bbc4a204d89f4') in 0.001586542 seconds
Start importing Packages/com.meta.xr.sdk.core/Textures/MetaQuestTouchPro/controller_r_lo_Normal.png using Guid(fe6dffbda2f52bb4998faa03fee04336) (TextureImporter) -> (artifact id: '8a967cecbfaf5bf91d596e5ceb02636e') in 0.892611875 seconds
Start importing Packages/com.meta.xr.mrutilitykit/Editor/BuildingBlocks/EffectMesh/Textures/effectMesh.png using Guid(0ff624bc672ccb747bc6de18bf390568) (TextureImporter) -> (artifact id: '380c7194385008537591d2489d6b67a1') in 0.156485291 seconds
Start importing Packages/com.meta.xr.sdk.core/Editor/Icons/sdk_Icons/platform_icon.png using Guid(0f9bb154939662d459639158bc5905cc) (TextureImporter) -> (artifact id: '7b7feb713b81be29768d00374bf55dd6') in 0.003209709 seconds
Start importing Packages/com.unity.timeline/Editor/StyleSheets/Images/Icons/d_TrackRecordButtonEnabled@2x.png using Guid(0f1c9a12872a30f45bab34f536332bb3) (TextureImporter) -> (artifact id: '153d8f0eec4fbb95ab4cbcda92454000') in 0.001547375 seconds
Start importing Packages/com.meta.xr.sdk.core/Editor/Textures/Spinner/Spinner_07.png using Guid(1fec20c90dd8b054eb040325522dbe5d) (TextureImporter) -> (artifact id: 'cd794f76883d0e05a194ea9ca61d7d67') in 0.002352959 seconds
Start importing Packages/com.unity.timeline/Editor/StyleSheets/Images/Icons/d_TrackCurvesButtonDisabled@2x.png using Guid(1f3ea4caa6e0ec74388e4d7d16690e68) (TextureImporter) -> (artifact id: '0e9891131e2aece6c23a8314480d9582') in 0.001850166 seconds
Start importing Packages/com.unity.ugui/Editor Resources/Gizmos/TMP - Text Component Icon.psd using Guid(2fd6421f253b4ef1a19526541f9ffc0c) (TextureImporter) -> (artifact id: 'de2d3fc0d8679f2f38e92a0f6fdb1ba8') in 0.002253333 seconds
Start importing Packages/com.meta.xr.sdk.core/Editor/Icons/ovr_icon_documentation.png using Guid(2f7b9be30da388641871c88e2b9de844) (TextureImporter) -> (artifact id: '02dda5c3754c40402d13c54d8df8a3e0') in 0.001524959 seconds
Start importing Packages/com.meta.xr.sdk.core/Editor/BuildingBlocks/BlockData/AlertViewHUD/Textures/icon_info.png using Guid(2f4c3044cf264364496c14c84946210c) (TextureImporter) -> (artifact id: '9cbd4db9382753bf1a44770e83422db2') in 0.004223083 seconds
Start importing Packages/com.unity.timeline/Editor/StyleSheets/Images/Icons/d_TimelineHeaderMarkerIcon.png using Guid(4f8d98ef7dbbe3d469e14c04722cbeed) (TextureImporter) -> (artifact id: 'f11e59d973db295e3990d98dd9c817ba') in 0.001648834 seconds
Start importing Packages/com.meta.xr.sdk.core/Scripts/ImmersiveDebugger/UserInterface/Resources/Textures/down_icon.png using Guid(5f03374eaa65dfc4b984e0973b9c7fe1) (TextureImporter) -> (artifact id: 'ed61206994c292863f390a933a7b021e') in 0.003233917 seconds
Start importing Packages/com.unity.inputsystem/InputSystem/Editor/Icons/Orientation@3x.png using Guid(5f09d534eb1414449a2758696bd4dd11) (TextureImporter) -> (artifact id: 'afbc82fd83f3f106bcaec6f891678171') in 0.002373125 seconds
Start importing Packages/com.unity.timeline/Editor/StyleSheets/Images/Icons/TrackLockButtonDisabled@2x.png using Guid(6fb5cabb85ba3794682b16eba19440cb) (TextureImporter) -> (artifact id: '906459152251cd0a5c8d4137c7135efd') in 0.001495666 seconds
Start importing Packages/com.unity.timeline/Editor/StyleSheets/Images/Icons/d_TrackLockButtonDisabled@2x.png using Guid(6f0b77e050cdb12478ed9514b3a0e40e) (TextureImporter) -> (artifact id: '4cac14fd99d527620dc197302a9a6359') in 0.001239625 seconds
Start importing Packages/com.unity.ai.navigation/EditorResources/Overlay/d_NavigationOverlay@32.png using Guid(6f3c566cd9f63c9408d201ea50b51444) (TextureImporter) -> (artifact id: '87653da3865f45f632c9731f1fe0acfb') in 0.003526708 seconds
Start importing Packages/com.unity.inputsystem/InputSystem/Editor/Icons/Keyboard@4x.png using Guid(7fc0926499f7a4500b152d45397c44a4) (TextureImporter) -> (artifact id: 'c1d344ac2a96065990c3b67cf76eb6c7') in 0.001540042 seconds
Start importing Packages/com.unity.inputsystem/InputSystem/Editor/Icons/Orientation.png using Guid(7fb7b46a8c63948d2b28dc394281bf5a) (TextureImporter) -> (artifact id: '9e86a14c58ea0842c8c6365d2b600770') in 0.0013515 seconds
Start importing Packages/com.meta.xr.sdk.core/Editor/BuildingBlocks/BlockData/MultiplayerBlocks/Shared/Textures/bb_thumb_friendsmatchmaking.jpg using Guid(7fa8dd9e5f4c1f848880d8210f584895) (TextureImporter) -> (artifact id: '137e2e0b7ad35c8e55a4f4026ace5f0c') in 0.040560625 seconds
Start importing Packages/com.meta.xr.sdk.core/Editor/BuildingBlocks/BlockData/ControllerTracking/Textures/bb_thumb_controllertracking.jpg using Guid(7fb9c19c262a3bf4884528a7804f8ff9) (TextureImporter) -> (artifact id: '204a1c2393c92184a8c090131e8eb95b') in 0.006347166 seconds
Start importing Packages/com.unity.inputsystem/InputSystem/Editor/Icons/d_ChevronUp.png using Guid(7fad89501bb5c408e956934bf2eb8ae3) (TextureImporter) -> (artifact id: 'c9d09eac4508c6f8b8d223b925e0d5d8') in 0.001492583 seconds
Start importing Packages/com.meta.xr.sdk.core/Editor/Icons/sdk_Icons/mruk_icon.png using Guid(7f2f1630804cf8f4f95b8fd34f9db045) (TextureImporter) -> (artifact id: '4aa7ebeaf417c9be882a8d52975b7369') in 0.002429834 seconds
Start importing Packages/com.meta.xr.sdk.core/Editor/Guide/Textures/ovr_develop.jpg using Guid(8f934e9ff91c52e45a218eb361e0753d) (TextureImporter) -> (artifact id: '52fd67f4b535e32588d5fb3793fbb739') in 0.014457292 seconds
Start importing Packages/com.meta.xr.mrutilitykit/Core/Textures/Falloff.png using Guid(8fa71c6d78280e94788d8f46b38af9b6) (TextureImporter) -> (artifact id: '243ed88e099f4a1fe80bddd5fec821b2') in 0.002168708 seconds
Start importing Packages/com.unity.timeline/Editor/StyleSheets/Images/Icons/TimelineEditModeMixOFF.png using Guid(8fca5ed160cdc5440a4c7561db4082b2) (TextureImporter) -> (artifact id: '4bfb2e00eeb8a8fa9f7b47856734260b') in 0.0024475 seconds
Start importing Packages/com.unity.timeline/Editor/StyleSheets/Images/Icons/TrackRecordButtonEnabled@2x.png using Guid(8fdae4ac756ed6047b01021ff0cc3ebb) (TextureImporter) -> (artifact id: 'b1fc39dce235181f848faec469602f4a') in 0.001555083 seconds
Start importing Packages/com.meta.xr.sdk.core/Textures/MetaQuestTouchPro/controller_r_lo_BaseColor.png using Guid(9f1871411a4175a49a72069635000987) (TextureImporter) -> (artifact id: 'bcd548225a9c45af507604d2c4b5116b') in 2.120223916 seconds
Start importing Packages/com.unity.timeline/Editor/StyleSheets/Images/DarkSkin/TimelineAutokey@2x.png using Guid(af24c542434a025448222d576f61a956) (TextureImporter) -> (artifact id: 'b1e0c54e5f1fe45f214be9919f4a2e9e') in 0.002113333 seconds
Start importing Packages/com.unity.timeline/Editor/StyleSheets/Images/LightSkin/TimelineAutokey.png using Guid(af3aec622aef40c45813b39e405966a3) (TextureImporter) -> (artifact id: '07ebd6a9a86a8ff55abbc551eb18363f') in 0.002061666 seconds
Start importing Packages/com.meta.xr.sdk.core/Materials/Cursor.png using Guid(af2c44d9f0333b242b5c46834ae5a13a) (TextureImporter) -> (artifact id: '4d65cb20ae939daa7b6e022ae00f1c2f') in 0.012223084 seconds
Start importing Packages/com.unity.timeline/Editor/StyleSheets/Images/Icons/TimelineHeaderMarkerIcon.png using Guid(bf1debab21103154b99778ba6e074175) (TextureImporter) -> (artifact id: '778a66ab5475df936dc1835d0b901ba4') in 0.001754375 seconds
Start importing Packages/com.unity.inputsystem/InputSystem/Editor/AssetEditor/PackageResources/personal/actionTreeBackgroundWithoutBorder.png using Guid(cf632ed80bf1f46c980de6b1b8b903ef) (TextureImporter) -> (artifact id: '9cd18875973a3ce6394839b153d27ffe') in 0.001288167 seconds
Start importing Packages/com.unity.timeline/Editor/StyleSheets/Images/Icons/TrackLockButtonEnabled.png using Guid(cf575301f1e76c4478de0e77db15eba0) (TextureImporter) -> (artifact id: 'ce12b106756cbac2c137748a246b2576') in 0.001454375 seconds
Start importing Packages/com.unity.timeline/Editor/StyleSheets/Images/LightSkin/TimelineAutokey@2x.png using Guid(cf3fbf98d5c3f1941bd9c0256918a4c8) (TextureImporter) -> (artifact id: '128ae85d53c8e23e3c549a2907debb39') in 0.001110042 seconds
Start importing Packages/com.meta.xr.sdk.core/Editor/BuildingBlocks/BlockData/SpatialAnchorCore/Textures/bb_thumb_spatialanchorcore.jpg using Guid(df5b9490c9e8d0546b277a9ce0813d1c) (TextureImporter) -> (artifact id: '2d7018c33fb6db01f491273c86499e04') in 0.006030875 seconds
Start importing Packages/com.unity.cloud.gltfast/Editor/UI/gltf-logo.png using Guid(dfde62efb4ba642ea968adab4e674d01) (TextureImporter) -> (artifact id: '0cc0720e4f8905f8ab1da0015c95b16d') in 0.004127959 seconds
Start importing Assets/TextMesh Pro/Sprites/EmojiOne.png using Guid(dffef66376be4fa480fb02b19edbe903) (TextureImporter) -> (artifact id: 'dd507dd7ce9a5f9b87eabdd5c8077fdd') in 0.127972167 seconds
Start importing Packages/com.meta.xr.sdk.core/Editor/Icons/ovr_icon_meta_raw.png using Guid(ff800b29666cb50429da1dedf4fcc08a) (TextureImporter) -> (artifact id: '03f4769268b89d0f4a16994e7c3d2b3e') in 0.002028375 seconds
Start importing Packages/com.unity.inputsystem/InputSystem/Editor/Icons/TrackedPoseDriver@2x.png using Guid(ff8479815905ce84e9ef610d926f28c8) (TextureImporter) -> (artifact id: '626444c0cf587b02bfac859d0f8081ec') in 0.001248416 seconds
Start importing Packages/com.meta.xr.sdk.core/Editor/MetaWand/Icons/cube_filled.png using Guid(ffd6a16fd3f009d42bc3ffcdae70ebb1) (TextureImporter) -> (artifact id: 'a05ab5079f8f4db882d404368b14a9ab') in 0.002418458 seconds
Start importing Packages/com.meta.xr.sdk.core/Editor/BuildingBlocks/Icons/ovr_bb_icon_back.png using Guid(fff83ae4821057b4f86aeb3433707b7e) (TextureImporter) -> (artifact id: '62ee4e7c8ca0034641ab3c290a031835') in 0.003637083 seconds
Start importing Packages/com.unity.inputsystem/InputSystem/Editor/AssetEditor/PackageResources/green.png using Guid(ffeba93637e654de6a5906b48520dc94) (TextureImporter) -> (artifact id: 'e0527c1b569573f9f6818af4643acd19') in 0.001308458 seconds
Start importing Assets/TextMesh Pro/Fonts/LiberationSans.ttf using Guid(e3265ab4bf004d28a9537516768c1c75) (TrueTypeFontImporter) -> (artifact id: '1839038314b65537f2eaee5fdb1c8a96') in 0.385827042 seconds
Start importing Packages/com.meta.xr.sdk.core/Scripts/ImmersiveDebugger/UserInterface/Resources/Fonts/RobotoMono-VariableFont_wght.ttf using Guid(d7b7c71c81d721f439d51761df04d4d6) (TrueTypeFontImporter) -> (artifact id: 'f00ba31c5b93dbf196f402847e5b0142') in 0.003190125 seconds
Start importing Assets/Milzet/StartupSource/Project/UI/Fonts/Korean/ArialKR-Regular.ttf using Guid(48c2cbb80dafe79459a66776f8430fa4) (TrueTypeFontImporter) -> (artifact id: '80612206900fd017f5c0d6117192aba3') in 0.062852958 seconds
Start importing Packages/com.unity.inputsystem/InputSystem/Editor/UITKAssetEditor/PackageResources/BindingPanelRowTemplate.uxml using Guid(449c8e5ca27af8e4a9db710c8be5e4df) (ScriptedImporter) -> (artifact id: '401447f565bb54239e6ce3e3617fb129') in 0.163121125 seconds
Refreshing native plugins compatible for Editor in 12.62 ms, found 9 plugins.
Preloading 0 native plugins for Editor in 0.00 ms.
Asset Pipeline Refresh (id=95a80761ecb58499bb20fe334d871390): Total: 49.565 seconds - Initiated by InitialRefreshV2(ForceSynchronousImport)
	Summary:
		Imports: total=767 (actual=606, local cache=161, cache server=0)
		Asset DB Process Time: managed=206 ms, native=37091 ms
		Asset DB Callback time: managed=5222 ms, native=82 ms
		Scripting: domain reloads=1, domain reload time=986 ms, compile time=5926 ms, other=48 ms
		Project Asset Count: scripts=1245, non-scripts=1530
		Asset File Changes: new=0, changed=0, moved=0, deleted=0
		Scan Filter Count: 1
	InvokeCustomDependenciesCallbacks: 0.001ms
	InvokePackagesCallback: 17.371ms
	ApplyChangesToAssetFolders: 0.886ms
	Scan: 752.066ms
	OnSourceAssetsModified: 0.002ms
	CategorizeAssetsWithTransientArtifact: 66.097ms
	ProcessAssetsWithTransientArtifactChanges: 55.259ms
	CategorizeAssets: 35.761ms
	ImportOutOfDateAssets: 36182.403ms (2084.467ms without children)
		ImportManagerImport: 28068.592ms (47.036ms without children)
			ImportInProcess: 28018.043ms
			UpdateCategorizedAssets: 3.513ms
		CompileScripts: 5926.260ms
		ReloadNativeAssets: 0.011ms
		UnloadImportedAssets: 10.647ms
		ReloadImportedAssets: 90.489ms
		EnsureUptoDateAssetsAreRegisteredWithGuidPM: 0.699ms
		InitializingProgressBar: 0.008ms
		PostProcessAllAssetNotificationsAddChangedAssets: 0.000ms
		OnDemandSchedulerStart: 1.228ms
	PostProcessAllAssets: 5261.345ms
	Hotreload: 27.898ms
	GatherAllCurrentPrimaryArtifactRevisions: 0.000ms
	UnloadStreamsBegin: 3.052ms
	PersistCurrentRevisions: 0.922ms
	UnloadStreamsEnd: 0.001ms
	GenerateScriptTypeHashes: 5.509ms
	Untracked: 7161.468ms

Application.AssetDatabase Initial Refresh End
[OVRPlugin][INFO] UnityPluginLoad called

Launching external process: /Applications/Unity/Hub/Editor/6000.3.22f1/Unity.app/Contents/Helpers/UnityShaderCompiler
Launched and connected shader compiler UnityShaderCompiler after 0.15 seconds
Shader 'Meta/MRUK/Scene/HighlightsAndShadows': fallback shader 'Off' not found
Shader 'Oculus/OVRMRCameraFrameLit': fallback shader 'Alpha-Diffuse' not found
Scanning for USB devices : 0.607ms
Initializing Unity extensions:
[MODES] ModeService[none].Initialize
[MODES] ModeService[none].LoadModes
[MODES] Loading mode Default (0) for mode-current-id-Milzet VR Studio
2026-09-09 15:54:42.699 Unity[22242:3768536] NSEventModifierFlagFunction specified to -setKeyEquivalentModifierMask: for item <NSMenuItem: 0x8ce2970c0 SDF, ke='Command-F12'>, but is only supported for system-provided menu items; will not be used
Unloading 191 Unused Serialized files (Serialized files now loaded: 0)
Unloading 3827 unused Assets / (2.0 MB). Loaded Objects now: 6641.
Memory consumption went from 313.0 MB to 311.0 MB.
Total: 68.925417 ms (FindLiveObjects: 0.757708 ms CreateObjectMapping: 0.449917 ms MarkObjects: 65.104958 ms  DeleteObjects: 2.611375 ms)

2026-09-09 15:54:43.254 Unity[22242:3768536] NSEventModifierFlagFunction specified to -setKeyEquivalentModifierMask: for item <NSMenuItem: 0x8ce297ac0 SDF, ke='Command-F12'>, but is only supported for system-provided menu items; will not be used
Refreshing native plugins compatible for Editor in 6.91 ms, found 9 plugins.
Preloading 0 native plugins for Editor in 0.00 ms.
Asset Pipeline Refresh (id=d2ed055900bf94d81b9e5f2312ecb21f): Total: 0.483 seconds - Initiated by RefreshV2(NoUpdateAssetOptions)
	Summary:
		Imports: total=0 (actual=0, local cache=0, cache server=0)
		Asset DB Process Time: managed=0 ms, native=460 ms
		Asset DB Callback time: managed=4 ms, native=17 ms
		Scripting: domain reloads=0, domain reload time=0 ms, compile time=0 ms, other=0 ms
		Project Asset Count: scripts=1245, non-scripts=1529
		Asset File Changes: new=0, changed=0, moved=0, deleted=1
		Scan Filter Count: 1
	InvokeCustomDependenciesCallbacks: 0.001ms
	InvokePackagesCallback: 0.001ms
	ApplyChangesToAssetFolders: 0.225ms
	Scan: 426.517ms
	OnSourceAssetsModified: 1.189ms
	CategorizeAssetsWithTransientArtifact: 0.013ms
	ProcessAssetsWithTransientArtifactChanges: 0.250ms
	UnregisterDeletedAssets: 0.002ms
	CategorizeAssets: 19.033ms
	ImportOutOfDateAssets: 3.437ms (1.238ms without children)
		ReloadNativeAssets: 0.207ms
		UnloadImportedAssets: 0.133ms
		EnsureUptoDateAssetsAreRegisteredWithGuidPM: 0.563ms
		InitializingProgressBar: 0.000ms
		PostProcessAllAssetNotificationsAddChangedAssets: 0.000ms
		OnDemandSchedulerStart: 1.296ms
	PostProcessAllAssets: 11.910ms
	Hotreload: 9.293ms
	GatherAllCurrentPrimaryArtifactRevisions: 0.524ms
	UnloadStreamsBegin: 0.130ms
	PersistCurrentRevisions: 0.880ms
	UnloadStreamsEnd: 0.003ms
	Untracked: 9.563ms

Asset Pipeline Refresh (id=f2ef0b17668fd4d8c85369c267eadf57): Total: 0.351 seconds - Initiated by RefreshV2(NoUpdateAssetOptions)
	Summary:
		Imports: total=0 (actual=0, local cache=0, cache server=0)
		Asset DB Process Time: managed=0 ms, native=350 ms
		Asset DB Callback time: managed=0 ms, native=0 ms
		Scripting: domain reloads=0, domain reload time=0 ms, compile time=0 ms, other=0 ms
		Project Asset Count: scripts=1245, non-scripts=1529
		Asset File Changes: new=0, changed=0, moved=0, deleted=0
		Scan Filter Count: 1
	InvokeCustomDependenciesCallbacks: 0.002ms
	InvokePackagesCallback: 0.001ms
	ApplyChangesToAssetFolders: 0.243ms
	Scan: 325.993ms
	OnSourceAssetsModified: 0.001ms
	CategorizeAssetsWithTransientArtifact: 0.002ms
	ProcessAssetsWithTransientArtifactChanges: 0.059ms
	CategorizeAssets: 18.108ms
	ImportOutOfDateAssets: 1.439ms (0.283ms without children)
		ReloadNativeAssets: 0.216ms
		UnloadImportedAssets: 0.177ms
		EnsureUptoDateAssetsAreRegisteredWithGuidPM: 0.434ms
		InitializingProgressBar: 0.000ms
		PostProcessAllAssetNotificationsAddChangedAssets: 0.000ms
		OnDemandSchedulerStart: 0.327ms
	GatherAllCurrentPrimaryArtifactRevisions: 0.127ms
	UnloadStreamsBegin: 0.003ms
	PersistCurrentRevisions: 0.145ms
	UnloadStreamsEnd: 0.001ms
	Untracked: 4.545ms

Start importing ProjectSettings/ProjectSettings.asset using Guid(00000000000000004000000000000000) (LibraryAssetImporter) -> (artifact id: 'abdb7ac283a04b4d0f0539bb582dcda0') in 0.002409417 seconds
Start importing Assets/XR/Settings/OpenXR Package Settings.asset using Guid(720d9c3e3c30d4b52b870758e7e5bf78) (NativeFormatImporter) -> (artifact id: 'b4c0a857bafb51b5280ecaaf75ea289c') in 0.003599792 seconds
Start importing Assets/XR/XRGeneralSettingsPerBuildTarget.asset using Guid(ad5d4c853c9f44ae981993ebe4f6f65e) (NativeFormatImporter) -> (artifact id: '85cdd7f5b787d0090742f5bff0879b4e') in 0.001487917 seconds
Refreshing native plugins compatible for Editor in 7.06 ms, found 9 plugins.
Preloading 0 native plugins for Editor in 0.00 ms.
Asset Pipeline Refresh (id=38adb89826c8a44709719683a55d2e82): Total: 0.032 seconds - Initiated by StopAssetImportingV2(NoUpdateAssetOptions)
Asset Pipeline Refresh (id=5d9971f46b2794a31bcea0a469529735): Total: 0.176 seconds - Initiated by RefreshV2(NoUpdateAssetOptions)
Start importing Assets/Oculus/OculusProjectConfig.asset using Guid(4037511c1f15249f293621cd423700f6) (NativeFormatImporter) -> (artifact id: '3c00e057bac16b10dc28d1c1f42024ad') in 0.001866083 seconds
Refreshing native plugins compatible for Editor in 5.07 ms, found 9 plugins.
Preloading 0 native plugins for Editor in 0.00 ms.
Asset Pipeline Refresh (id=3f3dbf16128a7477990e2607e7b69a6a): Total: 0.069 seconds - Initiated by StopAssetImportingV2(NoUpdateAssetOptions)
Unloading 1 Unused Serialized files (Serialized files now loaded: 0)
Unloading 43 unused Assets / (5.4 KB). Loaded Objects now: 6646.
Memory consumption went from 282.0 MB to 282.0 MB.
Total: 30.137834 ms (FindLiveObjects: 0.309584 ms CreateObjectMapping: 0.109125 ms MarkObjects: 29.658917 ms  DeleteObjects: 0.059625 ms)

Start importing Assets/Milzet/TemporaryViewerBuild.unity using Guid(c8d1e61cbf49c47dcad351cb8f7d16f6) (DefaultImporter) -> (artifact id: '39000b2c27196136eb850e800b83b6b8') in 0.000957833 seconds
Refreshing native plugins compatible for Editor in 5.13 ms, found 9 plugins.
Preloading 0 native plugins for Editor in 0.00 ms.
Asset Pipeline Refresh (id=caa490e2f169e4b958e701fd4606f387): Total: 0.028 seconds - Initiated by StopAssetImportingV2(NoUpdateAssetOptions)
[Optional] Switch to use InputSystem.XR.PoseControl instead of OpenXR.Input.PoseControl, which will be deprecated in a future release.
UnityEngine.Debug:ExtractStackTraceNoAlloc (byte*,int,string)
UnityEngine.StackTraceUtility:ExtractStackTrace () (at /Users/bokken/build/output/unity/unity/Runtime/Export/Scripting/StackTrace.cs:35)
UnityEngine.DebugLogHandler:Internal_Log (UnityEngine.LogType,UnityEngine.LogOption,string,UnityEngine.Object)
UnityEngine.DebugLogHandler:LogFormat (UnityEngine.LogType,UnityEngine.Object,string,object[])
UnityEngine.Logger:Log (UnityEngine.LogType,object)
UnityEngine.Debug:LogWarning (object)
UnityEditor.XR.OpenXR.OpenXRProjectValidation:LogBuildValidationIssues (UnityEditor.BuildTargetGroup) (at ./Library/PackageCache/com.unity.xr.openxr@05fb1a7d75d1/Runtime/OpenXRProjectValidation.cs:391)
UnityEditor.XR.OpenXR.OpenXRProjectValidationBuildStep:OnPreprocessBuild (UnityEditor.Build.Reporting.BuildReport) (at ./Library/PackageCache/com.unity.xr.openxr@05fb1a7d75d1/Editor/OpenXRProjectValidationRulesSetup.cs:266)
UnityEditor.Build.BuildPipelineInterfaces/<>c__DisplayClass17_0:<OnBuildPreProcess>b__1 (UnityEditor.Build.IPreprocessBuildWithReport) (at /Users/bokken/build/output/unity/unity/Editor/Mono/BuildPipeline/BuildPipelineInterfaces.cs:526)
UnityEditor.Build.BuildPipelineInterfaces:InvokeCallbackInterfacesPair<UnityEditor.Build.IPreprocessBuild, UnityEditor.Build.IPreprocessBuildWithReport> (System.Collections.Generic.List`1<UnityEditor.Build.IPreprocessBuild>,System.Action`1<UnityEditor.Build.IPreprocessBuild>,System.Collections.Generic.List`1<UnityEditor.Build.IPreprocessBuildWithReport>,System.Action`1<UnityEditor.Build.IPreprocessBuildWithReport>,bool) (at /Users/bokken/build/output/unity/unity/Editor/Mono/BuildPipeline/BuildPipelineInterfaces.cs:492)
UnityEditor.Build.BuildPipelineInterfaces:OnBuildPreProcess (UnityEditor.Build.Reporting.BuildReport) (at /Users/bokken/build/output/unity/unity/Editor/Mono/BuildPipeline/BuildPipelineInterfaces.cs:524)
UnityEditor.BuildPipeline:BuildPlayerInternalNoCheck (string[],string,string,UnityEditor.BuildTargetGroup,UnityEditor.BuildTarget,int,UnityEditor.BuildOptions,string[],bool)
UnityEditor.BuildPipeline:BuildPlayerInternal (string[],string,string,UnityEditor.BuildTargetGroup,UnityEditor.BuildTarget,int,UnityEditor.BuildOptions,string[]) (at /Users/bokken/build/output/unity/unity/Editor/Mono/BuildPipeline.bindings.cs:494)
UnityEditor.BuildPipeline:BuildPlayer (string[],string,string,UnityEditor.BuildTargetGroup,UnityEditor.BuildTarget,int,UnityEditor.BuildOptions,string[]) (at /Users/bokken/build/output/unity/unity/Editor/Mono/BuildPipeline.bindings.cs:410)
UnityEditor.BuildPipeline:BuildPlayer (UnityEditor.BuildPlayerOptions) (at /Users/bokken/build/output/unity/unity/Editor/Mono/BuildPipeline.bindings.cs:356)
Milzet.Editor.BuildViewer:Build (UnityEditor.BuildTarget,string) (at Assets/Milzet/Editor/BuildViewer.cs:34)
Milzet.Editor.BuildViewer:Android () (at Assets/Milzet/Editor/BuildViewer.cs:31)
Milzet.Editor.BuildViewer:StartupRepair () (at Assets/Milzet/Editor/BuildViewer.cs:29)

(Filename: ./Library/PackageCache/com.unity.xr.openxr@05fb1a7d75d1/Runtime/OpenXRProjectValidation.cs Line: 391)

[Optional] Latency Optimization is recommended to be set to <b>Prioritize Input Polling</b> when Meta Quest support is enabled.
UnityEngine.Debug:ExtractStackTraceNoAlloc (byte*,int,string)
UnityEngine.StackTraceUtility:ExtractStackTrace () (at /Users/bokken/build/output/unity/unity/Runtime/Export/Scripting/StackTrace.cs:35)
UnityEngine.DebugLogHandler:Internal_Log (UnityEngine.LogType,UnityEngine.LogOption,string,UnityEngine.Object)
UnityEngine.DebugLogHandler:LogFormat (UnityEngine.LogType,UnityEngine.Object,string,object[])
UnityEngine.Logger:Log (UnityEngine.LogType,object)
UnityEngine.Debug:LogWarning (object)
UnityEditor.XR.OpenXR.OpenXRProjectValidation:LogBuildValidationIssues (UnityEditor.BuildTargetGroup) (at ./Library/PackageCache/com.unity.xr.openxr@05fb1a7d75d1/Runtime/OpenXRProjectValidation.cs:391)
UnityEditor.XR.OpenXR.OpenXRProjectValidationBuildStep:OnPreprocessBuild (UnityEditor.Build.Reporting.BuildReport) (at ./Library/PackageCache/com.unity.xr.openxr@05fb1a7d75d1/Editor/OpenXRProjectValidationRulesSetup.cs:266)
UnityEditor.Build.BuildPipelineInterfaces/<>c__DisplayClass17_0:<OnBuildPreProcess>b__1 (UnityEditor.Build.IPreprocessBuildWithReport) (at /Users/bokken/build/output/unity/unity/Editor/Mono/BuildPipeline/BuildPipelineInterfaces.cs:526)
UnityEditor.Build.BuildPipelineInterfaces:InvokeCallbackInterfacesPair<UnityEditor.Build.IPreprocessBuild, UnityEditor.Build.IPreprocessBuildWithReport> (System.Collections.Generic.List`1<UnityEditor.Build.IPreprocessBuild>,System.Action`1<UnityEditor.Build.IPreprocessBuild>,System.Collections.Generic.List`1<UnityEditor.Build.IPreprocessBuildWithReport>,System.Action`1<UnityEditor.Build.IPreprocessBuildWithReport>,bool) (at /Users/bokken/build/output/unity/unity/Editor/Mono/BuildPipeline/BuildPipelineInterfaces.cs:492)
UnityEditor.Build.BuildPipelineInterfaces:OnBuildPreProcess (UnityEditor.Build.Reporting.BuildReport) (at /Users/bokken/build/output/unity/unity/Editor/Mono/BuildPipeline/BuildPipelineInterfaces.cs:524)
UnityEditor.BuildPipeline:BuildPlayerInternalNoCheck (string[],string,string,UnityEditor.BuildTargetGroup,UnityEditor.BuildTarget,int,UnityEditor.BuildOptions,string[],bool)
UnityEditor.BuildPipeline:BuildPlayerInternal (string[],string,string,UnityEditor.BuildTargetGroup,UnityEditor.BuildTarget,int,UnityEditor.BuildOptions,string[]) (at /Users/bokken/build/output/unity/unity/Editor/Mono/BuildPipeline.bindings.cs:494)
UnityEditor.BuildPipeline:BuildPlayer (string[],string,string,UnityEditor.BuildTargetGroup,UnityEditor.BuildTarget,int,UnityEditor.BuildOptions,string[]) (at /Users/bokken/build/output/unity/unity/Editor/Mono/BuildPipeline.bindings.cs:410)
UnityEditor.BuildPipeline:BuildPlayer (UnityEditor.BuildPlayerOptions) (at /Users/bokken/build/output/unity/unity/Editor/Mono/BuildPipeline.bindings.cs:356)
Milzet.Editor.BuildViewer:Build (UnityEditor.BuildTarget,string) (at Assets/Milzet/Editor/BuildViewer.cs:34)
Milzet.Editor.BuildViewer:Android () (at Assets/Milzet/Editor/BuildViewer.cs:31)
Milzet.Editor.BuildViewer:StartupRepair () (at Assets/Milzet/Editor/BuildViewer.cs:29)

(Filename: ./Library/PackageCache/com.unity.xr.openxr@05fb1a7d75d1/Runtime/OpenXRProjectValidation.cs Line: 391)

[TestRunBuilder] Creating new file 'Assets/Resources/PerformanceTestRunInfo.json' (2468 bytes)
UnityEngine.Debug:ExtractStackTraceNoAlloc (byte*,int,string)
UnityEngine.StackTraceUtility:ExtractStackTrace () (at /Users/bokken/build/output/unity/unity/Runtime/Export/Scripting/StackTrace.cs:35)
UnityEngine.DebugLogHandler:Internal_Log (UnityEngine.LogType,UnityEngine.LogOption,string,UnityEngine.Object)
UnityEngine.DebugLogHandler:LogFormat (UnityEngine.LogType,UnityEngine.Object,string,object[])
UnityEngine.Logger:Log (UnityEngine.LogType,object)
UnityEngine.Debug:Log (object)
Unity.PerformanceTesting.Editor.TestRunBuilder:SaveToStorage (object,string) (at ./Library/PackageCache/com.unity.test-framework.performance@8b56083ec0f0/Editor/TestRunBuilder.cs:242)
Unity.PerformanceTesting.Editor.TestRunBuilder:OnPreprocessBuild (UnityEditor.Build.Reporting.BuildReport) (at ./Library/PackageCache/com.unity.test-framework.performance@8b56083ec0f0/Editor/TestRunBuilder.cs:35)
UnityEditor.Build.BuildPipelineInterfaces/<>c__DisplayClass17_0:<OnBuildPreProcess>b__1 (UnityEditor.Build.IPreprocessBuildWithReport) (at /Users/bokken/build/output/unity/unity/Editor/Mono/BuildPipeline/BuildPipelineInterfaces.cs:526)
UnityEditor.Build.BuildPipelineInterfaces:InvokeCallbackInterfacesPair<UnityEditor.Build.IPreprocessBuild, UnityEditor.Build.IPreprocessBuildWithReport> (System.Collections.Generic.List`1<UnityEditor.Build.IPreprocessBuild>,System.Action`1<UnityEditor.Build.IPreprocessBuild>,System.Collections.Generic.List`1<UnityEditor.Build.IPreprocessBuildWithReport>,System.Action`1<UnityEditor.Build.IPreprocessBuildWithReport>,bool) (at /Users/bokken/build/output/unity/unity/Editor/Mono/BuildPipeline/BuildPipelineInterfaces.cs:492)
UnityEditor.Build.BuildPipelineInterfaces:OnBuildPreProcess (UnityEditor.Build.Reporting.BuildReport) (at /Users/bokken/build/output/unity/unity/Editor/Mono/BuildPipeline/BuildPipelineInterfaces.cs:524)
UnityEditor.BuildPipeline:BuildPlayerInternalNoCheck (string[],string,string,UnityEditor.BuildTargetGroup,UnityEditor.BuildTarget,int,UnityEditor.BuildOptions,string[],bool)
UnityEditor.BuildPipeline:BuildPlayerInternal (string[],string,string,UnityEditor.BuildTargetGroup,UnityEditor.BuildTarget,int,UnityEditor.BuildOptions,string[]) (at /Users/bokken/build/output/unity/unity/Editor/Mono/BuildPipeline.bindings.cs:494)
UnityEditor.BuildPipeline:BuildPlayer (string[],string,string,UnityEditor.BuildTargetGroup,UnityEditor.BuildTarget,int,UnityEditor.BuildOptions,string[]) (at /Users/bokken/build/output/unity/unity/Editor/Mono/BuildPipeline.bindings.cs:410)
UnityEditor.BuildPipeline:BuildPlayer (UnityEditor.BuildPlayerOptions) (at /Users/bokken/build/output/unity/unity/Editor/Mono/BuildPipeline.bindings.cs:356)
Milzet.Editor.BuildViewer:Build (UnityEditor.BuildTarget,string) (at Assets/Milzet/Editor/BuildViewer.cs:34)
Milzet.Editor.BuildViewer:Android () (at Assets/Milzet/Editor/BuildViewer.cs:31)
Milzet.Editor.BuildViewer:StartupRepair () (at Assets/Milzet/Editor/BuildViewer.cs:29)

(Filename: ./Library/PackageCache/com.unity.test-framework.performance@8b56083ec0f0/Editor/TestRunBuilder.cs Line: 242)

[TestRunBuilder] Creating new file 'Assets/Resources/PerformanceTestRunSettings.json' (23 bytes)
UnityEngine.Debug:ExtractStackTraceNoAlloc (byte*,int,string)
UnityEngine.StackTraceUtility:ExtractStackTrace () (at /Users/bokken/build/output/unity/unity/Runtime/Export/Scripting/StackTrace.cs:35)
UnityEngine.DebugLogHandler:Internal_Log (UnityEngine.LogType,UnityEngine.LogOption,string,UnityEngine.Object)
UnityEngine.DebugLogHandler:LogFormat (UnityEngine.LogType,UnityEngine.Object,string,object[])
UnityEngine.Logger:Log (UnityEngine.LogType,object)
UnityEngine.Debug:Log (object)
Unity.PerformanceTesting.Editor.TestRunBuilder:SaveToStorage (object,string) (at ./Library/PackageCache/com.unity.test-framework.performance@8b56083ec0f0/Editor/TestRunBuilder.cs:242)
Unity.PerformanceTesting.Editor.TestRunBuilder:OnPreprocessBuild (UnityEditor.Build.Reporting.BuildReport) (at ./Library/PackageCache/com.unity.test-framework.performance@8b56083ec0f0/Editor/TestRunBuilder.cs:38)
UnityEditor.Build.BuildPipelineInterfaces/<>c__DisplayClass17_0:<OnBuildPreProcess>b__1 (UnityEditor.Build.IPreprocessBuildWithReport) (at /Users/bokken/build/output/unity/unity/Editor/Mono/BuildPipeline/BuildPipelineInterfaces.cs:526)
UnityEditor.Build.BuildPipelineInterfaces:InvokeCallbackInterfacesPair<UnityEditor.Build.IPreprocessBuild, UnityEditor.Build.IPreprocessBuildWithReport> (System.Collections.Generic.List`1<UnityEditor.Build.IPreprocessBuild>,System.Action`1<UnityEditor.Build.IPreprocessBuild>,System.Collections.Generic.List`1<UnityEditor.Build.IPreprocessBuildWithReport>,System.Action`1<UnityEditor.Build.IPreprocessBuildWithReport>,bool) (at /Users/bokken/build/output/unity/unity/Editor/Mono/BuildPipeline/BuildPipelineInterfaces.cs:492)
UnityEditor.Build.BuildPipelineInterfaces:OnBuildPreProcess (UnityEditor.Build.Reporting.BuildReport) (at /Users/bokken/build/output/unity/unity/Editor/Mono/BuildPipeline/BuildPipelineInterfaces.cs:524)
UnityEditor.BuildPipeline:BuildPlayerInternalNoCheck (string[],string,string,UnityEditor.BuildTargetGroup,UnityEditor.BuildTarget,int,UnityEditor.BuildOptions,string[],bool)
UnityEditor.BuildPipeline:BuildPlayerInternal (string[],string,string,UnityEditor.BuildTargetGroup,UnityEditor.BuildTarget,int,UnityEditor.BuildOptions,string[]) (at /Users/bokken/build/output/unity/unity/Editor/Mono/BuildPipeline.bindings.cs:494)
UnityEditor.BuildPipeline:BuildPlayer (string[],string,string,UnityEditor.BuildTargetGroup,UnityEditor.BuildTarget,int,UnityEditor.BuildOptions,string[]) (at /Users/bokken/build/output/unity/unity/Editor/Mono/BuildPipeline.bindings.cs:410)
UnityEditor.BuildPipeline:BuildPlayer (UnityEditor.BuildPlayerOptions) (at /Users/bokken/build/output/unity/unity/Editor/Mono/BuildPipeline.bindings.cs:356)
Milzet.Editor.BuildViewer:Build (UnityEditor.BuildTarget,string) (at Assets/Milzet/Editor/BuildViewer.cs:34)
Milzet.Editor.BuildViewer:Android () (at Assets/Milzet/Editor/BuildViewer.cs:31)
Milzet.Editor.BuildViewer:StartupRepair () (at Assets/Milzet/Editor/BuildViewer.cs:29)

(Filename: ./Library/PackageCache/com.unity.test-framework.performance@8b56083ec0f0/Editor/TestRunBuilder.cs Line: 242)

[Meta] libopenxr_loader.so from other packages will be disabled because of enabled MetaXRFeature: Packages/com.unity.xr.openxr/Runtime/MockRuntime/android/arm64/libopenxr_loader.so
UnityEngine.Debug:ExtractStackTraceNoAlloc (byte*,int,string)
UnityEngine.StackTraceUtility:ExtractStackTrace () (at /Users/bokken/build/output/unity/unity/Runtime/Export/Scripting/StackTrace.cs:35)
UnityEngine.DebugLogHandler:Internal_Log (UnityEngine.LogType,UnityEngine.LogOption,string,UnityEngine.Object)
UnityEngine.DebugLogHandler:LogFormat (UnityEngine.LogType,UnityEngine.Object,string,object[])
UnityEngine.Logger:LogFormat (UnityEngine.LogType,string,object[])
UnityEngine.Debug:LogFormat (string,object[])
OVRGradleGeneration:OnPreprocessBuild (UnityEditor.Build.Reporting.BuildReport) (at ./Library/PackageCache/com.meta.xr.sdk.core@f8b4cfb2789f/Editor/OVRGradleGeneration.cs:185)
UnityEditor.Build.BuildPipelineInterfaces/<>c__DisplayClass17_0:<OnBuildPreProcess>b__1 (UnityEditor.Build.IPreprocessBuildWithReport) (at /Users/bokken/build/output/unity/unity/Editor/Mono/BuildPipeline/BuildPipelineInterfaces.cs:526)
UnityEditor.Build.BuildPipelineInterfaces:InvokeCallbackInterfacesPair<UnityEditor.Build.IPreprocessBuild, UnityEditor.Build.IPreprocessBuildWithReport> (System.Collections.Generic.List`1<UnityEditor.Build.IPreprocessBuild>,System.Action`1<UnityEditor.Build.IPreprocessBuild>,System.Collections.Generic.List`1<UnityEditor.Build.IPreprocessBuildWithReport>,System.Action`1<UnityEditor.Build.IPreprocessBuildWithReport>,bool) (at /Users/bokken/build/output/unity/unity/Editor/Mono/BuildPipeline/BuildPipelineInterfaces.cs:492)
UnityEditor.Build.BuildPipelineInterfaces:OnBuildPreProcess (UnityEditor.Build.Reporting.BuildReport) (at /Users/bokken/build/output/unity/unity/Editor/Mono/BuildPipeline/BuildPipelineInterfaces.cs:524)
UnityEditor.BuildPipeline:BuildPlayerInternalNoCheck (string[],string,string,UnityEditor.BuildTargetGroup,UnityEditor.BuildTarget,int,UnityEditor.BuildOptions,string[],bool)
UnityEditor.BuildPipeline:BuildPlayerInternal (string[],string,string,UnityEditor.BuildTargetGroup,UnityEditor.BuildTarget,int,UnityEditor.BuildOptions,string[]) (at /Users/bokken/build/output/unity/unity/Editor/Mono/BuildPipeline.bindings.cs:494)
UnityEditor.BuildPipeline:BuildPlayer (string[],string,string,UnityEditor.BuildTargetGroup,UnityEditor.BuildTarget,int,UnityEditor.BuildOptions,string[]) (at /Users/bokken/build/output/unity/unity/Editor/Mono/BuildPipeline.bindings.cs:410)
UnityEditor.BuildPipeline:BuildPlayer (UnityEditor.BuildPlayerOptions) (at /Users/bokken/build/output/unity/unity/Editor/Mono/BuildPipeline.bindings.cs:356)
Milzet.Editor.BuildViewer:Build (UnityEditor.BuildTarget,string) (at Assets/Milzet/Editor/BuildViewer.cs:34)
Milzet.Editor.BuildViewer:Android () (at Assets/Milzet/Editor/BuildViewer.cs:31)
Milzet.Editor.BuildViewer:StartupRepair () (at Assets/Milzet/Editor/BuildViewer.cs:29)

(Filename: ./Library/PackageCache/com.meta.xr.sdk.core@f8b4cfb2789f/Editor/OVRGradleGeneration.cs Line: 185)

[Meta] libopenxr_loader.so from other packages will be disabled because of enabled MetaXRFeature: Packages/com.unity.xr.openxr/RuntimeLoaders/android/openxr_loader.aar
UnityEngine.Debug:ExtractStackTraceNoAlloc (byte*,int,string)
UnityEngine.StackTraceUtility:ExtractStackTrace () (at /Users/bokken/build/output/unity/unity/Runtime/Export/Scripting/StackTrace.cs:35)
UnityEngine.DebugLogHandler:Internal_Log (UnityEngine.LogType,UnityEngine.LogOption,string,UnityEngine.Object)
UnityEngine.DebugLogHandler:LogFormat (UnityEngine.LogType,UnityEngine.Object,string,object[])
UnityEngine.Logger:LogFormat (UnityEngine.LogType,string,object[])
UnityEngine.Debug:LogFormat (string,object[])
OVRGradleGeneration:OnPreprocessBuild (UnityEditor.Build.Reporting.BuildReport) (at ./Library/PackageCache/com.meta.xr.sdk.core@f8b4cfb2789f/Editor/OVRGradleGeneration.cs:185)
UnityEditor.Build.BuildPipelineInterfaces/<>c__DisplayClass17_0:<OnBuildPreProcess>b__1 (UnityEditor.Build.IPreprocessBuildWithReport) (at /Users/bokken/build/output/unity/unity/Editor/Mono/BuildPipeline/BuildPipelineInterfaces.cs:526)
UnityEditor.Build.BuildPipelineInterfaces:InvokeCallbackInterfacesPair<UnityEditor.Build.IPreprocessBuild, UnityEditor.Build.IPreprocessBuildWithReport> (System.Collections.Generic.List`1<UnityEditor.Build.IPreprocessBuild>,System.Action`1<UnityEditor.Build.IPreprocessBuild>,System.Collections.Generic.List`1<UnityEditor.Build.IPreprocessBuildWithReport>,System.Action`1<UnityEditor.Build.IPreprocessBuildWithReport>,bool) (at /Users/bokken/build/output/unity/unity/Editor/Mono/BuildPipeline/BuildPipelineInterfaces.cs:492)
UnityEditor.Build.BuildPipelineInterfaces:OnBuildPreProcess (UnityEditor.Build.Reporting.BuildReport) (at /Users/bokken/build/output/unity/unity/Editor/Mono/BuildPipeline/BuildPipelineInterfaces.cs:524)
UnityEditor.BuildPipeline:BuildPlayerInternalNoCheck (string[],string,string,UnityEditor.BuildTargetGroup,UnityEditor.BuildTarget,int,UnityEditor.BuildOptions,string[],bool)
UnityEditor.BuildPipeline:BuildPlayerInternal (string[],string,string,UnityEditor.BuildTargetGroup,UnityEditor.BuildTarget,int,UnityEditor.BuildOptions,string[]) (at /Users/bokken/build/output/unity/unity/Editor/Mono/BuildPipeline.bindings.cs:494)
UnityEditor.BuildPipeline:BuildPlayer (string[],string,string,UnityEditor.BuildTargetGroup,UnityEditor.BuildTarget,int,UnityEditor.BuildOptions,string[]) (at /Users/bokken/build/output/unity/unity/Editor/Mono/BuildPipeline.bindings.cs:410)
UnityEditor.BuildPipeline:BuildPlayer (UnityEditor.BuildPlayerOptions) (at /Users/bokken/build/output/unity/unity/Editor/Mono/BuildPipeline.bindings.cs:356)
Milzet.Editor.BuildViewer:Build (UnityEditor.BuildTarget,string) (at Assets/Milzet/Editor/BuildViewer.cs:34)
Milzet.Editor.BuildViewer:Android () (at Assets/Milzet/Editor/BuildViewer.cs:31)
Milzet.Editor.BuildViewer:StartupRepair () (at Assets/Milzet/Editor/BuildViewer.cs:29)

(Filename: ./Library/PackageCache/com.meta.xr.sdk.core@f8b4cfb2789f/Editor/OVRGradleGeneration.cs Line: 185)

[Meta] libopenxr_loader.so from other packages will be disabled because of enabled MetaXRFeature: Packages/com.unity.xr.openxr/Runtime/MockRuntime/android/x64/libopenxr_loader.so
UnityEngine.Debug:ExtractStackTraceNoAlloc (byte*,int,string)
UnityEngine.StackTraceUtility:ExtractStackTrace () (at /Users/bokken/build/output/unity/unity/Runtime/Export/Scripting/StackTrace.cs:35)
UnityEngine.DebugLogHandler:Internal_Log (UnityEngine.LogType,UnityEngine.LogOption,string,UnityEngine.Object)
UnityEngine.DebugLogHandler:LogFormat (UnityEngine.LogType,UnityEngine.Object,string,object[])
UnityEngine.Logger:LogFormat (UnityEngine.LogType,string,object[])
UnityEngine.Debug:LogFormat (string,object[])
OVRGradleGeneration:OnPreprocessBuild (UnityEditor.Build.Reporting.BuildReport) (at ./Library/PackageCache/com.meta.xr.sdk.core@f8b4cfb2789f/Editor/OVRGradleGeneration.cs:185)
UnityEditor.Build.BuildPipelineInterfaces/<>c__DisplayClass17_0:<OnBuildPreProcess>b__1 (UnityEditor.Build.IPreprocessBuildWithReport) (at /Users/bokken/build/output/unity/unity/Editor/Mono/BuildPipeline/BuildPipelineInterfaces.cs:526)
UnityEditor.Build.BuildPipelineInterfaces:InvokeCallbackInterfacesPair<UnityEditor.Build.IPreprocessBuild, UnityEditor.Build.IPreprocessBuildWithReport> (System.Collections.Generic.List`1<UnityEditor.Build.IPreprocessBuild>,System.Action`1<UnityEditor.Build.IPreprocessBuild>,System.Collections.Generic.List`1<UnityEditor.Build.IPreprocessBuildWithReport>,System.Action`1<UnityEditor.Build.IPreprocessBuildWithReport>,bool) (at /Users/bokken/build/output/unity/unity/Editor/Mono/BuildPipeline/BuildPipelineInterfaces.cs:492)
UnityEditor.Build.BuildPipelineInterfaces:OnBuildPreProcess (UnityEditor.Build.Reporting.BuildReport) (at /Users/bokken/build/output/unity/unity/Editor/Mono/BuildPipeline/BuildPipelineInterfaces.cs:524)
UnityEditor.BuildPipeline:BuildPlayerInternalNoCheck (string[],string,string,UnityEditor.BuildTargetGroup,UnityEditor.BuildTarget,int,UnityEditor.BuildOptions,string[],bool)
UnityEditor.BuildPipeline:BuildPlayerInternal (string[],string,string,UnityEditor.BuildTargetGroup,UnityEditor.BuildTarget,int,UnityEditor.BuildOptions,string[]) (at /Users/bokken/build/output/unity/unity/Editor/Mono/BuildPipeline.bindings.cs:494)
UnityEditor.BuildPipeline:BuildPlayer (string[],string,string,UnityEditor.BuildTargetGroup,UnityEditor.BuildTarget,int,UnityEditor.BuildOptions,string[]) (at /Users/bokken/build/output/unity/unity/Editor/Mono/BuildPipeline.bindings.cs:410)
UnityEditor.BuildPipeline:BuildPlayer (UnityEditor.BuildPlayerOptions) (at /Users/bokken/build/output/unity/unity/Editor/Mono/BuildPipeline.bindings.cs:356)
Milzet.Editor.BuildViewer:Build (UnityEditor.BuildTarget,string) (at Assets/Milzet/Editor/BuildViewer.cs:34)
Milzet.Editor.BuildViewer:Android () (at Assets/Milzet/Editor/BuildViewer.cs:31)
Milzet.Editor.BuildViewer:StartupRepair () (at Assets/Milzet/Editor/BuildViewer.cs:29)

(Filename: ./Library/PackageCache/com.meta.xr.sdk.core@f8b4cfb2789f/Editor/OVRGradleGeneration.cs Line: 185)

[Meta] Native plugin included in build because of enabled MetaXRFeature: Packages/com.meta.xr.sdk.core/Plugins/AndroidOpenXR/OVRPlugin.aar
UnityEngine.Debug:ExtractStackTraceNoAlloc (byte*,int,string)
UnityEngine.StackTraceUtility:ExtractStackTrace () (at /Users/bokken/build/output/unity/unity/Runtime/Export/Scripting/StackTrace.cs:35)
UnityEngine.DebugLogHandler:Internal_Log (UnityEngine.LogType,UnityEngine.LogOption,string,UnityEngine.Object)
UnityEngine.DebugLogHandler:LogFormat (UnityEngine.LogType,UnityEngine.Object,string,object[])
UnityEngine.Logger:LogFormat (UnityEngine.LogType,string,object[])
UnityEngine.Debug:LogFormat (string,object[])
OVRGradleGeneration:OnPreprocessBuild (UnityEditor.Build.Reporting.BuildReport) (at ./Library/PackageCache/com.meta.xr.sdk.core@f8b4cfb2789f/Editor/OVRGradleGeneration.cs:173)
UnityEditor.Build.BuildPipelineInterfaces/<>c__DisplayClass17_0:<OnBuildPreProcess>b__1 (UnityEditor.Build.IPreprocessBuildWithReport) (at /Users/bokken/build/output/unity/unity/Editor/Mono/BuildPipeline/BuildPipelineInterfaces.cs:526)
UnityEditor.Build.BuildPipelineInterfaces:InvokeCallbackInterfacesPair<UnityEditor.Build.IPreprocessBuild, UnityEditor.Build.IPreprocessBuildWithReport> (System.Collections.Generic.List`1<UnityEditor.Build.IPreprocessBuild>,System.Action`1<UnityEditor.Build.IPreprocessBuild>,System.Collections.Generic.List`1<UnityEditor.Build.IPreprocessBuildWithReport>,System.Action`1<UnityEditor.Build.IPreprocessBuildWithReport>,bool) (at /Users/bokken/build/output/unity/unity/Editor/Mono/BuildPipeline/BuildPipelineInterfaces.cs:492)
UnityEditor.Build.BuildPipelineInterfaces:OnBuildPreProcess (UnityEditor.Build.Reporting.BuildReport) (at /Users/bokken/build/output/unity/unity/Editor/Mono/BuildPipeline/BuildPipelineInterfaces.cs:524)
UnityEditor.BuildPipeline:BuildPlayerInternalNoCheck (string[],string,string,UnityEditor.BuildTargetGroup,UnityEditor.BuildTarget,int,UnityEditor.BuildOptions,string[],bool)
UnityEditor.BuildPipeline:BuildPlayerInternal (string[],string,string,UnityEditor.BuildTargetGroup,UnityEditor.BuildTarget,int,UnityEditor.BuildOptions,string[]) (at /Users/bokken/build/output/unity/unity/Editor/Mono/BuildPipeline.bindings.cs:494)
UnityEditor.BuildPipeline:BuildPlayer (string[],string,string,UnityEditor.BuildTargetGroup,UnityEditor.BuildTarget,int,UnityEditor.BuildOptions,string[]) (at /Users/bokken/build/output/unity/unity/Editor/Mono/BuildPipeline.bindings.cs:410)
UnityEditor.BuildPipeline:BuildPlayer (UnityEditor.BuildPlayerOptions) (at /Users/bokken/build/output/unity/unity/Editor/Mono/BuildPipeline.bindings.cs:356)
Milzet.Editor.BuildViewer:Build (UnityEditor.BuildTarget,string) (at Assets/Milzet/Editor/BuildViewer.cs:34)
Milzet.Editor.BuildViewer:Android () (at Assets/Milzet/Editor/BuildViewer.cs:31)
Milzet.Editor.BuildViewer:StartupRepair () (at Assets/Milzet/Editor/BuildViewer.cs:29)

(Filename: ./Library/PackageCache/com.meta.xr.sdk.core@f8b4cfb2789f/Editor/OVRGradleGeneration.cs Line: 173)

Quest 1 is no longer supported as a target device as of v51 and has been removed as a target device from this project.
UnityEngine.Debug:ExtractStackTraceNoAlloc (byte*,int,string)
UnityEngine.StackTraceUtility:ExtractStackTrace () (at /Users/bokken/build/output/unity/unity/Runtime/Export/Scripting/StackTrace.cs:35)
UnityEngine.DebugLogHandler:Internal_Log (UnityEngine.LogType,UnityEngine.LogOption,string,UnityEngine.Object)
UnityEngine.DebugLogHandler:LogFormat (UnityEngine.LogType,UnityEngine.Object,string,object[])
UnityEngine.Logger:Log (UnityEngine.LogType,object)
UnityEngine.Debug:Log (object)
OVRGradleGeneration:OnPreprocessBuild (UnityEditor.Build.Reporting.BuildReport) (at ./Library/PackageCache/com.meta.xr.sdk.core@f8b4cfb2789f/Editor/OVRGradleGeneration.cs:282)
UnityEditor.Build.BuildPipelineInterfaces/<>c__DisplayClass17_0:<OnBuildPreProcess>b__1 (UnityEditor.Build.IPreprocessBuildWithReport) (at /Users/bokken/build/output/unity/unity/Editor/Mono/BuildPipeline/BuildPipelineInterfaces.cs:526)
UnityEditor.Build.BuildPipelineInterfaces:InvokeCallbackInterfacesPair<UnityEditor.Build.IPreprocessBuild, UnityEditor.Build.IPreprocessBuildWithReport> (System.Collections.Generic.List`1<UnityEditor.Build.IPreprocessBuild>,System.Action`1<UnityEditor.Build.IPreprocessBuild>,System.Collections.Generic.List`1<UnityEditor.Build.IPreprocessBuildWithReport>,System.Action`1<UnityEditor.Build.IPreprocessBuildWithReport>,bool) (at /Users/bokken/build/output/unity/unity/Editor/Mono/BuildPipeline/BuildPipelineInterfaces.cs:492)
UnityEditor.Build.BuildPipelineInterfaces:OnBuildPreProcess (UnityEditor.Build.Reporting.BuildReport) (at /Users/bokken/build/output/unity/unity/Editor/Mono/BuildPipeline/BuildPipelineInterfaces.cs:524)
UnityEditor.BuildPipeline:BuildPlayerInternalNoCheck (string[],string,string,UnityEditor.BuildTargetGroup,UnityEditor.BuildTarget,int,UnityEditor.BuildOptions,string[],bool)
UnityEditor.BuildPipeline:BuildPlayerInternal (string[],string,string,UnityEditor.BuildTargetGroup,UnityEditor.BuildTarget,int,UnityEditor.BuildOptions,string[]) (at /Users/bokken/build/output/unity/unity/Editor/Mono/BuildPipeline.bindings.cs:494)
UnityEditor.BuildPipeline:BuildPlayer (string[],string,string,UnityEditor.BuildTargetGroup,UnityEditor.BuildTarget,int,UnityEditor.BuildOptions,string[]) (at /Users/bokken/build/output/unity/unity/Editor/Mono/BuildPipeline.bindings.cs:410)
UnityEditor.BuildPipeline:BuildPlayer (UnityEditor.BuildPlayerOptions) (at /Users/bokken/build/output/unity/unity/Editor/Mono/BuildPipeline.bindings.cs:356)
Milzet.Editor.BuildViewer:Build (UnityEditor.BuildTarget,string) (at Assets/Milzet/Editor/BuildViewer.cs:34)
Milzet.Editor.BuildViewer:Android () (at Assets/Milzet/Editor/BuildViewer.cs:31)
Milzet.Editor.BuildViewer:StartupRepair () (at Assets/Milzet/Editor/BuildViewer.cs:29)

(Filename: ./Library/PackageCache/com.meta.xr.sdk.core@f8b4cfb2789f/Editor/OVRGradleGeneration.cs Line: 282)

Start importing ProjectSettings/ProjectSettings.asset using Guid(00000000000000004000000000000000) (LibraryAssetImporter) -> (artifact id: '558d053c62b444c1debbffb6f8dd3175') in 0.004840792 seconds
Start importing Assets/Oculus/OculusProjectConfig.asset using Guid(4037511c1f15249f293621cd423700f6) (NativeFormatImporter) -> (artifact id: 'ec69508b0d123702130b3e592f35e624') in 0.001298708 seconds
Start importing Assets/XR/Settings/OpenXR Package Settings.asset using Guid(720d9c3e3c30d4b52b870758e7e5bf78) (NativeFormatImporter) -> (artifact id: 'b4c0a857bafb51b5280ecaaf75ea289c') in 0.001060375 seconds
Refreshing native plugins compatible for Editor in 4.38 ms, found 9 plugins.
Preloading 0 native plugins for Editor in 0.00 ms.
Asset Pipeline Refresh (id=2f8909cd16f1645dba3f6f2b19a4b899): Total: 0.027 seconds - Initiated by StopAssetImportingV2(NoUpdateAssetOptions)
Failed to send event androidAssetPacksBuild. Result: TooManyRequests
DisplayProgressbar: Checking prerequisites
Reporting tool paths:
 JDK: '/Applications/Unity/Hub/Editor/6000.3.22f1/PlaybackEngines/AndroidPlayer/OpenJDK'
 Android SDK: '/Applications/Unity/Hub/Editor/6000.3.22f1/PlaybackEngines/AndroidPlayer/SDK'
 Android NDK: '/Applications/Unity/Hub/Editor/6000.3.22f1/PlaybackEngines/AndroidPlayer/NDK'
 Gradle: '/Applications/Unity/Hub/Editor/6000.3.22f1/PlaybackEngines/AndroidPlayer/Tools/gradle' (Gradle Version: '9.1.0' Android Plugin Version: '9.0.0')
Android PostProcess task "Checking prerequisites" took 22,4025 ms
DisplayProgressbar: Detect Java Development Kit (JDK)
Android PostProcess task "Detect Java Development Kit (JDK)" took 2,8011 ms
DisplayProgressbar: Detecting Android SDK
AndroidSDKTools:

	root          : /Applications/Unity/Hub/Editor/6000.3.22f1/PlaybackEngines/AndroidPlayer/SDK
	cmdline-tools : /Applications/Unity/Hub/Editor/6000.3.22f1/PlaybackEngines/AndroidPlayer/SDK/cmdline-tools/16.0
	platform-tools: /Applications/Unity/Hub/Editor/6000.3.22f1/PlaybackEngines/AndroidPlayer/SDK/platform-tools
	build-tools   : /Applications/Unity/Hub/Editor/6000.3.22f1/PlaybackEngines/AndroidPlayer/SDK/build-tools/36.0.0

	adb           : /Applications/Unity/Hub/Editor/6000.3.22f1/PlaybackEngines/AndroidPlayer/SDK/platform-tools/adb

Android PostProcess task "Detecting Android SDK" took 2542,7722 ms
DisplayProgressbar: Detect Android NDK
Android PostProcess task "Detect Android NDK" took 1,0807 ms
Android PostProcess task "Trying to find a suitable Android device" took 0,5973 ms
DisplayProgressbar: Check resources
Android PostProcess task "Check resources" took 0,2531 ms
DisplayProgressbar: Check Android Player Settings
Android PostProcess task "Check Android Player Settings" took 1,5821 ms
[40m[32minfo[39m[22m[49m: Microsoft.AspNetCore.Hosting.Diagnostics[1]
      Request starting HTTP/2 POST http://ilpp/UnityILPP.PostProcessing/Ping application/grpc -
[40m[32minfo[39m[22m[49m: Microsoft.AspNetCore.Routing.EndpointMiddleware[0]
      Executing endpoint 'gRPC - /UnityILPP.PostProcessing/Ping'
[40m[32minfo[39m[22m[49m: Microsoft.AspNetCore.Routing.EndpointMiddleware[1]
      Executed endpoint 'gRPC - /UnityILPP.PostProcessing/Ping'
[40m[32minfo[39m[22m[49m: Microsoft.AspNetCore.Hosting.Diagnostics[2]
      Request finished HTTP/2 POST http://ilpp/UnityILPP.PostProcessing/Ping application/grpc - - 200 - application/grpc 3.1235ms
Starting: /Applications/Unity/Hub/Editor/6000.3.22f1/Unity.app/Contents/Resources/BuildPipeline/bee_backend --ipc --defer-dag-verification --dagfile="Library/Bee/1300b0aESkipCompile.dag" --continue-on-failure --profile="Library/Bee/backend1.traceevents" ScriptAssembliesAndTypeDB
WorkingDir: /Users/mziwamadoda/Projects/Binteca/Interactive/milzetvrstudio/Unity
[Licensing::Client] Successfully resolved entitlement details
[Licensing::Module] License group:
  Id: F4-AZ6T-383H-7KTU-RM2U-XXXX
  Product: Unity Personal
  Type: ULF
  Expiration: Unlimited
[Licensing::Module] License group:
  Id: 11270701585829-UnityPersXXXX
  Product: Unity Personal
  Type: Assigned
  Expiration: Unlimited
DisplayProgressbar: Compiling Scripts
[Licensing::Client] Successfully resolved entitlement details
ExitCode: 4 Duration: 1s123ms
Rebuilding DAG because FileSignature timestamp changed: Library/Bee/1300b0aESkipCompile-inputdata.json
[2/3        1s] BuildPlayerDataGenerator Library/BuildPlayerData/Editor/TypeDb-All.json
*** Tundra requires additional run (1.09 seconds), 1 items updated, 1 evaluated
Starting: /Applications/Unity/Hub/Editor/6000.3.22f1/Unity.app/Contents/Resources/Scripting/netcorerun/netcorerun "/Applications/Unity/Hub/Editor/6000.3.22f1/Unity.app/Contents/Resources/BuildPipeline/ScriptCompilationBuildProgram.exe" "Library/Bee/1300b0aESkipCompile.dag.json" "Library/Bee/1300b0aESkipCompile-inputdata.json" "Library/Bee/buildprogram0.traceevents"
WorkingDir: /Users/mziwamadoda/Projects/Binteca/Interactive/milzetvrstudio/Unity
ExitCode: 0 Duration: 0s512ms
Starting: /Applications/Unity/Hub/Editor/6000.3.22f1/Unity.app/Contents/Resources/BuildPipeline/bee_backend --ipc --defer-dag-verification --dagfile="Library/Bee/1300b0aESkipCompile.dag" --continue-on-failure --dagfilejson="Library/Bee/1300b0aESkipCompile.dag.json" --profile="Library/Bee/backend2.traceevents" ScriptAssembliesAndTypeDB
WorkingDir: /Users/mziwamadoda/Projects/Binteca/Interactive/milzetvrstudio/Unity
ExitCode: 0 Duration: 1s283ms
Finished compiling graph: 4 nodes, 5 flattened edges (5 ToBuild, 0 ToUse), maximum node priority 3
[2/3        1s] BuildPlayerDataGenerator Library/BuildPlayerData/Editor/TypeDb-All.json
*** Tundra build success (1.26 seconds), 1 items updated, 3 evaluated
Start importing Assets/StreamingAssets/RuntimeActionBindings.json using Guid(483e1c04e39ed462fbd723f2e79868bd) (DefaultImporter)Total cache size 266996609
Total cache size after purge 266996609, took 00:00:00.2815871
 -> (artifact id: '8bc2189175963c69b3eba909a77bdb10') in 0.860831584 seconds
Start importing Assets/Resources/PerformanceTestRunInfo.json using Guid(403871c85278449aca19dbcd9acea40c) (TextScriptImporter) -> (artifact id: '8977ad25e41c1435a87aa81cf761a4dc') in 0.001954167 seconds
Start importing Assets/Resources/PerformanceTestRunSettings.json using Guid(8a15ddfc3f60e42eabe5690a844e7a49) (TextScriptImporter) -> (artifact id: '25779b0bd0ca479bcec0ef7392860026') in 0.00101325 seconds
Refreshing native plugins compatible for Editor in 4.46 ms, found 9 plugins.
Preloading 0 native plugins for Editor in 0.00 ms.
Asset Pipeline Refresh (id=709ced28089e843f79aacea7f6eaeb9f): Total: 0.988 seconds - Initiated by RefreshV2(NoUpdateAssetOptions)
	Summary:
		Imports: total=3 (actual=3, local cache=0, cache server=0)
		Asset DB Process Time: managed=0 ms, native=977 ms
		Asset DB Callback time: managed=1 ms, native=9 ms
		Scripting: domain reloads=0, domain reload time=0 ms, compile time=0 ms, other=0 ms
		Project Asset Count: scripts=1245, non-scripts=1533
		Asset File Changes: new=3, changed=3, moved=0, deleted=0
		Scan Filter Count: 1
	InvokeCustomDependenciesCallbacks: 0.001ms
	InvokePackagesCallback: 0.002ms
	ApplyChangesToAssetFolders: 0.128ms
	Scan: 103.349ms
	OnSourceAssetsModified: 0.114ms
	CategorizeAssetsWithTransientArtifact: 0.016ms
	ProcessAssetsWithTransientArtifactChanges: 0.226ms
	CategorizeAssets: 2.613ms
	ImportOutOfDateAssets: 867.592ms (0.264ms without children)
		ImportManagerImport: 866.272ms (0.387ms without children)
			ImportInProcess: 865.854ms
			UpdateCategorizedAssets: 0.031ms
		ReloadNativeAssets: 0.163ms
		UnloadImportedAssets: 0.169ms
		ReloadImportedAssets: 0.000ms
		EnsureUptoDateAssetsAreRegisteredWithGuidPM: 0.378ms
		InitializingProgressBar: 0.011ms
		PostProcessAllAssetNotificationsAddChangedAssets: 0.000ms
		OnDemandSchedulerStart: 0.335ms
	PostProcessAllAssets: 1.363ms
	Hotreload: 9.255ms
	GatherAllCurrentPrimaryArtifactRevisions: 0.427ms
	UnloadStreamsBegin: 0.039ms
	PersistCurrentRevisions: 0.138ms
	UnloadStreamsEnd: 0.001ms
	Untracked: 3.159ms

[ScriptCompilation] Requested script compilation because: Recompiling scripts for player build.
BuildPlayer: start building target 13
[Licensing::Client] Successfully resolved entitlement details
[Licensing::Module] License group:
  Id: F4-AZ6T-383H-7KTU-RM2U-XXXX
  Product: Unity Personal
  Type: ULF
  Expiration: Unlimited
[Licensing::Module] License group:
  Id: 11270701585829-UnityPersXXXX
  Product: Unity Personal
  Type: Assigned
  Expiration: Unlimited
[40m[32minfo[39m[22m[49m: Microsoft.AspNetCore.Hosting.Diagnostics[1]
      Request starting HTTP/2 POST http://ilpp/UnityILPP.PostProcessing/Ping application/grpc -
[40m[32minfo[39m[22m[49m: Microsoft.AspNetCore.Routing.EndpointMiddleware[0]
      Executing endpoint 'gRPC - /UnityILPP.PostProcessing/Ping'
[40m[32minfo[39m[22m[49m: Microsoft.AspNetCore.Routing.EndpointMiddleware[1]
      Executed endpoint 'gRPC - /UnityILPP.PostProcessing/Ping'
[40m[32minfo[39m[22m[49m: Microsoft.AspNetCore.Hosting.Diagnostics[2]
      Request finished HTTP/2 POST http://ilpp/UnityILPP.PostProcessing/Ping application/grpc - - 200 - application/grpc 0.3747ms
Starting: /Applications/Unity/Hub/Editor/6000.3.22f1/Unity.app/Contents/Resources/BuildPipeline/bee_backend --ipc --defer-dag-verification --dagfile="Library/Bee/1300b0aPDevDbg.dag" --continue-on-failure --profile="Library/Bee/backend1.traceevents" ScriptAssembliesAndTypeDB
WorkingDir: /Users/mziwamadoda/Projects/Binteca/Interactive/milzetvrstudio/Unity
[40m[32minfo[39m[22m[49m: Microsoft.AspNetCore.Hosting.Diagnostics[1]
      Request starting HTTP/2 POST http://ilpp/UnityILPP.PostProcessing/ConfigurePostProcessors application/grpc -
[40m[32minfo[39m[22m[49m: Microsoft.AspNetCore.Routing.EndpointMiddleware[0]
      Executing endpoint 'gRPC - /UnityILPP.PostProcessing/ConfigurePostProcessors'
[40m[32minfo[39m[22m[49m: Unity.ILPP.Runner.PostProcessingAssemblyLoadContext[0]
      ALC ILPP context 1 is unloading
[40m[1m[33mwarn[39m[22m[49m: Unity.ILPP.Runner.PostProcessingAssemblyLoadContext[0]
      Assembly system.runtime.interopservices.windowsruntime has duplicate hint path. Ignoring "/Applications/Unity/Hub/Editor/6000.3.22f1/Unity.app/Contents/Resources/Scripting/UnityReferenceAssemblies/unity-4.8-api/Facades/System.Runtime.InteropServices.WindowsRuntime.dll" in favor of "/Applications/Unity/Hub/Editor/6000.3.22f1/Unity.app/Contents/Resources/Scripting/NetStandard/Extensions/2.0.0/System.Runtime.InteropServices.WindowsRuntime.dll"
[40m[1m[33mwarn[39m[22m[49m: Unity.ILPP.Runner.PostProcessingAssemblyLoadContext[0]
      Assembly system.componentmodel.composition has duplicate hint path. Ignoring "/Applications/Unity/Hub/Editor/6000.3.22f1/Unity.app/Contents/Resources/Scripting/UnityReferenceAssemblies/unity-4.8-api/System.ComponentModel.Composition.dll" in favor of "/Applications/Unity/Hub/Editor/6000.3.22f1/Unity.app/Contents/Resources/Scripting/NetStandard/compat/2.1.0/shims/netfx/System.ComponentModel.Composition.dll"
[40m[32minfo[39m[22m[49m: Unity.ILPP.Runner.PostProcessingAssemblyLoadContext[0]
      Resolved Unity.Burst.Cecil, Version=0.11.6.0, Culture=neutral, PublicKeyToken=50cebf1cceb9d05e with Library/PackageCache/com.unity.burst@2f3d916873ea/Unity.Burst.CodeGen/Unity.Burst.Cecil.dll
[40m[32minfo[39m[22m[49m: Unity.ILPP.Runner.PostProcessingAssemblyLoadContext[0]
      Resolved Mono.Cecil, Version=0.11.5.0, Culture=neutral, PublicKeyToken=50cebf1cceb9d05e with Library/PackageCache/com.unity.nuget.mono-cecil@ecb9724e46ff/Mono.Cecil.dll
[40m[32minfo[39m[22m[49m: Microsoft.AspNetCore.Routing.EndpointMiddleware[1]
      Executed endpoint 'gRPC - /UnityILPP.PostProcessing/ConfigurePostProcessors'
[40m[32minfo[39m[22m[49m: Microsoft.AspNetCore.Hosting.Diagnostics[2]
      Request finished HTTP/2 POST http://ilpp/UnityILPP.PostProcessing/ConfigurePostProcessors application/grpc - - 200 - application/grpc 19.3639ms
ExitCode: 4 Duration: 1s33ms
Rebuilding DAG because FileSignature timestamp changed: Library/Bee/1300b0aPDevDbg-inputdata.json
[425/501    0s] ILPP-Configuration Library/ilpp-configuration.nevergeneratedoutput
*** Tundra requires additional run (0.98 seconds), 2 items updated, 424 evaluated
Starting: /Applications/Unity/Hub/Editor/6000.3.22f1/Unity.app/Contents/Resources/Scripting/netcorerun/netcorerun "/Applications/Unity/Hub/Editor/6000.3.22f1/Unity.app/Contents/Resources/BuildPipeline/ScriptCompilationBuildProgram.exe" "Library/Bee/1300b0aPDevDbg.dag.json" "Library/Bee/1300b0aPDevDbg-inputdata.json" "Library/Bee/buildprogram0.traceevents"
WorkingDir: /Users/mziwamadoda/Projects/Binteca/Interactive/milzetvrstudio/Unity
ExitCode: 0 Duration: 0s987ms
Starting: /Applications/Unity/Hub/Editor/6000.3.22f1/Unity.app/Contents/Resources/BuildPipeline/bee_backend --ipc --defer-dag-verification --dagfile="Library/Bee/1300b0aPDevDbg.dag" --continue-on-failure --dagfilejson="Library/Bee/1300b0aPDevDbg.dag.json" --profile="Library/Bee/backend2.traceevents" ScriptAssembliesAndTypeDB
WorkingDir: /Users/mziwamadoda/Projects/Binteca/Interactive/milzetvrstudio/Unity
[40m[32minfo[39m[22m[49m: Microsoft.AspNetCore.Hosting.Diagnostics[1]
      Request starting HTTP/2 POST http://ilpp/UnityILPP.PostProcessing/ConfigurePostProcessors application/grpc -
[40m[32minfo[39m[22m[49m: Microsoft.AspNetCore.Routing.EndpointMiddleware[0]
      Executing endpoint 'gRPC - /UnityILPP.PostProcessing/ConfigurePostProcessors'
[40m[32minfo[39m[22m[49m: Unity.ILPP.Runner.PostProcessingAssemblyLoadContext[0]
      Current configuration matches the requested one, skipping
[40m[32minfo[39m[22m[49m: Microsoft.AspNetCore.Routing.EndpointMiddleware[1]
      Executed endpoint 'gRPC - /UnityILPP.PostProcessing/ConfigurePostProcessors'
[40m[32minfo[39m[22m[49m: Microsoft.AspNetCore.Hosting.Diagnostics[2]
      Request finished HTTP/2 POST http://ilpp/UnityILPP.PostProcessing/ConfigurePostProcessors application/grpc - - 200 - application/grpc 23.4881ms
[40m[32minfo[39m[22m[49m: Microsoft.AspNetCore.Hosting.Diagnostics[1]
      Request starting HTTP/2 POST http://ilpp/UnityILPP.PostProcessing/PostProcessAssembly application/grpc -
[40m[32minfo[39m[22m[49m: Microsoft.AspNetCore.Routing.EndpointMiddleware[0]
      Executing endpoint 'gRPC - /UnityILPP.PostProcessing/PostProcessAssembly'
[40m[32minfo[39m[22m[49m: Microsoft.AspNetCore.Hosting.Diagnostics[1]
      Request starting HTTP/2 POST http://ilpp/UnityILPP.PostProcessing/PostProcessAssembly application/grpc -
[40m[32minfo[39m[22m[49m: Microsoft.AspNetCore.Routing.EndpointMiddleware[0]
      Executing endpoint 'gRPC - /UnityILPP.PostProcessing/PostProcessAssembly'
[40m[32minfo[39m[22m[49m: Unity.ILPP.Runner.PostProcessingPipeline[0]
      Processing assembly Library/Bee/artifacts/1300b0aPDevDbg.dag/Meta.XR.BuildingBlocks.dll, with 146 defines and 196 references
[40m[32minfo[39m[22m[49m: Unity.ILPP.Runner.PostProcessingPipeline[0]
      processors: Unity.Jobs.CodeGen.JobsILPostProcessor, zzzUnity.Burst.CodeGen.BurstILPostProcessor
[40m[32minfo[39m[22m[49m: Unity.ILPP.Runner.PostProcessingPipeline[0]
      running Unity.Jobs.CodeGen.JobsILPostProcessor
[40m[32minfo[39m[22m[49m: Unity.ILPP.Runner.PostProcessingPipeline[0]
      Processing assembly Library/Bee/artifacts/1300b0aPDevDbg.dag/Unity.TextMeshPro.dll, with 145 defines and 194 references
[40m[32minfo[39m[22m[49m: Unity.ILPP.Runner.PostProcessingPipeline[0]
      processors: Unity.Jobs.CodeGen.JobsILPostProcessor, zzzUnity.Burst.CodeGen.BurstILPostProcessor
[40m[32minfo[39m[22m[49m: Unity.ILPP.Runner.PostProcessingPipeline[0]
      running Unity.Jobs.CodeGen.JobsILPostProcessor
[40m[32minfo[39m[22m[49m: Unity.ILPP.Runner.PostProcessingPipeline[0]
      running zzzUnity.Burst.CodeGen.BurstILPostProcessor
[40m[32minfo[39m[22m[49m: Unity.ILPP.Runner.PostProcessingPipeline[0]
      running zzzUnity.Burst.CodeGen.BurstILPostProcessor
[40m[32minfo[39m[22m[49m: Microsoft.AspNetCore.Routing.EndpointMiddleware[1]
      Executed endpoint 'gRPC - /UnityILPP.PostProcessing/PostProcessAssembly'
[40m[32minfo[39m[22m[49m: Microsoft.AspNetCore.Hosting.Diagnostics[2]
      Request finished HTTP/2 POST http://ilpp/UnityILPP.PostProcessing/PostProcessAssembly application/grpc - - 200 - application/grpc 23.8680ms
[40m[32minfo[39m[22m[49m: Microsoft.AspNetCore.Routing.EndpointMiddleware[1]
      Executed endpoint 'gRPC - /UnityILPP.PostProcessing/PostProcessAssembly'
[40m[32minfo[39m[22m[49m: Microsoft.AspNetCore.Hosting.Diagnostics[2]
      Request finished HTTP/2 POST http://ilpp/UnityILPP.PostProcessing/PostProcessAssembly application/grpc - - 200 - application/grpc 17.9730ms
[40m[32minfo[39m[22m[49m: Microsoft.AspNetCore.Hosting.Diagnostics[1]
      Request starting HTTP/2 POST http://ilpp/UnityILPP.PostProcessing/PostProcessAssembly application/grpc -
[40m[32minfo[39m[22m[49m: Microsoft.AspNetCore.Routing.EndpointMiddleware[0]
      Executing endpoint 'gRPC - /UnityILPP.PostProcessing/PostProcessAssembly'
[40m[32minfo[39m[22m[49m: Unity.ILPP.Runner.PostProcessingPipeline[0]
      Processing assembly Library/Bee/artifacts/1300b0aPDevDbg.dag/Unity.XR.OpenXR.Features.MockRuntime.dll, with 144 defines and 192 references
[40m[32minfo[39m[22m[49m: Unity.ILPP.Runner.PostProcessingPipeline[0]
      processors: Unity.Jobs.CodeGen.JobsILPostProcessor, zzzUnity.Burst.CodeGen.BurstILPostProcessor
[40m[32minfo[39m[22m[49m: Unity.ILPP.Runner.PostProcessingPipeline[0]
      running Unity.Jobs.CodeGen.JobsILPostProcessor
[40m[32minfo[39m[22m[49m: Unity.ILPP.Runner.PostProcessingPipeline[0]
      running zzzUnity.Burst.CodeGen.BurstILPostProcessor
[40m[32minfo[39m[22m[49m: Microsoft.AspNetCore.Routing.EndpointMiddleware[1]
      Executed endpoint 'gRPC - /UnityILPP.PostProcessing/PostProcessAssembly'
[40m[32minfo[39m[22m[49m: Microsoft.AspNetCore.Hosting.Diagnostics[2]
      Request finished HTTP/2 POST http://ilpp/UnityILPP.PostProcessing/PostProcessAssembly application/grpc - - 200 - application/grpc 18.0169ms
[40m[32minfo[39m[22m[49m: Microsoft.AspNetCore.Hosting.Diagnostics[1]
      Request starting HTTP/2 POST http://ilpp/UnityILPP.PostProcessing/PostProcessAssembly application/grpc -
[40m[32minfo[39m[22m[49m: Microsoft.AspNetCore.Routing.EndpointMiddleware[0]
      Executing endpoint 'gRPC - /UnityILPP.PostProcessing/PostProcessAssembly'
[40m[32minfo[39m[22m[49m: Unity.ILPP.Runner.PostProcessingPipeline[0]
      Processing assembly Library/Bee/artifacts/1300b0aPDevDbg.dag/Unity.XR.CoreUtils.dll, with 150 defines and 195 references
[40m[32minfo[39m[22m[49m: Unity.ILPP.Runner.PostProcessingPipeline[0]
      processors: Unity.Jobs.CodeGen.JobsILPostProcessor, zzzUnity.Burst.CodeGen.BurstILPostProcessor
[40m[32minfo[39m[22m[49m: Unity.ILPP.Runner.PostProcessingPipeline[0]
      running Unity.Jobs.CodeGen.JobsILPostProcessor
[40m[32minfo[39m[22m[49m: Unity.ILPP.Runner.PostProcessingPipeline[0]
      running zzzUnity.Burst.CodeGen.BurstILPostProcessor
[40m[32minfo[39m[22m[49m: Microsoft.AspNetCore.Routing.EndpointMiddleware[1]
      Executed endpoint 'gRPC - /UnityILPP.PostProcessing/PostProcessAssembly'
[40m[32minfo[39m[22m[49m: Microsoft.AspNetCore.Hosting.Diagnostics[2]
      Request finished HTTP/2 POST http://ilpp/UnityILPP.PostProcessing/PostProcessAssembly application/grpc - - 200 - application/grpc 8.7918ms
[40m[32minfo[39m[22m[49m: Microsoft.AspNetCore.Hosting.Diagnostics[1]
      Request starting HTTP/2 POST http://ilpp/UnityILPP.PostProcessing/PostProcessAssembly application/grpc -
[40m[32minfo[39m[22m[49m: Microsoft.AspNetCore.Routing.EndpointMiddleware[0]
      Executing endpoint 'gRPC - /UnityILPP.PostProcessing/PostProcessAssembly'
[40m[32minfo[39m[22m[49m: Unity.ILPP.Runner.PostProcessingPipeline[0]
      Processing assembly Library/Bee/artifacts/1300b0aPDevDbg.dag/UnityEngine.XR.LegacyInputHelpers.dll, with 144 defines and 194 references
[40m[32minfo[39m[22m[49m: Unity.ILPP.Runner.PostProcessingPipeline[0]
      processors: Unity.Jobs.CodeGen.JobsILPostProcessor, zzzUnity.Burst.CodeGen.BurstILPostProcessor
[40m[32minfo[39m[22m[49m: Unity.ILPP.Runner.PostProcessingPipeline[0]
      running Unity.Jobs.CodeGen.JobsILPostProcessor
[40m[32minfo[39m[22m[49m: Unity.ILPP.Runner.PostProcessingPipeline[0]
      running zzzUnity.Burst.CodeGen.BurstILPostProcessor
[40m[32minfo[39m[22m[49m: Microsoft.AspNetCore.Routing.EndpointMiddleware[1]
      Executed endpoint 'gRPC - /UnityILPP.PostProcessing/PostProcessAssembly'
[40m[32minfo[39m[22m[49m: Microsoft.AspNetCore.Hosting.Diagnostics[2]
      Request finished HTTP/2 POST http://ilpp/UnityILPP.PostProcessing/PostProcessAssembly application/grpc - - 200 - application/grpc 5.1963ms
[40m[32minfo[39m[22m[49m: Microsoft.AspNetCore.Hosting.Diagnostics[1]
      Request starting HTTP/2 POST http://ilpp/UnityILPP.PostProcessing/PostProcessAssembly application/grpc -
[40m[32minfo[39m[22m[49m: Microsoft.AspNetCore.Routing.EndpointMiddleware[0]
      Executing endpoint 'gRPC - /UnityILPP.PostProcessing/PostProcessAssembly'
[40m[32minfo[39m[22m[49m: Unity.ILPP.Runner.PostProcessingPipeline[0]
      Processing assembly Library/Bee/artifacts/1300b0aPDevDbg.dag/Unity.InputSystem.ForUI.dll, with 144 defines and 194 references
[40m[32minfo[39m[22m[49m: Unity.ILPP.Runner.PostProcessingPipeline[0]
      processors: Unity.Jobs.CodeGen.JobsILPostProcessor, zzzUnity.Burst.CodeGen.BurstILPostProcessor
[40m[32minfo[39m[22m[49m: Unity.ILPP.Runner.PostProcessingPipeline[0]
      running Unity.Jobs.CodeGen.JobsILPostProcessor
[40m[32minfo[39m[22m[49m: Unity.ILPP.Runner.PostProcessingPipeline[0]
      running zzzUnity.Burst.CodeGen.BurstILPostProcessor
[40m[32minfo[39m[22m[49m: Microsoft.AspNetCore.Routing.EndpointMiddleware[1]
      Executed endpoint 'gRPC - /UnityILPP.PostProcessing/PostProcessAssembly'
[40m[32minfo[39m[22m[49m: Microsoft.AspNetCore.Hosting.Diagnostics[2]
      Request finished HTTP/2 POST http://ilpp/UnityILPP.PostProcessing/PostProcessAssembly application/grpc - - 200 - application/grpc 7.0807ms
[40m[32minfo[39m[22m[49m: Microsoft.AspNetCore.Hosting.Diagnostics[1]
      Request starting HTTP/2 POST http://ilpp/UnityILPP.PostProcessing/PostProcessAssembly application/grpc -
[40m[32minfo[39m[22m[49m: Microsoft.AspNetCore.Routing.EndpointMiddleware[0]
      Executing endpoint 'gRPC - /UnityILPP.PostProcessing/PostProcessAssembly'
[40m[32minfo[39m[22m[49m: Unity.ILPP.Runner.PostProcessingPipeline[0]
      Processing assembly Library/Bee/artifacts/1300b0aPDevDbg.dag/meta.xr.mrutilitykit.dll, with 145 defines and 198 references
[40m[32minfo[39m[22m[49m: Unity.ILPP.Runner.PostProcessingPipeline[0]
      processors: Unity.Jobs.CodeGen.JobsILPostProcessor, zzzUnity.Burst.CodeGen.BurstILPostProcessor
[40m[32minfo[39m[22m[49m: Unity.ILPP.Runner.PostProcessingPipeline[0]
      running Unity.Jobs.CodeGen.JobsILPostProcessor
[40m[32minfo[39m[22m[49m: Unity.ILPP.Runner.PostProcessingPipeline[0]
      running zzzUnity.Burst.CodeGen.BurstILPostProcessor
[40m[32minfo[39m[22m[49m: Microsoft.AspNetCore.Routing.EndpointMiddleware[1]
      Executed endpoint 'gRPC - /UnityILPP.PostProcessing/PostProcessAssembly'
[40m[32minfo[39m[22m[49m: Microsoft.AspNetCore.Hosting.Diagnostics[2]
      Request finished HTTP/2 POST http://ilpp/UnityILPP.PostProcessing/PostProcessAssembly application/grpc - - 200 - application/grpc 34.6337ms
[40m[32minfo[39m[22m[49m: Microsoft.AspNetCore.Hosting.Diagnostics[1]
      Request starting HTTP/2 POST http://ilpp/UnityILPP.PostProcessing/PostProcessAssembly application/grpc -
[40m[32minfo[39m[22m[49m: Microsoft.AspNetCore.Routing.EndpointMiddleware[0]
      Executing endpoint 'gRPC - /UnityILPP.PostProcessing/PostProcessAssembly'
[40m[32minfo[39m[22m[49m: Unity.ILPP.Runner.PostProcessingPipeline[0]
      Processing assembly Library/Bee/artifacts/1300b0aPDevDbg.dag/Unity.Timeline.dll, with 145 defines and 193 references
[40m[32minfo[39m[22m[49m: Unity.ILPP.Runner.PostProcessingPipeline[0]
      processors: Unity.Jobs.CodeGen.JobsILPostProcessor, zzzUnity.Burst.CodeGen.BurstILPostProcessor
[40m[32minfo[39m[22m[49m: Unity.ILPP.Runner.PostProcessingPipeline[0]
      running Unity.Jobs.CodeGen.JobsILPostProcessor
[40m[32minfo[39m[22m[49m: Unity.ILPP.Runner.PostProcessingPipeline[0]
      running zzzUnity.Burst.CodeGen.BurstILPostProcessor
[40m[32minfo[39m[22m[49m: Microsoft.AspNetCore.Hosting.Diagnostics[1]
      Request starting HTTP/2 POST http://ilpp/UnityILPP.PostProcessing/PostProcessAssembly application/grpc -
[40m[32minfo[39m[22m[49m: Microsoft.AspNetCore.Routing.EndpointMiddleware[0]
      Executing endpoint 'gRPC - /UnityILPP.PostProcessing/PostProcessAssembly'
[40m[32minfo[39m[22m[49m: Microsoft.AspNetCore.Routing.EndpointMiddleware[1]
      Executed endpoint 'gRPC - /UnityILPP.PostProcessing/PostProcessAssembly'
[40m[32minfo[39m[22m[49m: Microsoft.AspNetCore.Hosting.Diagnostics[2]
      Request finished HTTP/2 POST http://ilpp/UnityILPP.PostProcessing/PostProcessAssembly application/grpc - - 200 - application/grpc 77.0504ms
[40m[32minfo[39m[22m[49m: Unity.ILPP.Runner.PostProcessingPipeline[0]
      Processing assembly Library/Bee/artifacts/1300b0aPDevDbg.dag/Unity.XR.OpenXR.Features.OculusQuestSupport.dll, with 144 defines and 195 references
[40m[32minfo[39m[22m[49m: Unity.ILPP.Runner.PostProcessingPipeline[0]
      processors: Unity.Jobs.CodeGen.JobsILPostProcessor, zzzUnity.Burst.CodeGen.BurstILPostProcessor
[40m[32minfo[39m[22m[49m: Unity.ILPP.Runner.PostProcessingPipeline[0]
      running Unity.Jobs.CodeGen.JobsILPostProcessor
[40m[32minfo[39m[22m[49m: Unity.ILPP.Runner.PostProcessingPipeline[0]
      running zzzUnity.Burst.CodeGen.BurstILPostProcessor
[40m[32minfo[39m[22m[49m: Microsoft.AspNetCore.Routing.EndpointMiddleware[1]
      Executed endpoint 'gRPC - /UnityILPP.PostProcessing/PostProcessAssembly'
[40m[32minfo[39m[22m[49m: Microsoft.AspNetCore.Hosting.Diagnostics[2]
      Request finished HTTP/2 POST http://ilpp/UnityILPP.PostProcessing/PostProcessAssembly application/grpc - - 200 - application/grpc 51.2885ms
[40m[32minfo[39m[22m[49m: Microsoft.AspNetCore.Hosting.Diagnostics[1]
      Request starting HTTP/2 POST http://ilpp/UnityILPP.PostProcessing/PostProcessAssembly application/grpc -
[40m[32minfo[39m[22m[49m: Microsoft.AspNetCore.Routing.EndpointMiddleware[0]
      Executing endpoint 'gRPC - /UnityILPP.PostProcessing/PostProcessAssembly'
[40m[32minfo[39m[22m[49m: Unity.ILPP.Runner.PostProcessingPipeline[0]
      Processing assembly Library/Bee/artifacts/1300b0aPDevDbg.dag/Meta.XR.MultiplayerBlocks.Shared.dll, with 146 defines and 197 references
[40m[32minfo[39m[22m[49m: Unity.ILPP.Runner.PostProcessingPipeline[0]
      processors: Unity.Jobs.CodeGen.JobsILPostProcessor, zzzUnity.Burst.CodeGen.BurstILPostProcessor
[40m[32minfo[39m[22m[49m: Unity.ILPP.Runner.PostProcessingPipeline[0]
      running Unity.Jobs.CodeGen.JobsILPostProcessor
[40m[32minfo[39m[22m[49m: Unity.ILPP.Runner.PostProcessingPipeline[0]
      running zzzUnity.Burst.CodeGen.BurstILPostProcessor
[40m[32minfo[39m[22m[49m: Microsoft.AspNetCore.Routing.EndpointMiddleware[1]
      Executed endpoint 'gRPC - /UnityILPP.PostProcessing/PostProcessAssembly'
[40m[32minfo[39m[22m[49m: Microsoft.AspNetCore.Hosting.Diagnostics[2]
      Request finished HTTP/2 POST http://ilpp/UnityILPP.PostProcessing/PostProcessAssembly application/grpc - - 200 - application/grpc 6.9876ms
[40m[32minfo[39m[22m[49m: Microsoft.AspNetCore.Hosting.Diagnostics[1]
      Request starting HTTP/2 POST http://ilpp/UnityILPP.PostProcessing/PostProcessAssembly application/grpc -
[40m[32minfo[39m[22m[49m: Microsoft.AspNetCore.Routing.EndpointMiddleware[0]
      Executing endpoint 'gRPC - /UnityILPP.PostProcessing/PostProcessAssembly'
[40m[32minfo[39m[22m[49m: Unity.ILPP.Runner.PostProcessingPipeline[0]
      Processing assembly Library/Bee/artifacts/1300b0aPDevDbg.dag/Unity.XR.OpenXR.Features.MetaQuestSupport.dll, with 144 defines and 194 references
[40m[32minfo[39m[22m[49m: Unity.ILPP.Runner.PostProcessingPipeline[0]
      processors: Unity.Jobs.CodeGen.JobsILPostProcessor, zzzUnity.Burst.CodeGen.BurstILPostProcessor
[40m[32minfo[39m[22m[49m: Unity.ILPP.Runner.PostProcessingPipeline[0]
      running Unity.Jobs.CodeGen.JobsILPostProcessor
[40m[32minfo[39m[22m[49m: Unity.ILPP.Runner.PostProcessingPipeline[0]
      running zzzUnity.Burst.CodeGen.BurstILPostProcessor
[40m[32minfo[39m[22m[49m: Microsoft.AspNetCore.Routing.EndpointMiddleware[1]
      Executed endpoint 'gRPC - /UnityILPP.PostProcessing/PostProcessAssembly'
[40m[32minfo[39m[22m[49m: Microsoft.AspNetCore.Hosting.Diagnostics[2]
      Request finished HTTP/2 POST http://ilpp/UnityILPP.PostProcessing/PostProcessAssembly application/grpc - - 200 - application/grpc 8.6436ms
[40m[32minfo[39m[22m[49m: Microsoft.AspNetCore.Hosting.Diagnostics[1]
      Request starting HTTP/2 POST http://ilpp/UnityILPP.PostProcessing/PostProcessAssembly application/grpc -
[40m[32minfo[39m[22m[49m: Microsoft.AspNetCore.Routing.EndpointMiddleware[0]
      Executing endpoint 'gRPC - /UnityILPP.PostProcessing/PostProcessAssembly'
[40m[32minfo[39m[22m[49m: Unity.ILPP.Runner.PostProcessingPipeline[0]
      Processing assembly Library/Bee/artifacts/1300b0aPDevDbg.dag/Unity.Mathematics.dll, with 144 defines and 193 references
[40m[32minfo[39m[22m[49m: Unity.ILPP.Runner.PostProcessingPipeline[0]
      processors: Unity.Jobs.CodeGen.JobsILPostProcessor, zzzUnity.Burst.CodeGen.BurstILPostProcessor
[40m[32minfo[39m[22m[49m: Unity.ILPP.Runner.PostProcessingPipeline[0]
      running Unity.Jobs.CodeGen.JobsILPostProcessor
[40m[32minfo[39m[22m[49m: Unity.ILPP.Runner.PostProcessingPipeline[0]
      running zzzUnity.Burst.CodeGen.BurstILPostProcessor
[40m[32minfo[39m[22m[49m: Microsoft.AspNetCore.Routing.EndpointMiddleware[1]
      Executed endpoint 'gRPC - /UnityILPP.PostProcessing/PostProcessAssembly'
[40m[32minfo[39m[22m[49m: Microsoft.AspNetCore.Hosting.Diagnostics[2]
      Request finished HTTP/2 POST http://ilpp/UnityILPP.PostProcessing/PostProcessAssembly application/grpc - - 200 - application/grpc 21.8875ms
[40m[32minfo[39m[22m[49m: Microsoft.AspNetCore.Hosting.Diagnostics[1]
      Request starting HTTP/2 POST http://ilpp/UnityILPP.PostProcessing/PostProcessAssembly application/grpc -
[40m[32minfo[39m[22m[49m: Microsoft.AspNetCore.Routing.EndpointMiddleware[0]
      Executing endpoint 'gRPC - /UnityILPP.PostProcessing/PostProcessAssembly'
[40m[32minfo[39m[22m[49m: Unity.ILPP.Runner.PostProcessingPipeline[0]
      Processing assembly Library/Bee/artifacts/1300b0aPDevDbg.dag/Unity.Collections.dll, with 146 defines and 195 references
[40m[32minfo[39m[22m[49m: Unity.ILPP.Runner.PostProcessingPipeline[0]
      processors: Unity.Jobs.CodeGen.JobsILPostProcessor, zzzUnity.Burst.CodeGen.BurstILPostProcessor
[40m[32minfo[39m[22m[49m: Microsoft.AspNetCore.Hosting.Diagnostics[1]
      Request starting HTTP/2 POST http://ilpp/UnityILPP.PostProcessing/PostProcessAssembly application/grpc -
[40m[32minfo[39m[22m[49m: Microsoft.AspNetCore.Routing.EndpointMiddleware[0]
      Executing endpoint 'gRPC - /UnityILPP.PostProcessing/PostProcessAssembly'
[40m[32minfo[39m[22m[49m: Unity.ILPP.Runner.PostProcessingPipeline[0]
      running Unity.Jobs.CodeGen.JobsILPostProcessor
[40m[32minfo[39m[22m[49m: Unity.ILPP.Runner.PostProcessingAssemblyLoadContext[0]
      Resolved Unity.Collections, Version=0.0.0.0, Culture=neutral, PublicKeyToken=null with Library/Bee/artifacts/Android_CodeGen/Unity.Collections.dll
[40m[32minfo[39m[22m[49m: Unity.ILPP.Runner.PostProcessingPipeline[0]
      Processing assembly Library/Bee/artifacts/1300b0aPDevDbg.dag/glTFast.dots.dll, with 145 defines and 197 references
[40m[32minfo[39m[22m[49m: Unity.ILPP.Runner.PostProcessingPipeline[0]
      processors: Unity.Jobs.CodeGen.JobsILPostProcessor, zzzUnity.Burst.CodeGen.BurstILPostProcessor
[40m[32minfo[39m[22m[49m: Unity.ILPP.Runner.PostProcessingPipeline[0]
      running Unity.Jobs.CodeGen.JobsILPostProcessor
[40m[32minfo[39m[22m[49m: Microsoft.AspNetCore.Hosting.Diagnostics[1]
      Request starting HTTP/2 POST http://ilpp/UnityILPP.PostProcessing/PostProcessAssembly application/grpc -
[40m[32minfo[39m[22m[49m: Microsoft.AspNetCore.Routing.EndpointMiddleware[0]
      Executing endpoint 'gRPC - /UnityILPP.PostProcessing/PostProcessAssembly'
[40m[32minfo[39m[22m[49m: Microsoft.AspNetCore.Hosting.Diagnostics[1]
      Request starting HTTP/2 POST http://ilpp/UnityILPP.PostProcessing/PostProcessAssembly application/grpc -
[40m[32minfo[39m[22m[49m: Microsoft.AspNetCore.Routing.EndpointMiddleware[0]
      Executing endpoint 'gRPC - /UnityILPP.PostProcessing/PostProcessAssembly'
[40m[32minfo[39m[22m[49m: Unity.ILPP.Runner.PostProcessingPipeline[0]
      Processing assembly Library/Bee/artifacts/1300b0aPDevDbg.dag/glTFast.Newtonsoft.dll, with 146 defines and 194 references
[40m[32minfo[39m[22m[49m: Unity.ILPP.Runner.PostProcessingPipeline[0]
      processors: Unity.Jobs.CodeGen.JobsILPostProcessor, zzzUnity.Burst.CodeGen.BurstILPostProcessor
[40m[32minfo[39m[22m[49m: Unity.ILPP.Runner.PostProcessingPipeline[0]
      running Unity.Jobs.CodeGen.JobsILPostProcessor
[40m[32minfo[39m[22m[49m: Unity.ILPP.Runner.PostProcessingPipeline[0]
      running zzzUnity.Burst.CodeGen.BurstILPostProcessor
[40m[32minfo[39m[22m[49m: Microsoft.AspNetCore.Routing.EndpointMiddleware[1]
      Executed endpoint 'gRPC - /UnityILPP.PostProcessing/PostProcessAssembly'
[40m[32minfo[39m[22m[49m: Microsoft.AspNetCore.Hosting.Diagnostics[2]
      Request finished HTTP/2 POST http://ilpp/UnityILPP.PostProcessing/PostProcessAssembly application/grpc - - 200 - application/grpc 9.8545ms
[40m[32minfo[39m[22m[49m: Unity.ILPP.Runner.PostProcessingPipeline[0]
      Processing assembly Library/Bee/artifacts/1300b0aPDevDbg.dag/Unity.InternalAPIEngineBridge.004.dll, with 144 defines and 193 references
[40m[32minfo[39m[22m[49m: Unity.ILPP.Runner.PostProcessingPipeline[0]
      processors: Unity.Jobs.CodeGen.JobsILPostProcessor, zzzUnity.Burst.CodeGen.BurstILPostProcessor
[40m[32minfo[39m[22m[49m: Unity.ILPP.Runner.PostProcessingPipeline[0]
      running Unity.Jobs.CodeGen.JobsILPostProcessor
[40m[32minfo[39m[22m[49m: Unity.ILPP.Runner.PostProcessingPipeline[0]
      running zzzUnity.Burst.CodeGen.BurstILPostProcessor
[40m[32minfo[39m[22m[49m: Microsoft.AspNetCore.Routing.EndpointMiddleware[1]
      Executed endpoint 'gRPC - /UnityILPP.PostProcessing/PostProcessAssembly'
[40m[32minfo[39m[22m[49m: Microsoft.AspNetCore.Hosting.Diagnostics[2]
      Request finished HTTP/2 POST http://ilpp/UnityILPP.PostProcessing/PostProcessAssembly application/grpc - - 200 - application/grpc 31.8085ms
[40m[32minfo[39m[22m[49m: Microsoft.AspNetCore.Hosting.Diagnostics[1]
      Request starting HTTP/2 POST http://ilpp/UnityILPP.PostProcessing/PostProcessAssembly application/grpc -
[40m[32minfo[39m[22m[49m: Microsoft.AspNetCore.Routing.EndpointMiddleware[0]
      Executing endpoint 'gRPC - /UnityILPP.PostProcessing/PostProcessAssembly'
[40m[32minfo[39m[22m[49m: Unity.ILPP.Runner.PostProcessingPipeline[0]
      Processing assembly Library/Bee/artifacts/1300b0aPDevDbg.dag/Meta.XR.BuildingBlocks.AIBlocks.dll, with 146 defines and 198 references
[40m[32minfo[39m[22m[49m: Unity.ILPP.Runner.PostProcessingPipeline[0]
      processors: Unity.Jobs.CodeGen.JobsILPostProcessor, zzzUnity.Burst.CodeGen.BurstILPostProcessor
[40m[32minfo[39m[22m[49m: Unity.ILPP.Runner.PostProcessingPipeline[0]
      running Unity.Jobs.CodeGen.JobsILPostProcessor
[40m[32minfo[39m[22m[49m: Unity.ILPP.Runner.PostProcessingPipeline[0]
      running zzzUnity.Burst.CodeGen.BurstILPostProcessor
[40m[32minfo[39m[22m[49m: Microsoft.AspNetCore.Routing.EndpointMiddleware[1]
      Executed endpoint 'gRPC - /UnityILPP.PostProcessing/PostProcessAssembly'
[40m[32minfo[39m[22m[49m: Microsoft.AspNetCore.Hosting.Diagnostics[2]
      Request finished HTTP/2 POST http://ilpp/UnityILPP.PostProcessing/PostProcessAssembly application/grpc - - 200 - application/grpc 15.2832ms
[40m[32minfo[39m[22m[49m: Microsoft.AspNetCore.Hosting.Diagnostics[1]
      Request starting HTTP/2 POST http://ilpp/UnityILPP.PostProcessing/PostProcessAssembly application/grpc -
[40m[32minfo[39m[22m[49m: Microsoft.AspNetCore.Routing.EndpointMiddleware[0]
      Executing endpoint 'gRPC - /UnityILPP.PostProcessing/PostProcessAssembly'
[40m[32minfo[39m[22m[49m: Unity.ILPP.Runner.PostProcessingPipeline[0]
      Processing assembly Library/Bee/artifacts/1300b0aPDevDbg.dag/Unity.Burst.dll, with 144 defines and 191 references
[40m[32minfo[39m[22m[49m: Unity.ILPP.Runner.PostProcessingPipeline[0]
      processors: Unity.Jobs.CodeGen.JobsILPostProcessor, zzzUnity.Burst.CodeGen.BurstILPostProcessor
[40m[32minfo[39m[22m[49m: Unity.ILPP.Runner.PostProcessingPipeline[0]
      running Unity.Jobs.CodeGen.JobsILPostProcessor
[40m[32minfo[39m[22m[49m: Unity.ILPP.Runner.PostProcessingPipeline[0]
      running zzzUnity.Burst.CodeGen.BurstILPostProcessor
[40m[32minfo[39m[22m[49m: Unity.ILPP.Runner.PostProcessingAssemblyLoadContext[0]
      Resolved UnityEditor.CoreModule, Version=0.0.0.0, Culture=neutral, PublicKeyToken=null with /Applications/Unity/Hub/Editor/6000.3.22f1/Unity.app/Contents/Resources/Scripting/Managed/UnityEngine/UnityEditor.CoreModule.dll
[40m[32minfo[39m[22m[49m: Unity.ILPP.Runner.PostProcessingAssemblyLoadContext[0]
      Resolved UnityEngine.CoreModule, Version=0.0.0.0, Culture=neutral, PublicKeyToken=null with /Applications/Unity/Hub/Editor/6000.3.22f1/Unity.app/Contents/Resources/Scripting/Managed/UnityEngine/UnityEngine.CoreModule.dll
[40m[32minfo[39m[22m[49m: Unity.ILPP.Runner.PostProcessingPipeline[0]
      running zzzUnity.Burst.CodeGen.BurstILPostProcessor
[40m[32minfo[39m[22m[49m: Unity.ILPP.Runner.PostProcessingAssemblyLoadContext[0]
      Resolved Unity.Burst.Cecil.Rocks, Version=0.11.6.0, Culture=neutral, PublicKeyToken=50cebf1cceb9d05e with Library/PackageCache/com.unity.burst@2f3d916873ea/Unity.Burst.CodeGen/Unity.Burst.Cecil.Rocks.dll
[40m[32minfo[39m[22m[49m: Microsoft.AspNetCore.Hosting.Diagnostics[1]
      Request starting HTTP/2 POST http://ilpp/UnityILPP.PostProcessing/PostProcessAssembly application/grpc -
[40m[32minfo[39m[22m[49m: Microsoft.AspNetCore.Routing.EndpointMiddleware[0]
      Executing endpoint 'gRPC - /UnityILPP.PostProcessing/PostProcessAssembly'
[40m[32minfo[39m[22m[49m: Microsoft.AspNetCore.Hosting.Diagnostics[1]
      Request starting HTTP/2 POST http://ilpp/UnityILPP.PostProcessing/PostProcessAssembly application/grpc -
[40m[32minfo[39m[22m[49m: Microsoft.AspNetCore.Hosting.Diagnostics[1]
      Request starting HTTP/2 POST http://ilpp/UnityILPP.PostProcessing/PostProcessAssembly application/grpc -
[40m[32minfo[39m[22m[49m: Microsoft.AspNetCore.Routing.EndpointMiddleware[0]
      Executing endpoint 'gRPC - /UnityILPP.PostProcessing/PostProcessAssembly'
[40m[32minfo[39m[22m[49m: Microsoft.AspNetCore.Routing.EndpointMiddleware[0]
      Executing endpoint 'gRPC - /UnityILPP.PostProcessing/PostProcessAssembly'
[40m[32minfo[39m[22m[49m: Microsoft.AspNetCore.Routing.EndpointMiddleware[1]
      Executed endpoint 'gRPC - /UnityILPP.PostProcessing/PostProcessAssembly'
[40m[32minfo[39m[22m[49m: Microsoft.AspNetCore.Hosting.Diagnostics[2]
      Request finished HTTP/2 POST http://ilpp/UnityILPP.PostProcessing/PostProcessAssembly application/grpc - - 200 - application/grpc 619.5436ms
[40m[32minfo[39m[22m[49m: Unity.ILPP.Runner.PostProcessingPipeline[0]
      Processing assembly Library/Bee/artifacts/1300b0aPDevDbg.dag/glTFast.Export.dll, with 145 defines and 196 references
[40m[32minfo[39m[22m[49m: Unity.ILPP.Runner.PostProcessingPipeline[0]
      processors: Unity.Jobs.CodeGen.JobsILPostProcessor, zzzUnity.Burst.CodeGen.BurstILPostProcessor
[40m[32minfo[39m[22m[49m: Unity.ILPP.Runner.PostProcessingPipeline[0]
      Processing assembly Library/Bee/artifacts/1300b0aPDevDbg.dag/glTFast.dll, with 149 defines and 196 references
[40m[32minfo[39m[22m[49m: Unity.ILPP.Runner.PostProcessingPipeline[0]
      processors: Unity.Jobs.CodeGen.JobsILPostProcessor, zzzUnity.Burst.CodeGen.BurstILPostProcessor
[40m[32minfo[39m[22m[49m: Unity.ILPP.Runner.PostProcessingPipeline[0]
      running Unity.Jobs.CodeGen.JobsILPostProcessor
[40m[32minfo[39m[22m[49m: Unity.ILPP.Runner.PostProcessingPipeline[0]
      running zzzUnity.Burst.CodeGen.BurstILPostProcessor
[40m[32minfo[39m[22m[49m: Unity.ILPP.Runner.PostProcessingPipeline[0]
      running Unity.Jobs.CodeGen.JobsILPostProcessor
[40m[32minfo[39m[22m[49m: Unity.ILPP.Runner.PostProcessingAssemblyLoadContext[0]
      Resolved Mono.Cecil.Rocks, Version=0.11.5.0, Culture=neutral, PublicKeyToken=50cebf1cceb9d05e with Library/PackageCache/com.unity.nuget.mono-cecil@ecb9724e46ff/Mono.Cecil.Rocks.dll
[40m[32minfo[39m[22m[49m: Microsoft.AspNetCore.Routing.EndpointMiddleware[1]
      Executed endpoint 'gRPC - /UnityILPP.PostProcessing/PostProcessAssembly'
[40m[32minfo[39m[22m[49m: Microsoft.AspNetCore.Hosting.Diagnostics[2]
      Request finished HTTP/2 POST http://ilpp/UnityILPP.PostProcessing/PostProcessAssembly application/grpc - - 200 - application/grpc 200.3350ms
[40m[32minfo[39m[22m[49m: Unity.ILPP.Runner.PostProcessingPipeline[0]
      Processing assembly Library/Bee/artifacts/1300b0aPDevDbg.dag/Unity.XR.OpenXR.Features.ConformanceAutomation.dll, with 144 defines and 194 references
[40m[32minfo[39m[22m[49m: Unity.ILPP.Runner.PostProcessingPipeline[0]
      processors: Unity.Jobs.CodeGen.JobsILPostProcessor, zzzUnity.Burst.CodeGen.BurstILPostProcessor
[40m[32minfo[39m[22m[49m: Unity.ILPP.Runner.PostProcessingPipeline[0]
      running Unity.Jobs.CodeGen.JobsILPostProcessor
[40m[32minfo[39m[22m[49m: Unity.ILPP.Runner.PostProcessingPipeline[0]
      running zzzUnity.Burst.CodeGen.BurstILPostProcessor
[40m[32minfo[39m[22m[49m: Microsoft.AspNetCore.Routing.EndpointMiddleware[1]
      Executed endpoint 'gRPC - /UnityILPP.PostProcessing/PostProcessAssembly'
[40m[32minfo[39m[22m[49m: Microsoft.AspNetCore.Hosting.Diagnostics[2]
      Request finished HTTP/2 POST http://ilpp/UnityILPP.PostProcessing/PostProcessAssembly application/grpc - - 200 - application/grpc 208.0781ms
[40m[32minfo[39m[22m[49m: Microsoft.AspNetCore.Hosting.Diagnostics[1]
      Request starting HTTP/2 POST http://ilpp/UnityILPP.PostProcessing/PostProcessAssembly application/grpc -
[40m[32minfo[39m[22m[49m: Microsoft.AspNetCore.Routing.EndpointMiddleware[0]
      Executing endpoint 'gRPC - /UnityILPP.PostProcessing/PostProcessAssembly'
[40m[32minfo[39m[22m[49m: Microsoft.AspNetCore.Hosting.Diagnostics[1]
      Request starting HTTP/2 POST http://ilpp/UnityILPP.PostProcessing/PostProcessAssembly application/grpc -
[40m[32minfo[39m[22m[49m: Microsoft.AspNetCore.Routing.EndpointMiddleware[0]
      Executing endpoint 'gRPC - /UnityILPP.PostProcessing/PostProcessAssembly'
[40m[32minfo[39m[22m[49m: Microsoft.AspNetCore.Hosting.Diagnostics[1]
      Request starting HTTP/2 POST http://ilpp/UnityILPP.PostProcessing/PostProcessAssembly application/grpc -
[40m[32minfo[39m[22m[49m: Microsoft.AspNetCore.Routing.EndpointMiddleware[0]
      Executing endpoint 'gRPC - /UnityILPP.PostProcessing/PostProcessAssembly'
[40m[32minfo[39m[22m[49m: Unity.ILPP.Runner.PostProcessingPipeline[0]
      Processing assembly Library/Bee/artifacts/1300b0aPDevDbg.dag/glTFast.Documentation.Examples.dll, with 147 defines and 198 references
[40m[32minfo[39m[22m[49m: Unity.ILPP.Runner.PostProcessingPipeline[0]
      processors: Unity.Jobs.CodeGen.JobsILPostProcessor, zzzUnity.Burst.CodeGen.BurstILPostProcessor
[40m[32minfo[39m[22m[49m: Unity.ILPP.Runner.PostProcessingPipeline[0]
      running Unity.Jobs.CodeGen.JobsILPostProcessor
[40m[32minfo[39m[22m[49m: Unity.ILPP.Runner.PostProcessingPipeline[0]
      running zzzUnity.Burst.CodeGen.BurstILPostProcessor
[40m[32minfo[39m[22m[49m: Unity.ILPP.Runner.PostProcessingPipeline[0]
      Processing assembly Library/Bee/artifacts/1300b0aPDevDbg.dag/Unity.AI.Navigation.dll, with 145 defines and 193 references
[40m[32minfo[39m[22m[49m: Unity.ILPP.Runner.PostProcessingPipeline[0]
      processors: Unity.Jobs.CodeGen.JobsILPostProcessor, zzzUnity.Burst.CodeGen.BurstILPostProcessor
[40m[32minfo[39m[22m[49m: Unity.ILPP.Runner.PostProcessingPipeline[0]
      running Unity.Jobs.CodeGen.JobsILPostProcessor
[40m[32minfo[39m[22m[49m: Unity.ILPP.Runner.PostProcessingPipeline[0]
      running zzzUnity.Burst.CodeGen.BurstILPostProcessor
[40m[32minfo[39m[22m[49m: Microsoft.AspNetCore.Routing.EndpointMiddleware[1]
      Executed endpoint 'gRPC - /UnityILPP.PostProcessing/PostProcessAssembly'
[40m[32minfo[39m[22m[49m: Microsoft.AspNetCore.Hosting.Diagnostics[2]
      Request finished HTTP/2 POST http://ilpp/UnityILPP.PostProcessing/PostProcessAssembly application/grpc - - 200 - application/grpc 121.6671ms
[40m[32minfo[39m[22m[49m: Unity.ILPP.Runner.PostProcessingPipeline[0]
      Processing assembly Library/Bee/artifacts/1300b0aPDevDbg.dag/Assembly-CSharp.dll, with 144 defines and 221 references
[40m[32minfo[39m[22m[49m: Unity.ILPP.Runner.PostProcessingPipeline[0]
      processors: Unity.Jobs.CodeGen.JobsILPostProcessor, zzzUnity.Burst.CodeGen.BurstILPostProcessor
[40m[32minfo[39m[22m[49m: Unity.ILPP.Runner.PostProcessingPipeline[0]
      running Unity.Jobs.CodeGen.JobsILPostProcessor
[40m[32minfo[39m[22m[49m: Microsoft.AspNetCore.Routing.EndpointMiddleware[1]
      Executed endpoint 'gRPC - /UnityILPP.PostProcessing/PostProcessAssembly'
[40m[32minfo[39m[22m[49m: Microsoft.AspNetCore.Hosting.Diagnostics[2]
      Request finished HTTP/2 POST http://ilpp/UnityILPP.PostProcessing/PostProcessAssembly application/grpc - - 200 - application/grpc 160.8577ms
[40m[32minfo[39m[22m[49m: Unity.ILPP.Runner.PostProcessingPipeline[0]
      running zzzUnity.Burst.CodeGen.BurstILPostProcessor
[40m[32minfo[39m[22m[49m: Microsoft.AspNetCore.Routing.EndpointMiddleware[1]
      Executed endpoint 'gRPC - /UnityILPP.PostProcessing/PostProcessAssembly'
[40m[32minfo[39m[22m[49m: Microsoft.AspNetCore.Hosting.Diagnostics[2]
      Request finished HTTP/2 POST http://ilpp/UnityILPP.PostProcessing/PostProcessAssembly application/grpc - - 200 - application/grpc 443.8579ms
[40m[32minfo[39m[22m[49m: Microsoft.AspNetCore.Hosting.Diagnostics[1]
      Request starting HTTP/2 POST http://ilpp/UnityILPP.PostProcessing/PostProcessAssembly application/grpc -
[40m[32minfo[39m[22m[49m: Microsoft.AspNetCore.Hosting.Diagnostics[1]
      Request starting HTTP/2 POST http://ilpp/UnityILPP.PostProcessing/PostProcessAssembly application/grpc -
[40m[32minfo[39m[22m[49m: Microsoft.AspNetCore.Routing.EndpointMiddleware[0]
      Executing endpoint 'gRPC - /UnityILPP.PostProcessing/PostProcessAssembly'
[40m[32minfo[39m[22m[49m: Microsoft.AspNetCore.Routing.EndpointMiddleware[0]
      Executing endpoint 'gRPC - /UnityILPP.PostProcessing/PostProcessAssembly'
[40m[32minfo[39m[22m[49m: Microsoft.AspNetCore.Hosting.Diagnostics[1]
      Request starting HTTP/2 POST http://ilpp/UnityILPP.PostProcessing/PostProcessAssembly application/grpc -
[40m[32minfo[39m[22m[49m: Microsoft.AspNetCore.Routing.EndpointMiddleware[0]
      Executing endpoint 'gRPC - /UnityILPP.PostProcessing/PostProcessAssembly'
[40m[32minfo[39m[22m[49m: Microsoft.AspNetCore.Hosting.Diagnostics[1]
      Request starting HTTP/2 POST http://ilpp/UnityILPP.PostProcessing/PostProcessAssembly application/grpc -
[40m[32minfo[39m[22m[49m: Microsoft.AspNetCore.Routing.EndpointMiddleware[0]
      Executing endpoint 'gRPC - /UnityILPP.PostProcessing/PostProcessAssembly'
[40m[32minfo[39m[22m[49m: Unity.ILPP.Runner.PostProcessingPipeline[0]
      Processing assembly Library/Bee/artifacts/1300b0aPDevDbg.dag/Meta.XR.ImmersiveDebugger.dll, with 147 defines and 195 references
[40m[32minfo[39m[22m[49m: Unity.ILPP.Runner.PostProcessingPipeline[0]
      processors: Unity.Jobs.CodeGen.JobsILPostProcessor, zzzUnity.Burst.CodeGen.BurstILPostProcessor
[40m[32minfo[39m[22m[49m: Unity.ILPP.Runner.PostProcessingPipeline[0]
      Processing assembly Library/Bee/artifacts/1300b0aPDevDbg.dag/Unity.XR.OpenXR.Features.RuntimeDebugger.dll, with 144 defines and 191 references
[40m[32minfo[39m[22m[49m: Unity.ILPP.Runner.PostProcessingPipeline[0]
      processors: Unity.Jobs.CodeGen.JobsILPostProcessor, zzzUnity.Burst.CodeGen.BurstILPostProcessor
[40m[32minfo[39m[22m[49m: Unity.ILPP.Runner.PostProcessingPipeline[0]
      running Unity.Jobs.CodeGen.JobsILPostProcessor
[40m[32minfo[39m[22m[49m: Unity.ILPP.Runner.PostProcessingPipeline[0]
      running zzzUnity.Burst.CodeGen.BurstILPostProcessor
[40m[32minfo[39m[22m[49m: Microsoft.AspNetCore.Routing.EndpointMiddleware[1]
      Executed endpoint 'gRPC - /UnityILPP.PostProcessing/PostProcessAssembly'
[40m[32minfo[39m[22m[49m: Microsoft.AspNetCore.Hosting.Diagnostics[2]
      Request finished HTTP/2 POST http://ilpp/UnityILPP.PostProcessing/PostProcessAssembly application/grpc - - 200 - application/grpc 28.5128ms
[40m[32minfo[39m[22m[49m: Unity.ILPP.Runner.PostProcessingPipeline[0]
      running Unity.Jobs.CodeGen.JobsILPostProcessor
[40m[32minfo[39m[22m[49m: Unity.ILPP.Runner.PostProcessingPipeline[0]
      running zzzUnity.Burst.CodeGen.BurstILPostProcessor
[40m[32minfo[39m[22m[49m: Unity.ILPP.Runner.PostProcessingPipeline[0]
      Processing assembly Library/Bee/artifacts/1300b0aPDevDbg.dag/Meta.XR.EnvironmentDepth.dll, with 147 defines and 196 references
[40m[32minfo[39m[22m[49m: Unity.ILPP.Runner.PostProcessingPipeline[0]
      processors: Unity.Jobs.CodeGen.JobsILPostProcessor, zzzUnity.Burst.CodeGen.BurstILPostProcessor
[40m[32minfo[39m[22m[49m: Microsoft.AspNetCore.Routing.EndpointMiddleware[1]
      Executed endpoint 'gRPC - /UnityILPP.PostProcessing/PostProcessAssembly'
[40m[32minfo[39m[22m[49m: Unity.ILPP.Runner.PostProcessingPipeline[0]
      running Unity.Jobs.CodeGen.JobsILPostProcessor
[40m[32minfo[39m[22m[49m: Unity.ILPP.Runner.PostProcessingPipeline[0]
      running zzzUnity.Burst.CodeGen.BurstILPostProcessor
[40m[32minfo[39m[22m[49m: Microsoft.AspNetCore.Hosting.Diagnostics[2]
      Request finished HTTP/2 POST http://ilpp/UnityILPP.PostProcessing/PostProcessAssembly application/grpc - - 200 - application/grpc 33.9831ms
[40m[32minfo[39m[22m[49m: Unity.ILPP.Runner.PostProcessingPipeline[0]
      Processing assembly Library/Bee/artifacts/1300b0aPDevDbg.dag/Meta.XR.ImmersiveDebugger.Interface.dll, with 145 defines and 193 references
[40m[32minfo[39m[22m[49m: Unity.ILPP.Runner.PostProcessingPipeline[0]
      processors: Unity.Jobs.CodeGen.JobsILPostProcessor, zzzUnity.Burst.CodeGen.BurstILPostProcessor
[40m[32minfo[39m[22m[49m: Unity.ILPP.Runner.PostProcessingPipeline[0]
      running Unity.Jobs.CodeGen.JobsILPostProcessor
[40m[32minfo[39m[22m[49m: Unity.ILPP.Runner.PostProcessingPipeline[0]
      running zzzUnity.Burst.CodeGen.BurstILPostProcessor
[40m[32minfo[39m[22m[49m: Microsoft.AspNetCore.Routing.EndpointMiddleware[1]
      Executed endpoint 'gRPC - /UnityILPP.PostProcessing/PostProcessAssembly'
[40m[32minfo[39m[22m[49m: Microsoft.AspNetCore.Hosting.Diagnostics[2]
      Request finished HTTP/2 POST http://ilpp/UnityILPP.PostProcessing/PostProcessAssembly application/grpc - - 200 - application/grpc 44.2846ms
[40m[32minfo[39m[22m[49m: Microsoft.AspNetCore.Routing.EndpointMiddleware[1]
      Executed endpoint 'gRPC - /UnityILPP.PostProcessing/PostProcessAssembly'
[40m[32minfo[39m[22m[49m: Microsoft.AspNetCore.Hosting.Diagnostics[2]
      Request finished HTTP/2 POST http://ilpp/UnityILPP.PostProcessing/PostProcessAssembly application/grpc - - 200 - application/grpc 54.7940ms
[40m[32minfo[39m[22m[49m: Unity.ILPP.Runner.PostProcessingPipeline[0]
      running zzzUnity.Burst.CodeGen.BurstILPostProcessor
[40m[32minfo[39m[22m[49m: Unity.ILPP.Runner.PostProcessingPipeline[0]
      running zzzUnity.Burst.CodeGen.BurstILPostProcessor
[40m[32minfo[39m[22m[49m: Microsoft.AspNetCore.Hosting.Diagnostics[1]
      Request starting HTTP/2 POST http://ilpp/UnityILPP.PostProcessing/PostProcessAssembly application/grpc -
[40m[32minfo[39m[22m[49m: Microsoft.AspNetCore.Routing.EndpointMiddleware[0]
      Executing endpoint 'gRPC - /UnityILPP.PostProcessing/PostProcessAssembly'
[40m[32minfo[39m[22m[49m: Microsoft.AspNetCore.Hosting.Diagnostics[1]
      Request starting HTTP/2 POST http://ilpp/UnityILPP.PostProcessing/PostProcessAssembly application/grpc -
[40m[32minfo[39m[22m[49m: Microsoft.AspNetCore.Routing.EndpointMiddleware[0]
      Executing endpoint 'gRPC - /UnityILPP.PostProcessing/PostProcessAssembly'
[40m[32minfo[39m[22m[49m: Microsoft.AspNetCore.Hosting.Diagnostics[1]
      Request starting HTTP/2 POST http://ilpp/UnityILPP.PostProcessing/PostProcessAssembly application/grpc -
[40m[32minfo[39m[22m[49m: Microsoft.AspNetCore.Hosting.Diagnostics[1]
      Request starting HTTP/2 POST http://ilpp/UnityILPP.PostProcessing/PostProcessAssembly application/grpc -
[40m[32minfo[39m[22m[49m: Microsoft.AspNetCore.Routing.EndpointMiddleware[0]
      Executing endpoint 'gRPC - /UnityILPP.PostProcessing/PostProcessAssembly'
[40m[32minfo[39m[22m[49m: Microsoft.AspNetCore.Routing.EndpointMiddleware[0]
      Executing endpoint 'gRPC - /UnityILPP.PostProcessing/PostProcessAssembly'
[40m[32minfo[39m[22m[49m: Unity.ILPP.Runner.PostProcessingPipeline[0]
      Processing assembly Library/Bee/artifacts/1300b0aPDevDbg.dag/Unity.XR.Management.dll, with 144 defines and 193 references
[40m[32minfo[39m[22m[49m: Unity.ILPP.Runner.PostProcessingPipeline[0]
      processors: Unity.Jobs.CodeGen.JobsILPostProcessor, zzzUnity.Burst.CodeGen.BurstILPostProcessor
[40m[32minfo[39m[22m[49m: Unity.ILPP.Runner.PostProcessingPipeline[0]
      running Unity.Jobs.CodeGen.JobsILPostProcessor
[40m[32minfo[39m[22m[49m: Unity.ILPP.Runner.PostProcessingPipeline[0]
      running zzzUnity.Burst.CodeGen.BurstILPostProcessor
[40m[32minfo[39m[22m[49m: Unity.ILPP.Runner.PostProcessingPipeline[0]
      Processing assembly Library/Bee/artifacts/1300b0aPDevDbg.dag/Unity.XR.OpenXR.dll, with 148 defines and 195 references
[40m[32minfo[39m[22m[49m: Unity.ILPP.Runner.PostProcessingPipeline[0]
      processors: Unity.Jobs.CodeGen.JobsILPostProcessor, zzzUnity.Burst.CodeGen.BurstILPostProcessor
[40m[32minfo[39m[22m[49m: Unity.ILPP.Runner.PostProcessingPipeline[0]
      running Unity.Jobs.CodeGen.JobsILPostProcessor
[40m[32minfo[39m[22m[49m: Microsoft.AspNetCore.Routing.EndpointMiddleware[1]
      Executed endpoint 'gRPC - /UnityILPP.PostProcessing/PostProcessAssembly'
[40m[32minfo[39m[22m[49m: Unity.ILPP.Runner.PostProcessingPipeline[0]
      running zzzUnity.Burst.CodeGen.BurstILPostProcessor
[40m[32minfo[39m[22m[49m: Microsoft.AspNetCore.Hosting.Diagnostics[2]
      Request finished HTTP/2 POST http://ilpp/UnityILPP.PostProcessing/PostProcessAssembly application/grpc - - 200 - application/grpc 115.3085ms
[40m[32minfo[39m[22m[49m: Microsoft.AspNetCore.Routing.EndpointMiddleware[1]
      Executed endpoint 'gRPC - /UnityILPP.PostProcessing/PostProcessAssembly'
[40m[32minfo[39m[22m[49m: Microsoft.AspNetCore.Hosting.Diagnostics[2]
      Request finished HTTP/2 POST http://ilpp/UnityILPP.PostProcessing/PostProcessAssembly application/grpc - - 200 - application/grpc 72.1944ms
[40m[32minfo[39m[22m[49m: Microsoft.AspNetCore.Hosting.Diagnostics[1]
      Request starting HTTP/2 POST http://ilpp/UnityILPP.PostProcessing/PostProcessAssembly application/grpc -
[40m[32minfo[39m[22m[49m: Microsoft.AspNetCore.Routing.EndpointMiddleware[0]
      Executing endpoint 'gRPC - /UnityILPP.PostProcessing/PostProcessAssembly'
[40m[32minfo[39m[22m[49m: Unity.ILPP.Runner.PostProcessingPipeline[0]
      Processing assembly Library/Bee/artifacts/1300b0aPDevDbg.dag/Unity.InputSystem.dll, with 154 defines and 193 references
[40m[32minfo[39m[22m[49m: Unity.ILPP.Runner.PostProcessingPipeline[0]
      processors: Unity.Jobs.CodeGen.JobsILPostProcessor, zzzUnity.Burst.CodeGen.BurstILPostProcessor
[40m[32minfo[39m[22m[49m: Unity.ILPP.Runner.PostProcessingPipeline[0]
      running Unity.Jobs.CodeGen.JobsILPostProcessor
[40m[32minfo[39m[22m[49m: Unity.ILPP.Runner.PostProcessingPipeline[0]
      running zzzUnity.Burst.CodeGen.BurstILPostProcessor
[40m[32minfo[39m[22m[49m: Microsoft.AspNetCore.Routing.EndpointMiddleware[1]
      Executed endpoint 'gRPC - /UnityILPP.PostProcessing/PostProcessAssembly'
[40m[32minfo[39m[22m[49m: Microsoft.AspNetCore.Hosting.Diagnostics[2]
      Request finished HTTP/2 POST http://ilpp/UnityILPP.PostProcessing/PostProcessAssembly application/grpc - - 200 - application/grpc 49.7476ms
[40m[32minfo[39m[22m[49m: Unity.ILPP.Runner.PostProcessingPipeline[0]
      Processing assembly Library/Bee/artifacts/1300b0aPDevDbg.dag/Oculus.VR.dll, with 156 defines and 198 references
[40m[32minfo[39m[22m[49m: Unity.ILPP.Runner.PostProcessingPipeline[0]
      processors: Unity.Jobs.CodeGen.JobsILPostProcessor, zzzUnity.Burst.CodeGen.BurstILPostProcessor
[40m[32minfo[39m[22m[49m: Unity.ILPP.Runner.PostProcessingPipeline[0]
      running Unity.Jobs.CodeGen.JobsILPostProcessor
[40m[32minfo[39m[22m[49m: Unity.ILPP.Runner.PostProcessingPipeline[0]
      running zzzUnity.Burst.CodeGen.BurstILPostProcessor
[40m[32minfo[39m[22m[49m: Unity.ILPP.Runner.PostProcessingPipeline[0]
      Processing assembly Library/Bee/artifacts/1300b0aPDevDbg.dag/UnityEngine.SpatialTracking.dll, with 144 defines and 193 references
[40m[32minfo[39m[22m[49m: Unity.ILPP.Runner.PostProcessingPipeline[0]
      processors: Unity.Jobs.CodeGen.JobsILPostProcessor, zzzUnity.Burst.CodeGen.BurstILPostProcessor
[40m[32minfo[39m[22m[49m: Unity.ILPP.Runner.PostProcessingPipeline[0]
      running Unity.Jobs.CodeGen.JobsILPostProcessor
[40m[32minfo[39m[22m[49m: Unity.ILPP.Runner.PostProcessingPipeline[0]
      running zzzUnity.Burst.CodeGen.BurstILPostProcessor
[40m[32minfo[39m[22m[49m: Microsoft.AspNetCore.Routing.EndpointMiddleware[1]
      Executed endpoint 'gRPC - /UnityILPP.PostProcessing/PostProcessAssembly'
[40m[32minfo[39m[22m[49m: Microsoft.AspNetCore.Hosting.Diagnostics[2]
      Request finished HTTP/2 POST http://ilpp/UnityILPP.PostProcessing/PostProcessAssembly application/grpc - - 200 - application/grpc 50.1382ms
[40m[32minfo[39m[22m[49m: Microsoft.AspNetCore.Routing.EndpointMiddleware[1]
      Executed endpoint 'gRPC - /UnityILPP.PostProcessing/PostProcessAssembly'
[40m[32minfo[39m[22m[49m: Microsoft.AspNetCore.Hosting.Diagnostics[2]
      Request finished HTTP/2 POST http://ilpp/UnityILPP.PostProcessing/PostProcessAssembly application/grpc - - 200 - application/grpc 134.2045ms
[40m[32minfo[39m[22m[49m: Microsoft.AspNetCore.Routing.EndpointMiddleware[1]
      Executed endpoint 'gRPC - /UnityILPP.PostProcessing/PostProcessAssembly'
[40m[32minfo[39m[22m[49m: Microsoft.AspNetCore.Routing.EndpointMiddleware[1]
      Executed endpoint 'gRPC - /UnityILPP.PostProcessing/PostProcessAssembly'
[40m[32minfo[39m[22m[49m: Microsoft.AspNetCore.Hosting.Diagnostics[2]
      Request finished HTTP/2 POST http://ilpp/UnityILPP.PostProcessing/PostProcessAssembly application/grpc - - 200 - application/grpc 1867.8760ms
[40m[32minfo[39m[22m[49m: Microsoft.AspNetCore.Hosting.Diagnostics[2]
      Request finished HTTP/2 POST http://ilpp/UnityILPP.PostProcessing/PostProcessAssembly application/grpc - - 200 - application/grpc 1514.8425ms
[40m[32minfo[39m[22m[49m: Microsoft.AspNetCore.Routing.EndpointMiddleware[1]
      Executed endpoint 'gRPC - /UnityILPP.PostProcessing/PostProcessAssembly'
[40m[32minfo[39m[22m[49m: Microsoft.AspNetCore.Hosting.Diagnostics[2]
      Request finished HTTP/2 POST http://ilpp/UnityILPP.PostProcessing/PostProcessAssembly application/grpc - - 200 - application/grpc 2143.4442ms
[40m[32minfo[39m[22m[49m: Microsoft.AspNetCore.Hosting.Diagnostics[1]
      Request starting HTTP/2 POST http://ilpp/UnityILPP.PostProcessing/PostProcessAssembly application/grpc -
[40m[32minfo[39m[22m[49m: Microsoft.AspNetCore.Routing.EndpointMiddleware[0]
      Executing endpoint 'gRPC - /UnityILPP.PostProcessing/PostProcessAssembly'
[40m[32minfo[39m[22m[49m: Unity.ILPP.Runner.PostProcessingPipeline[0]
      Processing assembly Library/Bee/artifacts/1300b0aPDevDbg.dag/UnityEngine.UI.dll, with 149 defines and 192 references
[40m[32minfo[39m[22m[49m: Unity.ILPP.Runner.PostProcessingPipeline[0]
      processors: Unity.Jobs.CodeGen.JobsILPostProcessor, zzzUnity.Burst.CodeGen.BurstILPostProcessor
[40m[32minfo[39m[22m[49m: Unity.ILPP.Runner.PostProcessingPipeline[0]
      running Unity.Jobs.CodeGen.JobsILPostProcessor
[40m[32minfo[39m[22m[49m: Unity.ILPP.Runner.PostProcessingPipeline[0]
      running zzzUnity.Burst.CodeGen.BurstILPostProcessor
[40m[32minfo[39m[22m[49m: Microsoft.AspNetCore.Routing.EndpointMiddleware[1]
      Executed endpoint 'gRPC - /UnityILPP.PostProcessing/PostProcessAssembly'
[40m[32minfo[39m[22m[49m: Microsoft.AspNetCore.Hosting.Diagnostics[2]
      Request finished HTTP/2 POST http://ilpp/UnityILPP.PostProcessing/PostProcessAssembly application/grpc - - 200 - application/grpc 4.9888ms
[40m[32minfo[39m[22m[49m: Microsoft.AspNetCore.Hosting.Diagnostics[1]
      Request starting HTTP/2 POST http://ilpp/UnityILPP.PostProcessing/PostProcessAssembly application/grpc -
[40m[32minfo[39m[22m[49m: Microsoft.AspNetCore.Routing.EndpointMiddleware[0]
      Executing endpoint 'gRPC - /UnityILPP.PostProcessing/PostProcessAssembly'
[40m[32minfo[39m[22m[49m: Unity.ILPP.Runner.PostProcessingPipeline[0]
      Processing assembly Library/Bee/artifacts/1300b0aPDevDbg.dag/Meta.XR.BuildingBlocks.DepthAPI.dll, with 145 defines and 195 references
[40m[32minfo[39m[22m[49m: Unity.ILPP.Runner.PostProcessingPipeline[0]
      processors: Unity.Jobs.CodeGen.JobsILPostProcessor, zzzUnity.Burst.CodeGen.BurstILPostProcessor
[40m[32minfo[39m[22m[49m: Unity.ILPP.Runner.PostProcessingPipeline[0]
      running Unity.Jobs.CodeGen.JobsILPostProcessor
[40m[32minfo[39m[22m[49m: Unity.ILPP.Runner.PostProcessingPipeline[0]
      running zzzUnity.Burst.CodeGen.BurstILPostProcessor
[40m[32minfo[39m[22m[49m: Microsoft.AspNetCore.Routing.EndpointMiddleware[1]
      Executed endpoint 'gRPC - /UnityILPP.PostProcessing/PostProcessAssembly'
[40m[32minfo[39m[22m[49m: Microsoft.AspNetCore.Hosting.Diagnostics[2]
      Request finished HTTP/2 POST http://ilpp/UnityILPP.PostProcessing/PostProcessAssembly application/grpc - - 200 - application/grpc 3.7908ms
ExitCode: 0 Duration: 19s
Finished compiling graph: 616 nodes, 7101 flattened edges (5693 ToBuild, 88 ToUse), maximum node priority 353
[141/615    0s] WriteText Library/Bee/artifacts/Android_CodeGen/UnityEngine.TestRunner.dll.mvfrm.rsp
[149/615    0s] WriteText Library/Bee/artifacts/Android_CodeGen/UnityEngine.TestRunner.rsp
[164/615    0s] MovedFromExtractor-Combine Library/Bee/artifacts/Android_CodeGen/UnityEngine.TestRunner.dll.mvfrm
[165/615    0s] MovedFromExtractor Library/Bee/artifacts/mvdfrm/UnityEngine.UnityWebRequestAssetBundleModule.dll_25122C922867D005.mvfrm
[167/615    0s] MovedFromExtractor Library/Bee/artifacts/mvdfrm/UnityEngine.UnityWebRequestAudioModule.dll_8A9E96B187478F29.mvfrm
[168/615    0s] MovedFromExtractor Library/Bee/artifacts/mvdfrm/UnityEngine.TerrainModule.dll_8B2A09069D446866.mvfrm
[169/615    0s] MovedFromExtractor Library/Bee/artifacts/mvdfrm/UnityEngine.TerrainPhysicsModule.dll_DE23B2CFBCEDCEC5.mvfrm
[192/615    0s] MovedFromExtractor Library/Bee/artifacts/mvdfrm/UnityEngine.UnityWebRequestWWWModule.dll_EF7B9946C77C309A.mvfrm
[193/615    0s] MovedFromExtractor Library/Bee/artifacts/mvdfrm/UnityEngine.UnityWebRequestTextureModule.dll_5E6F22B38236941E.mvfrm
[197/615    0s] MovedFromExtractor Library/Bee/artifacts/mvdfrm/UnityEngine.Physics2DModule.dll_E96EFFD4DBB389AA.mvfrm
[202/615    0s] WriteText Library/Bee/artifacts/Android_CodeGen/UnityEngine.UI.dll.mvfrm.rsp
[203/615    0s] MovedFromExtractor-Combine Library/Bee/artifacts/Android_CodeGen/UnityEngine.UI.dll.mvfrm
[219/615    0s] WriteText Library/Bee/artifacts/Android_CodeGen/UnityEngine.UI.rsp
[220/615    0s] MovedFromExtractor Library/Bee/artifacts/mvdfrm/UnityEngine.AIModule.dll_F7593E7C0402F21B.mvfrm
[225/615    0s] WriteText Library/Bee/artifacts/1300b0aPDevDbg.dag/UnityEngine.UI.dll.mvfrm.rsp
[226/615    0s] WriteText Library/Bee/artifacts/1300b0aPDevDbg.dag/UnityEngine.UI.rsp
[228/615    0s] WriteText Library/Bee/artifacts/Android_CodeGen/UnityEditor.UI.rsp
[234/615    0s] WriteText Library/Bee/artifacts/Android_CodeGen/Unity.Burst.dll.mvfrm.rsp
[237/615    0s] WriteText Library/Bee/artifacts/Android_CodeGen/Unity.Burst.rsp
[238/615    0s] WriteText Library/Bee/artifacts/Android_CodeGen/Unity.Mathematics.dll.mvfrm.rsp
[239/615    0s] WriteText Library/Bee/artifacts/Android_CodeGen/Unity.Mathematics.rsp
[244/615    0s] WriteText Library/Bee/artifacts/1300b0aPDevDbg.dag/Unity.InputSystem.dll.mvfrm.rsp
[245/615    0s] WriteText Library/Bee/artifacts/1300b0aPDevDbg.dag/Unity.InputSystem.rsp
[246/615    0s] WriteText Library/Bee/artifacts/1300b0aPDevDbg.dag/Unity.XR.Management.dll.mvfrm.rsp
[247/615    0s] WriteText Library/Bee/artifacts/1300b0aPDevDbg.dag/Unity.XR.Management.rsp
[250/615    0s] WriteText Library/Bee/artifacts/Android_CodeGen/Unity.Collections.dll.mvfrm.rsp
[251/615    0s] WriteText Library/Bee/artifacts/Android_CodeGen/Unity.Collections.rsp
[256/615    0s] WriteText Library/Bee/artifacts/1300b0aPDevDbg.dag/Unity.XR.OpenXR.dll.mvfrm.rsp
[257/615    0s] WriteText Library/Bee/artifacts/1300b0aPDevDbg.dag/Unity.XR.OpenXR.rsp
[260/615    0s] WriteText Library/Bee/artifacts/1300b0aPDevDbg.dag/Unity.InternalAPIEngineBridge.004.dll.mvfrm.rsp
[261/615    0s] WriteText Library/Bee/artifacts/1300b0aPDevDbg.dag/Unity.InternalAPIEngineBridge.004.rsp
[279/615    0s] WriteText Library/Bee/artifacts/1300b0aPDevDbg.dag/Unity.XR.OpenXR.Features.MetaQuestSupport.dll.mvfrm.rsp
[280/615    0s] WriteText Library/Bee/artifacts/1300b0aPDevDbg.dag/Unity.TextMeshPro.dll.mvfrm.rsp
[281/615    0s] WriteText Library/Bee/artifacts/1300b0aPDevDbg.dag/Unity.Burst.dll.mvfrm.rsp
[282/615    0s] MovedFromExtractor Library/Bee/artifacts/mvdfrm/UnityEngine.AnimationModule.dll_9CC90FE43AB69215.mvfrm
[283/615    0s] WriteText Library/Bee/artifacts/1300b0aPDevDbg.dag/Unity.Mathematics.dll.mvfrm.rsp
[284/615    0s] MovedFromExtractor Library/Bee/artifacts/mvdfrm/UnityEngine.ClothModule.dll_85500706A50EC4AB.mvfrm
[285/615    0s] MovedFromExtractor Library/Bee/artifacts/mvdfrm/UnityEngine.AssetBundleModule.dll_D0383F8995E1EDE3.mvfrm
[286/615    0s] WriteText Library/Bee/artifacts/1300b0aPDevDbg.dag/Unity.XR.OpenXR.Features.MetaQuestSupport.rsp
[287/615    0s] WriteText Library/Bee/artifacts/1300b0aPDevDbg.dag/Unity.Burst.rsp
[288/615    0s] WriteText Library/Bee/artifacts/1300b0aPDevDbg.dag/Unity.Mathematics.rsp
[289/615    0s] WriteText Library/Bee/artifacts/1300b0aPDevDbg.dag/Oculus.VR.UnityAdditionalFile.txt
[290/615    0s] WriteText Library/Bee/artifacts/1300b0aPDevDbg.dag/Oculus.VR.rsp2
[293/615    0s] WriteText Library/Bee/artifacts/1300b0aPDevDbg.dag/Meta.XR.ImmersiveDebugger.Interface.rsp2
[294/615    0s] WriteText Library/Bee/artifacts/1300b0aPDevDbg.dag/Unity.TextMeshPro.rsp
[295/615    0s] WriteText Library/Bee/artifacts/1300b0aPDevDbg.dag/Oculus.VR.dll.mvfrm.rsp
[296/615    0s] WriteText Library/Bee/artifacts/1300b0aPDevDbg.dag/Unity.Collections.dll.mvfrm.rsp
[297/615    0s] WriteText Library/Bee/artifacts/1300b0aPDevDbg.dag/Meta.XR.ImmersiveDebugger.Interface.UnityAdditionalFile.txt
[298/615    0s] WriteText Library/Bee/artifacts/1300b0aPDevDbg.dag/Unity.AI.Navigation.UnityAdditionalFile.txt
[299/615    0s] WriteText Library/Bee/artifacts/1300b0aPDevDbg.dag/Meta.XR.ImmersiveDebugger.Interface.dll.mvfrm.rsp
[300/615    0s] WriteText Library/Bee/artifacts/1300b0aPDevDbg.dag/Unity.AI.Navigation.rsp2
[303/615    0s] WriteText Library/Bee/artifacts/1300b0aPDevDbg.dag/Meta.XR.EnvironmentDepth.rsp2
[304/615    0s] WriteText Library/Bee/artifacts/1300b0aPDevDbg.dag/Meta.XR.ImmersiveDebugger.Interface.rsp
[305/615    0s] WriteText Library/Bee/artifacts/1300b0aPDevDbg.dag/Unity.Collections.rsp
[306/615    0s] WriteText Library/Bee/artifacts/1300b0aPDevDbg.dag/Meta.XR.EnvironmentDepth.UnityAdditionalFile.txt
[307/615    0s] WriteText Library/Bee/artifacts/1300b0aPDevDbg.dag/Unity.AI.Navigation.dll.mvfrm.rsp
[310/615    0s] WriteText Library/Bee/artifacts/1300b0aPDevDbg.dag/UnityEngine.SpatialTracking.dll.mvfrm.rsp
[311/615    0s] WriteText Library/Bee/artifacts/1300b0aPDevDbg.dag/Meta.XR.ImmersiveDebugger.rsp2
[312/615    0s] WriteText Library/Bee/artifacts/1300b0aPDevDbg.dag/Meta.XR.ImmersiveDebugger.UnityAdditionalFile.txt
[313/615    0s] WriteText Library/Bee/artifacts/1300b0aPDevDbg.dag/Unity.AI.Navigation.rsp
[314/615    0s] WriteText Library/Bee/artifacts/1300b0aPDevDbg.dag/Oculus.VR.rsp
[315/615    0s] WriteText Library/Bee/artifacts/1300b0aPDevDbg.dag/Meta.XR.EnvironmentDepth.dll.mvfrm.rsp
[316/615    0s] WriteText Library/Bee/artifacts/1300b0aPDevDbg.dag/Meta.XR.EnvironmentDepth.rsp
[317/615    0s] WriteText Library/Bee/artifacts/1300b0aPDevDbg.dag/Meta.XR.ImmersiveDebugger.dll.mvfrm.rsp
[318/615    0s] WriteText Library/Bee/artifacts/1300b0aPDevDbg.dag/UnityEngine.SpatialTracking.rsp
[319/615    0s] WriteText Library/Bee/artifacts/1300b0aPDevDbg.dag/meta.xr.mrutilitykit.UnityAdditionalFile.txt
[320/615    0s] WriteText Library/Bee/artifacts/1300b0aPDevDbg.dag/meta.xr.mrutilitykit.rsp2
[321/615    0s] WriteText Library/Bee/artifacts/1300b0aPDevDbg.dag/glTFast.dll.mvfrm.rsp
[322/615    0s] WriteText Library/Bee/artifacts/1300b0aPDevDbg.dag/Meta.XR.ImmersiveDebugger.rsp
[326/615    0s] WriteText Library/Bee/artifacts/1300b0aPDevDbg.dag/Unity.Timeline.UnityAdditionalFile.txt
[327/615    0s] WriteText Library/Bee/artifacts/1300b0aPDevDbg.dag/Meta.XR.BuildingBlocks.UnityAdditionalFile.txt
[329/615    0s] WriteText Library/Bee/artifacts/1300b0aPDevDbg.dag/glTFast.rsp
[330/615    0s] WriteText Library/Bee/artifacts/1300b0aPDevDbg.dag/meta.xr.mrutilitykit.dll.mvfrm.rsp
[334/615    0s] WriteText Library/Bee/artifacts/1300b0aPDevDbg.dag/Unity.Timeline.rsp2
[336/615    0s] WriteText Library/Bee/artifacts/1300b0aPDevDbg.dag/Meta.XR.BuildingBlocks.dll.mvfrm.rsp
[338/615    0s] WriteText Library/Bee/artifacts/1300b0aPDevDbg.dag/UnityEngine.XR.LegacyInputHelpers.dll.mvfrm.rsp
[339/615    0s] WriteText Library/Bee/artifacts/1300b0aPDevDbg.dag/Unity.XR.OpenXR.Features.OculusQuestSupport.dll.mvfrm.rsp
[340/615    0s] WriteText Library/Bee/artifacts/1300b0aPDevDbg.dag/meta.xr.mrutilitykit.rsp
[341/615    0s] WriteText Library/Bee/artifacts/1300b0aPDevDbg.dag/Unity.InputSystem.ForUI.dll.mvfrm.rsp
[342/615    0s] WriteText Library/Bee/artifacts/1300b0aPDevDbg.dag/Unity.XR.OpenXR.Features.ConformanceAutomation.dll.mvfrm.rsp
[343/615    0s] WriteText Library/Bee/artifacts/1300b0aPDevDbg.dag/Unity.Timeline.dll.mvfrm.rsp
[344/615    0s] WriteText Library/Bee/artifacts/1300b0aPDevDbg.dag/Unity.XR.CoreUtils.dll.mvfrm.rsp
[346/615    0s] WriteText Library/Bee/artifacts/1300b0aPDevDbg.dag/Unity.InputSystem.ForUI.rsp
[347/615    0s] WriteText Library/Bee/artifacts/1300b0aPDevDbg.dag/Unity.XR.OpenXR.Features.OculusQuestSupport.rsp
[348/615    0s] WriteText Library/Bee/artifacts/1300b0aPDevDbg.dag/Unity.XR.OpenXR.Features.ConformanceAutomation.rsp
[349/615    0s] WriteText Library/Bee/artifacts/1300b0aPDevDbg.dag/Unity.XR.CoreUtils.rsp
[350/615    0s] WriteText Library/Bee/artifacts/1300b0aPDevDbg.dag/Meta.XR.BuildingBlocks.rsp
[353/615    0s] WriteText Library/Bee/artifacts/1300b0aPDevDbg.dag/Unity.Timeline.rsp
[357/615    0s] WriteText Library/Bee/artifacts/1300b0aPDevDbg.dag/Meta.XR.MultiplayerBlocks.Shared.UnityAdditionalFile.txt
[358/615    0s] WriteText Library/Bee/artifacts/1300b0aPDevDbg.dag/UnityEngine.XR.LegacyInputHelpers.rsp
[359/615    0s] WriteText Library/Bee/artifacts/1300b0aPDevDbg.dag/Meta.XR.BuildingBlocks.AIBlocks.rsp2
[360/615    0s] WriteText Library/Bee/artifacts/1300b0aPDevDbg.dag/Meta.XR.BuildingBlocks.AIBlocks.UnityAdditionalFile.txt
[361/615    0s] WriteText Library/Bee/artifacts/1300b0aPDevDbg.dag/Meta.XR.MultiplayerBlocks.Shared.rsp2
[362/615    0s] WriteText Library/Bee/artifacts/1300b0aPDevDbg.dag/Meta.XR.BuildingBlocks.DepthAPI.UnityAdditionalFile.txt
[364/615    0s] WriteText Library/Bee/artifacts/1300b0aPDevDbg.dag/glTFast.dots.dll.mvfrm.rsp
[365/615    0s] WriteText Library/Bee/artifacts/1300b0aPDevDbg.dag/Meta.XR.BuildingBlocks.DepthAPI.rsp2
[366/615    0s] WriteText Library/Bee/artifacts/1300b0aPDevDbg.dag/glTFast.Export.dll.mvfrm.rsp
[367/615    0s] WriteText Library/Bee/artifacts/1300b0aPDevDbg.dag/Meta.XR.BuildingBlocks.DepthAPI.dll.mvfrm.rsp
[368/615    0s] WriteText Library/Bee/artifacts/1300b0aPDevDbg.dag/Meta.XR.MultiplayerBlocks.Shared.dll.mvfrm.rsp
[369/615    0s] WriteText Library/Bee/artifacts/1300b0aPDevDbg.dag/Meta.XR.BuildingBlocks.AIBlocks.dll.mvfrm.rsp
[370/615    0s] WriteText Library/Bee/artifacts/1300b0aPDevDbg.dag/glTFast.Newtonsoft.dll.mvfrm.rsp
[371/615    0s] WriteText Library/Bee/artifacts/1300b0aPDevDbg.dag/glTFast.Newtonsoft.rsp
[372/615    0s] WriteText Library/Bee/artifacts/1300b0aPDevDbg.dag/Meta.XR.BuildingBlocks.rsp2
[373/615    0s] WriteText Library/Bee/artifacts/1300b0aPDevDbg.dag/glTFast.dots.rsp
[374/615    0s] WriteText Library/Bee/artifacts/1300b0aPDevDbg.dag/glTFast.Export.rsp
[375/615    0s] WriteText Library/Bee/artifacts/1300b0aPDevDbg.dag/Unity.XR.OpenXR.Features.RuntimeDebugger.dll.mvfrm.rsp
[376/615    0s] WriteText Library/Bee/artifacts/1300b0aPDevDbg.dag/Meta.XR.BuildingBlocks.AIBlocks.rsp
[377/615    0s] WriteText Library/Bee/artifacts/1300b0aPDevDbg.dag/Meta.XR.MultiplayerBlocks.Shared.rsp
[378/615    0s] WriteText Library/Bee/artifacts/1300b0aPDevDbg.dag/Unity.XR.OpenXR.Features.MockRuntime.dll.mvfrm.rsp
[387/615    0s] WriteText Library/Bee/artifacts/1300b0aPDevDbg.dag/Meta.XR.BuildingBlocks.DepthAPI.rsp
[388/615    0s] WriteText Library/Bee/artifacts/1300b0aPDevDbg.dag/Assembly-CSharp.dll.mvfrm.rsp
[389/615    0s] WriteText Library/Bee/artifacts/1300b0aPDevDbg.dag/glTFast.Documentation.Examples.dll.mvfrm.rsp
[390/615    0s] WriteText Library/Bee/artifacts/1300b0aPDevDbg.dag/glTFast.Documentation.Examples.rsp
[391/615    0s] WriteText Library/Bee/artifacts/1300b0aPDevDbg.dag/Unity.XR.OpenXR.Features.RuntimeDebugger.rsp
[392/615    0s] WriteText Library/Bee/artifacts/1300b0aPDevDbg.dag/Unity.XR.OpenXR.Features.MockRuntime.rsp
[393/615    0s] WriteText Library/Bee/artifacts/1300b0aPDevDbg.dag/Assembly-CSharp.rsp
[394/615    0s] MovedFromExtractor Library/Bee/artifacts/mvdfrm/UnityEngine.ParticleSystemModule.dll_DDA909FCA3AAD438.mvfrm
[395/615    0s] MovedFromExtractor Library/Bee/artifacts/mvdfrm/UnityEngine.DirectorModule.dll_2FB3F29CFAD5106F.mvfrm
[396/615    0s] MovedFromExtractor-Combine Library/Bee/artifacts/1300b0aPDevDbg.dag/UnityEngine.UI.dll.mvfrm
[397/615    0s] Csc Library/Bee/artifacts/Android_CodeGen/UnityEngine.TestRunner.dll (+2 others)
[           0s] Csc Library/Bee/artifacts/Android_CodeGen/UnityEngine.TestRunner.dll (+2 others) [CacheWrite 00000000000000000000000000000005]
[402/615    0s] Csc Library/Bee/artifacts/Android_CodeGen/UnityEngine.UI.dll (+2 others)
[           0s] Csc Library/Bee/artifacts/Android_CodeGen/UnityEngine.UI.dll (+2 others) [CacheWrite 00000000000000000000000000000005]
[403/615    0s] Csc Library/Bee/artifacts/1300b0aPDevDbg.dag/UnityEngine.UI.dll (+2 others)
[           0s] Csc Library/Bee/artifacts/1300b0aPDevDbg.dag/UnityEngine.UI.dll (+2 others) [CacheWrite 00000000000000000000000000000005]
[404/615    0s] MovedFromExtractor Library/Bee/artifacts/mvdfrm/UnityEngine.UI.ref.dll_DB7439BD0E712D01.mvfrm
[405/615    0s] MovedFromExtractor Library/Bee/artifacts/mvdfrm/UnityEngine.UI.ref.dll_B7EAB4C997F13057.mvfrm
[406/615    0s] MovedFromExtractor-Combine Library/Bee/artifacts/Android_CodeGen/UnityEditor.UI.dll.mvfrm
[407/615    0s] MovedFromExtractor-Combine Library/Bee/artifacts/1300b0aPDevDbg.dag/Unity.InputSystem.dll.mvfrm
[408/615    0s] MovedFromExtractor-Combine Library/Bee/artifacts/1300b0aPDevDbg.dag/Unity.Burst.dll.mvfrm
[409/615    0s] MovedFromExtractor-Combine Library/Bee/artifacts/1300b0aPDevDbg.dag/Unity.Mathematics.dll.mvfrm
[410/615    0s] MovedFromExtractor-Combine Library/Bee/artifacts/1300b0aPDevDbg.dag/Unity.AI.Navigation.dll.mvfrm
[411/615    0s] MovedFromExtractor-Combine Library/Bee/artifacts/1300b0aPDevDbg.dag/Unity.InternalAPIEngineBridge.004.dll.mvfrm
[412/615    0s] MovedFromExtractor-Combine Library/Bee/artifacts/1300b0aPDevDbg.dag/Unity.XR.Management.dll.mvfrm
[413/615    0s] MovedFromExtractor-Combine Library/Bee/artifacts/1300b0aPDevDbg.dag/Meta.XR.ImmersiveDebugger.Interface.dll.mvfrm
[414/615    0s] MovedFromExtractor-Combine Library/Bee/artifacts/1300b0aPDevDbg.dag/UnityEngine.SpatialTracking.dll.mvfrm
[415/615    0s] Csc Library/Bee/artifacts/1300b0aPDevDbg.dag/Unity.AI.Navigation.dll (+2 others)
[416/615    0s] Csc Library/Bee/artifacts/1300b0aPDevDbg.dag/Unity.InternalAPIEngineBridge.004.dll (+2 others)
[417/615    0s] Csc Library/Bee/artifacts/1300b0aPDevDbg.dag/Meta.XR.ImmersiveDebugger.Interface.dll (+2 others)
[           0s] Csc Library/Bee/artifacts/1300b0aPDevDbg.dag/Unity.AI.Navigation.dll (+2 others) [CacheWrite 00000000000000000000000000000005]
[           0s] Csc Library/Bee/artifacts/1300b0aPDevDbg.dag/Meta.XR.ImmersiveDebugger.Interface.dll (+2 others) [CacheWrite 00000000000000000000000000000005]
[           0s] Csc Library/Bee/artifacts/1300b0aPDevDbg.dag/Unity.InternalAPIEngineBridge.004.dll (+2 others) [CacheWrite 00000000000000000000000000000005]
[418/615    1s] Csc Library/Bee/artifacts/Android_CodeGen/UnityEditor.UI.dll (+2 others)
[           0s] Csc Library/Bee/artifacts/Android_CodeGen/UnityEditor.UI.dll (+2 others) [CacheWrite 00000000000000000000000000000005]
[419/615    1s] Csc Library/Bee/artifacts/1300b0aPDevDbg.dag/Unity.XR.Management.dll (+2 others)
[           0s] Csc Library/Bee/artifacts/1300b0aPDevDbg.dag/Unity.XR.Management.dll (+2 others) [CacheWrite 00000000000000000000000000000005]
[422/615    0s] MovedFromExtractor-Combine Library/Bee/artifacts/1300b0aPDevDbg.dag/Meta.XR.ImmersiveDebugger.dll.mvfrm
[423/615    0s] MovedFromExtractor-Combine Library/Bee/artifacts/Android_CodeGen/Unity.Burst.dll.mvfrm
[425/615    0s] MovedFromExtractor-Combine Library/Bee/artifacts/Android_CodeGen/Unity.Mathematics.dll.mvfrm
[426/615    0s] MovedFromExtractor-Combine Library/Bee/artifacts/1300b0aPDevDbg.dag/Unity.TextMeshPro.dll.mvfrm
[427/615    0s] Csc Library/Bee/artifacts/1300b0aPDevDbg.dag/UnityEngine.SpatialTracking.dll (+2 others)
[           0s] Csc Library/Bee/artifacts/1300b0aPDevDbg.dag/UnityEngine.SpatialTracking.dll (+2 others) [CacheWrite 00000000000000000000000000000005]
[429/615    0s] MovedFromExtractor Library/Bee/artifacts/mvdfrm/Unity.AI.Navigation.ref.dll_4218112A9517196B.mvfrm
[430/615    0s] MovedFromExtractor-Combine Library/Bee/artifacts/1300b0aPDevDbg.dag/UnityEngine.XR.LegacyInputHelpers.dll.mvfrm
[431/615    0s] MovedFromExtractor-Combine Library/Bee/artifacts/1300b0aPDevDbg.dag/Unity.Timeline.dll.mvfrm
[432/615    1s] Csc Library/Bee/artifacts/1300b0aPDevDbg.dag/UnityEngine.XR.LegacyInputHelpers.dll (+2 others)
[           0s] Csc Library/Bee/artifacts/1300b0aPDevDbg.dag/UnityEngine.XR.LegacyInputHelpers.dll (+2 others) [CacheWrite 00000000000000000000000000000005]
[433/615    0s] MovedFromExtractor-Combine Library/Bee/artifacts/1300b0aPDevDbg.dag/glTFast.Newtonsoft.dll.mvfrm
[434/615    0s] MovedFromExtractor-Combine Library/Bee/artifacts/1300b0aPDevDbg.dag/Meta.XR.MultiplayerBlocks.Shared.dll.mvfrm
[435/615    0s] MovedFromExtractor-Combine Library/Bee/artifacts/1300b0aPDevDbg.dag/Meta.XR.BuildingBlocks.DepthAPI.dll.mvfrm
[437/615    4s] Csc Library/Bee/artifacts/1300b0aPDevDbg.dag/Unity.Burst.dll (+2 others)
[           0s] Csc Library/Bee/artifacts/1300b0aPDevDbg.dag/Unity.Burst.dll (+2 others) [CacheWrite 00000000000000000000000000000005]
[439/615    2s] Csc Library/Bee/artifacts/1300b0aPDevDbg.dag/Unity.Timeline.dll (+2 others)
[           0s] Csc Library/Bee/artifacts/1300b0aPDevDbg.dag/Unity.Timeline.dll (+2 others) [CacheWrite 00000000000000000000000000000005]
[440/615    0s] MovedFromExtractor Library/Bee/artifacts/mvdfrm/Unity.Timeline.ref.dll_1108E87152D71286.mvfrm
[441/615    3s] Csc Library/Bee/artifacts/Android_CodeGen/Unity.Burst.dll (+2 others)
[           0s] Csc Library/Bee/artifacts/Android_CodeGen/Unity.Burst.dll (+2 others) [CacheWrite 00000000000000000000000000000005]
[445/615    4s] Csc Library/Bee/artifacts/1300b0aPDevDbg.dag/Unity.InputSystem.dll (+2 others)
[           0s] Csc Library/Bee/artifacts/1300b0aPDevDbg.dag/Unity.InputSystem.dll (+2 others) [CacheWrite 00000000000000000000000000000005]
[447/615    0s] MovedFromExtractor-Combine Library/Bee/artifacts/1300b0aPDevDbg.dag/Unity.XR.CoreUtils.dll.mvfrm
[448/615    0s] MovedFromExtractor-Combine Library/Bee/artifacts/1300b0aPDevDbg.dag/Unity.XR.OpenXR.dll.mvfrm
[449/615    0s] MovedFromExtractor-Combine Library/Bee/artifacts/1300b0aPDevDbg.dag/Meta.XR.BuildingBlocks.dll.mvfrm
[450/615    0s] MovedFromExtractor-Combine Library/Bee/artifacts/1300b0aPDevDbg.dag/Unity.InputSystem.ForUI.dll.mvfrm
[451/615    3s] Csc Library/Bee/artifacts/1300b0aPDevDbg.dag/Unity.TextMeshPro.dll (+2 others)
[           0s] Csc Library/Bee/artifacts/1300b0aPDevDbg.dag/Unity.TextMeshPro.dll (+2 others) [CacheWrite 00000000000000000000000000000005]
[453/615    0s] MovedFromExtractor-Combine Library/Bee/artifacts/1300b0aPDevDbg.dag/meta.xr.mrutilitykit.dll.mvfrm
[454/615    0s] Csc Library/Bee/artifacts/1300b0aPDevDbg.dag/Unity.InputSystem.ForUI.dll (+2 others)
[455/615    0s] Csc Library/Bee/artifacts/1300b0aPDevDbg.dag/Unity.XR.OpenXR.dll (+2 others)
[           0s] Csc Library/Bee/artifacts/1300b0aPDevDbg.dag/Unity.InputSystem.ForUI.dll (+2 others) [CacheWrite 00000000000000000000000000000005]
[           0s] Csc Library/Bee/artifacts/1300b0aPDevDbg.dag/Unity.XR.OpenXR.dll (+2 others) [CacheWrite 00000000000000000000000000000005]
[458/615    0s] Csc Library/Bee/artifacts/1300b0aPDevDbg.dag/Unity.XR.CoreUtils.dll (+2 others)
[           0s] Csc Library/Bee/artifacts/1300b0aPDevDbg.dag/Unity.XR.CoreUtils.dll (+2 others) [CacheWrite 00000000000000000000000000000005]
[460/615    0s] MovedFromExtractor-Combine Library/Bee/artifacts/1300b0aPDevDbg.dag/Meta.XR.BuildingBlocks.AIBlocks.dll.mvfrm
[461/615    0s] MovedFromExtractor-Combine Library/Bee/artifacts/1300b0aPDevDbg.dag/Meta.XR.EnvironmentDepth.dll.mvfrm
[462/615    0s] MovedFromExtractor-Combine Library/Bee/artifacts/1300b0aPDevDbg.dag/Unity.XR.OpenXR.Features.MetaQuestSupport.dll.mvfrm
[463/615    0s] MovedFromExtractor-Combine Library/Bee/artifacts/1300b0aPDevDbg.dag/Unity.XR.OpenXR.Features.RuntimeDebugger.dll.mvfrm
[464/615    0s] MovedFromExtractor-Combine Library/Bee/artifacts/1300b0aPDevDbg.dag/Unity.XR.OpenXR.Features.ConformanceAutomation.dll.mvfrm
[465/615    0s] MovedFromExtractor-Combine Library/Bee/artifacts/1300b0aPDevDbg.dag/Unity.XR.OpenXR.Features.MockRuntime.dll.mvfrm
[466/615    0s] Csc Library/Bee/artifacts/1300b0aPDevDbg.dag/Unity.XR.OpenXR.Features.RuntimeDebugger.dll (+2 others)
[           0s] Csc Library/Bee/artifacts/1300b0aPDevDbg.dag/Unity.XR.OpenXR.Features.RuntimeDebugger.dll (+2 others) [CacheWrite 00000000000000000000000000000005]
[467/615    0s] Csc Library/Bee/artifacts/1300b0aPDevDbg.dag/Unity.XR.OpenXR.Features.MockRuntime.dll (+2 others)
[468/615    0s] Csc Library/Bee/artifacts/1300b0aPDevDbg.dag/Unity.XR.OpenXR.Features.MetaQuestSupport.dll (+2 others)
[469/615    0s] Csc Library/Bee/artifacts/1300b0aPDevDbg.dag/Unity.XR.OpenXR.Features.ConformanceAutomation.dll (+2 others)
[           0s] Csc Library/Bee/artifacts/1300b0aPDevDbg.dag/Unity.XR.OpenXR.Features.MockRuntime.dll (+2 others) [CacheWrite 00000000000000000000000000000005]
[           0s] Csc Library/Bee/artifacts/1300b0aPDevDbg.dag/Unity.XR.OpenXR.Features.MetaQuestSupport.dll (+2 others) [CacheWrite 00000000000000000000000000000005]
[           0s] Csc Library/Bee/artifacts/1300b0aPDevDbg.dag/Unity.XR.OpenXR.Features.ConformanceAutomation.dll (+2 others) [CacheWrite 00000000000000000000000000000005]
[472/615    0s] MovedFromExtractor-Combine Library/Bee/artifacts/1300b0aPDevDbg.dag/Unity.XR.OpenXR.Features.OculusQuestSupport.dll.mvfrm
[473/615    0s] MovedFromExtractor-Combine Library/Bee/artifacts/1300b0aPDevDbg.dag/Oculus.VR.dll.mvfrm
[474/615    0s] Csc Library/Bee/artifacts/1300b0aPDevDbg.dag/Unity.XR.OpenXR.Features.OculusQuestSupport.dll (+2 others)
[           0s] Csc Library/Bee/artifacts/1300b0aPDevDbg.dag/Unity.XR.OpenXR.Features.OculusQuestSupport.dll (+2 others) [CacheWrite 00000000000000000000000000000005]
[476/615    6s] Csc Library/Bee/artifacts/1300b0aPDevDbg.dag/Unity.Mathematics.dll (+2 others)
[           0s] Csc Library/Bee/artifacts/1300b0aPDevDbg.dag/Unity.Mathematics.dll (+2 others) [CacheWrite 00000000000000000000000000000005]
[478/615    0s] MovedFromExtractor-Combine Library/Bee/artifacts/1300b0aPDevDbg.dag/glTFast.Documentation.Examples.dll.mvfrm
[479/615    0s] MovedFromExtractor-Combine Library/Bee/artifacts/1300b0aPDevDbg.dag/Unity.Collections.dll.mvfrm
[480/615    0s] MovedFromExtractor-Combine Library/Bee/artifacts/1300b0aPDevDbg.dag/glTFast.Export.dll.mvfrm
[481/615    6s] Csc Library/Bee/artifacts/Android_CodeGen/Unity.Mathematics.dll (+2 others)
[           0s] Csc Library/Bee/artifacts/Android_CodeGen/Unity.Mathematics.dll (+2 others) [CacheWrite 00000000000000000000000000000005]
[483/615    0s] MovedFromExtractor-Combine Library/Bee/artifacts/Android_CodeGen/Unity.Collections.dll.mvfrm
[484/615    3s] Csc Library/Bee/artifacts/1300b0aPDevDbg.dag/Oculus.VR.dll (+2 others)
[           0s] Csc Library/Bee/artifacts/1300b0aPDevDbg.dag/Oculus.VR.dll (+2 others) [CacheWrite 00000000000000000000000000000005]
[485/615    2s] Csc Library/Bee/artifacts/1300b0aPDevDbg.dag/Unity.Collections.dll (+2 others)
[           0s] Csc Library/Bee/artifacts/1300b0aPDevDbg.dag/Unity.Collections.dll (+2 others) [CacheWrite 00000000000000000000000000000005]
[487/615    0s] MovedFromExtractor-Combine Library/Bee/artifacts/1300b0aPDevDbg.dag/glTFast.dots.dll.mvfrm
[488/615    0s] MovedFromExtractor-Combine Library/Bee/artifacts/1300b0aPDevDbg.dag/Assembly-CSharp.dll.mvfrm
[489/615    0s] MovedFromExtractor-Combine Library/Bee/artifacts/1300b0aPDevDbg.dag/glTFast.dll.mvfrm
[490/615    0s] Csc Library/Bee/artifacts/1300b0aPDevDbg.dag/Meta.XR.EnvironmentDepth.dll (+2 others)
[           0s] Csc Library/Bee/artifacts/1300b0aPDevDbg.dag/Meta.XR.EnvironmentDepth.dll (+2 others) [CacheWrite 00000000000000000000000000000005]
[491/615    0s] Csc Library/Bee/artifacts/1300b0aPDevDbg.dag/Meta.XR.BuildingBlocks.dll (+2 others)
[           0s] Csc Library/Bee/artifacts/1300b0aPDevDbg.dag/Meta.XR.BuildingBlocks.dll (+2 others) [CacheWrite 00000000000000000000000000000005]
[492/615    0s] Csc Library/Bee/artifacts/1300b0aPDevDbg.dag/Meta.XR.ImmersiveDebugger.dll (+2 others)
[           0s] Csc Library/Bee/artifacts/1300b0aPDevDbg.dag/Meta.XR.ImmersiveDebugger.dll (+2 others) [CacheWrite 00000000000000000000000000000005]
[493/615    2s] Csc Library/Bee/artifacts/Android_CodeGen/Unity.Collections.dll (+2 others)
[           0s] Csc Library/Bee/artifacts/Android_CodeGen/Unity.Collections.dll (+2 others) [CacheWrite 00000000000000000000000000000005]
[497/615    0s] Csc Library/Bee/artifacts/1300b0aPDevDbg.dag/Meta.XR.BuildingBlocks.DepthAPI.dll (+2 others)
[           0s] Csc Library/Bee/artifacts/1300b0aPDevDbg.dag/Meta.XR.BuildingBlocks.DepthAPI.dll (+2 others) [CacheWrite 00000000000000000000000000000005]
[498/615    0s] ILPP-Configuration Library/ilpp-configuration.nevergeneratedoutput
[499/615    1s] Csc Library/Bee/artifacts/1300b0aPDevDbg.dag/meta.xr.mrutilitykit.dll (+2 others)
[           0s] Csc Library/Bee/artifacts/1300b0aPDevDbg.dag/meta.xr.mrutilitykit.dll (+2 others) [CacheWrite 00000000000000000000000000000005]
[500/615    0s] ILPostProcess Library/Bee/artifacts/1300b0aPDevDbg.dag/post-processed/Meta.XR.BuildingBlocks.dll (+pdb)
Processing assembly Library/Bee/artifacts/1300b0aPDevDbg.dag/Meta.XR.BuildingBlocks.dll, with 146 defines and 196 references
processors: Unity.Jobs.CodeGen.JobsILPostProcessor, zzzUnity.Burst.CodeGen.BurstILPostProcessor
running Unity.Jobs.CodeGen.JobsILPostProcessor
running zzzUnity.Burst.CodeGen.BurstILPostProcessor
[501/615    0s] ILPostProcess Library/Bee/artifacts/1300b0aPDevDbg.dag/post-processed/Unity.XR.CoreUtils.dll (+pdb)
Processing assembly Library/Bee/artifacts/1300b0aPDevDbg.dag/Unity.XR.CoreUtils.dll, with 150 defines and 195 references
processors: Unity.Jobs.CodeGen.JobsILPostProcessor, zzzUnity.Burst.CodeGen.BurstILPostProcessor
running Unity.Jobs.CodeGen.JobsILPostProcessor
running zzzUnity.Burst.CodeGen.BurstILPostProcessor
[502/615    0s] ILPostProcess Library/Bee/artifacts/1300b0aPDevDbg.dag/post-processed/UnityEngine.XR.LegacyInputHelpers.dll (+pdb)
Processing assembly Library/Bee/artifacts/1300b0aPDevDbg.dag/UnityEngine.XR.LegacyInputHelpers.dll, with 144 defines and 194 references
processors: Unity.Jobs.CodeGen.JobsILPostProcessor, zzzUnity.Burst.CodeGen.BurstILPostProcessor
running Unity.Jobs.CodeGen.JobsILPostProcessor
running zzzUnity.Burst.CodeGen.BurstILPostProcessor
[503/615    0s] ILPostProcess Library/Bee/artifacts/1300b0aPDevDbg.dag/post-processed/Unity.TextMeshPro.dll (+pdb)
Processing assembly Library/Bee/artifacts/1300b0aPDevDbg.dag/Unity.TextMeshPro.dll, with 145 defines and 194 references
processors: Unity.Jobs.CodeGen.JobsILPostProcessor, zzzUnity.Burst.CodeGen.BurstILPostProcessor
running Unity.Jobs.CodeGen.JobsILPostProcessor
running zzzUnity.Burst.CodeGen.BurstILPostProcessor
[504/615    0s] ILPostProcess Library/Bee/artifacts/1300b0aPDevDbg.dag/post-processed/Unity.XR.OpenXR.Features.MockRuntime.dll (+pdb)
Processing assembly Library/Bee/artifacts/1300b0aPDevDbg.dag/Unity.XR.OpenXR.Features.MockRuntime.dll, with 144 defines and 192 references
processors: Unity.Jobs.CodeGen.JobsILPostProcessor, zzzUnity.Burst.CodeGen.BurstILPostProcessor
running Unity.Jobs.CodeGen.JobsILPostProcessor
running zzzUnity.Burst.CodeGen.BurstILPostProcessor
[505/615    0s] ILPostProcess Library/Bee/artifacts/1300b0aPDevDbg.dag/post-processed/Unity.InputSystem.ForUI.dll (+pdb)
Processing assembly Library/Bee/artifacts/1300b0aPDevDbg.dag/Unity.InputSystem.ForUI.dll, with 144 defines and 194 references
processors: Unity.Jobs.CodeGen.JobsILPostProcessor, zzzUnity.Burst.CodeGen.BurstILPostProcessor
running Unity.Jobs.CodeGen.JobsILPostProcessor
running zzzUnity.Burst.CodeGen.BurstILPostProcessor
[506/615    1s] Csc Library/Bee/artifacts/1300b0aPDevDbg.dag/glTFast.dll (+2 others)
[           0s] Csc Library/Bee/artifacts/1300b0aPDevDbg.dag/glTFast.dll (+2 others) [CacheWrite 00000000000000000000000000000005]
[507/615    0s] Csc Library/Bee/artifacts/1300b0aPDevDbg.dag/Meta.XR.MultiplayerBlocks.Shared.dll (+2 others)
[           0s] Csc Library/Bee/artifacts/1300b0aPDevDbg.dag/Meta.XR.MultiplayerBlocks.Shared.dll (+2 others) [CacheWrite 00000000000000000000000000000005]
[508/615    0s] ILPostProcess Library/Bee/artifacts/1300b0aPDevDbg.dag/post-processed/meta.xr.mrutilitykit.dll (+pdb)
Processing assembly Library/Bee/artifacts/1300b0aPDevDbg.dag/meta.xr.mrutilitykit.dll, with 145 defines and 198 references
processors: Unity.Jobs.CodeGen.JobsILPostProcessor, zzzUnity.Burst.CodeGen.BurstILPostProcessor
running Unity.Jobs.CodeGen.JobsILPostProcessor
running zzzUnity.Burst.CodeGen.BurstILPostProcessor
[509/615    0s] ILPostProcess Library/Bee/artifacts/1300b0aPDevDbg.dag/post-processed/Unity.Timeline.dll (+pdb)
Processing assembly Library/Bee/artifacts/1300b0aPDevDbg.dag/Unity.Timeline.dll, with 145 defines and 193 references
processors: Unity.Jobs.CodeGen.JobsILPostProcessor, zzzUnity.Burst.CodeGen.BurstILPostProcessor
running Unity.Jobs.CodeGen.JobsILPostProcessor
running zzzUnity.Burst.CodeGen.BurstILPostProcessor
[510/615    0s] ILPostProcess Library/Bee/artifacts/1300b0aPDevDbg.dag/post-processed/Unity.XR.OpenXR.Features.OculusQuestSupport.dll (+pdb)
Processing assembly Library/Bee/artifacts/1300b0aPDevDbg.dag/Unity.XR.OpenXR.Features.OculusQuestSupport.dll, with 144 defines and 195 references
processors: Unity.Jobs.CodeGen.JobsILPostProcessor, zzzUnity.Burst.CodeGen.BurstILPostProcessor
running Unity.Jobs.CodeGen.JobsILPostProcessor
running zzzUnity.Burst.CodeGen.BurstILPostProcessor
[511/615    0s] Csc Library/Bee/artifacts/1300b0aPDevDbg.dag/glTFast.dots.dll (+2 others)
[512/615    0s] Csc Library/Bee/artifacts/1300b0aPDevDbg.dag/glTFast.Newtonsoft.dll (+2 others)
[           0s] Csc Library/Bee/artifacts/1300b0aPDevDbg.dag/glTFast.Newtonsoft.dll (+2 others) [CacheWrite 00000000000000000000000000000005]
[           0s] Csc Library/Bee/artifacts/1300b0aPDevDbg.dag/glTFast.dots.dll (+2 others) [CacheWrite 00000000000000000000000000000005]
[513/615    0s] ILPostProcess Library/Bee/artifacts/1300b0aPDevDbg.dag/post-processed/Meta.XR.MultiplayerBlocks.Shared.dll (+pdb)
Processing assembly Library/Bee/artifacts/1300b0aPDevDbg.dag/Meta.XR.MultiplayerBlocks.Shared.dll, with 146 defines and 197 references
processors: Unity.Jobs.CodeGen.JobsILPostProcessor, zzzUnity.Burst.CodeGen.BurstILPostProcessor
running Unity.Jobs.CodeGen.JobsILPostProcessor
running zzzUnity.Burst.CodeGen.BurstILPostProcessor
[514/615    1s] Csc Library/Bee/artifacts/1300b0aPDevDbg.dag/Meta.XR.BuildingBlocks.AIBlocks.dll (+2 others)
[           0s] Csc Library/Bee/artifacts/1300b0aPDevDbg.dag/Meta.XR.BuildingBlocks.AIBlocks.dll (+2 others) [CacheWrite 00000000000000000000000000000005]
[515/615    0s] ILPostProcess Library/Bee/artifacts/1300b0aPDevDbg.dag/post-processed/Unity.XR.OpenXR.Features.MetaQuestSupport.dll (+pdb)
Processing assembly Library/Bee/artifacts/1300b0aPDevDbg.dag/Unity.XR.OpenXR.Features.MetaQuestSupport.dll, with 144 defines and 194 references
processors: Unity.Jobs.CodeGen.JobsILPostProcessor, zzzUnity.Burst.CodeGen.BurstILPostProcessor
running Unity.Jobs.CodeGen.JobsILPostProcessor
running zzzUnity.Burst.CodeGen.BurstILPostProcessor
[516/615    0s] ILPostProcess Library/Bee/artifacts/1300b0aPDevDbg.dag/post-processed/Unity.Mathematics.dll (+pdb)
Processing assembly Library/Bee/artifacts/1300b0aPDevDbg.dag/Unity.Mathematics.dll, with 144 defines and 193 references
processors: Unity.Jobs.CodeGen.JobsILPostProcessor, zzzUnity.Burst.CodeGen.BurstILPostProcessor
running Unity.Jobs.CodeGen.JobsILPostProcessor
running zzzUnity.Burst.CodeGen.BurstILPostProcessor
[517/615    1s] Csc Library/Bee/artifacts/1300b0aPDevDbg.dag/glTFast.Export.dll (+2 others)
[           0s] Csc Library/Bee/artifacts/1300b0aPDevDbg.dag/glTFast.Export.dll (+2 others) [CacheWrite 00000000000000000000000000000005]
[518/615    0s] ILPostProcess Library/Bee/artifacts/1300b0aPDevDbg.dag/post-processed/glTFast.Newtonsoft.dll (+pdb)
Processing assembly Library/Bee/artifacts/1300b0aPDevDbg.dag/glTFast.Newtonsoft.dll, with 146 defines and 194 references
processors: Unity.Jobs.CodeGen.JobsILPostProcessor, zzzUnity.Burst.CodeGen.BurstILPostProcessor
running Unity.Jobs.CodeGen.JobsILPostProcessor
running zzzUnity.Burst.CodeGen.BurstILPostProcessor
[519/615    0s] ILPostProcess Library/Bee/artifacts/1300b0aPDevDbg.dag/post-processed/Meta.XR.BuildingBlocks.AIBlocks.dll (+pdb)
Processing assembly Library/Bee/artifacts/1300b0aPDevDbg.dag/Meta.XR.BuildingBlocks.AIBlocks.dll, with 146 defines and 198 references
processors: Unity.Jobs.CodeGen.JobsILPostProcessor, zzzUnity.Burst.CodeGen.BurstILPostProcessor
running Unity.Jobs.CodeGen.JobsILPostProcessor
running zzzUnity.Burst.CodeGen.BurstILPostProcessor
[520/615    0s] ILPostProcess Library/Bee/artifacts/1300b0aPDevDbg.dag/post-processed/Unity.InternalAPIEngineBridge.004.dll (+pdb)
Processing assembly Library/Bee/artifacts/1300b0aPDevDbg.dag/Unity.InternalAPIEngineBridge.004.dll, with 144 defines and 193 references
processors: Unity.Jobs.CodeGen.JobsILPostProcessor, zzzUnity.Burst.CodeGen.BurstILPostProcessor
running Unity.Jobs.CodeGen.JobsILPostProcessor
running zzzUnity.Burst.CodeGen.BurstILPostProcessor
[521/615    0s] Csc Library/Bee/artifacts/1300b0aPDevDbg.dag/glTFast.Documentation.Examples.dll (+2 others)
[           0s] Csc Library/Bee/artifacts/1300b0aPDevDbg.dag/glTFast.Documentation.Examples.dll (+2 others) [CacheWrite 00000000000000000000000000000005]
[522/615    1s] Csc Library/Bee/artifacts/1300b0aPDevDbg.dag/Assembly-CSharp.dll (+2 others)
Assets/Milzet/Runtime/PackageRoom.cs(24,305): warning CS0618: 'PermissionCallbacks.PermissionDeniedAndDontAskAgain' is obsolete: 'Unreliable. Query ShouldShowRequestPermissionRationale and use PermissionDenied event.'
[523/615    1s] ILPostProcess Library/Bee/artifacts/1300b0aPDevDbg.dag/post-processed/glTFast.dots.dll (+pdb)
Processing assembly Library/Bee/artifacts/1300b0aPDevDbg.dag/glTFast.dots.dll, with 145 defines and 197 references
processors: Unity.Jobs.CodeGen.JobsILPostProcessor, zzzUnity.Burst.CodeGen.BurstILPostProcessor
running Unity.Jobs.CodeGen.JobsILPostProcessor
running zzzUnity.Burst.CodeGen.BurstILPostProcessor
[524/615    0s] ILPostProcess Library/Bee/artifacts/1300b0aPDevDbg.dag/post-processed/glTFast.Export.dll (+pdb)
Processing assembly Library/Bee/artifacts/1300b0aPDevDbg.dag/glTFast.Export.dll, with 145 defines and 196 references
processors: Unity.Jobs.CodeGen.JobsILPostProcessor, zzzUnity.Burst.CodeGen.BurstILPostProcessor
running Unity.Jobs.CodeGen.JobsILPostProcessor
running zzzUnity.Burst.CodeGen.BurstILPostProcessor
[525/615    0s] ILPostProcess Library/Bee/artifacts/1300b0aPDevDbg.dag/post-processed/Unity.XR.OpenXR.Features.ConformanceAutomation.dll (+pdb)
Processing assembly Library/Bee/artifacts/1300b0aPDevDbg.dag/Unity.XR.OpenXR.Features.ConformanceAutomation.dll, with 144 defines and 194 references
processors: Unity.Jobs.CodeGen.JobsILPostProcessor, zzzUnity.Burst.CodeGen.BurstILPostProcessor
running Unity.Jobs.CodeGen.JobsILPostProcessor
running zzzUnity.Burst.CodeGen.BurstILPostProcessor
[526/615    0s] ILPostProcess Library/Bee/artifacts/1300b0aPDevDbg.dag/post-processed/Unity.AI.Navigation.dll (+pdb)
Processing assembly Library/Bee/artifacts/1300b0aPDevDbg.dag/Unity.AI.Navigation.dll, with 145 defines and 193 references
processors: Unity.Jobs.CodeGen.JobsILPostProcessor, zzzUnity.Burst.CodeGen.BurstILPostProcessor
running Unity.Jobs.CodeGen.JobsILPostProcessor
running zzzUnity.Burst.CodeGen.BurstILPostProcessor
[527/615    0s] ILPostProcess Library/Bee/artifacts/1300b0aPDevDbg.dag/post-processed/glTFast.Documentation.Examples.dll (+pdb)
Processing assembly Library/Bee/artifacts/1300b0aPDevDbg.dag/glTFast.Documentation.Examples.dll, with 147 defines and 198 references
processors: Unity.Jobs.CodeGen.JobsILPostProcessor, zzzUnity.Burst.CodeGen.BurstILPostProcessor
running Unity.Jobs.CodeGen.JobsILPostProcessor
running zzzUnity.Burst.CodeGen.BurstILPostProcessor
[528/615    0s] ILPostProcess Library/Bee/artifacts/1300b0aPDevDbg.dag/post-processed/Assembly-CSharp.dll (+pdb)
Processing assembly Library/Bee/artifacts/1300b0aPDevDbg.dag/Assembly-CSharp.dll, with 144 defines and 221 references
processors: Unity.Jobs.CodeGen.JobsILPostProcessor, zzzUnity.Burst.CodeGen.BurstILPostProcessor
running Unity.Jobs.CodeGen.JobsILPostProcessor
running zzzUnity.Burst.CodeGen.BurstILPostProcessor
[529/615    0s] ILPostProcess Library/Bee/artifacts/1300b0aPDevDbg.dag/post-processed/Meta.XR.EnvironmentDepth.dll (+pdb)
Processing assembly Library/Bee/artifacts/1300b0aPDevDbg.dag/Meta.XR.EnvironmentDepth.dll, with 147 defines and 196 references
processors: Unity.Jobs.CodeGen.JobsILPostProcessor, zzzUnity.Burst.CodeGen.BurstILPostProcessor
running Unity.Jobs.CodeGen.JobsILPostProcessor
running zzzUnity.Burst.CodeGen.BurstILPostProcessor
[530/615    0s] ILPostProcess Library/Bee/artifacts/1300b0aPDevDbg.dag/post-processed/Unity.XR.OpenXR.Features.RuntimeDebugger.dll (+pdb)
Processing assembly Library/Bee/artifacts/1300b0aPDevDbg.dag/Unity.XR.OpenXR.Features.RuntimeDebugger.dll, with 144 defines and 191 references
processors: Unity.Jobs.CodeGen.JobsILPostProcessor, zzzUnity.Burst.CodeGen.BurstILPostProcessor
running Unity.Jobs.CodeGen.JobsILPostProcessor
running zzzUnity.Burst.CodeGen.BurstILPostProcessor
[531/615    0s] ILPostProcess Library/Bee/artifacts/1300b0aPDevDbg.dag/post-processed/Meta.XR.ImmersiveDebugger.Interface.dll (+pdb)
Processing assembly Library/Bee/artifacts/1300b0aPDevDbg.dag/Meta.XR.ImmersiveDebugger.Interface.dll, with 145 defines and 193 references
processors: Unity.Jobs.CodeGen.JobsILPostProcessor, zzzUnity.Burst.CodeGen.BurstILPostProcessor
running Unity.Jobs.CodeGen.JobsILPostProcessor
running zzzUnity.Burst.CodeGen.BurstILPostProcessor
[532/615    0s] ILPostProcess Library/Bee/artifacts/1300b0aPDevDbg.dag/post-processed/Meta.XR.ImmersiveDebugger.dll (+pdb)
Processing assembly Library/Bee/artifacts/1300b0aPDevDbg.dag/Meta.XR.ImmersiveDebugger.dll, with 147 defines and 195 references
processors: Unity.Jobs.CodeGen.JobsILPostProcessor, zzzUnity.Burst.CodeGen.BurstILPostProcessor
running Unity.Jobs.CodeGen.JobsILPostProcessor
running zzzUnity.Burst.CodeGen.BurstILPostProcessor
[533/615    0s] ILPostProcess Library/Bee/artifacts/1300b0aPDevDbg.dag/post-processed/Unity.XR.Management.dll (+pdb)
Processing assembly Library/Bee/artifacts/1300b0aPDevDbg.dag/Unity.XR.Management.dll, with 144 defines and 193 references
processors: Unity.Jobs.CodeGen.JobsILPostProcessor, zzzUnity.Burst.CodeGen.BurstILPostProcessor
running Unity.Jobs.CodeGen.JobsILPostProcessor
running zzzUnity.Burst.CodeGen.BurstILPostProcessor
[534/615    0s] ILPostProcess Library/Bee/artifacts/1300b0aPDevDbg.dag/post-processed/Unity.XR.OpenXR.dll (+pdb)
Processing assembly Library/Bee/artifacts/1300b0aPDevDbg.dag/Unity.XR.OpenXR.dll, with 148 defines and 195 references
processors: Unity.Jobs.CodeGen.JobsILPostProcessor, zzzUnity.Burst.CodeGen.BurstILPostProcessor
running Unity.Jobs.CodeGen.JobsILPostProcessor
running zzzUnity.Burst.CodeGen.BurstILPostProcessor
[535/615    0s] ILPostProcess Library/Bee/artifacts/1300b0aPDevDbg.dag/post-processed/Unity.InputSystem.dll (+pdb)
Processing assembly Library/Bee/artifacts/1300b0aPDevDbg.dag/Unity.InputSystem.dll, with 154 defines and 193 references
processors: Unity.Jobs.CodeGen.JobsILPostProcessor, zzzUnity.Burst.CodeGen.BurstILPostProcessor
running Unity.Jobs.CodeGen.JobsILPostProcessor
running zzzUnity.Burst.CodeGen.BurstILPostProcessor
[536/615    0s] CopyFiles Library/Bee/PlayerScriptAssemblies/Unity.InputSystem.dll
[537/615    0s] CopyFiles Library/Bee/PlayerScriptAssemblies/Unity.XR.OpenXR.Features.MockRuntime.dll
[538/615    0s] CopyFiles Library/Bee/PlayerScriptAssemblies/meta.xr.mrutilitykit.dll
[539/615    0s] CopyFiles Library/Bee/PlayerScriptAssemblies/Unity.XR.OpenXR.dll
[540/615    0s] CopyFiles Library/Bee/PlayerScriptAssemblies/Unity.XR.OpenXR.Features.MetaQuestSupport.dll
[541/615    0s] CopyFiles Library/Bee/PlayerScriptAssemblies/Unity.XR.Management.dll
[542/615    0s] CopyFiles Library/Bee/PlayerScriptAssemblies/Meta.XR.MultiplayerBlocks.Shared.dll
[543/615    0s] CopyFiles Library/Bee/PlayerScriptAssemblies/Meta.XR.ImmersiveDebugger.dll
[544/615    0s] CopyFiles Library/Bee/PlayerScriptAssemblies/Meta.XR.BuildingBlocks.AIBlocks.dll
[545/615    0s] CopyFiles Library/Bee/PlayerScriptAssemblies/Meta.XR.ImmersiveDebugger.Interface.dll
[546/615    0s] CopyFiles Library/Bee/PlayerScriptAssemblies/Unity.XR.OpenXR.Features.RuntimeDebugger.dll
[547/615    0s] CopyFiles Library/Bee/PlayerScriptAssemblies/Meta.XR.BuildingBlocks.dll
[548/615    0s] CopyFiles Library/Bee/PlayerScriptAssemblies/Unity.InputSystem.ForUI.dll
[549/615    0s] CopyFiles Library/Bee/PlayerScriptAssemblies/Meta.XR.EnvironmentDepth.dll
[550/615    0s] CopyFiles Library/Bee/PlayerScriptAssemblies/Assembly-CSharp.dll
[551/615    0s] CopyFiles Library/Bee/PlayerScriptAssemblies/UnityEngine.XR.LegacyInputHelpers.dll
[552/615    0s] CopyFiles Library/Bee/PlayerScriptAssemblies/glTFast.Newtonsoft.dll
[553/615    0s] CopyFiles Library/Bee/PlayerScriptAssemblies/glTFast.Documentation.Examples.dll
[554/615    0s] CopyFiles Library/Bee/PlayerScriptAssemblies/Unity.Mathematics.dll
[555/615    0s] CopyFiles Library/Bee/PlayerScriptAssemblies/Unity.AI.Navigation.dll
[556/615    0s] CopyFiles Library/Bee/PlayerScriptAssemblies/Unity.XR.OpenXR.Features.ConformanceAutomation.dll
[557/615    0s] CopyFiles Library/Bee/PlayerScriptAssemblies/Unity.XR.OpenXR.Features.OculusQuestSupport.dll
[558/615    0s] CopyFiles Library/Bee/PlayerScriptAssemblies/Unity.TextMeshPro.dll
[559/615    0s] CopyFiles Library/Bee/PlayerScriptAssemblies/glTFast.Export.dll
[560/615    0s] CopyFiles Library/Bee/PlayerScriptAssemblies/Unity.XR.CoreUtils.dll
[561/615    0s] CopyFiles Library/Bee/PlayerScriptAssemblies/glTFast.dots.dll
[562/615    0s] CopyFiles Library/Bee/PlayerScriptAssemblies/Unity.InternalAPIEngineBridge.004.dll
[563/615    0s] CopyFiles Library/Bee/PlayerScriptAssemblies/Unity.Timeline.dll
[564/615    0s] CopyFiles Library/Bee/PlayerScriptAssemblies/Unity.InputSystem.pdb
[565/615    0s] CopyFiles Library/Bee/PlayerScriptAssemblies/Unity.XR.OpenXR.pdb
[566/615    0s] CopyFiles Library/Bee/PlayerScriptAssemblies/Unity.XR.Management.pdb
[567/615    0s] CopyFiles Library/Bee/PlayerScriptAssemblies/Meta.XR.ImmersiveDebugger.pdb
[568/615    0s] CopyFiles Library/Bee/PlayerScriptAssemblies/Meta.XR.ImmersiveDebugger.Interface.pdb
[569/615    0s] CopyFiles Library/Bee/PlayerScriptAssemblies/Unity.XR.OpenXR.Features.RuntimeDebugger.pdb
[570/615    0s] CopyFiles Library/Bee/PlayerScriptAssemblies/Meta.XR.EnvironmentDepth.pdb
[571/615    0s] CopyFiles Library/Bee/PlayerScriptAssemblies/Assembly-CSharp.pdb
[572/615    0s] CopyFiles Library/Bee/PlayerScriptAssemblies/glTFast.Documentation.Examples.pdb
[573/615    0s] CopyFiles Library/Bee/PlayerScriptAssemblies/Unity.AI.Navigation.pdb
[574/615    0s] CopyFiles Library/Bee/PlayerScriptAssemblies/Unity.XR.OpenXR.Features.ConformanceAutomation.pdb
[575/615    0s] CopyFiles Library/Bee/PlayerScriptAssemblies/glTFast.Export.pdb
[576/615    0s] CopyFiles Library/Bee/PlayerScriptAssemblies/glTFast.dots.pdb
[577/615    0s] CopyFiles Library/Bee/PlayerScriptAssemblies/Unity.InternalAPIEngineBridge.004.pdb
[578/615    0s] CopyFiles Library/Bee/PlayerScriptAssemblies/Meta.XR.BuildingBlocks.AIBlocks.pdb
[579/615    0s] CopyFiles Library/Bee/PlayerScriptAssemblies/glTFast.Newtonsoft.pdb
[580/615    0s] CopyFiles Library/Bee/PlayerScriptAssemblies/Unity.Mathematics.pdb
[581/615    0s] CopyFiles Library/Bee/PlayerScriptAssemblies/Unity.XR.OpenXR.Features.MetaQuestSupport.pdb
[582/615    0s] CopyFiles Library/Bee/PlayerScriptAssemblies/Meta.XR.MultiplayerBlocks.Shared.pdb
[583/615    0s] CopyFiles Library/Bee/PlayerScriptAssemblies/Unity.XR.OpenXR.Features.OculusQuestSupport.pdb
[584/615    0s] CopyFiles Library/Bee/PlayerScriptAssemblies/Unity.Timeline.pdb
[585/615    0s] CopyFiles Library/Bee/PlayerScriptAssemblies/meta.xr.mrutilitykit.pdb
[586/615    0s] CopyFiles Library/Bee/PlayerScriptAssemblies/Unity.InputSystem.ForUI.pdb
[587/615    0s] CopyFiles Library/Bee/PlayerScriptAssemblies/Unity.XR.OpenXR.Features.MockRuntime.pdb
[588/615    0s] CopyFiles Library/Bee/PlayerScriptAssemblies/Unity.TextMeshPro.pdb
[589/615    0s] CopyFiles Library/Bee/PlayerScriptAssemblies/UnityEngine.XR.LegacyInputHelpers.pdb
[590/615    0s] CopyFiles Library/Bee/PlayerScriptAssemblies/Unity.XR.CoreUtils.pdb
[591/615    0s] CopyFiles Library/Bee/PlayerScriptAssemblies/Meta.XR.BuildingBlocks.pdb
[592/615    0s] ILPostProcess Library/Bee/artifacts/1300b0aPDevDbg.dag/post-processed/UnityEngine.SpatialTracking.dll (+pdb)
Processing assembly Library/Bee/artifacts/1300b0aPDevDbg.dag/UnityEngine.SpatialTracking.dll, with 144 defines and 193 references
processors: Unity.Jobs.CodeGen.JobsILPostProcessor, zzzUnity.Burst.CodeGen.BurstILPostProcessor
running Unity.Jobs.CodeGen.JobsILPostProcessor
running zzzUnity.Burst.CodeGen.BurstILPostProcessor
[593/615    0s] CopyFiles Library/Bee/PlayerScriptAssemblies/UnityEngine.SpatialTracking.dll
[594/615    0s] CopyFiles Library/Bee/PlayerScriptAssemblies/UnityEngine.SpatialTracking.pdb
[595/615    0s] ILPostProcess Library/Bee/artifacts/1300b0aPDevDbg.dag/post-processed/Oculus.VR.dll (+pdb)
Processing assembly Library/Bee/artifacts/1300b0aPDevDbg.dag/Oculus.VR.dll, with 156 defines and 198 references
processors: Unity.Jobs.CodeGen.JobsILPostProcessor, zzzUnity.Burst.CodeGen.BurstILPostProcessor
running Unity.Jobs.CodeGen.JobsILPostProcessor
running zzzUnity.Burst.CodeGen.BurstILPostProcessor
[596/615    0s] CopyFiles Library/Bee/PlayerScriptAssemblies/Oculus.VR.pdb
[597/615    0s] CopyFiles Library/Bee/PlayerScriptAssemblies/Oculus.VR.dll
[598/615    2s] ILPostProcess Library/Bee/artifacts/1300b0aPDevDbg.dag/post-processed/Unity.Burst.dll (+pdb)
Processing assembly Library/Bee/artifacts/1300b0aPDevDbg.dag/Unity.Burst.dll, with 144 defines and 191 references
processors: Unity.Jobs.CodeGen.JobsILPostProcessor, zzzUnity.Burst.CodeGen.BurstILPostProcessor
running Unity.Jobs.CodeGen.JobsILPostProcessor
running zzzUnity.Burst.CodeGen.BurstILPostProcessor
[599/615    3s] ILPostProcess Library/Bee/artifacts/1300b0aPDevDbg.dag/post-processed/Unity.Collections.dll (+pdb)
Processing assembly Library/Bee/artifacts/1300b0aPDevDbg.dag/Unity.Collections.dll, with 146 defines and 195 references
processors: Unity.Jobs.CodeGen.JobsILPostProcessor, zzzUnity.Burst.CodeGen.BurstILPostProcessor
running Unity.Jobs.CodeGen.JobsILPostProcessor
running zzzUnity.Burst.CodeGen.BurstILPostProcessor
[600/615    1s] ILPostProcess Library/Bee/artifacts/1300b0aPDevDbg.dag/post-processed/glTFast.dll (+pdb)
Processing assembly Library/Bee/artifacts/1300b0aPDevDbg.dag/glTFast.dll, with 149 defines and 196 references
processors: Unity.Jobs.CodeGen.JobsILPostProcessor, zzzUnity.Burst.CodeGen.BurstILPostProcessor
running Unity.Jobs.CodeGen.JobsILPostProcessor
running zzzUnity.Burst.CodeGen.BurstILPostProcessor
[601/615    0s] ILPostProcess Library/Bee/artifacts/1300b0aPDevDbg.dag/post-processed/UnityEngine.UI.dll (+pdb)
Processing assembly Library/Bee/artifacts/1300b0aPDevDbg.dag/UnityEngine.UI.dll, with 149 defines and 192 references
processors: Unity.Jobs.CodeGen.JobsILPostProcessor, zzzUnity.Burst.CodeGen.BurstILPostProcessor
running Unity.Jobs.CodeGen.JobsILPostProcessor
running zzzUnity.Burst.CodeGen.BurstILPostProcessor
[602/615    0s] CopyFiles Library/Bee/PlayerScriptAssemblies/Unity.Burst.dll
[603/615    0s] CopyFiles Library/Bee/PlayerScriptAssemblies/Unity.Burst.pdb
[604/615    0s] ILPostProcess Library/Bee/artifacts/1300b0aPDevDbg.dag/post-processed/Meta.XR.BuildingBlocks.DepthAPI.dll (+pdb)
Processing assembly Library/Bee/artifacts/1300b0aPDevDbg.dag/Meta.XR.BuildingBlocks.DepthAPI.dll, with 145 defines and 195 references
processors: Unity.Jobs.CodeGen.JobsILPostProcessor, zzzUnity.Burst.CodeGen.BurstILPostProcessor
running Unity.Jobs.CodeGen.JobsILPostProcessor
running zzzUnity.Burst.CodeGen.BurstILPostProcessor
[605/615    0s] CopyFiles Library/Bee/PlayerScriptAssemblies/glTFast.dll
[606/615    0s] CopyFiles Library/Bee/PlayerScriptAssemblies/Unity.Collections.dll
[607/615    0s] CopyFiles Library/Bee/PlayerScriptAssemblies/glTFast.pdb
[608/615    0s] CopyFiles Library/Bee/PlayerScriptAssemblies/Unity.Collections.pdb
[609/615    0s] CopyFiles Library/Bee/PlayerScriptAssemblies/UnityEngine.UI.dll
[610/615    0s] CopyFiles Library/Bee/PlayerScriptAssemblies/UnityEngine.UI.pdb
[611/615    0s] CopyFiles Library/Bee/PlayerScriptAssemblies/Meta.XR.BuildingBlocks.DepthAPI.dll
[612/615    0s] CopyFiles Library/Bee/PlayerScriptAssemblies/Meta.XR.BuildingBlocks.DepthAPI.pdb
[614/615    1s] BuildPlayerDataGenerator Library/BuildPlayerData/Player/RuntimeInitializeOnLoads.json (+1 other)
*** Tundra build success (19.24 seconds), 309 items updated, 615 evaluated
Assets/Milzet/Runtime/PackageRoom.cs(24,305): warning CS0618: 'PermissionCallbacks.PermissionDeniedAndDontAskAgain' is obsolete: 'Unreliable. Query ShouldShowRequestPermissionRationale and use PermissionDenied event.'
Total cache size 284752573
Total cache size after purge 267381837, took 00:00:00.3539394
Rebuilding Data files because the assembly list is dirty
2026-09-09 15:55:14.066 Unity[22242:3768536] NSEventModifierFlagFunction specified to -setKeyEquivalentModifierMask: for item <NSMenuItem: 0x8ce2952c0 SDF, ke='Command-F12'>, but is only supported for system-provided menu items; will not be used
[Licensing::Client] Successfully resolved entitlement details
[Licensing::Module] License group:
  Id: F4-AZ6T-383H-7KTU-RM2U-XXXX
  Product: Unity Personal
  Type: ULF
  Expiration: Unlimited
[Licensing::Module] License group:
  Id: 11270701585829-UnityPersXXXX
  Product: Unity Personal
  Type: Assigned
  Expiration: Unlimited
[Licensing::Client] Successfully resolved entitlement details
[Licensing::Module] License group:
  Id: F4-AZ6T-383H-7KTU-RM2U-XXXX
  Product: Unity Personal
  Type: ULF
  Expiration: Unlimited
[Licensing::Module] License group:
  Id: 11270701585829-UnityPersXXXX
  Product: Unity Personal
  Type: Assigned
  Expiration: Unlimited
Opening scene 'Assets/Milzet/TemporaryViewerBuild.unity'
Unloading 1 Unused Serialized files (Serialized files now loaded: 0)
Loaded scene 'Assets/Milzet/TemporaryViewerBuild.unity'
	Deserialize:            2.295 ms
	Integration:            593.348 ms
	Integration of assets:  0.004 ms
	Thread Wait Time:       0.027 ms
	Total Operation Time:   595.673 ms
Unloading 81 unused Assets / (0.6 MB). Loaded Objects now: 6682.
Memory consumption went from 294.7 MB to 294.1 MB.
Total: 31.447166 ms (FindLiveObjects: 0.600875 ms CreateObjectMapping: 0.108250 ms MarkObjects: 29.874375 ms  DeleteObjects: 0.860459 ms)

Created GICache directory at /Users/mziwamadoda/Library/Caches/com.unity3d.UnityEditor/GiCache. Took: 0.003s, timestamps: [90.723 - 90.727]


Mono dependencies included in the build
Dependency assembly - Meta.XR.ImmersiveDebugger.dll
Dependency assembly - Meta.XR.MultiplayerBlocks.Shared.dll
Dependency assembly - System.Xml.XPath.XDocument.dll
Dependency assembly - mscorlib.dll
Dependency assembly - System.Runtime.Loader.dll
Dependency assembly - System.Text.Encoding.dll
Dependency assembly - System.Console.dll
Dependency assembly - System.Net.Security.dll
Dependency assembly - System.IO.Compression.ZipFile.dll
Dependency assembly - System.Runtime.DurableInstancing.dll
Dependency assembly - System.Web.DynamicData.dll
Dependency assembly - Unity.InternalAPIEngineBridge.004.dll
Dependency assembly - System.ComponentModel.TypeConverter.dll
Dependency assembly - System.Diagnostics.Tracing.dll
Dependency assembly - System.Messaging.dll
Dependency assembly - System.Diagnostics.Tools.dll
Dependency assembly - System.Threading.Tasks.Parallel.dll
Dependency assembly - System.Transactions.dll
Dependency assembly - System.Security.dll
Dependency assembly - Unity.Timeline.dll
Dependency assembly - System.IO.Compression.FileSystem.dll
Dependency assembly - System.Net.ServicePoint.dll
Dependency assembly - System.Web.RegularExpressions.dll
Dependency assembly - glTFast.Export.dll
Dependency assembly - System.IO.FileSystem.Watcher.dll
Dependency assembly - System.Security.Cryptography.DeriveBytes.dll
Dependency assembly - System.Net.WebHeaderCollection.dll
Dependency assembly - System.IO.IsolatedStorage.dll
Dependency assembly - System.Configuration.dll
Dependency assembly - glTFast.dll
Dependency assembly - System.IdentityModel.dll
Dependency assembly - System.Windows.Forms.DataVisualization.dll
Dependency assembly - System.Linq.Expressions.dll
Dependency assembly - System.Security.Principal.Windows.dll
Dependency assembly - System.Data.Services.dll
Dependency assembly - Oculus.VR.dll
Dependency assembly - System.Runtime.Remoting.dll
Dependency assembly - System.ComponentModel.Annotations.dll
Dependency assembly - System.Data.DataSetExtensions.dll
Dependency assembly - Assembly-CSharp.dll
Dependency assembly - System.Text.RegularExpressions.dll
Dependency assembly - System.Diagnostics.TextWriterTraceListener.dll
Dependency assembly - System.Dynamic.Runtime.dll
Dependency assembly - System.Net.Requests.dll
Dependency assembly - System.Collections.dll
Dependency assembly - System.Resources.Writer.dll
Dependency assembly - System.Xml.Serialization.dll
Dependency assembly - System.Threading.dll
Dependency assembly - Unity.XR.OpenXR.dll
Dependency assembly - Microsoft.Win32.Registry.dll
Dependency assembly - System.Security.Cryptography.X509Certificates.dll
Dependency assembly - System.Globalization.Extensions.dll
Dependency assembly - Mono.Data.Tds.dll
Dependency assembly - System.Resources.Reader.dll
Dependency assembly - System.Threading.Tasks.dll
Dependency assembly - Meta.XR.BuildingBlocks.AIBlocks.dll
Dependency assembly - System.Json.dll
Dependency assembly - Unity.XR.OpenXR.Features.OculusQuestSupport.dll
Dependency assembly - System.Reflection.Emit.ILGeneration.dll
Dependency assembly - System.Memory.dll
Dependency assembly - System.AppContext.dll
Dependency assembly - System.Net.WebSockets.Client.dll
Dependency assembly - System.Net.Http.dll
Dependency assembly - System.Threading.Timer.dll
Dependency assembly - System.ServiceModel.Security.dll
Dependency assembly - System.Runtime.Serialization.Primitives.dll
Dependency assembly - Meta.XR.EnvironmentDepth.dll
Dependency assembly - System.IO.FileSystem.Primitives.dll
Dependency assembly - System.Security.Claims.dll
Dependency assembly - System.Xaml.dll
Dependency assembly - System.Drawing.Design.dll
Dependency assembly - Meta.XR.ImmersiveDebugger.Interface.dll
Dependency assembly - System.Net.Mail.dll
Dependency assembly - System.ServiceModel.dll
Dependency assembly - System.Data.Entity.dll
Dependency assembly - System.Net.Cache.dll
Dependency assembly - System.ComponentModel.Composition.dll
Dependency assembly - System.Security.Cryptography.Cng.dll
Dependency assembly - System.Security.Cryptography.Encryption.dll
Dependency assembly - Mono.Data.Sqlite.dll
Dependency assembly - glTFast.dots.dll
Dependency assembly - System.Core.dll
Dependency assembly - System.IO.UnmanagedMemoryStream.dll
Dependency assembly - System.Runtime.Serialization.Xml.dll
Dependency assembly - System.Reflection.Emit.dll
Dependency assembly - System.Runtime.Handles.dll
Dependency assembly - System.Security.Cryptography.OpenSsl.dll
Dependency assembly - System.Security.Cryptography.Pkcs.dll
Dependency assembly - System.Threading.Overlapped.dll
Dependency assembly - System.Design.dll
Dependency assembly - System.Runtime.Serialization.dll
Dependency assembly - System.EnterpriseServices.dll
Dependency assembly - System.Drawing.dll
Dependency assembly - System.Security.Cryptography.Encoding.dll
Dependency assembly - System.ComponentModel.dll
Dependency assembly - Unity.XR.OpenXR.Features.MetaQuestSupport.dll
Dependency assembly - System.Reflection.dll
Dependency assembly - System.Numerics.Vectors.dll
Dependency assembly - System.Reflection.Emit.Lightweight.dll
Dependency assembly - Microsoft.Win32.Registry.AccessControl.dll
Dependency assembly - System.Net.Ping.dll
Dependency assembly - System.Numerics.dll
Dependency assembly - System.Security.Cryptography.ProtectedData.dll
Dependency assembly - System.Net.Sockets.dll
Dependency assembly - System.Security.Cryptography.Primitives.dll
Dependency assembly - System.Resources.ReaderWriter.dll
Dependency assembly - System.ServiceModel.Activation.dll
Dependency assembly - System.Text.Encoding.Extensions.dll
Dependency assembly - UnityEngine.XR.LegacyInputHelpers.dll
Dependency assembly - Unity.XR.OpenXR.Features.ConformanceAutomation.dll
Dependency assembly - System.Runtime.InteropServices.dll
Dependency assembly - System.ServiceModel.Routing.dll
Dependency assembly - System.Windows.Forms.dll
Dependency assembly - Unity.Burst.Unsafe.dll
Dependency assembly - System.Diagnostics.Process.dll
Dependency assembly - System.Reflection.DispatchProxy.dll
Dependency assembly - System.Net.Primitives.dll
Dependency assembly - System.Web.Extensions.dll
Dependency assembly - System.ValueTuple.dll
Dependency assembly - Meta.XR.BuildingBlocks.dll
Dependency assembly - System.Diagnostics.Debug.dll
Dependency assembly - System.Threading.Thread.dll
Dependency assembly - System.Data.Services.Client.dll
Dependency assembly - System.Threading.AccessControl.dll
Dependency assembly - System.Data.Linq.dll
Dependency assembly - System.Net.HttpListener.dll
Dependency assembly - System.Collections.NonGeneric.dll
Dependency assembly - System.Diagnostics.Contracts.dll
Dependency assembly - System.ServiceModel.NetTcp.dll
Dependency assembly - System.Data.dll
Dependency assembly - System.ComponentModel.Primitives.dll
Dependency assembly - System.IO.Compression.dll
Dependency assembly - System.Security.SecureString.dll
Dependency assembly - System.Reflection.Primitives.dll
Dependency assembly - System.ServiceModel.Discovery.dll
Dependency assembly - System.Net.AuthenticationManager.dll
Dependency assembly - System.ServiceModel.Web.dll
Dependency assembly - System.Net.NetworkInformation.dll
Dependency assembly - System.Security.Cryptography.Hashing.Algorithms.dll
Dependency assembly - I18N.Rare.dll
Dependency assembly - System.Collections.Specialized.dll
Dependency assembly - System.Web.ApplicationServices.dll
Dependency assembly - System.Net.dll
Dependency assembly - System.Data.OracleClient.dll
Dependency assembly - System.Globalization.Calendars.dll
Dependency assembly - System.Runtime.Numerics.dll
Dependency assembly - System.Xml.Xsl.Primitives.dll
Dependency assembly - System.Xml.dll
Dependency assembly - System.dll
Dependency assembly - System.Globalization.dll
Dependency assembly - Microsoft.CSharp.dll
Dependency assembly - System.Security.Cryptography.Encryption.Aes.dll
Dependency assembly - System.Net.Http.WebRequest.dll
Dependency assembly - System.Security.Cryptography.Algorithms.dll
Dependency assembly - System.Security.Cryptography.Encryption.ECDiffieHellman.dll
Dependency assembly - System.Linq.Parallel.dll
Dependency assembly - System.Security.Cryptography.RandomNumberGenerator.dll
Dependency assembly - UnityEngine.UI.dll
Dependency assembly - meta.xr.mrutilitykit.dll
Dependency assembly - System.DirectoryServices.dll
Dependency assembly - System.ServiceProcess.dll
Dependency assembly - System.Data.Common.dll
Dependency assembly - Unity.Collections.dll
Dependency assembly - Accessibility.dll
Dependency assembly - System.ServiceModel.Primitives.dll
Dependency assembly - System.Xml.ReaderWriter.dll
Dependency assembly - System.Security.Cryptography.Encryption.ECDsa.dll
Dependency assembly - Unity.TextMeshPro.dll
Dependency assembly - System.Security.Principal.dll
Dependency assembly - System.Net.Utilities.dll
Dependency assembly - I18N.Other.dll
Dependency assembly - System.IO.MemoryMappedFiles.dll
Dependency assembly - System.Threading.Tasks.Extensions.dll
Dependency assembly - System.Management.dll
Dependency assembly - Unity.InputSystem.ForUI.dll
Dependency assembly - System.Threading.ThreadPool.dll
Dependency assembly - System.Runtime.dll
Dependency assembly - System.Buffers.dll
Dependency assembly - System.Security.Cryptography.Csp.dll
Dependency assembly - System.Web.dll
Dependency assembly - I18N.MidEast.dll
Dependency assembly - System.Reflection.Context.dll
Dependency assembly - System.Net.NameResolution.dll
Dependency assembly - Unity.XR.OpenXR.Features.RuntimeDebugger.dll
Dependency assembly - System.ServiceModel.Duplex.dll
Dependency assembly - Unity.AI.Navigation.dll
Dependency assembly - glTFast.Documentation.Examples.dll
Dependency assembly - System.Linq.dll
Dependency assembly - System.IO.FileSystem.DriveInfo.dll
Dependency assembly - System.Reflection.Extensions.dll
Dependency assembly - System.Drawing.Primitives.dll
Dependency assembly - I18N.West.dll
Dependency assembly - Meta.XR.BuildingBlocks.DepthAPI.dll
Dependency assembly - Unity.XR.CoreUtils.dll
Dependency assembly - System.IO.FileSystem.AccessControl.dll
Dependency assembly - UnityEngine.SpatialTracking.dll
Dependency assembly - Unity.Burst.dll
Dependency assembly - System.ComponentModel.DataAnnotations.dll
Dependency assembly - System.Security.AccessControl.dll
Dependency assembly - System.Diagnostics.TraceSource.dll
Dependency assembly - Unity.XR.Management.dll
Dependency assembly - System.Diagnostics.TraceEvent.dll
Dependency assembly - System.Runtime.InteropServices.WindowsRuntime.dll
Dependency assembly - Unity.XR.OpenXR.Features.MockRuntime.dll
Dependency assembly - System.IO.Pipes.dll
Dependency assembly - System.Xml.XmlDocument.dll
Dependency assembly - Mono.Security.dll
Dependency assembly - System.DirectoryServices.Protocols.dll
Dependency assembly - System.Security.Cryptography.RSA.dll
Dependency assembly - System.Reflection.TypeExtensions.dll
Dependency assembly - System.Runtime.CompilerServices.VisualC.dll
Dependency assembly - glTFast.Newtonsoft.dll
Dependency assembly - System.Runtime.Caching.dll
Dependency assembly - System.Xml.XPath.XmlDocument.dll
Dependency assembly - System.Xml.XPath.dll
Dependency assembly - System.Net.WebSockets.dll
Dependency assembly - System.Runtime.Serialization.Json.dll
Dependency assembly - System.Diagnostics.FileVersionInfo.dll
Dependency assembly - System.Xml.XmlSerializer.dll
Dependency assembly - Unity.Collections.LowLevel.ILSupport.dll
Dependency assembly - System.Collections.Concurrent.dll
Dependency assembly - System.Xml.XDocument.dll
Dependency assembly - System.Data.SqlClient.dll
Dependency assembly - System.ServiceProcess.ServiceController.dll
Dependency assembly - System.Diagnostics.StackTrace.dll
Dependency assembly - System.Linq.Queryable.dll
Dependency assembly - I18N.dll
Dependency assembly - System.IO.FileSystem.dll
Dependency assembly - System.Resources.ResourceManager.dll
Dependency assembly - Unity.Mathematics.dll
Dependency assembly - System.Security.Cryptography.Hashing.dll
Dependency assembly - System.Configuration.Install.dll
Dependency assembly - System.Web.Extensions.Design.dll
Dependency assembly - System.Text.Encoding.CodePages.dll
Dependency assembly - System.ComponentModel.EventBasedAsync.dll
Dependency assembly - System.Runtime.Serialization.Formatters.dll
Dependency assembly - Newtonsoft.Json.dll
Dependency assembly - System.Xml.Linq.dll
Dependency assembly - System.Runtime.Extensions.dll
Dependency assembly - System.IO.dll
Dependency assembly - System.Runtime.InteropServices.RuntimeInformation.dll
Dependency assembly - netstandard.dll
Dependency assembly - System.ServiceModel.Internals.dll
Dependency assembly - System.Web.Services.dll
Dependency assembly - Unity.InputSystem.dll
Dependency assembly - System.IdentityModel.Selectors.dll
Dependency assembly - I18N.CJK.dll
Dependency assembly - System.Windows.dll
Dependency assembly - Microsoft.Win32.Primitives.dll
Dependency assembly - System.ObjectModel.dll
Dependency assembly - System.ServiceModel.Http.dll
Dependency assembly - System.Runtime.Serialization.Formatters.Soap.dll

DisplayProgressbar: Fetching assembly references
Unloading 209 Unused Serialized files (Serialized files now loaded: 0)
Unloading 377 unused Assets / (1.1 MB). Loaded Objects now: 6690.
Memory consumption went from 304.3 MB to 303.2 MB.
Total: 32.940625 ms (FindLiveObjects: 0.377791 ms CreateObjectMapping: 0.152833 ms MarkObjects: 29.569875 ms  DeleteObjects: 2.838792 ms)

Unloading 0 Unused Serialized files (Serialized files now loaded: 0)
Unloading 0 unused Assets / (48.4 KB). Loaded Objects now: 6690.
Memory consumption went from 303.2 MB to 303.2 MB.
Total: 24.906167 ms (FindLiveObjects: 0.316750 ms CreateObjectMapping: 0.133416 ms MarkObjects: 24.431042 ms  DeleteObjects: 0.024292 ms)

Unloading 4 Unused Serialized files (Serialized files now loaded: 0)
Unloading 173 unused Assets / (146.3 MB). Loaded Objects now: 6690.
Memory consumption went from 443.0 MB to 296.7 MB.
Total: 42.016333 ms (FindLiveObjects: 0.212958 ms CreateObjectMapping: 0.118292 ms MarkObjects: 23.959500 ms  DeleteObjects: 17.725250 ms)

Compiling shader "Legacy Shaders/Transparent/VertexLit"
  Pass "" (vp)
    Target graphics API: vulkan
    Full variant space:         12
    After settings filtering:   12
    After built-in stripping:   18
    After scriptable stripping: 18
    Processed in 0.01 seconds
  Pass "" (vp)
    Target graphics API: vulkan
    Full variant space:         4
    After settings filtering:   4
    After built-in stripping:   6
    After scriptable stripping: 6
    Processed in 0.00 seconds
Launching external process: /Applications/Unity/Hub/Editor/6000.3.22f1/Unity.app/Contents/Helpers/UnityShaderCompiler
Launched and connected shader compiler UnityShaderCompiler after 0.13 seconds
Launching external process: /Applications/Unity/Hub/Editor/6000.3.22f1/Unity.app/Contents/Helpers/UnityShaderCompiler
Launched and connected shader compiler UnityShaderCompiler after 0.10 seconds
Launching external process: /Applications/Unity/Hub/Editor/6000.3.22f1/Unity.app/Contents/Helpers/UnityShaderCompiler
Launched and connected shader compiler UnityShaderCompiler after 0.10 seconds
Launching external process: /Applications/Unity/Hub/Editor/6000.3.22f1/Unity.app/Contents/Helpers/UnityShaderCompiler
Launched and connected shader compiler UnityShaderCompiler after 0.09 seconds
Launching external process: /Applications/Unity/Hub/Editor/6000.3.22f1/Unity.app/Contents/Helpers/UnityShaderCompiler
Launched and connected shader compiler UnityShaderCompiler after 0.19 seconds
Launching external process: /Applications/Unity/Hub/Editor/6000.3.22f1/Unity.app/Contents/Helpers/UnityShaderCompiler
Launched and connected shader compiler UnityShaderCompiler after 0.11 seconds
Launching external process: /Applications/Unity/Hub/Editor/6000.3.22f1/Unity.app/Contents/Helpers/UnityShaderCompiler
Launched and connected shader compiler UnityShaderCompiler after 0.08 seconds
  Pass  (vp, vulkan) finished in 1.16 seconds. Local cache hits 0 (0.00s CPU time), remote cache hits 0 (0.00s CPU time), compiled 18 variants (8.05s CPU time), skipped 0 variants.
    Prepared data for serialisation in 0.00s
  Pass  (vp, vulkan) finished in 0.34 seconds. Local cache hits 0 (0.00s CPU time), remote cache hits 0 (0.00s CPU time), compiled 6 variants (0.57s CPU time), skipped 0 variants.
    Prepared data for serialisation in 0.00s
Serialized binary data for shader Legacy Shaders/Transparent/VertexLit in 0.00s
    vulkan (total internal programs: 24, unique: 8)
Compiling shader "Standard"
  Pass "FORWARD" (vp)
    Target graphics API: vulkan
    Full variant space:         1.328
    After settings filtering:   1.328
    After built-in stripping:   96
    After scriptable stripping: 96
    Processed in 0.00 seconds
  Pass "FORWARD_DELTA" (vp)
    Target graphics API: vulkan
    Full variant space:         376
    After settings filtering:   376
    After built-in stripping:   156
    After scriptable stripping: 156
    Processed in 0.00 seconds
  Pass "ShadowCaster" (vp)
    Target graphics API: vulkan
    Full variant space:         8
    After settings filtering:   8
    After built-in stripping:   24
    After scriptable stripping: 24
    Processed in 0.00 seconds
  Pass "DEFERRED" (vp)
    Target graphics API: vulkan
    Full variant space:         152
    After settings filtering:   152
    After built-in stripping:   48
    After scriptable stripping: 48
    Processed in 0.00 seconds
  Pass "FORWARD" (vp)
    Target graphics API: vulkan
    Full variant space:         416
    After settings filtering:   416
    After built-in stripping:   96
    After scriptable stripping: 96
    Processed in 0.00 seconds
  Pass "FORWARD_DELTA" (vp)
    Target graphics API: vulkan
    Full variant space:         280
    After settings filtering:   280
    After built-in stripping:   120
    After scriptable stripping: 120
    Processed in 0.00 seconds
  Pass "ShadowCaster" (vp)
    Target graphics API: vulkan
    Full variant space:         4
    After settings filtering:   4
    After built-in stripping:   24
    After scriptable stripping: 24
    Processed in 0.00 seconds
  Pass FORWARD (vp, vulkan) finished in 5.59 seconds. Local cache hits 0 (0.00s CPU time), remote cache hits 0 (0.00s CPU time), compiled 96 variants (43.23s CPU time), skipped 0 variants.
    Prepared data for serialisation in 0.00s
  Pass FORWARD_DELTA (vp, vulkan) finished in 9.02 seconds. Local cache hits 0 (0.00s CPU time), remote cache hits 0 (0.00s CPU time), compiled 156 variants (69.26s CPU time), skipped 0 variants.
    Prepared data for serialisation in 0.00s
  Pass ShadowCaster (vp, vulkan) finished in 1.20 seconds. Local cache hits 0 (0.00s CPU time), remote cache hits 0 (0.00s CPU time), compiled 24 variants (4.64s CPU time), skipped 0 variants.
    Prepared data for serialisation in 0.00s
  Pass DEFERRED (vp, vulkan) finished in 4.03 seconds. Local cache hits 0 (0.00s CPU time), remote cache hits 0 (0.00s CPU time), compiled 48 variants (29.17s CPU time), skipped 0 variants.
    Prepared data for serialisation in 0.00s
  Pass FORWARD (vp, vulkan) finished in 11.40 seconds. Local cache hits 0 (0.00s CPU time), remote cache hits 0 (0.00s CPU time), compiled 96 variants (85.55s CPU time), skipped 0 variants.
    Prepared data for serialisation in 0.00s
  Pass FORWARD_DELTA (vp, vulkan) finished in 8.34 seconds. Local cache hits 0 (0.00s CPU time), remote cache hits 0 (0.00s CPU time), compiled 120 variants (62.63s CPU time), skipped 0 variants.
    Prepared data for serialisation in 0.00s
  Pass ShadowCaster (vp, vulkan) finished in 0.60 seconds. Local cache hits 0 (0.00s CPU time), remote cache hits 0 (0.00s CPU time), compiled 24 variants (3.30s CPU time), skipped 0 variants.
    Prepared data for serialisation in 0.00s
Serialized binary data for shader Standard in 0.00s
    vulkan (total internal programs: 564, unique: 218)
Compressed shader 'Standard' on vulkan from 1.37MB to 0.21MB
Compressed shader 'Standard' in 0.04s
Compiling shader "UI/Prerendered Opaque"
  Pass "" (vp)
    Target graphics API: vulkan
    Full variant space:         16
    After settings filtering:   16
    After built-in stripping:   96
    After scriptable stripping: 96
    Processed in 0.00 seconds
  Pass  (vp, vulkan) finished in 3.16 seconds. Local cache hits 0 (0.00s CPU time), remote cache hits 0 (0.00s CPU time), compiled 96 variants (24.94s CPU time), skipped 0 variants.
    Prepared data for serialisation in 0.00s
Serialized binary data for shader UI/Prerendered Opaque in 0.00s
    vulkan (total internal programs: 96, unique: 32)
Compiling compute shader "NMSCompute"
    starting stripping...
    finished in 0.00 seconds. 1 of 1 variants left
    1 variants, starting compilation...
    finished in 37.53 seconds. Local cache hits 0, remote cache hits 0, compiled 1 variants
Compiling shader "Oculus/OVRMRCameraFrame"
  Pass "" (vp)
    Target graphics API: vulkan
    Full variant space:         1
    After settings filtering:   1
    After built-in stripping:   6
    After scriptable stripping: 6
    Processed in 0.00 seconds
  Pass  (vp, vulkan) finished in 0.42 seconds. Local cache hits 0 (0.00s CPU time), remote cache hits 0 (0.00s CPU time), compiled 6 variants (2.01s CPU time), skipped 0 variants.
    Prepared data for serialisation in 0.00s
Serialized binary data for shader Oculus/OVRMRCameraFrame in 0.00s
    vulkan (total internal programs: 6, unique: 2)
Compiling shader "Oculus/UnlitTransparent"
  Pass "" (vp)
    Target graphics API: vulkan
    Full variant space:         4
    After settings filtering:   4
    After built-in stripping:   6
    After scriptable stripping: 6
    Processed in 0.00 seconds
  Pass  (vp, vulkan) finished in 0.13 seconds. Local cache hits 0 (0.00s CPU time), remote cache hits 0 (0.00s CPU time), compiled 6 variants (0.70s CPU time), skipped 0 variants.
    Prepared data for serialisation in 0.00s
Serialized binary data for shader Oculus/UnlitTransparent in 0.00s
    vulkan (total internal programs: 6, unique: 2)
Compiling shader "Oculus/Cubemap Blit"
  Pass "" (vp)
    Target graphics API: vulkan
    Full variant space:         1
    After settings filtering:   1
    After built-in stripping:   6
    After scriptable stripping: 6
    Processed in 0.00 seconds
  Pass  (vp, vulkan) finished in 0.27 seconds. Local cache hits 0 (0.00s CPU time), remote cache hits 0 (0.00s CPU time), compiled 6 variants (1.27s CPU time), skipped 0 variants.
    Prepared data for serialisation in 0.00s
Serialized binary data for shader Oculus/Cubemap Blit in 0.00s
    vulkan (total internal programs: 6, unique: 2)
Compiling shader "TextMeshPro/Distance Field"
  Pass "" (vp)
    Target graphics API: vulkan
    Full variant space:         4
    After settings filtering:   4
    After built-in stripping:   24
    After scriptable stripping: 24
    Processed in 0.00 seconds
  Pass  (vp, vulkan) finished in 1.31 seconds. Local cache hits 0 (0.00s CPU time), remote cache hits 0 (0.00s CPU time), compiled 24 variants (9.89s CPU time), skipped 0 variants.
    Prepared data for serialisation in 0.00s
Serialized binary data for shader TextMeshPro/Distance Field in 0.00s
    vulkan (total internal programs: 24, unique: 8)
Compiling shader "Meta/EnvironmentDepth/DepthMask"
  Pass "Pass 0" (vp)
    Target graphics API: vulkan
    Full variant space:         1
    After settings filtering:   1
    After built-in stripping:   6
    After scriptable stripping: 6
    Processed in 0.00 seconds
  Pass "Pass 1" (vp)
    Target graphics API: vulkan
    Full variant space:         1
    After settings filtering:   1
    After built-in stripping:   6
    After scriptable stripping: 6
    Processed in 0.00 seconds
  Pass Pass 0 (vp, vulkan) finished in 0.08 seconds. Local cache hits 0 (0.00s CPU time), remote cache hits 0 (0.00s CPU time), compiled 6 variants (0.40s CPU time), skipped 0 variants.
    Prepared data for serialisation in 0.00s
  Pass Pass 1 (vp, vulkan) finished in 0.10 seconds. Local cache hits 0 (0.00s CPU time), remote cache hits 0 (0.00s CPU time), compiled 6 variants (0.21s CPU time), skipped 0 variants.
    Prepared data for serialisation in 0.00s
Serialized binary data for shader Meta/EnvironmentDepth/DepthMask in 0.00s
    vulkan (total internal programs: 12, unique: 4)
Compiling shader "UI/IDF Prerendered"
  Pass "" (vp)
    Target graphics API: vulkan
    Full variant space:         2
    After settings filtering:   2
    After built-in stripping:   12
    After scriptable stripping: 12
    Processed in 0.00 seconds
  Pass  (vp, vulkan) finished in 0.23 seconds. Local cache hits 0 (0.00s CPU time), remote cache hits 0 (0.00s CPU time), compiled 12 variants (1.56s CPU time), skipped 0 variants.
    Prepared data for serialisation in 0.00s
Serialized binary data for shader UI/IDF Prerendered in 0.00s
    vulkan (total internal programs: 12, unique: 4)
Compiling shader "Oculus/Unlit"
  Pass "" (vp)
    Target graphics API: vulkan
    Full variant space:         4
    After settings filtering:   4
    After built-in stripping:   6
    After scriptable stripping: 6
    Processed in 0.00 seconds
  Pass  (vp, vulkan) finished in 0.08 seconds. Local cache hits 0 (0.00s CPU time), remote cache hits 0 (0.00s CPU time), compiled 6 variants (0.42s CPU time), skipped 0 variants.
    Prepared data for serialisation in 0.00s
Serialized binary data for shader Oculus/Unlit in 0.00s
    vulkan (total internal programs: 6, unique: 2)
Compiling shader "Oculus/Texture2D Blit"
  Pass "" (vp)
    Target graphics API: vulkan
    Full variant space:         1
    After settings filtering:   1
    After built-in stripping:   6
    After scriptable stripping: 6
    Processed in 0.00 seconds
  Pass  (vp, vulkan) finished in 0.13 seconds. Local cache hits 0 (0.00s CPU time), remote cache hits 0 (0.00s CPU time), compiled 6 variants (0.68s CPU time), skipped 0 variants.
    Prepared data for serialisation in 0.00s
Serialized binary data for shader Oculus/Texture2D Blit in 0.00s
    vulkan (total internal programs: 6, unique: 2)
Compiling shader "Oculus/OVRMRCameraFrameLit"
  Pass "FORWARD" (vp)
    Target graphics API: vulkan
    Full variant space:         152
    After settings filtering:   152
    After built-in stripping:   18
    After scriptable stripping: 18
    Processed in 0.00 seconds
  Pass "FORWARD" (vp)
    Target graphics API: vulkan
    Full variant space:         20
    After settings filtering:   20
    After built-in stripping:   30
    After scriptable stripping: 30
    Processed in 0.00 seconds
  Pass FORWARD (vp, vulkan) finished in 1.63 seconds. Local cache hits 0 (0.00s CPU time), remote cache hits 0 (0.00s CPU time), compiled 18 variants (9.73s CPU time), skipped 0 variants.
    Prepared data for serialisation in 0.00s
  Pass FORWARD (vp, vulkan) finished in 2.40 seconds. Local cache hits 0 (0.00s CPU time), remote cache hits 0 (0.00s CPU time), compiled 30 variants (16.17s CPU time), skipped 0 variants.
    Prepared data for serialisation in 0.00s
Serialized binary data for shader Oculus/OVRMRCameraFrameLit in 0.00s
    vulkan (total internal programs: 48, unique: 16)
Compiling compute shader "CopyDepthTextureIntoNativeArray"
    starting stripping...
    finished in 0.00 seconds. 1 of 1 variants left
    1 variants, starting compilation...
    finished in 0.05 seconds. Local cache hits 0, remote cache hits 0, compiled 1 variants
Compiling shader "Custom/ImmersiveDebugger/PolylineUnlit"
  Pass "" (vp)
    Target graphics API: vulkan
    Full variant space:         8
    After settings filtering:   8
    After built-in stripping:   24
    After scriptable stripping: 24
    Processed in 0.00 seconds
  Pass  (vp, vulkan) finished in 1.26 seconds. Local cache hits 0 (0.00s CPU time), remote cache hits 0 (0.00s CPU time), compiled 24 variants (9.31s CPU time), skipped 0 variants.
    Prepared data for serialisation in 0.00s
Serialized binary data for shader Custom/ImmersiveDebugger/PolylineUnlit in 0.00s
    vulkan (total internal programs: 24, unique: 8)
Compiling shader "Oculus/Unlit Transparent Color"
  Pass "" (vp)
    Target graphics API: vulkan
    Full variant space:         1
    After settings filtering:   1
    After built-in stripping:   6
    After scriptable stripping: 6
    Processed in 0.00 seconds
  Pass  (vp, vulkan) finished in 0.10 seconds. Local cache hits 0 (0.00s CPU time), remote cache hits 0 (0.00s CPU time), compiled 6 variants (0.49s CPU time), skipped 0 variants.
    Prepared data for serialisation in 0.00s
Serialized binary data for shader Oculus/Unlit Transparent Color in 0.00s
    vulkan (total internal programs: 6, unique: 2)
Compiling shader "TextMeshPro/Sprite"
  Pass "Default" (vp)
    Target graphics API: vulkan
    Full variant space:         4
    After settings filtering:   4
    After built-in stripping:   24
    After scriptable stripping: 24
    Processed in 0.00 seconds
  Pass Default (vp, vulkan) finished in 0.57 seconds. Local cache hits 0 (0.00s CPU time), remote cache hits 0 (0.00s CPU time), compiled 24 variants (4.21s CPU time), skipped 0 variants.
    Prepared data for serialisation in 0.00s
Serialized binary data for shader TextMeshPro/Sprite in 0.00s
    vulkan (total internal programs: 24, unique: 8)
Compiling shader "Oculus/Underlay Transparent Occluder"
  Pass "" (vp)
    Target graphics API: vulkan
    Full variant space:         4
    After settings filtering:   4
    After built-in stripping:   6
    After scriptable stripping: 6
    Processed in 0.00 seconds
  Pass "FORWARD" (vp)
    Target graphics API: vulkan
    Full variant space:         664
    After settings filtering:   664
    After built-in stripping:   48
    After scriptable stripping: 48
    Processed in 0.00 seconds
  Pass "FORWARD" (vp)
    Target graphics API: vulkan
    Full variant space:         20
    After settings filtering:   20
    After built-in stripping:   30
    After scriptable stripping: 30
    Processed in 0.00 seconds
  Pass "DEFERRED" (vp)
    Target graphics API: vulkan
    Full variant space:         76
    After settings filtering:   76
    After built-in stripping:   24
    After scriptable stripping: 24
    Processed in 0.00 seconds
  Pass  (vp, vulkan) finished in 0.14 seconds. Local cache hits 0 (0.00s CPU time), remote cache hits 0 (0.00s CPU time), compiled 6 variants (0.68s CPU time), skipped 0 variants.
    Prepared data for serialisation in 0.00s
  Pass FORWARD (vp, vulkan) finished in 1.65 seconds. Local cache hits 0 (0.00s CPU time), remote cache hits 0 (0.00s CPU time), compiled 48 variants (11.34s CPU time), skipped 0 variants.
    Prepared data for serialisation in 0.01s
  Pass FORWARD (vp, vulkan) finished in 1.33 seconds. Local cache hits 0 (0.00s CPU time), remote cache hits 0 (0.00s CPU time), compiled 30 variants (7.64s CPU time), skipped 0 variants.
    Prepared data for serialisation in 0.00s
  Pass DEFERRED (vp, vulkan) finished in 0.75 seconds. Local cache hits 0 (0.00s CPU time), remote cache hits 0 (0.00s CPU time), compiled 24 variants (4.49s CPU time), skipped 0 variants.
    Prepared data for serialisation in 0.00s
Serialized binary data for shader Oculus/Underlay Transparent Occluder in 0.00s
    vulkan (total internal programs: 108, unique: 36)
Compiling compute shader "CopyDepthTexture"
    starting stripping...
    finished in 0.00 seconds. 1 of 1 variants left
    1 variants, starting compilation...
    finished in 0.03 seconds. Local cache hits 0, remote cache hits 0, compiled 1 variants
Compiling shader "Oculus/Underlay Impostor"
  Pass "FORWARD" (vp)
    Target graphics API: vulkan
    Full variant space:         664
    After settings filtering:   664
    After built-in stripping:   48
    After scriptable stripping: 48
    Processed in 0.00 seconds
  Pass "FORWARD" (vp)
    Target graphics API: vulkan
    Full variant space:         188
    After settings filtering:   188
    After built-in stripping:   78
    After scriptable stripping: 78
    Processed in 0.00 seconds
  Pass "DEFERRED" (vp)
    Target graphics API: vulkan
    Full variant space:         76
    After settings filtering:   76
    After built-in stripping:   24
    After scriptable stripping: 24
    Processed in 0.00 seconds
  Pass FORWARD (vp, vulkan) finished in 2.68 seconds. Local cache hits 0 (0.00s CPU time), remote cache hits 0 (0.00s CPU time), compiled 48 variants (19.62s CPU time), skipped 0 variants.
    Prepared data for serialisation in 0.00s
  Pass FORWARD (vp, vulkan) finished in 3.70 seconds. Local cache hits 0 (0.00s CPU time), remote cache hits 0 (0.00s CPU time), compiled 78 variants (26.45s CPU time), skipped 0 variants.
    Prepared data for serialisation in 0.00s
  Pass DEFERRED (vp, vulkan) finished in 1.27 seconds. Local cache hits 0 (0.00s CPU time), remote cache hits 0 (0.00s CPU time), compiled 24 variants (8.06s CPU time), skipped 0 variants.
    Prepared data for serialisation in 0.00s
Serialized binary data for shader Oculus/Underlay Impostor in 0.00s
    vulkan (total internal programs: 150, unique: 92)
Compiling shader "Meta/EnvironmentDepth/Preprocessing"
  Pass "Environment Depth Preprocessing Pass" (vp)
    Target graphics API: vulkan
    Full variant space:         1
    After settings filtering:   1
    After built-in stripping:   6
    After scriptable stripping: 6
    Processed in 0.00 seconds
  Pass Environment Depth Preprocessing Pass (vp, vulkan) finished in 0.14 seconds. Local cache hits 0 (0.00s CPU time), remote cache hits 0 (0.00s CPU time), compiled 6 variants (0.75s CPU time), skipped 0 variants.
    Prepared data for serialisation in 0.00s
Serialized binary data for shader Meta/EnvironmentDepth/Preprocessing in 0.00s
    vulkan (total internal programs: 6, unique: 2)
Compiling shader "TextMeshPro/Mobile/Distance Field"
  Pass "" (vp)
    Target graphics API: vulkan
    Full variant space:         12
    After settings filtering:   12
    After built-in stripping:   72
    After scriptable stripping: 72
    Processed in 0.00 seconds
  Pass  (vp, vulkan) finished in 4.60 seconds. Local cache hits 0 (0.00s CPU time), remote cache hits 0 (0.00s CPU time), compiled 72 variants (35.72s CPU time), skipped 0 variants.
    Prepared data for serialisation in 0.00s
Serialized binary data for shader TextMeshPro/Mobile/Distance Field in 0.00s
    vulkan (total internal programs: 72, unique: 24)
Compiling shader "glTF/Unlit"
  Pass "" (vp)
    Target graphics API: vulkan
    Full variant space:         4
    After settings filtering:   4
    After built-in stripping:   6
    After scriptable stripping: 6
    Processed in 0.00 seconds
  Pass  (vp, vulkan) finished in 0.26 seconds. Local cache hits 0 (0.00s CPU time), remote cache hits 0 (0.00s CPU time), compiled 6 variants (1.36s CPU time), skipped 0 variants.
    Prepared data for serialisation in 0.00s
Serialized binary data for shader glTF/Unlit in 0.00s
    vulkan (total internal programs: 6, unique: 2)
Compiling shader "glTF/PbrMetallicRoughness"
  Pass "FORWARD" (vp)
    Target graphics API: vulkan
    Full variant space:         664
    After settings filtering:   664
    After built-in stripping:   48
    After scriptable stripping: 48
    Processed in 0.00 seconds
  Pass "FORWARD_DELTA" (vp)
    Target graphics API: vulkan
    Full variant space:         188
    After settings filtering:   188
    After built-in stripping:   78
    After scriptable stripping: 78
    Processed in 0.00 seconds
  Pass "ShadowCaster" (vp)
    Target graphics API: vulkan
    Full variant space:         4
    After settings filtering:   4
    After built-in stripping:   12
    After scriptable stripping: 12
    Processed in 0.00 seconds
  Pass "DEFERRED" (vp)
    Target graphics API: vulkan
    Full variant space:         76
    After settings filtering:   76
    After built-in stripping:   24
    After scriptable stripping: 24
    Processed in 0.00 seconds
  Pass "FORWARD" (vp)
    Target graphics API: vulkan
    Full variant space:         208
    After settings filtering:   208
    After built-in stripping:   48
    After scriptable stripping: 48
    Processed in 0.00 seconds
  Pass "FORWARD_DELTA" (vp)
    Target graphics API: vulkan
    Full variant space:         140
    After settings filtering:   140
    After built-in stripping:   60
    After scriptable stripping: 60
    Processed in 0.00 seconds
  Pass "ShadowCaster" (vp)
    Target graphics API: vulkan
    Full variant space:         2
    After settings filtering:   2
    After built-in stripping:   12
    After scriptable stripping: 12
    Processed in 0.00 seconds
  Pass FORWARD (vp, vulkan) finished in 3.16 seconds. Local cache hits 0 (0.00s CPU time), remote cache hits 0 (0.00s CPU time), compiled 48 variants (23.13s CPU time), skipped 0 variants.
    Prepared data for serialisation in 0.00s
  Pass FORWARD_DELTA (vp, vulkan) finished in 6.18 seconds. Local cache hits 0 (0.00s CPU time), remote cache hits 0 (0.00s CPU time), compiled 78 variants (39.26s CPU time), skipped 0 variants.
    Prepared data for serialisation in 0.00s
  Pass ShadowCaster (vp, vulkan) finished in 1.45 seconds. Local cache hits 0 (0.00s CPU time), remote cache hits 0 (0.00s CPU time), compiled 12 variants (4.64s CPU time), skipped 0 variants.
    Prepared data for serialisation in 0.00s
  Pass DEFERRED (vp, vulkan) finished in 2.27 seconds. Local cache hits 0 (0.00s CPU time), remote cache hits 0 (0.00s CPU time), compiled 24 variants (12.14s CPU time), skipped 0 variants.
    Prepared data for serialisation in 0.00s
  Pass FORWARD (vp, vulkan) finished in 3.41 seconds. Local cache hits 0 (0.00s CPU time), remote cache hits 0 (0.00s CPU time), compiled 48 variants (23.90s CPU time), skipped 0 variants.
    Prepared data for serialisation in 0.00s
  Pass FORWARD_DELTA (vp, vulkan) finished in 5.10 seconds. Local cache hits 0 (0.00s CPU time), remote cache hits 0 (0.00s CPU time), compiled 60 variants (34.67s CPU time), skipped 0 variants.
    Prepared data for serialisation in 0.00s
  Pass ShadowCaster (vp, vulkan) finished in 0.69 seconds. Local cache hits 0 (0.00s CPU time), remote cache hits 0 (0.00s CPU time), compiled 12 variants (2.88s CPU time), skipped 0 variants.
    Prepared data for serialisation in 0.00s
Serialized binary data for shader glTF/PbrMetallicRoughness in 0.00s
    vulkan (total internal programs: 282, unique: 108)
Compiling shader "glTF/PbrSpecularGlossiness"
  Pass "FORWARD" (vp)
    Target graphics API: vulkan
    Full variant space:         664
    After settings filtering:   664
    After built-in stripping:   48
    After scriptable stripping: 48
    Processed in 0.00 seconds
  Pass "FORWARD_DELTA" (vp)
    Target graphics API: vulkan
    Full variant space:         188
    After settings filtering:   188
    After built-in stripping:   78
    After scriptable stripping: 78
    Processed in 0.00 seconds
  Pass "ShadowCaster" (vp)
    Target graphics API: vulkan
    Full variant space:         4
    After settings filtering:   4
    After built-in stripping:   12
    After scriptable stripping: 12
    Processed in 0.00 seconds
  Pass "DEFERRED" (vp)
    Target graphics API: vulkan
    Full variant space:         76
    After settings filtering:   76
    After built-in stripping:   24
    After scriptable stripping: 24
    Processed in 0.00 seconds
  Pass "FORWARD" (vp)
    Target graphics API: vulkan
    Full variant space:         136
    After settings filtering:   136
    After built-in stripping:   48
    After scriptable stripping: 48
    Processed in 0.00 seconds
  Pass "FORWARD_DELTA" (vp)
    Target graphics API: vulkan
    Full variant space:         140
    After settings filtering:   140
    After built-in stripping:   60
    After scriptable stripping: 60
    Processed in 0.00 seconds
  Pass "ShadowCaster" (vp)
    Target graphics API: vulkan
    Full variant space:         2
    After settings filtering:   2
    After built-in stripping:   12
    After scriptable stripping: 12
    Processed in 0.00 seconds
  Pass FORWARD (vp, vulkan) finished in 4.43 seconds. Local cache hits 0 (0.00s CPU time), remote cache hits 0 (0.00s CPU time), compiled 48 variants (31.58s CPU time), skipped 0 variants.
    Prepared data for serialisation in 0.00s
  Pass FORWARD_DELTA (vp, vulkan) finished in 6.00 seconds. Local cache hits 0 (0.00s CPU time), remote cache hits 0 (0.00s CPU time), compiled 78 variants (42.19s CPU time), skipped 0 variants.
    Prepared data for serialisation in 0.00s
  Pass ShadowCaster (vp, vulkan) finished in 0.52 seconds. Local cache hits 0 (0.00s CPU time), remote cache hits 0 (0.00s CPU time), compiled 12 variants (1.88s CPU time), skipped 0 variants.
    Prepared data for serialisation in 0.00s
  Pass DEFERRED (vp, vulkan) finished in 1.68 seconds. Local cache hits 0 (0.00s CPU time), remote cache hits 0 (0.00s CPU time), compiled 24 variants (11.40s CPU time), skipped 0 variants.
    Prepared data for serialisation in 0.00s
  Pass FORWARD (vp, vulkan) finished in 3.11 seconds. Local cache hits 0 (0.00s CPU time), remote cache hits 0 (0.00s CPU time), compiled 48 variants (21.00s CPU time), skipped 0 variants.
    Prepared data for serialisation in 0.00s
  Pass FORWARD_DELTA (vp, vulkan) finished in 4.47 seconds. Local cache hits 0 (0.00s CPU time), remote cache hits 0 (0.00s CPU time), compiled 60 variants (31.29s CPU time), skipped 0 variants.
    Prepared data for serialisation in 0.00s
  Pass ShadowCaster (vp, vulkan) finished in 0.60 seconds. Local cache hits 0 (0.00s CPU time), remote cache hits 0 (0.00s CPU time), compiled 12 variants (1.83s CPU time), skipped 0 variants.
    Prepared data for serialisation in 0.00s
Serialized binary data for shader glTF/PbrSpecularGlossiness in 0.00s
    vulkan (total internal programs: 282, unique: 108)
Compiling shader "Skybox/Procedural"
  Pass "" (vp)
    Target graphics API: vulkan
    Full variant space:         3
    After settings filtering:   3
    After built-in stripping:   18
    After scriptable stripping: 18
    Processed in 0.00 seconds
  Pass  (vp, vulkan) finished in 1.31 seconds. Local cache hits 0 (0.00s CPU time), remote cache hits 0 (0.00s CPU time), compiled 18 variants (8.06s CPU time), skipped 0 variants.
    Prepared data for serialisation in 0.00s
Serialized binary data for shader Skybox/Procedural in 0.00s
    vulkan (total internal programs: 18, unique: 6)
Compiling shader "Legacy Shaders/VertexLit"
  Pass "" (vp)
    Target graphics API: vulkan
    Full variant space:         12
    After settings filtering:   12
    After built-in stripping:   18
    After scriptable stripping: 18
    Processed in 0.00 seconds
  Pass "" (vp)
    Target graphics API: vulkan
    Full variant space:         4
    After settings filtering:   4
    After built-in stripping:   6
    After scriptable stripping: 6
    Processed in 0.00 seconds
  Pass "ShadowCaster" (vp)
    Target graphics API: vulkan
    Full variant space:         4
    After settings filtering:   4
    After built-in stripping:   12
    After scriptable stripping: 12
    Processed in 0.00 seconds
  Pass  (vp, vulkan) finished in 1.19 seconds. Local cache hits 0 (0.00s CPU time), remote cache hits 0 (0.00s CPU time), compiled 18 variants (7.03s CPU time), skipped 0 variants.
    Prepared data for serialisation in 0.00s
  Pass  (vp, vulkan) finished in 0.55 seconds. Local cache hits 0 (0.00s CPU time), remote cache hits 0 (0.00s CPU time), compiled 6 variants (1.50s CPU time), skipped 0 variants.
    Prepared data for serialisation in 0.00s
  Pass ShadowCaster (vp, vulkan) finished in 0.50 seconds. Local cache hits 0 (0.00s CPU time), remote cache hits 0 (0.00s CPU time), compiled 12 variants (2.13s CPU time), skipped 0 variants.
    Prepared data for serialisation in 0.00s
Serialized binary data for shader Legacy Shaders/VertexLit in 0.00s
    vulkan (total internal programs: 36, unique: 12)
Compiling shader "Legacy Shaders/Diffuse"
  Pass "FORWARD" (vp)
    Target graphics API: vulkan
    Full variant space:         664
    After settings filtering:   664
    After built-in stripping:   48
    After scriptable stripping: 48
    Processed in 0.00 seconds
  Pass "FORWARD" (vp)
    Target graphics API: vulkan
    Full variant space:         20
    After settings filtering:   20
    After built-in stripping:   30
    After scriptable stripping: 30
    Processed in 0.00 seconds
  Pass "DEFERRED" (vp)
    Target graphics API: vulkan
    Full variant space:         76
    After settings filtering:   76
    After built-in stripping:   24
    After scriptable stripping: 24
    Processed in 0.00 seconds
  Pass FORWARD (vp, vulkan) finished in 1.85 seconds. Local cache hits 0 (0.00s CPU time), remote cache hits 0 (0.00s CPU time), compiled 48 variants (13.79s CPU time), skipped 0 variants.
    Prepared data for serialisation in 0.00s
  Pass FORWARD (vp, vulkan) finished in 1.28 seconds. Local cache hits 0 (0.00s CPU time), remote cache hits 0 (0.00s CPU time), compiled 30 variants (7.72s CPU time), skipped 0 variants.
    Prepared data for serialisation in 0.00s
  Pass DEFERRED (vp, vulkan) finished in 1.04 seconds. Local cache hits 0 (0.00s CPU time), remote cache hits 0 (0.00s CPU time), compiled 24 variants (6.94s CPU time), skipped 0 variants.
    Prepared data for serialisation in 0.00s
Serialized binary data for shader Legacy Shaders/Diffuse in 0.00s
    vulkan (total internal programs: 102, unique: 34)
Compiling shader "Hidden/Internal-StencilWrite"
  Pass "" (vp)
    Target graphics API: vulkan
    Full variant space:         1
    After settings filtering:   1
    After built-in stripping:   6
    After scriptable stripping: 6
    Processed in 0.00 seconds
  Pass  (vp, vulkan) finished in 0.11 seconds. Local cache hits 0 (0.00s CPU time), remote cache hits 0 (0.00s CPU time), compiled 6 variants (0.56s CPU time), skipped 0 variants.
    Prepared data for serialisation in 0.00s
Serialized binary data for shader Hidden/Internal-StencilWrite in 0.00s
    vulkan (total internal programs: 6, unique: 2)
Compiling shader "Hidden/Internal-DepthNormalsTexture"
  Pass "" (vp)
    Target graphics API: vulkan
    Full variant space:         1
    After settings filtering:   1
    After built-in stripping:   6
    After scriptable stripping: 6
    Processed in 0.00 seconds
  Pass "" (vp)
    Target graphics API: vulkan
    Full variant space:         1
    After settings filtering:   1
    After built-in stripping:   6
    After scriptable stripping: 6
    Processed in 0.00 seconds
  Pass "" (vp)
    Target graphics API: vulkan
    Full variant space:         1
    After settings filtering:   1
    After built-in stripping:   6
    After scriptable stripping: 6
    Processed in 0.00 seconds
  Pass "" (vp)
    Target graphics API: vulkan
    Full variant space:         1
    After settings filtering:   1
    After built-in stripping:   6
    After scriptable stripping: 6
    Processed in 0.00 seconds
  Pass "" (vp)
    Target graphics API: vulkan
    Full variant space:         1
    After settings filtering:   1
    After built-in stripping:   6
    After scriptable stripping: 6
    Processed in 0.00 seconds
  Pass "" (vp)
    Target graphics API: vulkan
    Full variant space:         1
    After settings filtering:   1
    After built-in stripping:   6
    After scriptable stripping: 6
    Processed in 0.00 seconds
  Pass "" (vp)
    Target graphics API: vulkan
    Full variant space:         1
    After settings filtering:   1
    After built-in stripping:   6
    After scriptable stripping: 6
    Processed in 0.00 seconds
  Pass "" (vp)
    Target graphics API: vulkan
    Full variant space:         1
    After settings filtering:   1
    After built-in stripping:   6
    After scriptable stripping: 6
    Processed in 0.00 seconds
  Pass "" (vp)
    Target graphics API: vulkan
    Full variant space:         1
    After settings filtering:   1
    After built-in stripping:   6
    After scriptable stripping: 6
    Processed in 0.00 seconds
  Pass "" (vp)
    Target graphics API: vulkan
    Full variant space:         1
    After settings filtering:   1
    After built-in stripping:   6
    After scriptable stripping: 6
    Processed in 0.00 seconds
  Pass  (vp, vulkan) finished in 0.19 seconds. Local cache hits 0 (0.00s CPU time), remote cache hits 0 (0.00s CPU time), compiled 6 variants (1.01s CPU time), skipped 0 variants.
    Prepared data for serialisation in 0.00s
  Pass  (vp, vulkan) finished in 0.71 seconds. Local cache hits 0 (0.00s CPU time), remote cache hits 0 (0.00s CPU time), compiled 6 variants (1.85s CPU time), skipped 0 variants.
    Prepared data for serialisation in 0.00s
  Pass  (vp, vulkan) finished in 0.78 seconds. Local cache hits 0 (0.00s CPU time), remote cache hits 0 (0.00s CPU time), compiled 6 variants (2.94s CPU time), skipped 0 variants.
    Prepared data for serialisation in 0.00s
  Pass  (vp, vulkan) finished in 1.19 seconds. Local cache hits 0 (0.00s CPU time), remote cache hits 0 (0.00s CPU time), compiled 6 variants (3.98s CPU time), skipped 0 variants.
    Prepared data for serialisation in 0.00s
  Pass  (vp, vulkan) finished in 1.02 seconds. Local cache hits 0 (0.00s CPU time), remote cache hits 0 (0.00s CPU time), compiled 6 variants (2.93s CPU time), skipped 0 variants.
    Prepared data for serialisation in 0.00s
  Pass  (vp, vulkan) finished in 0.72 seconds. Local cache hits 0 (0.00s CPU time), remote cache hits 0 (0.00s CPU time), compiled 6 variants (2.00s CPU time), skipped 0 variants.
    Prepared data for serialisation in 0.00s
  Pass  (vp, vulkan) finished in 1.88 seconds. Local cache hits 0 (0.00s CPU time), remote cache hits 0 (0.00s CPU time), compiled 6 variants (6.01s CPU time), skipped 0 variants.
    Prepared data for serialisation in 0.00s
  Pass  (vp, vulkan) finished in 1.68 seconds. Local cache hits 0 (0.00s CPU time), remote cache hits 0 (0.00s CPU time), compiled 6 variants (6.09s CPU time), skipped 0 variants.
    Prepared data for serialisation in 0.00s
  Pass  (vp, vulkan) finished in 0.73 seconds. Local cache hits 0 (0.00s CPU time), remote cache hits 0 (0.00s CPU time), compiled 6 variants (2.57s CPU time), skipped 0 variants.
    Prepared data for serialisation in 0.00s
  Pass  (vp, vulkan) finished in 0.65 seconds. Local cache hits 0 (0.00s CPU time), remote cache hits 0 (0.00s CPU time), compiled 6 variants (2.06s CPU time), skipped 0 variants.
    Prepared data for serialisation in 0.00s
Serialized binary data for shader Hidden/Internal-DepthNormalsTexture in 0.00s
    vulkan (total internal programs: 60, unique: 20)
Compiling shader "Hidden/Internal-ScreenSpaceShadows"
  Pass "" (vp)
    Target graphics API: vulkan
    Full variant space:         4
    After settings filtering:   4
    After built-in stripping:   24
    After scriptable stripping: 24
    Processed in 0.00 seconds
  Pass "" (vp)
    Target graphics API: vulkan
    Full variant space:         4
    After settings filtering:   4
    After built-in stripping:   24
    After scriptable stripping: 24
    Processed in 0.00 seconds
  Pass "" (vp)
    Target graphics API: vulkan
    Full variant space:         4
    After settings filtering:   4
    After built-in stripping:   24
    After scriptable stripping: 24
    Processed in 0.00 seconds
  Pass "" (vp)
    Target graphics API: vulkan
    Full variant space:         4
    After settings filtering:   4
    After built-in stripping:   24
    After scriptable stripping: 24
    Processed in 0.00 seconds
  Pass  (vp, vulkan) finished in 1.62 seconds. Local cache hits 0 (0.00s CPU time), remote cache hits 0 (0.00s CPU time), compiled 24 variants (11.17s CPU time), skipped 0 variants.
    Prepared data for serialisation in 0.00s
  Pass  (vp, vulkan) finished in 1.99 seconds. Local cache hits 0 (0.00s CPU time), remote cache hits 0 (0.00s CPU time), compiled 24 variants (12.46s CPU time), skipped 0 variants.
    Prepared data for serialisation in 0.00s
  Pass  (vp, vulkan) finished in 2.08 seconds. Local cache hits 0 (0.00s CPU time), remote cache hits 0 (0.00s CPU time), compiled 24 variants (12.44s CPU time), skipped 0 variants.
    Prepared data for serialisation in 0.00s
  Pass  (vp, vulkan) finished in 3.33 seconds. Local cache hits 0 (0.00s CPU time), remote cache hits 0 (0.00s CPU time), compiled 24 variants (22.22s CPU time), skipped 0 variants.
    Prepared data for serialisation in 0.00s
Serialized binary data for shader Hidden/Internal-ScreenSpaceShadows in 0.00s
    vulkan (total internal programs: 96, unique: 32)
Compiling shader "Hidden/Internal-CombineDepthNormals"
  Pass "" (vp)
    Target graphics API: vulkan
    Full variant space:         1
    After settings filtering:   1
    After built-in stripping:   6
    After scriptable stripping: 6
    Processed in 0.00 seconds
  Pass  (vp, vulkan) finished in 0.14 seconds. Local cache hits 0 (0.00s CPU time), remote cache hits 0 (0.00s CPU time), compiled 6 variants (0.72s CPU time), skipped 0 variants.
    Prepared data for serialisation in 0.00s
Serialized binary data for shader Hidden/Internal-CombineDepthNormals in 0.00s
    vulkan (total internal programs: 6, unique: 2)
Compiling shader "Hidden/BlitCopy"
  Pass "" (vp)
    Target graphics API: vulkan
    Full variant space:         1
    After settings filtering:   1
    After built-in stripping:   6
    After scriptable stripping: 6
    Processed in 0.00 seconds
  Pass  (vp, vulkan) finished in 0.12 seconds. Local cache hits 0 (0.00s CPU time), remote cache hits 0 (0.00s CPU time), compiled 6 variants (0.64s CPU time), skipped 0 variants.
    Prepared data for serialisation in 0.00s
Serialized binary data for shader Hidden/BlitCopy in 0.00s
    vulkan (total internal programs: 6, unique: 2)
Compiling shader "Hidden/BlitCopyDepth"
  Pass "" (vp)
    Target graphics API: vulkan
    Full variant space:         1
    After settings filtering:   1
    After built-in stripping:   6
    After scriptable stripping: 6
    Processed in 0.00 seconds
  Pass  (vp, vulkan) finished in 0.13 seconds. Local cache hits 0 (0.00s CPU time), remote cache hits 0 (0.00s CPU time), compiled 6 variants (0.67s CPU time), skipped 0 variants.
    Prepared data for serialisation in 0.00s
Serialized binary data for shader Hidden/BlitCopyDepth in 0.00s
    vulkan (total internal programs: 6, unique: 2)
Compiling shader "Hidden/ConvertTexture"
  Pass "" (vp)
    Target graphics API: vulkan
    Full variant space:         1
    After settings filtering:   1
    After built-in stripping:   6
    After scriptable stripping: 6
    Processed in 0.00 seconds
  Pass  (vp, vulkan) finished in 0.13 seconds. Local cache hits 0 (0.00s CPU time), remote cache hits 0 (0.00s CPU time), compiled 6 variants (0.68s CPU time), skipped 0 variants.
    Prepared data for serialisation in 0.00s
Serialized binary data for shader Hidden/ConvertTexture in 0.00s
    vulkan (total internal programs: 6, unique: 2)
Compiling shader "Hidden/Internal-DeferredShading"
  Pass "" (vp)
    Target graphics API: vulkan
    Full variant space:         94
    After settings filtering:   94
    After built-in stripping:   156
    After scriptable stripping: 156
    Processed in 0.00 seconds
  Pass "" (vp)
    Target graphics API: vulkan
    Full variant space:         1
    After settings filtering:   1
    After built-in stripping:   6
    After scriptable stripping: 6
    Processed in 0.00 seconds
  Pass  (vp, vulkan) finished in 5.72 seconds. Local cache hits 0 (0.00s CPU time), remote cache hits 0 (0.00s CPU time), compiled 156 variants (44.91s CPU time), skipped 0 variants.
    Prepared data for serialisation in 0.00s
  Pass  (vp, vulkan) finished in 0.22 seconds. Local cache hits 0 (0.00s CPU time), remote cache hits 0 (0.00s CPU time), compiled 6 variants (0.45s CPU time), skipped 0 variants.
    Prepared data for serialisation in 0.00s
Serialized binary data for shader Hidden/Internal-DeferredShading in 0.00s
    vulkan (total internal programs: 162, unique: 106)
Compiling shader "Hidden/Internal-DeferredReflections"
  Pass "" (vp)
    Target graphics API: vulkan
    Full variant space:         1
    After settings filtering:   1
    After built-in stripping:   6
    After scriptable stripping: 6
    Processed in 0.00 seconds
  Pass "" (vp)
    Target graphics API: vulkan
    Full variant space:         2
    After settings filtering:   2
    After built-in stripping:   12
    After scriptable stripping: 12
    Processed in 0.00 seconds
  Pass  (vp, vulkan) finished in 0.23 seconds. Local cache hits 0 (0.00s CPU time), remote cache hits 0 (0.00s CPU time), compiled 6 variants (1.16s CPU time), skipped 0 variants.
    Prepared data for serialisation in 0.00s
  Pass  (vp, vulkan) finished in 0.31 seconds. Local cache hits 0 (0.00s CPU time), remote cache hits 0 (0.00s CPU time), compiled 12 variants (0.86s CPU time), skipped 0 variants.
    Prepared data for serialisation in 0.00s
Serialized binary data for shader Hidden/Internal-DeferredReflections in 0.00s
    vulkan (total internal programs: 18, unique: 8)
Compiling shader "Hidden/Internal-MotionVectors"
  Pass "" (vp)
    Target graphics API: vulkan
    Full variant space:         1
    After settings filtering:   1
    After built-in stripping:   6
    After scriptable stripping: 6
    Processed in 0.00 seconds
  Pass "" (vp)
    Target graphics API: vulkan
    Full variant space:         1
    After settings filtering:   1
    After built-in stripping:   6
    After scriptable stripping: 6
    Processed in 0.00 seconds
  Pass "" (vp)
    Target graphics API: vulkan
    Full variant space:         1
    After settings filtering:   1
    After built-in stripping:   6
    After scriptable stripping: 6
    Processed in 0.00 seconds
  Pass  (vp, vulkan) finished in 0.16 seconds. Local cache hits 0 (0.00s CPU time), remote cache hits 0 (0.00s CPU time), compiled 6 variants (0.65s CPU time), skipped 0 variants.
    Prepared data for serialisation in 0.00s
  Pass  (vp, vulkan) finished in 0.22 seconds. Local cache hits 0 (0.00s CPU time), remote cache hits 0 (0.00s CPU time), compiled 6 variants (0.63s CPU time), skipped 0 variants.
    Prepared data for serialisation in 0.00s
  Pass  (vp, vulkan) finished in 0.18 seconds. Local cache hits 0 (0.00s CPU time), remote cache hits 0 (0.00s CPU time), compiled 6 variants (0.55s CPU time), skipped 0 variants.
    Prepared data for serialisation in 0.00s
Serialized binary data for shader Hidden/Internal-MotionVectors in 0.00s
    vulkan (total internal programs: 18, unique: 6)
Compiling shader "Hidden/Internal-Flare"
  Pass "" (vp)
    Target graphics API: vulkan
    Full variant space:         1
    After settings filtering:   1
    After built-in stripping:   6
    After scriptable stripping: 6
    Processed in 0.00 seconds
  Pass  (vp, vulkan) finished in 0.08 seconds. Local cache hits 0 (0.00s CPU time), remote cache hits 0 (0.00s CPU time), compiled 6 variants (0.33s CPU time), skipped 0 variants.
    Prepared data for serialisation in 0.00s
Serialized binary data for shader Hidden/Internal-Flare in 0.00s
    vulkan (total internal programs: 6, unique: 2)
Compiling shader "Hidden/Internal-Halo"
  Pass "" (vp)
    Target graphics API: vulkan
    Full variant space:         4
    After settings filtering:   4
    After built-in stripping:   6
    After scriptable stripping: 6
    Processed in 0.00 seconds
  Pass  (vp, vulkan) finished in 0.09 seconds. Local cache hits 0 (0.00s CPU time), remote cache hits 0 (0.00s CPU time), compiled 6 variants (0.41s CPU time), skipped 0 variants.
    Prepared data for serialisation in 0.00s
Serialized binary data for shader Hidden/Internal-Halo in 0.00s
    vulkan (total internal programs: 6, unique: 2)
Compiling shader "Hidden/BlitCopyWithDepth"
  Pass "" (vp)
    Target graphics API: vulkan
    Full variant space:         1
    After settings filtering:   1
    After built-in stripping:   6
    After scriptable stripping: 6
    Processed in 0.00 seconds
  Pass  (vp, vulkan) finished in 0.07 seconds. Local cache hits 0 (0.00s CPU time), remote cache hits 0 (0.00s CPU time), compiled 6 variants (0.36s CPU time), skipped 0 variants.
    Prepared data for serialisation in 0.00s
Serialized binary data for shader Hidden/BlitCopyWithDepth in 0.00s
    vulkan (total internal programs: 6, unique: 2)
Compiling shader "Hidden/BlitToDepth"
  Pass "" (vp)
    Target graphics API: vulkan
    Full variant space:         1
    After settings filtering:   1
    After built-in stripping:   6
    After scriptable stripping: 6
    Processed in 0.00 seconds
  Pass  (vp, vulkan) finished in 0.07 seconds. Local cache hits 0 (0.00s CPU time), remote cache hits 0 (0.00s CPU time), compiled 6 variants (0.35s CPU time), skipped 0 variants.
    Prepared data for serialisation in 0.00s
Serialized binary data for shader Hidden/BlitToDepth in 0.00s
    vulkan (total internal programs: 6, unique: 2)
Compiling shader "Hidden/BlitToDepth_MSAA"
  Pass "" (vp)
    Target graphics API: vulkan
    Full variant space:         1
    After settings filtering:   1
    After built-in stripping:   6
    After scriptable stripping: 6
    Processed in 0.00 seconds
  Pass  (vp, vulkan) finished in 0.07 seconds. Local cache hits 0 (0.00s CPU time), remote cache hits 0 (0.00s CPU time), compiled 6 variants (0.36s CPU time), skipped 0 variants.
    Prepared data for serialisation in 0.00s
Serialized binary data for shader Hidden/BlitToDepth_MSAA in 0.00s
    vulkan (total internal programs: 6, unique: 2)
Compiling shader "Hidden/BlitCopyHDRTonemap"
  Pass "" (vp)
    Target graphics API: vulkan
    Full variant space:         1
    After settings filtering:   1
    After built-in stripping:   6
    After scriptable stripping: 6
    Processed in 0.00 seconds
  Pass  (vp, vulkan) finished in 0.14 seconds. Local cache hits 0 (0.00s CPU time), remote cache hits 0 (0.00s CPU time), compiled 6 variants (0.73s CPU time), skipped 0 variants.
    Prepared data for serialisation in 0.00s
Serialized binary data for shader Hidden/BlitCopyHDRTonemap in 0.00s
    vulkan (total internal programs: 6, unique: 2)
Compiling shader "Hidden/Internal-DebugPattern"
  Pass "Target Color and DepthStencil" (vp)
    Target graphics API: vulkan
    Full variant space:         1
    After settings filtering:   1
    After built-in stripping:   6
    After scriptable stripping: 6
    Processed in 0.00 seconds
  Pass "Target only Color" (vp)
    Target graphics API: vulkan
    Full variant space:         1
    After settings filtering:   1
    After built-in stripping:   6
    After scriptable stripping: 6
    Processed in 0.00 seconds
  Pass "Target only DepthStencil" (vp)
    Target graphics API: vulkan
    Full variant space:         1
    After settings filtering:   1
    After built-in stripping:   6
    After scriptable stripping: 6
    Processed in 0.00 seconds
  Pass Target Color and DepthStencil (vp, vulkan) finished in 0.10 seconds. Local cache hits 0 (0.00s CPU time), remote cache hits 0 (0.00s CPU time), compiled 6 variants (0.52s CPU time), skipped 0 variants.
    Prepared data for serialisation in 0.00s
  Pass Target only Color (vp, vulkan) finished in 0.18 seconds. Local cache hits 0 (0.00s CPU time), remote cache hits 0 (0.00s CPU time), compiled 6 variants (0.50s CPU time), skipped 0 variants.
    Prepared data for serialisation in 0.00s
  Pass Target only DepthStencil (vp, vulkan) finished in 0.25 seconds. Local cache hits 0 (0.00s CPU time), remote cache hits 0 (0.00s CPU time), compiled 6 variants (0.71s CPU time), skipped 0 variants.
    Prepared data for serialisation in 0.00s
Serialized binary data for shader Hidden/Internal-DebugPattern in 0.00s
    vulkan (total internal programs: 18, unique: 6)
Compiling shader "Hidden/Internal-GUITextureClip"
  Pass "" (vp)
    Target graphics API: vulkan
    Full variant space:         1
    After settings filtering:   1
    After built-in stripping:   6
    After scriptable stripping: 6
    Processed in 0.00 seconds
  Pass "" (vp)
    Target graphics API: vulkan
    Full variant space:         1
    After settings filtering:   1
    After built-in stripping:   6
    After scriptable stripping: 6
    Processed in 0.00 seconds
  Pass  (vp, vulkan) finished in 0.27 seconds. Local cache hits 0 (0.00s CPU time), remote cache hits 0 (0.00s CPU time), compiled 6 variants (1.26s CPU time), skipped 0 variants.
    Prepared data for serialisation in 0.00s
  Pass  (vp, vulkan) finished in 0.31 seconds. Local cache hits 0 (0.00s CPU time), remote cache hits 0 (0.00s CPU time), compiled 6 variants (0.85s CPU time), skipped 0 variants.
    Prepared data for serialisation in 0.00s
Serialized binary data for shader Hidden/Internal-GUITextureClip in 0.00s
    vulkan (total internal programs: 12, unique: 2)
Compiling shader "Hidden/Internal-GUITextureClipText"
  Pass "" (vp)
    Target graphics API: vulkan
    Full variant space:         1
    After settings filtering:   1
    After built-in stripping:   6
    After scriptable stripping: 6
    Processed in 0.00 seconds
  Pass "" (vp)
    Target graphics API: vulkan
    Full variant space:         1
    After settings filtering:   1
    After built-in stripping:   6
    After scriptable stripping: 6
    Processed in 0.00 seconds
  Pass  (vp, vulkan) finished in 0.10 seconds. Local cache hits 0 (0.00s CPU time), remote cache hits 0 (0.00s CPU time), compiled 6 variants (0.51s CPU time), skipped 0 variants.
    Prepared data for serialisation in 0.00s
  Pass  (vp, vulkan) finished in 0.18 seconds. Local cache hits 0 (0.00s CPU time), remote cache hits 0 (0.00s CPU time), compiled 6 variants (0.48s CPU time), skipped 0 variants.
    Prepared data for serialisation in 0.00s
Serialized binary data for shader Hidden/Internal-GUITextureClipText in 0.00s
    vulkan (total internal programs: 12, unique: 2)
Compiling shader "Hidden/Internal-GUITexture"
  Pass "" (vp)
    Target graphics API: vulkan
    Full variant space:         1
    After settings filtering:   1
    After built-in stripping:   6
    After scriptable stripping: 6
    Processed in 0.00 seconds
  Pass "" (vp)
    Target graphics API: vulkan
    Full variant space:         1
    After settings filtering:   1
    After built-in stripping:   6
    After scriptable stripping: 6
    Processed in 0.00 seconds
  Pass  (vp, vulkan) finished in 0.09 seconds. Local cache hits 0 (0.00s CPU time), remote cache hits 0 (0.00s CPU time), compiled 6 variants (0.47s CPU time), skipped 0 variants.
    Prepared data for serialisation in 0.00s
  Pass  (vp, vulkan) finished in 0.14 seconds. Local cache hits 0 (0.00s CPU time), remote cache hits 0 (0.00s CPU time), compiled 6 variants (0.37s CPU time), skipped 0 variants.
    Prepared data for serialisation in 0.00s
Serialized binary data for shader Hidden/Internal-GUITexture in 0.00s
    vulkan (total internal programs: 12, unique: 2)
Compiling shader "Hidden/Internal-GUITextureBlit"
  Pass "" (vp)
    Target graphics API: vulkan
    Full variant space:         1
    After settings filtering:   1
    After built-in stripping:   6
    After scriptable stripping: 6
    Processed in 0.00 seconds
  Pass "" (vp)
    Target graphics API: vulkan
    Full variant space:         1
    After settings filtering:   1
    After built-in stripping:   6
    After scriptable stripping: 6
    Processed in 0.00 seconds
  Pass  (vp, vulkan) finished in 0.12 seconds. Local cache hits 0 (0.00s CPU time), remote cache hits 0 (0.00s CPU time), compiled 6 variants (0.61s CPU time), skipped 0 variants.
    Prepared data for serialisation in 0.00s
  Pass  (vp, vulkan) finished in 0.20 seconds. Local cache hits 0 (0.00s CPU time), remote cache hits 0 (0.00s CPU time), compiled 6 variants (0.55s CPU time), skipped 0 variants.
    Prepared data for serialisation in 0.00s
Serialized binary data for shader Hidden/Internal-GUITextureBlit in 0.00s
    vulkan (total internal programs: 12, unique: 2)
Compiling shader "Hidden/Internal-GUIRoundedRect"
  Pass "" (vp)
    Target graphics API: vulkan
    Full variant space:         1
    After settings filtering:   1
    After built-in stripping:   6
    After scriptable stripping: 6
    Processed in 0.00 seconds
  Pass "" (vp)
    Target graphics API: vulkan
    Full variant space:         1
    After settings filtering:   1
    After built-in stripping:   6
    After scriptable stripping: 6
    Processed in 0.00 seconds
  Pass  (vp, vulkan) finished in 0.24 seconds. Local cache hits 0 (0.00s CPU time), remote cache hits 0 (0.00s CPU time), compiled 6 variants (1.17s CPU time), skipped 0 variants.
    Prepared data for serialisation in 0.00s
  Pass  (vp, vulkan) finished in 0.31 seconds. Local cache hits 0 (0.00s CPU time), remote cache hits 0 (0.00s CPU time), compiled 6 variants (0.81s CPU time), skipped 0 variants.
    Prepared data for serialisation in 0.00s
Serialized binary data for shader Hidden/Internal-GUIRoundedRect in 0.00s
    vulkan (total internal programs: 12, unique: 2)
Compiling shader "Hidden/Internal-GUIRoundedRectWithColorPerBorder"
  Pass "" (vp)
    Target graphics API: vulkan
    Full variant space:         1
    After settings filtering:   1
    After built-in stripping:   6
    After scriptable stripping: 6
    Processed in 0.00 seconds
  Pass "" (vp)
    Target graphics API: vulkan
    Full variant space:         1
    After settings filtering:   1
    After built-in stripping:   6
    After scriptable stripping: 6
    Processed in 0.00 seconds
  Pass  (vp, vulkan) finished in 0.21 seconds. Local cache hits 0 (0.00s CPU time), remote cache hits 0 (0.00s CPU time), compiled 6 variants (1.19s CPU time), skipped 0 variants.
    Prepared data for serialisation in 0.00s
  Pass  (vp, vulkan) finished in 0.37 seconds. Local cache hits 0 (0.00s CPU time), remote cache hits 0 (0.00s CPU time), compiled 6 variants (0.96s CPU time), skipped 0 variants.
    Prepared data for serialisation in 0.00s
Serialized binary data for shader Hidden/Internal-GUIRoundedRectWithColorPerBorder in 0.00s
    vulkan (total internal programs: 12, unique: 2)
Compiling shader "Hidden/Internal-UIRDefault"
  Pass "" (vp)
    Target graphics API: vulkan
    Full variant space:         40
    After settings filtering:   40
    After built-in stripping:   240
    After scriptable stripping: 240
    Processed in 0.00 seconds
  Pass  (vp, vulkan) finished in 25.48 seconds. Local cache hits 0 (0.00s CPU time), remote cache hits 0 (0.00s CPU time), compiled 240 variants (200.99s CPU time), skipped 0 variants.
    Prepared data for serialisation in 0.01s
Serialized binary data for shader Hidden/Internal-UIRDefault in 0.00s
    vulkan (total internal programs: 240, unique: 80)
Compiling shader "Hidden/Internal-UIRAtlasBlitCopy"
  Pass "" (vp)
    Target graphics API: vulkan
    Full variant space:         1
    After settings filtering:   1
    After built-in stripping:   6
    After scriptable stripping: 6
    Processed in 0.01 seconds
  Pass  (vp, vulkan) finished in 0.09 seconds. Local cache hits 0 (0.00s CPU time), remote cache hits 0 (0.00s CPU time), compiled 6 variants (0.46s CPU time), skipped 0 variants.
    Prepared data for serialisation in 0.00s
Serialized binary data for shader Hidden/Internal-UIRAtlasBlitCopy in 0.00s
    vulkan (total internal programs: 6, unique: 2)
Compiling shader "Unlit/Texture"
  Pass "" (vp)
    Target graphics API: vulkan
    Full variant space:         4
    After settings filtering:   4
    After built-in stripping:   6
    After scriptable stripping: 6
    Processed in 0.00 seconds
  Pass  (vp, vulkan) finished in 0.08 seconds. Local cache hits 0 (0.00s CPU time), remote cache hits 0 (0.00s CPU time), compiled 6 variants (0.42s CPU time), skipped 0 variants.
    Prepared data for serialisation in 0.00s
Serialized binary data for shader Unlit/Texture in 0.00s
    vulkan (total internal programs: 6, unique: 2)
Compiling shader "Sprites/Default"
  Pass "" (vp)
    Target graphics API: vulkan
    Full variant space:         8
    After settings filtering:   8
    After built-in stripping:   24
    After scriptable stripping: 24
    Processed in 0.00 seconds
  Pass  (vp, vulkan) finished in 0.34 seconds. Local cache hits 0 (0.00s CPU time), remote cache hits 0 (0.00s CPU time), compiled 24 variants (2.44s CPU time), skipped 0 variants.
    Prepared data for serialisation in 0.00s
Serialized binary data for shader Sprites/Default in 0.00s
    vulkan (total internal programs: 24, unique: 8)
Compiling shader "Unlit/Color"
  Pass "" (vp)
    Target graphics API: vulkan
    Full variant space:         4
    After settings filtering:   4
    After built-in stripping:   6
    After scriptable stripping: 6
    Processed in 0.00 seconds
  Pass  (vp, vulkan) finished in 0.06 seconds. Local cache hits 0 (0.00s CPU time), remote cache hits 0 (0.00s CPU time), compiled 6 variants (0.34s CPU time), skipped 0 variants.
    Prepared data for serialisation in 0.00s
Serialized binary data for shader Unlit/Color in 0.00s
    vulkan (total internal programs: 6, unique: 2)
Compiling shader "Sprites/Mask"
  Pass "" (vp)
    Target graphics API: vulkan
    Full variant space:         4
    After settings filtering:   4
    After built-in stripping:   24
    After scriptable stripping: 24
    Processed in 0.00 seconds
  Pass  (vp, vulkan) finished in 0.32 seconds. Local cache hits 0 (0.00s CPU time), remote cache hits 0 (0.00s CPU time), compiled 24 variants (2.27s CPU time), skipped 0 variants.
    Prepared data for serialisation in 0.00s
Serialized binary data for shader Sprites/Mask in 0.00s
    vulkan (total internal programs: 24, unique: 8)
Compiling shader "UI/Default"
  Pass "Default" (vp)
    Target graphics API: vulkan
    Full variant space:         4
    After settings filtering:   4
    After built-in stripping:   24
    After scriptable stripping: 24
    Processed in 0.00 seconds
  Pass Default (vp, vulkan) finished in 0.46 seconds. Local cache hits 0 (0.00s CPU time), remote cache hits 0 (0.00s CPU time), compiled 24 variants (3.41s CPU time), skipped 0 variants.
    Prepared data for serialisation in 0.00s
Serialized binary data for shader UI/Default in 0.00s
    vulkan (total internal programs: 24, unique: 8)
Compiling shader "UI/DefaultETC1"
  Pass "Default" (vp)
    Target graphics API: vulkan
    Full variant space:         4
    After settings filtering:   4
    After built-in stripping:   24
    After scriptable stripping: 24
    Processed in 0.00 seconds
  Pass Default (vp, vulkan) finished in 0.45 seconds. Local cache hits 0 (0.00s CPU time), remote cache hits 0 (0.00s CPU time), compiled 24 variants (3.27s CPU time), skipped 0 variants.
    Prepared data for serialisation in 0.00s
Serialized binary data for shader UI/DefaultETC1 in 0.00s
    vulkan (total internal programs: 24, unique: 8)
Compiling shader "Hidden/CubeBlur"
  Pass "" (vp)
    Target graphics API: vulkan
    Full variant space:         1
    After settings filtering:   1
    After built-in stripping:   6
    After scriptable stripping: 6
    Processed in 0.00 seconds
  Pass "" (vp)
    Target graphics API: vulkan
    Full variant space:         1
    After settings filtering:   1
    After built-in stripping:   6
    After scriptable stripping: 6
    Processed in 0.00 seconds
  Pass  (vp, vulkan) finished in 0.30 seconds. Local cache hits 0 (0.00s CPU time), remote cache hits 0 (0.00s CPU time), compiled 6 variants (1.70s CPU time), skipped 0 variants.
    Prepared data for serialisation in 0.00s
  Pass  (vp, vulkan) finished in 0.75 seconds. Local cache hits 0 (0.00s CPU time), remote cache hits 0 (0.00s CPU time), compiled 6 variants (1.76s CPU time), skipped 0 variants.
    Prepared data for serialisation in 0.00s
Serialized binary data for shader Hidden/CubeBlur in 0.00s
    vulkan (total internal programs: 12, unique: 3)
Compiling shader "Hidden/CubeCopy"
  Pass "" (vp)
    Target graphics API: vulkan
    Full variant space:         1
    After settings filtering:   1
    After built-in stripping:   6
    After scriptable stripping: 6
    Processed in 0.00 seconds
  Pass "" (vp)
    Target graphics API: vulkan
    Full variant space:         1
    After settings filtering:   1
    After built-in stripping:   6
    After scriptable stripping: 6
    Processed in 0.00 seconds
  Pass  (vp, vulkan) finished in 0.12 seconds. Local cache hits 0 (0.00s CPU time), remote cache hits 0 (0.00s CPU time), compiled 6 variants (0.55s CPU time), skipped 0 variants.
    Prepared data for serialisation in 0.00s
  Pass  (vp, vulkan) finished in 0.20 seconds. Local cache hits 0 (0.00s CPU time), remote cache hits 0 (0.00s CPU time), compiled 6 variants (0.46s CPU time), skipped 0 variants.
    Prepared data for serialisation in 0.00s
Serialized binary data for shader Hidden/CubeCopy in 0.00s
    vulkan (total internal programs: 12, unique: 2)
Compiling shader "Hidden/CubeBlend"
  Pass "" (vp)
    Target graphics API: vulkan
    Full variant space:         1
    After settings filtering:   1
    After built-in stripping:   6
    After scriptable stripping: 6
    Processed in 0.00 seconds
  Pass "" (vp)
    Target graphics API: vulkan
    Full variant space:         1
    After settings filtering:   1
    After built-in stripping:   6
    After scriptable stripping: 6
    Processed in 0.00 seconds
  Pass  (vp, vulkan) finished in 0.23 seconds. Local cache hits 0 (0.00s CPU time), remote cache hits 0 (0.00s CPU time), compiled 6 variants (0.76s CPU time), skipped 0 variants.
    Prepared data for serialisation in 0.00s
  Pass  (vp, vulkan) finished in 0.33 seconds. Local cache hits 0 (0.00s CPU time), remote cache hits 0 (0.00s CPU time), compiled 6 variants (0.86s CPU time), skipped 0 variants.
    Prepared data for serialisation in 0.00s
Serialized binary data for shader Hidden/CubeBlend in 0.00s
    vulkan (total internal programs: 12, unique: 2)
Compiling shader "Hidden/VR/BlitTexArraySlice"
  Pass "" (vp)
    Target graphics API: vulkan
    Full variant space:         1
    After settings filtering:   1
    After built-in stripping:   6
    After scriptable stripping: 6
    Processed in 0.00 seconds
  Pass  (vp, vulkan) finished in 0.16 seconds. Local cache hits 0 (0.00s CPU time), remote cache hits 0 (0.00s CPU time), compiled 6 variants (0.62s CPU time), skipped 0 variants.
    Prepared data for serialisation in 0.00s
Serialized binary data for shader Hidden/VR/BlitTexArraySlice in 0.00s
    vulkan (total internal programs: 6, unique: 2)
Compiling shader "Hidden/VR/BlitTexArraySliceToDepth"
  Pass "" (vp)
    Target graphics API: vulkan
    Full variant space:         1
    After settings filtering:   1
    After built-in stripping:   6
    After scriptable stripping: 6
    Processed in 0.00 seconds
  Pass  (vp, vulkan) finished in 0.06 seconds. Local cache hits 0 (0.00s CPU time), remote cache hits 0 (0.00s CPU time), compiled 6 variants (0.30s CPU time), skipped 0 variants.
    Prepared data for serialisation in 0.00s
Serialized binary data for shader Hidden/VR/BlitTexArraySliceToDepth in 0.00s
    vulkan (total internal programs: 6, unique: 2)
Compiling shader "Hidden/VR/BlitTexArraySliceToDepth_MSAA"
  Pass "" (vp)
    Target graphics API: vulkan
    Full variant space:         1
    After settings filtering:   1
    After built-in stripping:   6
    After scriptable stripping: 6
    Processed in 0.00 seconds
  Pass  (vp, vulkan) finished in 0.07 seconds. Local cache hits 0 (0.00s CPU time), remote cache hits 0 (0.00s CPU time), compiled 6 variants (0.38s CPU time), skipped 0 variants.
    Prepared data for serialisation in 0.00s
Serialized binary data for shader Hidden/VR/BlitTexArraySliceToDepth_MSAA in 0.00s
    vulkan (total internal programs: 6, unique: 2)
Compiling shader "Hidden/Internal-ODSWorldTexture"
  Pass "" (vp)
    Target graphics API: vulkan
    Full variant space:         1
    After settings filtering:   1
    After built-in stripping:   6
    After scriptable stripping: 6
    Processed in 0.00 seconds
  Pass "" (vp)
    Target graphics API: vulkan
    Full variant space:         1
    After settings filtering:   1
    After built-in stripping:   6
    After scriptable stripping: 6
    Processed in 0.00 seconds
  Pass "" (vp)
    Target graphics API: vulkan
    Full variant space:         1
    After settings filtering:   1
    After built-in stripping:   6
    After scriptable stripping: 6
    Processed in 0.00 seconds
  Pass "" (vp)
    Target graphics API: vulkan
    Full variant space:         1
    After settings filtering:   1
    After built-in stripping:   6
    After scriptable stripping: 6
    Processed in 0.00 seconds
  Pass "" (vp)
    Target graphics API: vulkan
    Full variant space:         1
    After settings filtering:   1
    After built-in stripping:   6
    After scriptable stripping: 6
    Processed in 0.00 seconds
  Pass "" (vp)
    Target graphics API: vulkan
    Full variant space:         1
    After settings filtering:   1
    After built-in stripping:   6
    After scriptable stripping: 6
    Processed in 0.00 seconds
  Pass "" (vp)
    Target graphics API: vulkan
    Full variant space:         1
    After settings filtering:   1
    After built-in stripping:   6
    After scriptable stripping: 6
    Processed in 0.00 seconds
  Pass "" (vp)
    Target graphics API: vulkan
    Full variant space:         1
    After settings filtering:   1
    After built-in stripping:   6
    After scriptable stripping: 6
    Processed in 0.00 seconds
  Pass "" (vp)
    Target graphics API: vulkan
    Full variant space:         1
    After settings filtering:   1
    After built-in stripping:   6
    After scriptable stripping: 6
    Processed in 0.00 seconds
  Pass "" (vp)
    Target graphics API: vulkan
    Full variant space:         1
    After settings filtering:   1
    After built-in stripping:   6
    After scriptable stripping: 6
    Processed in 0.00 seconds
  Pass  (vp, vulkan) finished in 0.18 seconds. Local cache hits 0 (0.00s CPU time), remote cache hits 0 (0.00s CPU time), compiled 6 variants (0.63s CPU time), skipped 0 variants.
    Prepared data for serialisation in 0.00s
  Pass  (vp, vulkan) finished in 0.40 seconds. Local cache hits 0 (0.00s CPU time), remote cache hits 0 (0.00s CPU time), compiled 6 variants (1.09s CPU time), skipped 0 variants.
    Prepared data for serialisation in 0.00s
  Pass  (vp, vulkan) finished in 0.59 seconds. Local cache hits 0 (0.00s CPU time), remote cache hits 0 (0.00s CPU time), compiled 6 variants (2.10s CPU time), skipped 0 variants.
    Prepared data for serialisation in 0.00s
  Pass  (vp, vulkan) finished in 0.89 seconds. Local cache hits 0 (0.00s CPU time), remote cache hits 0 (0.00s CPU time), compiled 6 variants (3.19s CPU time), skipped 0 variants.
    Prepared data for serialisation in 0.00s
  Pass  (vp, vulkan) finished in 0.60 seconds. Local cache hits 0 (0.00s CPU time), remote cache hits 0 (0.00s CPU time), compiled 6 variants (1.51s CPU time), skipped 0 variants.
    Prepared data for serialisation in 0.00s
  Pass  (vp, vulkan) finished in 0.81 seconds. Local cache hits 0 (0.00s CPU time), remote cache hits 0 (0.00s CPU time), compiled 6 variants (2.72s CPU time), skipped 0 variants.
    Prepared data for serialisation in 0.00s
  Pass  (vp, vulkan) finished in 0.94 seconds. Local cache hits 0 (0.00s CPU time), remote cache hits 0 (0.00s CPU time), compiled 6 variants (2.47s CPU time), skipped 0 variants.
    Prepared data for serialisation in 0.00s
  Pass  (vp, vulkan) finished in 0.82 seconds. Local cache hits 0 (0.00s CPU time), remote cache hits 0 (0.00s CPU time), compiled 6 variants (2.90s CPU time), skipped 0 variants.
    Prepared data for serialisation in 0.00s
  Pass  (vp, vulkan) finished in 0.66 seconds. Local cache hits 0 (0.00s CPU time), remote cache hits 0 (0.00s CPU time), compiled 6 variants (2.14s CPU time), skipped 0 variants.
    Prepared data for serialisation in 0.00s
  Pass  (vp, vulkan) finished in 0.42 seconds. Local cache hits 0 (0.00s CPU time), remote cache hits 0 (0.00s CPU time), compiled 6 variants (1.32s CPU time), skipped 0 variants.
    Prepared data for serialisation in 0.00s
Serialized binary data for shader Hidden/Internal-ODSWorldTexture in 0.00s
    vulkan (total internal programs: 60, unique: 18)
Compiling shader "Hidden/Internal-CubemapToEquirect"
  Pass "" (vp)
    Target graphics API: vulkan
    Full variant space:         1
    After settings filtering:   1
    After built-in stripping:   6
    After scriptable stripping: 6
    Processed in 0.00 seconds
  Pass  (vp, vulkan) finished in 0.08 seconds. Local cache hits 0 (0.00s CPU time), remote cache hits 0 (0.00s CPU time), compiled 6 variants (0.46s CPU time), skipped 0 variants.
    Prepared data for serialisation in 0.00s
Serialized binary data for shader Hidden/Internal-CubemapToEquirect in 0.00s
    vulkan (total internal programs: 6, unique: 2)
Compiling shader "Hidden/VR/BlitFromTex2DToTexArraySlice"
  Pass "" (vp)
  Pass "" (vp)
    Target graphics API: vulkan
    Full variant space:         1
    After settings filtering:   1
    After built-in stripping:   6
    After scriptable stripping: 6
    Processed in 0.00 seconds
    Prepared data for serialisation in 0.00s
  Pass  (vp, vulkan) finished in 0.14 seconds. Local cache hits 0 (0.00s CPU time), remote cache hits 0 (0.00s CPU time), compiled 6 variants (0.70s CPU time), skipped 0 variants.
    Prepared data for serialisation in 0.00s
Serialized binary data for shader Hidden/VR/BlitFromTex2DToTexArraySlice in 0.00s
    vulkan (total internal programs: 6, unique: 2)
Compiling shader "Hidden/VideoComposite"
  Pass "Default" (vp)
    Target graphics API: vulkan
    Full variant space:         1
    After settings filtering:   1
    After built-in stripping:   6
    After scriptable stripping: 6
    Processed in 0.00 seconds
  Pass Default (vp, vulkan) finished in 0.09 seconds. Local cache hits 0 (0.00s CPU time), remote cache hits 0 (0.00s CPU time), compiled 6 variants (0.48s CPU time), skipped 0 variants.
    Prepared data for serialisation in 0.00s
Serialized binary data for shader Hidden/VideoComposite in 0.00s
    vulkan (total internal programs: 6, unique: 2)
Compiling shader "Hidden/VideoDecode"
  Pass "YCbCr_To_RGB1" (vp)
    Target graphics API: vulkan
    Full variant space:         2
    After settings filtering:   2
    After built-in stripping:   12
    After scriptable stripping: 12
    Processed in 0.00 seconds
  Pass "YCbCrA_To_RGBAFull" (vp)
    Target graphics API: vulkan
    Full variant space:         2
    After settings filtering:   2
    After built-in stripping:   12
    After scriptable stripping: 12
    Processed in 0.00 seconds
  Pass "YCbCrA_To_RGBA" (vp)
    Target graphics API: vulkan
    Full variant space:         2
    After settings filtering:   2
    After built-in stripping:   12
    After scriptable stripping: 12
    Processed in 0.00 seconds
  Pass "Flip_RGBA_To_RGBA" (vp)
    Target graphics API: vulkan
    Full variant space:         2
    After settings filtering:   2
    After built-in stripping:   12
    After scriptable stripping: 12
    Processed in 0.00 seconds
  Pass "Flip_RGBASplit_To_RGBA" (vp)
    Target graphics API: vulkan
    Full variant space:         2
    After settings filtering:   2
    After built-in stripping:   12
    After scriptable stripping: 12
    Processed in 0.00 seconds
  Pass "Flip_NV12_To_RGB1" (vp)
    Target graphics API: vulkan
    Full variant space:         2
    After settings filtering:   2
    After built-in stripping:   12
    After scriptable stripping: 12
    Processed in 0.00 seconds
  Pass "Flip_NV12_To_RGBA" (vp)
    Target graphics API: vulkan
    Full variant space:         2
    After settings filtering:   2
    After built-in stripping:   12
    After scriptable stripping: 12
    Processed in 0.00 seconds
  Pass "Flip_P010_To_RGB1" (vp)
    Target graphics API: vulkan
    Full variant space:         1
    After settings filtering:   1
    After built-in stripping:   6
    After scriptable stripping: 6
    Processed in 0.00 seconds
  Pass YCbCr_To_RGB1 (vp, vulkan) finished in 0.19 seconds. Local cache hits 0 (0.00s CPU time), remote cache hits 0 (0.00s CPU time), compiled 12 variants (1.10s CPU time), skipped 0 variants.
    Prepared data for serialisation in 0.00s
  Pass YCbCrA_To_RGBAFull (vp, vulkan) finished in 0.22 seconds. Local cache hits 0 (0.00s CPU time), remote cache hits 0 (0.00s CPU time), compiled 12 variants (1.01s CPU time), skipped 0 variants.
    Prepared data for serialisation in 0.00s
  Pass YCbCrA_To_RGBA (vp, vulkan) finished in 0.32 seconds. Local cache hits 0 (0.00s CPU time), remote cache hits 0 (0.00s CPU time), compiled 12 variants (1.41s CPU time), skipped 0 variants.
    Prepared data for serialisation in 0.00s
  Pass Flip_RGBA_To_RGBA (vp, vulkan) finished in 0.26 seconds. Local cache hits 0 (0.00s CPU time), remote cache hits 0 (0.00s CPU time), compiled 12 variants (1.14s CPU time), skipped 0 variants.
    Prepared data for serialisation in 0.00s
  Pass Flip_RGBASplit_To_RGBA (vp, vulkan) finished in 0.25 seconds. Local cache hits 0 (0.00s CPU time), remote cache hits 0 (0.00s CPU time), compiled 12 variants (1.22s CPU time), skipped 0 variants.
    Prepared data for serialisation in 0.00s
  Pass Flip_NV12_To_RGB1 (vp, vulkan) finished in 0.27 seconds. Local cache hits 0 (0.00s CPU time), remote cache hits 0 (0.00s CPU time), compiled 12 variants (1.15s CPU time), skipped 0 variants.
    Prepared data for serialisation in 0.00s
  Pass Flip_NV12_To_RGBA (vp, vulkan) finished in 0.29 seconds. Local cache hits 0 (0.00s CPU time), remote cache hits 0 (0.00s CPU time), compiled 12 variants (1.54s CPU time), skipped 0 variants.
    Prepared data for serialisation in 0.00s
  Pass Flip_P010_To_RGB1 (vp, vulkan) finished in 0.20 seconds. Local cache hits 0 (0.00s CPU time), remote cache hits 0 (0.00s CPU time), compiled 6 variants (0.48s CPU time), skipped 0 variants.
    Prepared data for serialisation in 0.00s
Serialized binary data for shader Hidden/VideoDecode in 0.00s
    vulkan (total internal programs: 90, unique: 30)
Compiling shader "Hidden/VideoDecodeAndroid"
  Pass "RGBAExternal_To_RGBA" (vp)
  Pass "RGBASplitExternal_To_RGBA" (vp)
    Prepared data for serialisation in 0.00s
    Prepared data for serialisation in 0.00s
Serialized binary data for shader Hidden/VideoDecodeAndroid in 0.00s
    vulkan (total internal programs: 0, unique: 0)
Compiling shader "Hidden/TextCore/Distance Field SSD"
  Pass "" (vp)
    Target graphics API: vulkan
    Full variant space:         1
    After settings filtering:   1
    After built-in stripping:   6
    After scriptable stripping: 6
    Processed in 0.00 seconds
  Pass  (vp, vulkan) finished in 0.15 seconds. Local cache hits 0 (0.00s CPU time), remote cache hits 0 (0.00s CPU time), compiled 6 variants (0.78s CPU time), skipped 0 variants.
    Prepared data for serialisation in 0.00s
Serialized binary data for shader Hidden/TextCore/Distance Field SSD in 0.00s
    vulkan (total internal programs: 6, unique: 2)
Compiling shader "Hidden/Physics2D/SDF_CircleGeometry"
  Pass "" (vp)
    Target graphics API: vulkan
    Full variant space:         2
    After settings filtering:   2
    After built-in stripping:   6
    After scriptable stripping: 6
    Processed in 0.00 seconds
  Pass  (vp, vulkan) finished in 0.13 seconds. Local cache hits 0 (0.00s CPU time), remote cache hits 0 (0.00s CPU time), compiled 6 variants (0.71s CPU time), skipped 0 variants.
    Prepared data for serialisation in 0.00s
Serialized binary data for shader Hidden/Physics2D/SDF_CircleGeometry in 0.00s
    vulkan (total internal programs: 6, unique: 2)
Compiling shader "Hidden/Physics2D/SDF_CapsuleGeometry"
  Pass "" (vp)
    Target graphics API: vulkan
    Full variant space:         2
    After settings filtering:   2
    After built-in stripping:   6
    After scriptable stripping: 6
    Processed in 0.00 seconds
  Pass  (vp, vulkan) finished in 0.18 seconds. Local cache hits 0 (0.00s CPU time), remote cache hits 0 (0.00s CPU time), compiled 6 variants (0.99s CPU time), skipped 0 variants.
    Prepared data for serialisation in 0.00s
Serialized binary data for shader Hidden/Physics2D/SDF_CapsuleGeometry in 0.00s
    vulkan (total internal programs: 6, unique: 2)
Compiling shader "Hidden/Physics2D/SDF_PolygonGeometry"
  Pass "" (vp)
    Target graphics API: vulkan
    Full variant space:         2
    After settings filtering:   2
    After built-in stripping:   6
    After scriptable stripping: 6
    Processed in 0.00 seconds
  Pass  (vp, vulkan) finished in 1.47 seconds. Local cache hits 0 (0.00s CPU time), remote cache hits 0 (0.00s CPU time), compiled 6 variants (7.19s CPU time), skipped 0 variants.
    Prepared data for serialisation in 0.00s
Serialized binary data for shader Hidden/Physics2D/SDF_PolygonGeometry in 0.00s
    vulkan (total internal programs: 6, unique: 2)
Compiling shader "Hidden/Physics2D/SDF_Line"
  Pass "" (vp)
    Target graphics API: vulkan
    Full variant space:         2
    After settings filtering:   2
    After built-in stripping:   6
    After scriptable stripping: 6
    Processed in 0.00 seconds
  Pass  (vp, vulkan) finished in 0.27 seconds. Local cache hits 0 (0.00s CPU time), remote cache hits 0 (0.00s CPU time), compiled 6 variants (1.45s CPU time), skipped 0 variants.
    Prepared data for serialisation in 0.00s
Serialized binary data for shader Hidden/Physics2D/SDF_Line in 0.00s
    vulkan (total internal programs: 6, unique: 2)
Compiling shader "Hidden/Physics2D/SDF_Point"
  Pass "" (vp)
    Target graphics API: vulkan
    Full variant space:         2
    After settings filtering:   2
    After built-in stripping:   6
    After scriptable stripping: 6
    Processed in 0.00 seconds
  Pass  (vp, vulkan) finished in 0.28 seconds. Local cache hits 0 (0.00s CPU time), remote cache hits 0 (0.00s CPU time), compiled 6 variants (1.46s CPU time), skipped 0 variants.
    Prepared data for serialisation in 0.00s
Serialized binary data for shader Hidden/Physics2D/SDF_Point in 0.00s
    vulkan (total internal programs: 6, unique: 2)
Compiling shader "glTF/PbrSpecularGlossiness"
  Pass "FORWARD" (vp)
    Target graphics API: vulkan
    Full variant space:         664
    After settings filtering:   664
    After built-in stripping:   48
    After scriptable stripping: 48
    Processed in 0.00 seconds
  Pass "FORWARD_DELTA" (vp)
    Target graphics API: vulkan
    Full variant space:         188
    After settings filtering:   188
    After built-in stripping:   78
    After scriptable stripping: 78
    Processed in 0.00 seconds
  Pass "ShadowCaster" (vp)
    Target graphics API: vulkan
    Full variant space:         4
    After settings filtering:   4
    After built-in stripping:   12
    After scriptable stripping: 12
    Processed in 0.00 seconds
  Pass "DEFERRED" (vp)
    Target graphics API: vulkan
    Full variant space:         76
    After settings filtering:   76
    After built-in stripping:   24
    After scriptable stripping: 24
    Processed in 0.00 seconds
  Pass "FORWARD" (vp)
    Target graphics API: vulkan
    Full variant space:         136
    After settings filtering:   136
    After built-in stripping:   48
    After scriptable stripping: 48
    Processed in 0.00 seconds
  Pass "FORWARD_DELTA" (vp)
    Target graphics API: vulkan
    Full variant space:         140
    After settings filtering:   140
    After built-in stripping:   60
    After scriptable stripping: 60
    Processed in 0.00 seconds
  Pass "ShadowCaster" (vp)
    Target graphics API: vulkan
    Full variant space:         2
    After settings filtering:   2
    After built-in stripping:   12
    After scriptable stripping: 12
    Processed in 0.00 seconds
  Pass FORWARD (vp, vulkan) finished in 0.01 seconds. Local cache hits 48 (0.04s CPU time), remote cache hits 0 (0.00s CPU time), compiled 0 variants (0.00s CPU time), skipped 0 variants.
    Prepared data for serialisation in 0.00s
  Pass FORWARD_DELTA (vp, vulkan) finished in 0.01 seconds. Local cache hits 78 (0.04s CPU time), remote cache hits 0 (0.00s CPU time), compiled 0 variants (0.00s CPU time), skipped 0 variants.
    Prepared data for serialisation in 0.00s
  Pass ShadowCaster (vp, vulkan) finished in 0.00 seconds. Local cache hits 12 (0.01s CPU time), remote cache hits 0 (0.00s CPU time), compiled 0 variants (0.00s CPU time), skipped 0 variants.
    Prepared data for serialisation in 0.00s
  Pass DEFERRED (vp, vulkan) finished in 0.00 seconds. Local cache hits 24 (0.01s CPU time), remote cache hits 0 (0.00s CPU time), compiled 0 variants (0.00s CPU time), skipped 0 variants.
    Prepared data for serialisation in 0.00s
  Pass FORWARD (vp, vulkan) finished in 0.00 seconds. Local cache hits 48 (0.02s CPU time), remote cache hits 0 (0.00s CPU time), compiled 0 variants (0.00s CPU time), skipped 0 variants.
    Prepared data for serialisation in 0.00s
  Pass FORWARD_DELTA (vp, vulkan) finished in 0.00 seconds. Local cache hits 60 (0.02s CPU time), remote cache hits 0 (0.00s CPU time), compiled 0 variants (0.00s CPU time), skipped 0 variants.
    Prepared data for serialisation in 0.00s
  Pass ShadowCaster (vp, vulkan) finished in 0.00 seconds. Local cache hits 12 (0.01s CPU time), remote cache hits 0 (0.00s CPU time), compiled 0 variants (0.00s CPU time), skipped 0 variants.
    Prepared data for serialisation in 0.00s
Serialized binary data for shader glTF/PbrSpecularGlossiness in 0.00s
    vulkan (total internal programs: 282, unique: 108)
Compiling shader "glTF/PbrMetallicRoughness"
  Pass "FORWARD" (vp)
    Target graphics API: vulkan
    Full variant space:         664
    After settings filtering:   664
    After built-in stripping:   48
    After scriptable stripping: 48
    Processed in 0.00 seconds
  Pass "FORWARD_DELTA" (vp)
    Target graphics API: vulkan
    Full variant space:         188
    After settings filtering:   188
    After built-in stripping:   78
    After scriptable stripping: 78
    Processed in 0.00 seconds
  Pass "ShadowCaster" (vp)
    Target graphics API: vulkan
    Full variant space:         4
    After settings filtering:   4
    After built-in stripping:   12
    After scriptable stripping: 12
    Processed in 0.00 seconds
  Pass "DEFERRED" (vp)
    Target graphics API: vulkan
    Full variant space:         76
    After settings filtering:   76
    After built-in stripping:   24
    After scriptable stripping: 24
    Processed in 0.00 seconds
  Pass "FORWARD" (vp)
    Target graphics API: vulkan
    Full variant space:         208
    After settings filtering:   208
    After built-in stripping:   48
    After scriptable stripping: 48
    Processed in 0.00 seconds
  Pass "FORWARD_DELTA" (vp)
    Target graphics API: vulkan
    Full variant space:         140
    After settings filtering:   140
    After built-in stripping:   60
    After scriptable stripping: 60
    Processed in 0.00 seconds
  Pass "ShadowCaster" (vp)
    Target graphics API: vulkan
    Full variant space:         2
    After settings filtering:   2
    After built-in stripping:   12
    After scriptable stripping: 12
    Processed in 0.00 seconds
  Pass FORWARD (vp, vulkan) finished in 0.00 seconds. Local cache hits 48 (0.03s CPU time), remote cache hits 0 (0.00s CPU time), compiled 0 variants (0.00s CPU time), skipped 0 variants.
    Prepared data for serialisation in 0.00s
  Pass FORWARD_DELTA (vp, vulkan) finished in 0.00 seconds. Local cache hits 78 (0.03s CPU time), remote cache hits 0 (0.00s CPU time), compiled 0 variants (0.00s CPU time), skipped 0 variants.
    Prepared data for serialisation in 0.00s
  Pass ShadowCaster (vp, vulkan) finished in 0.00 seconds. Local cache hits 12 (0.01s CPU time), remote cache hits 0 (0.00s CPU time), compiled 0 variants (0.00s CPU time), skipped 0 variants.
    Prepared data for serialisation in 0.00s
  Pass DEFERRED (vp, vulkan) finished in 0.00 seconds. Local cache hits 24 (0.01s CPU time), remote cache hits 0 (0.00s CPU time), compiled 0 variants (0.00s CPU time), skipped 0 variants.
    Prepared data for serialisation in 0.00s
  Pass FORWARD (vp, vulkan) finished in 0.00 seconds. Local cache hits 48 (0.02s CPU time), remote cache hits 0 (0.00s CPU time), compiled 0 variants (0.00s CPU time), skipped 0 variants.
    Prepared data for serialisation in 0.00s
  Pass FORWARD_DELTA (vp, vulkan) finished in 0.00 seconds. Local cache hits 60 (0.03s CPU time), remote cache hits 0 (0.00s CPU time), compiled 0 variants (0.00s CPU time), skipped 0 variants.
    Prepared data for serialisation in 0.00s
  Pass ShadowCaster (vp, vulkan) finished in 0.00 seconds. Local cache hits 12 (0.01s CPU time), remote cache hits 0 (0.00s CPU time), compiled 0 variants (0.00s CPU time), skipped 0 variants.
    Prepared data for serialisation in 0.00s
Serialized binary data for shader glTF/PbrMetallicRoughness in 0.00s
    vulkan (total internal programs: 282, unique: 108)
Compiling shader "glTF/Unlit"
  Pass "" (vp)
    Target graphics API: vulkan
    Full variant space:         4
    After settings filtering:   4
    After built-in stripping:   6
    After scriptable stripping: 6
    Processed in 0.00 seconds
  Pass  (vp, vulkan) finished in 0.00 seconds. Local cache hits 6 (0.00s CPU time), remote cache hits 0 (0.00s CPU time), compiled 0 variants (0.00s CPU time), skipped 0 variants.
    Prepared data for serialisation in 0.00s
Serialized binary data for shader glTF/Unlit in 0.00s
    vulkan (total internal programs: 6, unique: 2)
SpriteAtlasDatabase::Cleanup
DisplayProgressbar: Initializing
Android PostProcess task "Initializing" took 4,9238 ms
DisplayProgressbar: Check gradle project collisions
Android PostProcess task "Check gradle project collisions" took 0,5627 ms
DisplayProgressbar: Preparing banner
Android PostProcess task "Preparing banner" took 4,3768 ms
[40m[32minfo[39m[22m[49m: Microsoft.AspNetCore.Hosting.Diagnostics[1]
      Request starting HTTP/2 POST http://ilpp/UnityILPP.PostProcessing/Ping application/grpc -
[40m[32minfo[39m[22m[49m: Microsoft.AspNetCore.Routing.EndpointMiddleware[0]
      Executing endpoint 'gRPC - /UnityILPP.PostProcessing/Ping'
[40m[32minfo[39m[22m[49m: Microsoft.AspNetCore.Routing.EndpointMiddleware[1]
      Executed endpoint 'gRPC - /UnityILPP.PostProcessing/Ping'
[40m[32minfo[39m[22m[49m: Microsoft.AspNetCore.Hosting.Diagnostics[2]
      Request finished HTTP/2 POST http://ilpp/UnityILPP.PostProcessing/Ping application/grpc - - 200 - application/grpc 5.8260ms
[Licensing::Client] Successfully resolved entitlement details
[Licensing::Module] License group:
  Id: F4-AZ6T-383H-7KTU-RM2U-XXXX
  Product: Unity Personal
  Type: ULF
  Expiration: Unlimited
[Licensing::Module] License group:
  Id: 11270701585829-UnityPersXXXX
  Product: Unity Personal
  Type: Assigned
  Expiration: Unlimited
[Licensing::Client] Successfully resolved entitlement details
[Licensing::Module] License group:
  Id: F4-AZ6T-383H-7KTU-RM2U-XXXX
  Product: Unity Personal
  Type: ULF
  Expiration: Unlimited
[Licensing::Module] License group:
  Id: 11270701585829-UnityPersXXXX
  Product: Unity Personal
  Type: Assigned
  Expiration: Unlimited
Starting: /Applications/Unity/Hub/Editor/6000.3.22f1/Unity.app/Contents/Resources/BuildPipeline/bee_backend --ipc --dagfile="Library/Bee/Playerf24407d0.dag" --profile="Library/Bee/backend1.traceevents" Player
WorkingDir: /Users/mziwamadoda/Projects/Binteca/Interactive/milzetvrstudio/Unity
DisplayProgressbar: Incremental Player Build
Rebuilding DAG because FileSignature timestamp changed: Library/Bee/Playerf24407d0-inputdata.json
*** Tundra requires additional run (0.15 seconds), 0 items updated, 0 evaluated
Starting: /Applications/Unity/Hub/Editor/6000.3.22f1/Unity.app/Contents/Resources/Scripting/netcorerun/netcorerun "/Applications/Unity/Hub/Editor/6000.3.22f1/PlaybackEngines/AndroidPlayer/AndroidPlayerBuildProgram.exe" "/Applications/Unity/Hub/Editor/6000.3.22f1/PlaybackEngines/AndroidPlayer/Bee:/Applications/Unity/Hub/Editor/6000.3.22f1/Unity.app/Contents/Resources/BuildPipeline" "Library/Bee/Playerf24407d0.dag.json" "Library/Bee/Playerf24407d0-inputdata.json" "Library/Bee/buildprogram0.traceevents"
WorkingDir: /Users/mziwamadoda/Projects/Binteca/Interactive/milzetvrstudio/Unity
ExitCode: 4 Duration: 0s274ms
ExitCode: 0 Duration: 4s161ms
Starting: /Applications/Unity/Hub/Editor/6000.3.22f1/Unity.app/Contents/Resources/BuildPipeline/bee_backend --ipc --dagfile="Library/Bee/Playerf24407d0.dag" --dagfilejson="Library/Bee/Playerf24407d0.dag.json" --profile="Library/Bee/backend2.traceevents" Player
WorkingDir: /Users/mziwamadoda/Projects/Binteca/Interactive/milzetvrstudio/Unity
Finished compiling graph: 1600 nodes, 4319 flattened edges (4314 ToBuild, 5 ToUse), maximum node priority 2147483647
[           0s] Delete 3 artifact files that are no longer in use. (like /Users/mziwamadoda/Projects/Binteca/Interactive/milzetvrstudio/Unity/Library/Bee/Android/Prj/IL2CPP/Gradle/unityLibrary/libs/openxr_loader.aar)
[  65/1409  0s] WriteText Library/Bee/artifacts/csharpactions/IntermediateFiles.txt_ri9j.info
[  66/1409  0s] WriteText Library/Bee/artifacts/csharpactions/IntermediateLauncherManifestDiag.txt_4oyd.info
[  67/1409  0s] WriteText Library/Bee/artifacts/csharpactions/boot.config_x4e9.info
[  69/1409  0s] WriteText Library/Bee/artifacts/csharpactions/unity_app_guid_tdfy.info
[  83/1409  0s] CopyFiles /Users/mziwamadoda/Projects/Binteca/Interactive/milzetvrstudio/Unity/Library/Bee/Android/Prj/IL2CPP/Gradle/unityLibrary/libs/OVRPlugin.aar
[  84/1409  0s] CopyFiles /Users/mziwamadoda/Projects/Binteca/Interactive/milzetvrstudio/Unity/Library/Bee/Android/Prj/IL2CPP/Gradle/unityLibrary/src/main/jniLibs/arm64-v8a/libmrutilitykitshared.so
[  86/1409  0s] CopyFiles /Users/mziwamadoda/Projects/Binteca/Interactive/milzetvrstudio/Unity/Library/Bee/Android/Prj/IL2CPP/Gradle/unityLibrary/xrmanifest.androidlib/AndroidManifest.xml
[  88/1409  0s] CopyFiles /Users/mziwamadoda/Projects/Binteca/Interactive/milzetvrstudio/Unity/Library/Bee/Android/Prj/IL2CPP/Gradle/unityLibrary/src/main/assets/RuntimeActionBindings.json
[  91/1409  0s] CopyFiles /Users/mziwamadoda/Projects/Binteca/Interactive/milzetvrstudio/Unity/Library/Bee/Android/Prj/IL2CPP/Gradle/unityLibrary/src/main/assets/bin/Data/ScriptingAssemblies.json
[  92/1409  0s] CopyFiles /Users/mziwamadoda/Projects/Binteca/Interactive/milzetvrstudio/Unity/Library/Bee/Android/Prj/IL2CPP/Gradle/unityLibrary/src/main/assets/bin/Data/RuntimeInitializeOnLoads.json
[  93/1409  0s] CopyFiles /Users/mziwamadoda/Projects/Binteca/Interactive/milzetvrstudio/Unity/Library/Bee/Android/Prj/IL2CPP/Gradle/unityLibrary/src/main/assets/bin/Data/Resources/unity_builtin_extra
[  96/1409  0s] CopyFiles /Users/mziwamadoda/Projects/Binteca/Interactive/milzetvrstudio/Unity/Library/Bee/Android/Prj/IL2CPP/Gradle/unityLibrary/src/main/assets/bin/Data/globalgamemanagers
[  97/1409  0s] CopyFiles /Users/mziwamadoda/Projects/Binteca/Interactive/milzetvrstudio/Unity/Library/Bee/Android/Prj/IL2CPP/Gradle/unityLibrary/src/main/assets/bin/Data/fe4bf5aaf06a4c04eb7d93ef983d9f1d
[  98/1409  0s] CopyFiles /Users/mziwamadoda/Projects/Binteca/Interactive/milzetvrstudio/Unity/Library/Bee/Android/Prj/IL2CPP/Gradle/unityLibrary/src/main/assets/bin/Data/fe393ace9b354375a9cb14cdbbc28be4
[  99/1409  0s] CopyFiles /Users/mziwamadoda/Projects/Binteca/Interactive/milzetvrstudio/Unity/Library/Bee/Android/Prj/IL2CPP/Gradle/unityLibrary/src/main/assets/bin/Data/fe23f0b1bc00bc7418f46d06749ce418
[ 100/1409  0s] CopyFiles /Users/mziwamadoda/Projects/Binteca/Interactive/milzetvrstudio/Unity/Library/Bee/Android/Prj/IL2CPP/Gradle/unityLibrary/src/main/assets/bin/Data/fdb8a29b299be024f9d07581d18cfae4
[ 101/1409  0s] CopyFiles /Users/mziwamadoda/Projects/Binteca/Interactive/milzetvrstudio/Unity/Library/Bee/Android/Prj/IL2CPP/Gradle/unityLibrary/src/main/assets/bin/Data/fd41edc4e8aea504f9328eb018e52376
[ 102/1409  0s] CopyFiles /Users/mziwamadoda/Projects/Binteca/Interactive/milzetvrstudio/Unity/Library/Bee/Android/Prj/IL2CPP/Gradle/unityLibrary/src/main/assets/bin/Data/fade42e8bc714b018fac513c043d323b
[ 103/1409  0s] CopyFiles /Users/mziwamadoda/Projects/Binteca/Interactive/milzetvrstudio/Unity/Library/Bee/Android/Prj/IL2CPP/Gradle/unityLibrary/src/main/assets/bin/Data/f952c082cb03451daed3ee968ac6c63e
[ 104/1409  0s] CopyFiles /Users/mziwamadoda/Projects/Binteca/Interactive/milzetvrstudio/Unity/Library/Bee/Android/Prj/IL2CPP/Gradle/unityLibrary/src/main/assets/bin/Data/f72c67f269ed84db085f2e61c57440e4
[ 105/1409  0s] CopyFiles /Users/mziwamadoda/Projects/Binteca/Interactive/milzetvrstudio/Unity/Library/Bee/Android/Prj/IL2CPP/Gradle/unityLibrary/src/main/assets/bin/Data/f66fcb9802ce5ab41a6469acf34a53ca
[ 106/1409  0s] CopyFiles /Users/mziwamadoda/Projects/Binteca/Interactive/milzetvrstudio/Unity/Library/Bee/Android/Prj/IL2CPP/Gradle/unityLibrary/src/main/assets/bin/Data/f61a8ec5c53caa842ac01acee8fba8b3
[ 107/1409  0s] CopyFiles /Users/mziwamadoda/Projects/Binteca/Interactive/milzetvrstudio/Unity/Library/Bee/Android/Prj/IL2CPP/Gradle/unityLibrary/src/main/assets/bin/Data/f3ee8c679c1070f4cbc8eabdabb14584
[ 108/1409  0s] CopyFiles /Users/mziwamadoda/Projects/Binteca/Interactive/milzetvrstudio/Unity/Library/Bee/Android/Prj/IL2CPP/Gradle/unityLibrary/src/main/assets/bin/Data/f370e1e1d6d453944ad4eef495d46a4c
[ 109/1409  0s] CopyFiles /Users/mziwamadoda/Projects/Binteca/Interactive/milzetvrstudio/Unity/Library/Bee/Android/Prj/IL2CPP/Gradle/unityLibrary/src/main/assets/bin/Data/f304d76740531394b8e88c127a34e922
[ 110/1409  0s] CopyFiles /Users/mziwamadoda/Projects/Binteca/Interactive/milzetvrstudio/Unity/Library/Bee/Android/Prj/IL2CPP/Gradle/unityLibrary/src/main/assets/bin/Data/f174f11f6249c25478110c0e685a6499
[ 111/1409  0s] CopyFiles /Users/mziwamadoda/Projects/Binteca/Interactive/milzetvrstudio/Unity/Library/Bee/Android/Prj/IL2CPP/Gradle/unityLibrary/src/main/assets/bin/Data/efe55bc58e44ce0439dc4f47e3266bd6
[ 112/1409  0s] CopyFiles /Users/mziwamadoda/Projects/Binteca/Interactive/milzetvrstudio/Unity/Library/Bee/Android/Prj/IL2CPP/Gradle/unityLibrary/src/main/assets/bin/Data/eaeac9ce83896a04691d2590189776f5
[ 113/1409  0s] CopyFiles /Users/mziwamadoda/Projects/Binteca/Interactive/milzetvrstudio/Unity/Library/Bee/Android/Prj/IL2CPP/Gradle/unityLibrary/src/main/assets/bin/Data/ea01a06de0eb1304faac01aa8b4a1a79
[ 114/1409  0s] CopyFiles /Users/mziwamadoda/Projects/Binteca/Interactive/milzetvrstudio/Unity/Library/Bee/Android/Prj/IL2CPP/Gradle/unityLibrary/src/main/assets/bin/Data/e9e8baa119764114b912fba2c5e00561
[ 115/1409  0s] CopyFiles /Users/mziwamadoda/Projects/Binteca/Interactive/milzetvrstudio/Unity/Library/Bee/Android/Prj/IL2CPP/Gradle/unityLibrary/src/main/assets/bin/Data/e817b962f95e9694c9a2c22c6c3fe710
[ 116/1409  0s] CopyFiles /Users/mziwamadoda/Projects/Binteca/Interactive/milzetvrstudio/Unity/Library/Bee/Android/Prj/IL2CPP/Gradle/unityLibrary/src/main/assets/bin/Data/e73a58f6e2794ae7b1b7e50b7fb811b0
[ 117/1409  0s] CopyFiles /Users/mziwamadoda/Projects/Binteca/Interactive/milzetvrstudio/Unity/Library/Bee/Android/Prj/IL2CPP/Gradle/unityLibrary/src/main/assets/bin/Data/e60bd33cc9b29c14d91e9d97c03ab837
[ 118/1409  0s] CopyFiles /Users/mziwamadoda/Projects/Binteca/Interactive/milzetvrstudio/Unity/Library/Bee/Android/Prj/IL2CPP/Gradle/unityLibrary/src/main/assets/bin/Data/e573049ff9ccfbd42b99cf4d9be67ca0
[ 119/1409  0s] CopyFiles /Users/mziwamadoda/Projects/Binteca/Interactive/milzetvrstudio/Unity/Library/Bee/Android/Prj/IL2CPP/Gradle/unityLibrary/src/main/assets/bin/Data/e44bbb09d003b56438175eac75f2bb02
[ 120/1409  0s] CopyFiles /Users/mziwamadoda/Projects/Binteca/Interactive/milzetvrstudio/Unity/Library/Bee/Android/Prj/IL2CPP/Gradle/unityLibrary/src/main/assets/bin/Data/e434f5a0ea434c04895bbc3ddb875d2a
[ 121/1409  0s] CopyFiles /Users/mziwamadoda/Projects/Binteca/Interactive/milzetvrstudio/Unity/Library/Bee/Android/Prj/IL2CPP/Gradle/unityLibrary/src/main/assets/bin/Data/e3fd51c9b85e4e648869e165e2d055c4
[ 122/1409  0s] CopyFiles /Users/mziwamadoda/Projects/Binteca/Interactive/milzetvrstudio/Unity/Library/Bee/Android/Prj/IL2CPP/Gradle/unityLibrary/src/main/assets/bin/Data/e3265ab4bf004d28a9537516768c1c75
[ 123/1409  0s] CopyFiles /Users/mziwamadoda/Projects/Binteca/Interactive/milzetvrstudio/Unity/Library/Bee/Android/Prj/IL2CPP/Gradle/unityLibrary/src/main/assets/bin/Data/e30dffc674b755c43a47418efdc90868
[ 124/1409  0s] CopyFiles /Users/mziwamadoda/Projects/Binteca/Interactive/milzetvrstudio/Unity/Library/Bee/Android/Prj/IL2CPP/Gradle/unityLibrary/src/main/assets/bin/Data/e2c05bd91fdecba419d8f69c6ce3720e
[ 125/1409  0s] CopyFiles /Users/mziwamadoda/Projects/Binteca/Interactive/milzetvrstudio/Unity/Library/Bee/Android/Prj/IL2CPP/Gradle/unityLibrary/src/main/assets/bin/Data/e2805c643dbe0754fb904b7f6a3755a5
[ 126/1409  0s] CopyFiles /Users/mziwamadoda/Projects/Binteca/Interactive/milzetvrstudio/Unity/Library/Bee/Android/Prj/IL2CPP/Gradle/unityLibrary/src/main/assets/bin/Data/e00971b792adc0f44ab839dfad504f9f
[ 127/1409  0s] CopyFiles /Users/mziwamadoda/Projects/Binteca/Interactive/milzetvrstudio/Unity/Library/Bee/Android/Prj/IL2CPP/Gradle/unityLibrary/src/main/assets/bin/Data/dffef66376be4fa480fb02b19edbe903
[ 128/1409  0s] CopyFiles /Users/mziwamadoda/Projects/Binteca/Interactive/milzetvrstudio/Unity/Library/Bee/Android/Prj/IL2CPP/Gradle/unityLibrary/src/main/assets/bin/Data/df44fb1624687a94198a7555c8120c3d
[ 129/1409  0s] CopyFiles /Users/mziwamadoda/Projects/Binteca/Interactive/milzetvrstudio/Unity/Library/Bee/Android/Prj/IL2CPP/Gradle/unityLibrary/src/main/assets/bin/Data/ddf6cf0da5162514ea4bd7de37fc051a
[ 130/1409  0s] CopyFiles /Users/mziwamadoda/Projects/Binteca/Interactive/milzetvrstudio/Unity/Library/Bee/Android/Prj/IL2CPP/Gradle/unityLibrary/src/main/assets/bin/Data/dd7dc344b935e204bb54ffc198f84f33
[ 131/1409  0s] CopyFiles /Users/mziwamadoda/Projects/Binteca/Interactive/milzetvrstudio/Unity/Library/Bee/Android/Prj/IL2CPP/Gradle/unityLibrary/src/main/assets/bin/Data/d9ea81bb7a916486e9605fab57144e0a
[ 132/1409  0s] CopyFiles /Users/mziwamadoda/Projects/Binteca/Interactive/milzetvrstudio/Unity/Library/Bee/Android/Prj/IL2CPP/Gradle/unityLibrary/src/main/assets/bin/Data/d98f3cc8c5cb5e44780d00ebf4c01169
[ 133/1409  0s] CopyFiles /Users/mziwamadoda/Projects/Binteca/Interactive/milzetvrstudio/Unity/Library/Bee/Android/Prj/IL2CPP/Gradle/unityLibrary/src/main/assets/bin/Data/d93000b3a5544f42808dee914d9768c9
[ 134/1409  0s] CopyFiles /Users/mziwamadoda/Projects/Binteca/Interactive/milzetvrstudio/Unity/Library/Bee/Android/Prj/IL2CPP/Gradle/unityLibrary/src/main/assets/bin/Data/d92fe6a5bdb9c6044a2b9b0326b472ba
[ 135/1409  0s] CopyFiles /Users/mziwamadoda/Projects/Binteca/Interactive/milzetvrstudio/Unity/Library/Bee/Android/Prj/IL2CPP/Gradle/unityLibrary/src/main/assets/bin/Data/d8ae9fb21d28683468f714f6353fbfb0
[ 136/1409  0s] CopyFiles /Users/mziwamadoda/Projects/Binteca/Interactive/milzetvrstudio/Unity/Library/Bee/Android/Prj/IL2CPP/Gradle/unityLibrary/src/main/assets/bin/Data/d8ad05ac94ef0214caf92a3a0f0ffed3
[ 137/1409  0s] CopyFiles /Users/mziwamadoda/Projects/Binteca/Interactive/milzetvrstudio/Unity/Library/Bee/Android/Prj/IL2CPP/Gradle/unityLibrary/src/main/assets/bin/Data/d82c1b31c7e74239bff1220585707d2b
[ 138/1409  0s] CopyFiles /Users/mziwamadoda/Projects/Binteca/Interactive/milzetvrstudio/Unity/Library/Bee/Android/Prj/IL2CPP/Gradle/unityLibrary/src/main/assets/bin/Data/d7b7c71c81d721f439d51761df04d4d6
[ 139/1409  0s] CopyFiles /Users/mziwamadoda/Projects/Binteca/Interactive/milzetvrstudio/Unity/Library/Bee/Android/Prj/IL2CPP/Gradle/unityLibrary/src/main/assets/bin/Data/d7208c116513cfb42be02397e2c5167e
[ 140/1409  0s] CopyFiles /Users/mziwamadoda/Projects/Binteca/Interactive/milzetvrstudio/Unity/Library/Bee/Android/Prj/IL2CPP/Gradle/unityLibrary/src/main/assets/bin/Data/d6d7a15e382e8994386c8b07efcdcbfb
[ 141/1409  0s] CopyFiles /Users/mziwamadoda/Projects/Binteca/Interactive/milzetvrstudio/Unity/Library/Bee/Android/Prj/IL2CPP/Gradle/unityLibrary/src/main/assets/bin/Data/d6708eb99dec8334fb83db57b764097a
[ 142/1409  0s] CopyFiles /Users/mziwamadoda/Projects/Binteca/Interactive/milzetvrstudio/Unity/Library/Bee/Android/Prj/IL2CPP/Gradle/unityLibrary/src/main/assets/bin/Data/d5ad393ef9361de40ac8a477031b72d4
[ 143/1409  0s] CopyFiles /Users/mziwamadoda/Projects/Binteca/Interactive/milzetvrstudio/Unity/Library/Bee/Android/Prj/IL2CPP/Gradle/unityLibrary/src/main/assets/bin/Data/d487bff672149044ea5597fc8ddccce4
[ 144/1409  0s] CopyFiles /Users/mziwamadoda/Projects/Binteca/Interactive/milzetvrstudio/Unity/Library/Bee/Android/Prj/IL2CPP/Gradle/unityLibrary/src/main/assets/bin/Data/d41643656a33c914989fa12938890821
[ 145/1409  0s] CopyFiles /Users/mziwamadoda/Projects/Binteca/Interactive/milzetvrstudio/Unity/Library/Bee/Android/Prj/IL2CPP/Gradle/unityLibrary/src/main/assets/bin/Data/d2c7393e2a7d820499c5582561d4bc0b
[ 146/1409  0s] CopyFiles /Users/mziwamadoda/Projects/Binteca/Interactive/milzetvrstudio/Unity/Library/Bee/Android/Prj/IL2CPP/Gradle/unityLibrary/src/main/assets/bin/Data/d1ce1915b89aa664b9d5cff3403f7e8c
[ 147/1409  0s] CopyFiles /Users/mziwamadoda/Projects/Binteca/Interactive/milzetvrstudio/Unity/Library/Bee/Android/Prj/IL2CPP/Gradle/unityLibrary/src/main/assets/bin/Data/d198f13a14489314390117597cfe632a
[ 148/1409  0s] CopyFiles /Users/mziwamadoda/Projects/Binteca/Interactive/milzetvrstudio/Unity/Library/Bee/Android/Prj/IL2CPP/Gradle/unityLibrary/src/main/assets/bin/Data/d1818ad699c72684b939b7a5c00d9745
[ 149/1409  0s] CopyFiles /Users/mziwamadoda/Projects/Binteca/Interactive/milzetvrstudio/Unity/Library/Bee/Android/Prj/IL2CPP/Gradle/unityLibrary/src/main/assets/bin/Data/cf81c85f95fe47e1a27f6ae460cf182c
[ 150/1409  0s] CopyFiles /Users/mziwamadoda/Projects/Binteca/Interactive/milzetvrstudio/Unity/Library/Bee/Android/Prj/IL2CPP/Gradle/unityLibrary/src/main/assets/bin/Data/ced943c76cb8fb8489bab18c3dfcdcd3
[ 151/1409  0s] CopyFiles /Users/mziwamadoda/Projects/Binteca/Interactive/milzetvrstudio/Unity/Library/Bee/Android/Prj/IL2CPP/Gradle/unityLibrary/src/main/assets/bin/Data/ce91aa271d3b89541b89eb573815ce4e
[ 152/1409  0s] CopyFiles /Users/mziwamadoda/Projects/Binteca/Interactive/milzetvrstudio/Unity/Library/Bee/Android/Prj/IL2CPP/Gradle/unityLibrary/src/main/assets/bin/Data/cdfd0844bd8ad402a87b8c5ee67883ac
[ 153/1409  0s] CopyFiles /Users/mziwamadoda/Projects/Binteca/Interactive/milzetvrstudio/Unity/Library/Bee/Android/Prj/IL2CPP/Gradle/unityLibrary/src/main/assets/bin/Data/cd7bb81df5b74b34dadbf531f381a26b
[ 154/1409  0s] CopyFiles /Users/mziwamadoda/Projects/Binteca/Interactive/milzetvrstudio/Unity/Library/Bee/Android/Prj/IL2CPP/Gradle/unityLibrary/src/main/assets/bin/Data/cd04d67b953674d4ab85f4d35d4f1338
[ 155/1409  0s] CopyFiles /Users/mziwamadoda/Projects/Binteca/Interactive/milzetvrstudio/Unity/Library/Bee/Android/Prj/IL2CPP/Gradle/unityLibrary/src/main/assets/bin/Data/cc9f3aa25fb822143a31c106fcf1754c
[ 156/1409  0s] CopyFiles /Users/mziwamadoda/Projects/Binteca/Interactive/milzetvrstudio/Unity/Library/Bee/Android/Prj/IL2CPP/Gradle/unityLibrary/src/main/assets/bin/Data/ca55f7df6b1cd4d5eb717932a921dc6a
[ 157/1409  0s] CopyFiles /Users/mziwamadoda/Projects/Binteca/Interactive/milzetvrstudio/Unity/Library/Bee/Android/Prj/IL2CPP/Gradle/unityLibrary/src/main/assets/bin/Data/c9cc56988de6c484c819bb4f5b50b200
[ 158/1409  0s] CopyFiles /Users/mziwamadoda/Projects/Binteca/Interactive/milzetvrstudio/Unity/Library/Bee/Android/Prj/IL2CPP/Gradle/unityLibrary/src/main/assets/bin/Data/c961697d198d60c49a13800fcf897b36
[ 159/1409  0s] CopyFiles /Users/mziwamadoda/Projects/Binteca/Interactive/milzetvrstudio/Unity/Library/Bee/Android/Prj/IL2CPP/Gradle/unityLibrary/src/main/assets/bin/Data/c7a98ee624e845e43bfd4912414de2b5
[ 160/1409  0s] CopyFiles /Users/mziwamadoda/Projects/Binteca/Interactive/milzetvrstudio/Unity/Library/Bee/Android/Prj/IL2CPP/Gradle/unityLibrary/src/main/assets/bin/Data/c6ef555a338fb004ea2e0fe97927eda0
[ 161/1409  0s] CopyFiles /Users/mziwamadoda/Projects/Binteca/Interactive/milzetvrstudio/Unity/Library/Bee/Android/Prj/IL2CPP/Gradle/unityLibrary/src/main/assets/bin/Data/c652d73c0ca0309478aeb69718c5a04c
[ 162/1409  0s] CopyFiles /Users/mziwamadoda/Projects/Binteca/Interactive/milzetvrstudio/Unity/Library/Bee/Android/Prj/IL2CPP/Gradle/unityLibrary/src/main/assets/bin/Data/c5a29661c20760d409015ed830924ce2
[ 163/1409  0s] CopyFiles /Users/mziwamadoda/Projects/Binteca/Interactive/milzetvrstudio/Unity/Library/Bee/Android/Prj/IL2CPP/Gradle/unityLibrary/src/main/assets/bin/Data/c568b08fcbda9d641821d5980bebeeec
[ 164/1409  0s] CopyFiles /Users/mziwamadoda/Projects/Binteca/Interactive/milzetvrstudio/Unity/Library/Bee/Android/Prj/IL2CPP/Gradle/unityLibrary/src/main/assets/bin/Data/c41005c129ba4d66911b75229fd70b45
[ 165/1409  0s] CopyFiles /Users/mziwamadoda/Projects/Binteca/Interactive/milzetvrstudio/Unity/Library/Bee/Android/Prj/IL2CPP/Gradle/unityLibrary/src/main/assets/bin/Data/c2ec5f279a5edb648854dacc33f093c3
[ 166/1409  0s] CopyFiles /Users/mziwamadoda/Projects/Binteca/Interactive/milzetvrstudio/Unity/Library/Bee/Android/Prj/IL2CPP/Gradle/unityLibrary/src/main/assets/bin/Data/c2a53f5d01cef4362a6825d79fe087f7
[ 167/1409  0s] CopyFiles /Users/mziwamadoda/Projects/Binteca/Interactive/milzetvrstudio/Unity/Library/Bee/Android/Prj/IL2CPP/Gradle/unityLibrary/src/main/assets/bin/Data/c2193d45b261d344c81e73d404b51604
[ 168/1409  0s] CopyFiles /Users/mziwamadoda/Projects/Binteca/Interactive/milzetvrstudio/Unity/Library/Bee/Android/Prj/IL2CPP/Gradle/unityLibrary/src/main/assets/bin/Data/c190e168d52f31644a331513b7d4f466
[ 169/1409  0s] CopyFiles /Users/mziwamadoda/Projects/Binteca/Interactive/milzetvrstudio/Unity/Library/Bee/Android/Prj/IL2CPP/Gradle/unityLibrary/src/main/assets/bin/Data/c0a4c3040db7a3644a9e5e810faa15c4
[ 170/1409  0s] CopyFiles /Users/mziwamadoda/Projects/Binteca/Interactive/milzetvrstudio/Unity/Library/Bee/Android/Prj/IL2CPP/Gradle/unityLibrary/src/main/assets/bin/Data/c061a56c261d2f64486afb72e85e11cc
[ 171/1409  0s] CopyFiles /Users/mziwamadoda/Projects/Binteca/Interactive/milzetvrstudio/Unity/Library/Bee/Android/Prj/IL2CPP/Gradle/unityLibrary/src/main/assets/bin/Data/bcba4322bf653794bb4365dacc639ff2
[ 172/1409  0s] CopyFiles /Users/mziwamadoda/Projects/Binteca/Interactive/milzetvrstudio/Unity/Library/Bee/Android/Prj/IL2CPP/Gradle/unityLibrary/src/main/assets/bin/Data/bb55a15fc0b8dd74a8d136ce74c060e3
[ 173/1409  0s] CopyFiles /Users/mziwamadoda/Projects/Binteca/Interactive/milzetvrstudio/Unity/Library/Bee/Android/Prj/IL2CPP/Gradle/unityLibrary/src/main/assets/bin/Data/bab4ec8882962a84a92b5df6ea4a7e4d
[ 174/1409  0s] CopyFiles /Users/mziwamadoda/Projects/Binteca/Interactive/milzetvrstudio/Unity/Library/Bee/Android/Prj/IL2CPP/Gradle/unityLibrary/src/main/assets/bin/Data/b9f4a123506bf497a8461b423bdbf67b
[ 175/1409  0s] CopyFiles /Users/mziwamadoda/Projects/Binteca/Interactive/milzetvrstudio/Unity/Library/Bee/Android/Prj/IL2CPP/Gradle/unityLibrary/src/main/assets/bin/Data/b93114a1e47f7964e90ad709b803e765
[ 176/1409  0s] CopyFiles /Users/mziwamadoda/Projects/Binteca/Interactive/milzetvrstudio/Unity/Library/Bee/Android/Prj/IL2CPP/Gradle/unityLibrary/src/main/assets/bin/Data/b753b18a7e71a2441ad3e7a838e736f2
[ 177/1409  0s] CopyFiles /Users/mziwamadoda/Projects/Binteca/Interactive/milzetvrstudio/Unity/Library/Bee/Android/Prj/IL2CPP/Gradle/unityLibrary/src/main/assets/bin/Data/b56dcea8083354dd3ae2e5700ce711f6
[ 178/1409  0s] CopyFiles /Users/mziwamadoda/Projects/Binteca/Interactive/milzetvrstudio/Unity/Library/Bee/Android/Prj/IL2CPP/Gradle/unityLibrary/src/main/assets/bin/Data/b4cb7ee2f2ba4b84699e1647cf1dcc08
[ 179/1409  0s] CopyFiles /Users/mziwamadoda/Projects/Binteca/Interactive/milzetvrstudio/Unity/Library/Bee/Android/Prj/IL2CPP/Gradle/unityLibrary/src/main/assets/bin/Data/b028b7df44348a645ac25eb1ec401524
[ 180/1409  0s] CopyFiles /Users/mziwamadoda/Projects/Binteca/Interactive/milzetvrstudio/Unity/Library/Bee/Android/Prj/IL2CPP/Gradle/unityLibrary/src/main/assets/bin/Data/af6e401cf42ae7544ba79f31376121ef
[ 181/1409  0s] CopyFiles /Users/mziwamadoda/Projects/Binteca/Interactive/milzetvrstudio/Unity/Library/Bee/Android/Prj/IL2CPP/Gradle/unityLibrary/src/main/assets/bin/Data/aea7043f33c23e84cbcceb8d098692df
[ 182/1409  0s] CopyFiles /Users/mziwamadoda/Projects/Binteca/Interactive/milzetvrstudio/Unity/Library/Bee/Android/Prj/IL2CPP/Gradle/unityLibrary/src/main/assets/bin/Data/ae45425c7286fb84f8a10c53d5b8450d
[ 183/1409  0s] CopyFiles /Users/mziwamadoda/Projects/Binteca/Interactive/milzetvrstudio/Unity/Library/Bee/Android/Prj/IL2CPP/Gradle/unityLibrary/src/main/assets/bin/Data/ade6b3a17ed0a4746817d8cf80732a9a
[ 184/1409  0s] CopyFiles /Users/mziwamadoda/Projects/Binteca/Interactive/milzetvrstudio/Unity/Library/Bee/Android/Prj/IL2CPP/Gradle/unityLibrary/src/main/assets/bin/Data/aa9ba2a2503cf7342ba3646d4840c15e
[ 185/1409  0s] CopyFiles /Users/mziwamadoda/Projects/Binteca/Interactive/milzetvrstudio/Unity/Library/Bee/Android/Prj/IL2CPP/Gradle/unityLibrary/src/main/assets/bin/Data/aa5e2c7f1557f7a4da5bc151f244caca
[ 186/1409  0s] CopyFiles /Users/mziwamadoda/Projects/Binteca/Interactive/milzetvrstudio/Unity/Library/Bee/Android/Prj/IL2CPP/Gradle/unityLibrary/src/main/assets/bin/Data/aa07d14bb6bb11245965a5a57219d12d
[ 187/1409  0s] CopyFiles /Users/mziwamadoda/Projects/Binteca/Interactive/milzetvrstudio/Unity/Library/Bee/Android/Prj/IL2CPP/Gradle/unityLibrary/src/main/assets/bin/Data/a9b8e24808d51054ba251077988b150d
[ 188/1409  0s] CopyFiles /Users/mziwamadoda/Projects/Binteca/Interactive/milzetvrstudio/Unity/Library/Bee/Android/Prj/IL2CPP/Gradle/unityLibrary/src/main/assets/bin/Data/a8577c885e80d8043946ac5b7abcf9a1
[ 189/1409  0s] CopyFiles /Users/mziwamadoda/Projects/Binteca/Interactive/milzetvrstudio/Unity/Library/Bee/Android/Prj/IL2CPP/Gradle/unityLibrary/src/main/assets/bin/Data/a7eda5a725c07314f825ae65a97f41cc
[ 190/1409  0s] CopyFiles /Users/mziwamadoda/Projects/Binteca/Interactive/milzetvrstudio/Unity/Library/Bee/Android/Prj/IL2CPP/Gradle/unityLibrary/src/main/assets/bin/Data/a61d422c346acbe40bfd63eae20b3455
[ 191/1409  0s] CopyFiles /Users/mziwamadoda/Projects/Binteca/Interactive/milzetvrstudio/Unity/Library/Bee/Android/Prj/IL2CPP/Gradle/unityLibrary/src/main/assets/bin/Data/a31796e9e8816c7448b55d584c9417f1
[ 192/1409  0s] CopyFiles /Users/mziwamadoda/Projects/Binteca/Interactive/milzetvrstudio/Unity/Library/Bee/Android/Prj/IL2CPP/Gradle/unityLibrary/src/main/assets/bin/Data/a24132142f230dd47bf9aea98670f86a
[ 193/1409  0s] CopyFiles /Users/mziwamadoda/Projects/Binteca/Interactive/milzetvrstudio/Unity/Library/Bee/Android/Prj/IL2CPP/Gradle/unityLibrary/src/main/assets/bin/Data/a20bb0536e2e9574a859def7c947920a
[ 194/1409  0s] CopyFiles /Users/mziwamadoda/Projects/Binteca/Interactive/milzetvrstudio/Unity/Library/Bee/Android/Prj/IL2CPP/Gradle/unityLibrary/src/main/assets/bin/Data/a1f48d059c0cea9448d04782a5d71e73
[ 195/1409  0s] CopyFiles /Users/mziwamadoda/Projects/Binteca/Interactive/milzetvrstudio/Unity/Library/Bee/Android/Prj/IL2CPP/Gradle/unityLibrary/src/main/assets/bin/Data/a196ffcfb15473049a4dffa9f40d95e7
[ 196/1409  0s] CopyFiles /Users/mziwamadoda/Projects/Binteca/Interactive/milzetvrstudio/Unity/Library/Bee/Android/Prj/IL2CPP/Gradle/unityLibrary/src/main/assets/bin/Data/9ddf178d2c65ecd48849c4cab77ce2a2
[ 197/1409  0s] CopyFiles /Users/mziwamadoda/Projects/Binteca/Interactive/milzetvrstudio/Unity/Library/Bee/Android/Prj/IL2CPP/Gradle/unityLibrary/src/main/assets/bin/Data/9c95eb17bbcc4e545a4e4956c44d50b4
[ 198/1409  0s] CopyFiles /Users/mziwamadoda/Projects/Binteca/Interactive/milzetvrstudio/Unity/Library/Bee/Android/Prj/IL2CPP/Gradle/unityLibrary/src/main/assets/bin/Data/9c52d3d73ccb640069fea59055414330
[ 199/1409  0s] CopyFiles /Users/mziwamadoda/Projects/Binteca/Interactive/milzetvrstudio/Unity/Library/Bee/Android/Prj/IL2CPP/Gradle/unityLibrary/src/main/assets/bin/Data/9aa46566e1d86644c9a55e3037e935f6
[ 200/1409  0s] CopyFiles /Users/mziwamadoda/Projects/Binteca/Interactive/milzetvrstudio/Unity/Library/Bee/Android/Prj/IL2CPP/Gradle/unityLibrary/src/main/assets/bin/Data/988f44947b229ae439c8b13ecfc70e5f
[ 201/1409  0s] CopyFiles /Users/mziwamadoda/Projects/Binteca/Interactive/milzetvrstudio/Unity/Library/Bee/Android/Prj/IL2CPP/Gradle/unityLibrary/src/main/assets/bin/Data/983b2afa82fe6f048ac7540130ee3fed
[ 202/1409  0s] CopyFiles /Users/mziwamadoda/Projects/Binteca/Interactive/milzetvrstudio/Unity/Library/Bee/Android/Prj/IL2CPP/Gradle/unityLibrary/src/main/assets/bin/Data/9683f1d72d28108459e918388eab8449
[ 203/1409  0s] CopyFiles /Users/mziwamadoda/Projects/Binteca/Interactive/milzetvrstudio/Unity/Library/Bee/Android/Prj/IL2CPP/Gradle/unityLibrary/src/main/assets/bin/Data/965543dd68beb43cbadeca6db6c21f5b
[ 204/1409  0s] CopyFiles /Users/mziwamadoda/Projects/Binteca/Interactive/milzetvrstudio/Unity/Library/Bee/Android/Prj/IL2CPP/Gradle/unityLibrary/src/main/assets/bin/Data/94f16c6a9552e3e4a90f82d2dc362dc1
[ 205/1409  0s] CopyFiles /Users/mziwamadoda/Projects/Binteca/Interactive/milzetvrstudio/Unity/Library/Bee/Android/Prj/IL2CPP/Gradle/unityLibrary/src/main/assets/bin/Data/9291eb9cdba7cdb4a826d5aa5053a6e2
[ 206/1409  0s] CopyFiles /Users/mziwamadoda/Projects/Binteca/Interactive/milzetvrstudio/Unity/Library/Bee/Android/Prj/IL2CPP/Gradle/unityLibrary/src/main/assets/bin/Data/912d3a8ef3ddc0e4fa183d27348911d8
[ 207/1409  0s] CopyFiles /Users/mziwamadoda/Projects/Binteca/Interactive/milzetvrstudio/Unity/Library/Bee/Android/Prj/IL2CPP/Gradle/unityLibrary/src/main/assets/bin/Data/8f586378b4e144a9851e7b34d9b748ee
[ 208/1409  0s] CopyFiles /Users/mziwamadoda/Projects/Binteca/Interactive/milzetvrstudio/Unity/Library/Bee/Android/Prj/IL2CPP/Gradle/unityLibrary/src/main/assets/bin/Data/8f43972ae06a0e848a6008e725a1852e
[ 209/1409  0s] CopyFiles /Users/mziwamadoda/Projects/Binteca/Interactive/milzetvrstudio/Unity/Library/Bee/Android/Prj/IL2CPP/Gradle/unityLibrary/src/main/assets/bin/Data/8b9183c4eccf42742a6837d4cc3aacee
[ 210/1409  0s] CopyFiles /Users/mziwamadoda/Projects/Binteca/Interactive/milzetvrstudio/Unity/Library/Bee/Android/Prj/IL2CPP/Gradle/unityLibrary/src/main/assets/bin/Data/8aa87b27812afff4c9e5d10be3f1c58d
[ 211/1409  0s] CopyFiles /Users/mziwamadoda/Projects/Binteca/Interactive/milzetvrstudio/Unity/Library/Bee/Android/Prj/IL2CPP/Gradle/unityLibrary/src/main/assets/bin/Data/8a15ddfc3f60e42eabe5690a844e7a49
[ 212/1409  0s] CopyFiles /Users/mziwamadoda/Projects/Binteca/Interactive/milzetvrstudio/Unity/Library/Bee/Android/Prj/IL2CPP/Gradle/unityLibrary/src/main/assets/bin/Data/8945dc9f414b0a34bb694c49ba833e42
[ 213/1409  0s] CopyFiles /Users/mziwamadoda/Projects/Binteca/Interactive/milzetvrstudio/Unity/Library/Bee/Android/Prj/IL2CPP/Gradle/unityLibrary/src/main/assets/bin/Data/881c99ae3ca0ba34284e777c78e8b48c
[ 214/1409  0s] CopyFiles /Users/mziwamadoda/Projects/Binteca/Interactive/milzetvrstudio/Unity/Library/Bee/Android/Prj/IL2CPP/Gradle/unityLibrary/src/main/assets/bin/Data/878c55397db099646a570eb89df2014f
[ 215/1409  0s] CopyFiles /Users/mziwamadoda/Projects/Binteca/Interactive/milzetvrstudio/Unity/Library/Bee/Android/Prj/IL2CPP/Gradle/unityLibrary/src/main/assets/bin/Data/857e68a3b648f2d48bd10f426eb7b413
[ 216/1409  0s] CopyFiles /Users/mziwamadoda/Projects/Binteca/Interactive/milzetvrstudio/Unity/Library/Bee/Android/Prj/IL2CPP/Gradle/unityLibrary/src/main/assets/bin/Data/851b57887c97a574999a49d21718319f
[ 217/1409  0s] CopyFiles /Users/mziwamadoda/Projects/Binteca/Interactive/milzetvrstudio/Unity/Library/Bee/Android/Prj/IL2CPP/Gradle/unityLibrary/src/main/assets/bin/Data/840371c32bd32be4a853c82a6b368179
[ 218/1409  0s] CopyFiles /Users/mziwamadoda/Projects/Binteca/Interactive/milzetvrstudio/Unity/Library/Bee/Android/Prj/IL2CPP/Gradle/unityLibrary/src/main/assets/bin/Data/83f37572469000c4bbd4b9c721581a51
[ 219/1409  0s] CopyFiles /Users/mziwamadoda/Projects/Binteca/Interactive/milzetvrstudio/Unity/Library/Bee/Android/Prj/IL2CPP/Gradle/unityLibrary/src/main/assets/bin/Data/811ec4fe9ba454b448cc9754c7a5514d
[ 220/1409  0s] CopyFiles /Users/mziwamadoda/Projects/Binteca/Interactive/milzetvrstudio/Unity/Library/Bee/Android/Prj/IL2CPP/Gradle/unityLibrary/src/main/assets/bin/Data/7f578c6d561477945ade1af77d8c3bc0
[ 221/1409  0s] CopyFiles /Users/mziwamadoda/Projects/Binteca/Interactive/milzetvrstudio/Unity/Library/Bee/Android/Prj/IL2CPP/Gradle/unityLibrary/src/main/assets/bin/Data/7f06b07b26ec94549af0d034bf2b75c3
[ 222/1409  0s] CopyFiles /Users/mziwamadoda/Projects/Binteca/Interactive/milzetvrstudio/Unity/Library/Bee/Android/Prj/IL2CPP/Gradle/unityLibrary/src/main/assets/bin/Data/7e5c8b573ea14e5418c81d7bb7331269
[ 223/1409  0s] CopyFiles /Users/mziwamadoda/Projects/Binteca/Interactive/milzetvrstudio/Unity/Library/Bee/Android/Prj/IL2CPP/Gradle/unityLibrary/src/main/assets/bin/Data/7cb6da12a3b154de8b6acad301479be4
[ 224/1409  0s] CopyFiles /Users/mziwamadoda/Projects/Binteca/Interactive/milzetvrstudio/Unity/Library/Bee/Android/Prj/IL2CPP/Gradle/unityLibrary/src/main/assets/bin/Data/7c0e5721ea9dafd4db94a6478e5b01a2
[ 225/1409  0s] CopyFiles /Users/mziwamadoda/Projects/Binteca/Interactive/milzetvrstudio/Unity/Library/Bee/Android/Prj/IL2CPP/Gradle/unityLibrary/src/main/assets/bin/Data/7bec66853a01d2443acccabf2acd28ae
[ 226/1409  0s] CopyFiles /Users/mziwamadoda/Projects/Binteca/Interactive/milzetvrstudio/Unity/Library/Bee/Android/Prj/IL2CPP/Gradle/unityLibrary/src/main/assets/bin/Data/7bad868405b386c4fa06fed40e02c892
[ 227/1409  0s] CopyFiles /Users/mziwamadoda/Projects/Binteca/Interactive/milzetvrstudio/Unity/Library/Bee/Android/Prj/IL2CPP/Gradle/unityLibrary/src/main/assets/bin/Data/7ad75aab86db5d146ac4801b894fcdb9
[ 228/1409  0s] CopyFiles /Users/mziwamadoda/Projects/Binteca/Interactive/milzetvrstudio/Unity/Library/Bee/Android/Prj/IL2CPP/Gradle/unityLibrary/src/main/assets/bin/Data/7a1e00f5c0a8513418c4e461d47770fe
[ 229/1409  0s] CopyFiles /Users/mziwamadoda/Projects/Binteca/Interactive/milzetvrstudio/Unity/Library/Bee/Android/Prj/IL2CPP/Gradle/unityLibrary/src/main/assets/bin/Data/79459efec17a4d00a321bdcc27bbc385
[ 230/1409  0s] CopyFiles /Users/mziwamadoda/Projects/Binteca/Interactive/milzetvrstudio/Unity/Library/Bee/Android/Prj/IL2CPP/Gradle/unityLibrary/src/main/assets/bin/Data/78a6bc0069534964abcdf5cc017ab46f
[ 231/1409  0s] CopyFiles /Users/mziwamadoda/Projects/Binteca/Interactive/milzetvrstudio/Unity/Library/Bee/Android/Prj/IL2CPP/Gradle/unityLibrary/src/main/assets/bin/Data/78639c7c2b76e85429f8083b42d1c1e0
[ 232/1409  0s] CopyFiles /Users/mziwamadoda/Projects/Binteca/Interactive/milzetvrstudio/Unity/Library/Bee/Android/Prj/IL2CPP/Gradle/unityLibrary/src/main/assets/bin/Data/775e2f38067ee8246a3800bb7abd6713
[ 233/1409  0s] CopyFiles /Users/mziwamadoda/Projects/Binteca/Interactive/milzetvrstudio/Unity/Library/Bee/Android/Prj/IL2CPP/Gradle/unityLibrary/src/main/assets/bin/Data/76d626b12360d6f4188cb8eb37f4bcdb
[ 234/1409  0s] CopyFiles /Users/mziwamadoda/Projects/Binteca/Interactive/milzetvrstudio/Unity/Library/Bee/Android/Prj/IL2CPP/Gradle/unityLibrary/src/main/assets/bin/Data/768857b9733d8564384d1b601592ab9e
[ 235/1409  0s] CopyFiles /Users/mziwamadoda/Projects/Binteca/Interactive/milzetvrstudio/Unity/Library/Bee/Android/Prj/IL2CPP/Gradle/unityLibrary/src/main/assets/bin/Data/766ac1e0b7302524484332ef3a8b3e94
[ 236/1409  0s] CopyFiles /Users/mziwamadoda/Projects/Binteca/Interactive/milzetvrstudio/Unity/Library/Bee/Android/Prj/IL2CPP/Gradle/unityLibrary/src/main/assets/bin/Data/75906ee28d5099943b4e5125f58c47c9
[ 237/1409  0s] CopyFiles /Users/mziwamadoda/Projects/Binteca/Interactive/milzetvrstudio/Unity/Library/Bee/Android/Prj/IL2CPP/Gradle/unityLibrary/src/main/assets/bin/Data/74aeefe52608ce2478007b4015c87831
[ 238/1409  0s] CopyFiles /Users/mziwamadoda/Projects/Binteca/Interactive/milzetvrstudio/Unity/Library/Bee/Android/Prj/IL2CPP/Gradle/unityLibrary/src/main/assets/bin/Data/73b14a507a5586244b105444c7487a42
[ 239/1409  0s] CopyFiles /Users/mziwamadoda/Projects/Binteca/Interactive/milzetvrstudio/Unity/Library/Bee/Android/Prj/IL2CPP/Gradle/unityLibrary/src/main/assets/bin/Data/73817e6e5c844beaa39419a1f07bbeb0
[ 240/1409  0s] CopyFiles /Users/mziwamadoda/Projects/Binteca/Interactive/milzetvrstudio/Unity/Library/Bee/Android/Prj/IL2CPP/Gradle/unityLibrary/src/main/assets/bin/Data/72173267546bff843a322cc3b0bd7000
[ 241/1409  0s] CopyFiles /Users/mziwamadoda/Projects/Binteca/Interactive/milzetvrstudio/Unity/Library/Bee/Android/Prj/IL2CPP/Gradle/unityLibrary/src/main/assets/bin/Data/71ffc4686cef0764eab026ae8c49b282
[ 242/1409  0s] CopyFiles /Users/mziwamadoda/Projects/Binteca/Interactive/milzetvrstudio/Unity/Library/Bee/Android/Prj/IL2CPP/Gradle/unityLibrary/src/main/assets/bin/Data/6f3f297cc9d4d1046927744a94c03a22
[ 243/1409  0s] CopyFiles /Users/mziwamadoda/Projects/Binteca/Interactive/milzetvrstudio/Unity/Library/Bee/Android/Prj/IL2CPP/Gradle/unityLibrary/src/main/assets/bin/Data/6ef46bfbed7e44344863c09a2a2c8f60
[ 244/1409  0s] CopyFiles /Users/mziwamadoda/Projects/Binteca/Interactive/milzetvrstudio/Unity/Library/Bee/Android/Prj/IL2CPP/Gradle/unityLibrary/src/main/assets/bin/Data/6b0a14bcef3f4b44bb9fe4ec7ed7d616
[ 245/1409  0s] CopyFiles /Users/mziwamadoda/Projects/Binteca/Interactive/milzetvrstudio/Unity/Library/Bee/Android/Prj/IL2CPP/Gradle/unityLibrary/src/main/assets/bin/Data/6a7fb70d8ca2b4a3db581ebae1d2c81f
[ 246/1409  0s] CopyFiles /Users/mziwamadoda/Projects/Binteca/Interactive/milzetvrstudio/Unity/Library/Bee/Android/Prj/IL2CPP/Gradle/unityLibrary/src/main/assets/bin/Data/6a6ffa8871348b74d87a78d73ffc37c4
[ 247/1409  0s] CopyFiles /Users/mziwamadoda/Projects/Binteca/Interactive/milzetvrstudio/Unity/Library/Bee/Android/Prj/IL2CPP/Gradle/unityLibrary/src/main/assets/bin/Data/6a3df62fc5123e84aa9d665c37534020
[ 248/1409  0s] CopyFiles /Users/mziwamadoda/Projects/Binteca/Interactive/milzetvrstudio/Unity/Library/Bee/Android/Prj/IL2CPP/Gradle/unityLibrary/src/main/assets/bin/Data/691b7dd79c9bde34f843687f962bba5a
[ 249/1409  0s] CopyFiles /Users/mziwamadoda/Projects/Binteca/Interactive/milzetvrstudio/Unity/Library/Bee/Android/Prj/IL2CPP/Gradle/unityLibrary/src/main/assets/bin/Data/68e6db2ebdc24f95958faec2be5558d6
[ 250/1409  0s] CopyFiles /Users/mziwamadoda/Projects/Binteca/Interactive/milzetvrstudio/Unity/Library/Bee/Android/Prj/IL2CPP/Gradle/unityLibrary/src/main/assets/bin/Data/6371000d850f05048a9d8ed13b457620
[ 251/1409  0s] CopyFiles /Users/mziwamadoda/Projects/Binteca/Interactive/milzetvrstudio/Unity/Library/Bee/Android/Prj/IL2CPP/Gradle/unityLibrary/src/main/assets/bin/Data/631d30b2c0e6c2b46824055562134208
[ 252/1409  0s] CopyFiles /Users/mziwamadoda/Projects/Binteca/Interactive/milzetvrstudio/Unity/Library/Bee/Android/Prj/IL2CPP/Gradle/unityLibrary/src/main/assets/bin/Data/621ef27076a2cba45aa592da96f50fa9
[ 253/1409  0s] CopyFiles /Users/mziwamadoda/Projects/Binteca/Interactive/milzetvrstudio/Unity/Library/Bee/Android/Prj/IL2CPP/Gradle/unityLibrary/src/main/assets/bin/Data/5f5e9f5cada8bb74fa25eddc0bf63908
[ 254/1409  0s] CopyFiles /Users/mziwamadoda/Projects/Binteca/Interactive/milzetvrstudio/Unity/Library/Bee/Android/Prj/IL2CPP/Gradle/unityLibrary/src/main/assets/bin/Data/5f0ae599de45779409ea214bd557be5a
[ 255/1409  0s] CopyFiles /Users/mziwamadoda/Projects/Binteca/Interactive/milzetvrstudio/Unity/Library/Bee/Android/Prj/IL2CPP/Gradle/unityLibrary/src/main/assets/bin/Data/5f03374eaa65dfc4b984e0973b9c7fe1
[ 256/1409  0s] CopyFiles /Users/mziwamadoda/Projects/Binteca/Interactive/milzetvrstudio/Unity/Library/Bee/Android/Prj/IL2CPP/Gradle/unityLibrary/src/main/assets/bin/Data/5a18cd4367f4642319879d29a3dad7db
[ 257/1409  0s] CopyFiles /Users/mziwamadoda/Projects/Binteca/Interactive/milzetvrstudio/Unity/Library/Bee/Android/Prj/IL2CPP/Gradle/unityLibrary/src/main/assets/bin/Data/59451abbb0f92a043a4a6def08f1aa9e
[ 258/1409  0s] CopyFiles /Users/mziwamadoda/Projects/Binteca/Interactive/milzetvrstudio/Unity/Library/Bee/Android/Prj/IL2CPP/Gradle/unityLibrary/src/main/assets/bin/Data/561ccac587275c745aec500620f12fc7
[ 259/1409  0s] CopyFiles /Users/mziwamadoda/Projects/Binteca/Interactive/milzetvrstudio/Unity/Library/Bee/Android/Prj/IL2CPP/Gradle/unityLibrary/src/main/assets/bin/Data/5526903be7994124dae39fe89a67ebcc
[ 260/1409  0s] CopyFiles /Users/mziwamadoda/Projects/Binteca/Interactive/milzetvrstudio/Unity/Library/Bee/Android/Prj/IL2CPP/Gradle/unityLibrary/src/main/assets/bin/Data/5307b6417775bcc4b9ca0ffc75a6e125
[ 261/1409  0s] CopyFiles /Users/mziwamadoda/Projects/Binteca/Interactive/milzetvrstudio/Unity/Library/Bee/Android/Prj/IL2CPP/Gradle/unityLibrary/src/main/assets/bin/Data/51e0e92724ea5ad499a3e4412f4b0ffb
[ 262/1409  0s] CopyFiles /Users/mziwamadoda/Projects/Binteca/Interactive/milzetvrstudio/Unity/Library/Bee/Android/Prj/IL2CPP/Gradle/unityLibrary/src/main/assets/bin/Data/509dce2f589693a4489d6e64bcd3070a
[ 263/1409  0s] CopyFiles /Users/mziwamadoda/Projects/Binteca/Interactive/milzetvrstudio/Unity/Library/Bee/Android/Prj/IL2CPP/Gradle/unityLibrary/src/main/assets/bin/Data/502ec803763e1e841b7b3f6075bd1da6
[ 264/1409  0s] CopyFiles /Users/mziwamadoda/Projects/Binteca/Interactive/milzetvrstudio/Unity/Library/Bee/Android/Prj/IL2CPP/Gradle/unityLibrary/src/main/assets/bin/Data/4d713e4e8d360442eaa3e5a2d6d1b07d
[ 265/1409  0s] CopyFiles /Users/mziwamadoda/Projects/Binteca/Interactive/milzetvrstudio/Unity/Library/Bee/Android/Prj/IL2CPP/Gradle/unityLibrary/src/main/assets/bin/Data/4c57e437de61db14b93dce251548cc0c
[ 266/1409  0s] CopyFiles /Users/mziwamadoda/Projects/Binteca/Interactive/milzetvrstudio/Unity/Library/Bee/Android/Prj/IL2CPP/Gradle/unityLibrary/src/main/assets/bin/Data/4bfc238719a554e4f9c778b95c034053
[ 267/1409  0s] CopyFiles /Users/mziwamadoda/Projects/Binteca/Interactive/milzetvrstudio/Unity/Library/Bee/Android/Prj/IL2CPP/Gradle/unityLibrary/src/main/assets/bin/Data/4bc9460a7e0a2cf4688f0507b740209a
[ 268/1409  0s] CopyFiles /Users/mziwamadoda/Projects/Binteca/Interactive/milzetvrstudio/Unity/Library/Bee/Android/Prj/IL2CPP/Gradle/unityLibrary/src/main/assets/bin/Data/497ef3520924e3e42a0660de8471727c
[ 269/1409  0s] CopyFiles /Users/mziwamadoda/Projects/Binteca/Interactive/milzetvrstudio/Unity/Library/Bee/Android/Prj/IL2CPP/Gradle/unityLibrary/src/main/assets/bin/Data/48360662f0b5fac4badef7abc19c62bb
[ 270/1409  0s] CopyFiles /Users/mziwamadoda/Projects/Binteca/Interactive/milzetvrstudio/Unity/Library/Bee/Android/Prj/IL2CPP/Gradle/unityLibrary/src/main/assets/bin/Data/4827b635ffeff36449d82b4a5cfdaec7
[ 271/1409  0s] CopyFiles /Users/mziwamadoda/Projects/Binteca/Interactive/milzetvrstudio/Unity/Library/Bee/Android/Prj/IL2CPP/Gradle/unityLibrary/src/main/assets/bin/Data/464fed9ff0ea5314fb76515df4d3bd23
[ 272/1409  0s] CopyFiles /Users/mziwamadoda/Projects/Binteca/Interactive/milzetvrstudio/Unity/Library/Bee/Android/Prj/IL2CPP/Gradle/unityLibrary/src/main/assets/bin/Data/42921d874eab5a54895565f219901846
[ 273/1409  0s] CopyFiles /Users/mziwamadoda/Projects/Binteca/Interactive/milzetvrstudio/Unity/Library/Bee/Android/Prj/IL2CPP/Gradle/unityLibrary/src/main/assets/bin/Data/4238e3bce8f178244a8d1b3be05af945
[ 274/1409  0s] CopyFiles /Users/mziwamadoda/Projects/Binteca/Interactive/milzetvrstudio/Unity/Library/Bee/Android/Prj/IL2CPP/Gradle/unityLibrary/src/main/assets/bin/Data/403871c85278449aca19dbcd9acea40c
[ 275/1409  0s] CopyFiles /Users/mziwamadoda/Projects/Binteca/Interactive/milzetvrstudio/Unity/Library/Bee/Android/Prj/IL2CPP/Gradle/unityLibrary/src/main/assets/bin/Data/3f5b5dff67a942289a9defa416b206f3
[ 276/1409  0s] CopyFiles /Users/mziwamadoda/Projects/Binteca/Interactive/milzetvrstudio/Unity/Library/Bee/Android/Prj/IL2CPP/Gradle/unityLibrary/src/main/assets/bin/Data/3ec670a991d71354094cee9f41930ee9
[ 277/1409  0s] CopyFiles /Users/mziwamadoda/Projects/Binteca/Interactive/milzetvrstudio/Unity/Library/Bee/Android/Prj/IL2CPP/Gradle/unityLibrary/src/main/assets/bin/Data/3ec35b7a9db55664f9eaaf932536ed53
[ 278/1409  0s] CopyFiles /Users/mziwamadoda/Projects/Binteca/Interactive/milzetvrstudio/Unity/Library/Bee/Android/Prj/IL2CPP/Gradle/unityLibrary/src/main/assets/bin/Data/3e14566d20cdda1419ea35cd3a9d68b5
[ 279/1409  0s] CopyFiles /Users/mziwamadoda/Projects/Binteca/Interactive/milzetvrstudio/Unity/Library/Bee/Android/Prj/IL2CPP/Gradle/unityLibrary/src/main/assets/bin/Data/3d782505b7e23d049b798228a4a2dbdf
[ 280/1409  0s] CopyFiles /Users/mziwamadoda/Projects/Binteca/Interactive/milzetvrstudio/Unity/Library/Bee/Android/Prj/IL2CPP/Gradle/unityLibrary/src/main/assets/bin/Data/397b3ea420565624c8a55d1d4477c3f7
[ 281/1409  0s] CopyFiles /Users/mziwamadoda/Projects/Binteca/Interactive/milzetvrstudio/Unity/Library/Bee/Android/Prj/IL2CPP/Gradle/unityLibrary/src/main/assets/bin/Data/38ad33c152e32ee46a9bbbb0e656f7e1
[ 282/1409  0s] CopyFiles /Users/mziwamadoda/Projects/Binteca/Interactive/milzetvrstudio/Unity/Library/Bee/Android/Prj/IL2CPP/Gradle/unityLibrary/src/main/assets/bin/Data/37ecabcf89b3cb245809c1a7b47054c9
[ 283/1409  0s] CopyFiles /Users/mziwamadoda/Projects/Binteca/Interactive/milzetvrstudio/Unity/Library/Bee/Android/Prj/IL2CPP/Gradle/unityLibrary/src/main/assets/bin/Data/365e4cb5e6c49dc4cadcc9eb2f3057ed
[ 284/1409  0s] CopyFiles /Users/mziwamadoda/Projects/Binteca/Interactive/milzetvrstudio/Unity/Library/Bee/Android/Prj/IL2CPP/Gradle/unityLibrary/src/main/assets/bin/Data/365a3b4e508fcef42863ed4bedffd3ed
[ 285/1409  0s] CopyFiles /Users/mziwamadoda/Projects/Binteca/Interactive/milzetvrstudio/Unity/Library/Bee/Android/Prj/IL2CPP/Gradle/unityLibrary/src/main/assets/bin/Data/36567a5bd7bff6043909dd4fef323cab
[ 286/1409  0s] CopyFiles /Users/mziwamadoda/Projects/Binteca/Interactive/milzetvrstudio/Unity/Library/Bee/Android/Prj/IL2CPP/Gradle/unityLibrary/src/main/assets/bin/Data/35c481a7e3cc7a64aa47cf08b21438de
[ 287/1409  0s] CopyFiles /Users/mziwamadoda/Projects/Binteca/Interactive/milzetvrstudio/Unity/Library/Bee/Android/Prj/IL2CPP/Gradle/unityLibrary/src/main/assets/bin/Data/351ad3af70b133a42aa343667f1d715c
[ 288/1409  0s] CopyFiles /Users/mziwamadoda/Projects/Binteca/Interactive/milzetvrstudio/Unity/Library/Bee/Android/Prj/IL2CPP/Gradle/unityLibrary/src/main/assets/bin/Data/33eeb3a3f1591a5448d6f067a61c4769
[ 289/1409  0s] CopyFiles /Users/mziwamadoda/Projects/Binteca/Interactive/milzetvrstudio/Unity/Library/Bee/Android/Prj/IL2CPP/Gradle/unityLibrary/src/main/assets/bin/Data/32480d79d7cd39b4d90c897f3f36b573
[ 290/1409  0s] CopyFiles /Users/mziwamadoda/Projects/Binteca/Interactive/milzetvrstudio/Unity/Library/Bee/Android/Prj/IL2CPP/Gradle/unityLibrary/src/main/assets/bin/Data/3200cbcbddfddc647ba8cc3c65715d0b
[ 291/1409  0s] CopyFiles /Users/mziwamadoda/Projects/Binteca/Interactive/milzetvrstudio/Unity/Library/Bee/Android/Prj/IL2CPP/Gradle/unityLibrary/src/main/assets/bin/Data/318c6e99e75e9084ea820dd32291ba98
[ 292/1409  0s] CopyFiles /Users/mziwamadoda/Projects/Binteca/Interactive/milzetvrstudio/Unity/Library/Bee/Android/Prj/IL2CPP/Gradle/unityLibrary/src/main/assets/bin/Data/2e498d1c8094910479dc3e1b768306a4
[ 293/1409  0s] CopyFiles /Users/mziwamadoda/Projects/Binteca/Interactive/milzetvrstudio/Unity/Library/Bee/Android/Prj/IL2CPP/Gradle/unityLibrary/src/main/assets/bin/Data/2df9ef29ef250f246b0c004cf4c2958a
[ 294/1409  0s] CopyFiles /Users/mziwamadoda/Projects/Binteca/Interactive/milzetvrstudio/Unity/Library/Bee/Android/Prj/IL2CPP/Gradle/unityLibrary/src/main/assets/bin/Data/2bd7618c3fa0e4b4ab8e08dc3fadc376
[ 295/1409  0s] CopyFiles /Users/mziwamadoda/Projects/Binteca/Interactive/milzetvrstudio/Unity/Library/Bee/Android/Prj/IL2CPP/Gradle/unityLibrary/src/main/assets/bin/Data/2a542da50cb185745b812b4e160b0446
[ 296/1409  0s] CopyFiles /Users/mziwamadoda/Projects/Binteca/Interactive/milzetvrstudio/Unity/Library/Bee/Android/Prj/IL2CPP/Gradle/unityLibrary/src/main/assets/bin/Data/2977fd6de579cd745be3c47a566b7255
[ 297/1409  0s] CopyFiles /Users/mziwamadoda/Projects/Binteca/Interactive/milzetvrstudio/Unity/Library/Bee/Android/Prj/IL2CPP/Gradle/unityLibrary/src/main/assets/bin/Data/293a92c673415c54baec8dd490b9c46d
[ 298/1409  0s] CopyFiles /Users/mziwamadoda/Projects/Binteca/Interactive/milzetvrstudio/Unity/Library/Bee/Android/Prj/IL2CPP/Gradle/unityLibrary/src/main/assets/bin/Data/292042dfb9a345f47aab2870d08adbe0
[ 299/1409  0s] CopyFiles /Users/mziwamadoda/Projects/Binteca/Interactive/milzetvrstudio/Unity/Library/Bee/Android/Prj/IL2CPP/Gradle/unityLibrary/src/main/assets/bin/Data/28ac39a8e5009184d838d8e8c444bd6d
[ 300/1409  0s] CopyFiles /Users/mziwamadoda/Projects/Binteca/Interactive/milzetvrstudio/Unity/Library/Bee/Android/Prj/IL2CPP/Gradle/unityLibrary/src/main/assets/bin/Data/277c9b54ca4893748af05e0451942021
[ 301/1409  0s] CopyFiles /Users/mziwamadoda/Projects/Binteca/Interactive/milzetvrstudio/Unity/Library/Bee/Android/Prj/IL2CPP/Gradle/unityLibrary/src/main/assets/bin/Data/25f195953a5441849b801692dcdeba97
[ 302/1409  0s] CopyFiles /Users/mziwamadoda/Projects/Binteca/Interactive/milzetvrstudio/Unity/Library/Bee/Android/Prj/IL2CPP/Gradle/unityLibrary/src/main/assets/bin/Data/22c70bd01cccb124196ead2520faef26
[ 303/1409  0s] CopyFiles /Users/mziwamadoda/Projects/Binteca/Interactive/milzetvrstudio/Unity/Library/Bee/Android/Prj/IL2CPP/Gradle/unityLibrary/src/main/assets/bin/Data/220817b81adb42c4da8aad13f01aca8d
[ 304/1409  0s] CopyFiles /Users/mziwamadoda/Projects/Binteca/Interactive/milzetvrstudio/Unity/Library/Bee/Android/Prj/IL2CPP/Gradle/unityLibrary/src/main/assets/bin/Data/205b4500344bafe4c9bce42169f9a5b1
[ 305/1409  0s] CopyFiles /Users/mziwamadoda/Projects/Binteca/Interactive/milzetvrstudio/Unity/Library/Bee/Android/Prj/IL2CPP/Gradle/unityLibrary/src/main/assets/bin/Data/2009be1469403a9498e04cd1bf89bb45
[ 306/1409  0s] CopyFiles /Users/mziwamadoda/Projects/Binteca/Interactive/milzetvrstudio/Unity/Library/Bee/Android/Prj/IL2CPP/Gradle/unityLibrary/src/main/assets/bin/Data/1d90b910cd5a4854598ecfe4f74358d1
[ 307/1409  0s] CopyFiles /Users/mziwamadoda/Projects/Binteca/Interactive/milzetvrstudio/Unity/Library/Bee/Android/Prj/IL2CPP/Gradle/unityLibrary/src/main/assets/bin/Data/1ce2db9504eb542e28d5e3f7175511c5
[ 308/1409  0s] CopyFiles /Users/mziwamadoda/Projects/Binteca/Interactive/milzetvrstudio/Unity/Library/Bee/Android/Prj/IL2CPP/Gradle/unityLibrary/src/main/assets/bin/Data/1c3acb827cbbd6548afd85eca833e826
[ 309/1409  0s] CopyFiles /Users/mziwamadoda/Projects/Binteca/Interactive/milzetvrstudio/Unity/Library/Bee/Android/Prj/IL2CPP/Gradle/unityLibrary/src/main/assets/bin/Data/1afed23e34fad844aa3cb97baa303316
[ 310/1409  0s] CopyFiles /Users/mziwamadoda/Projects/Binteca/Interactive/milzetvrstudio/Unity/Library/Bee/Android/Prj/IL2CPP/Gradle/unityLibrary/src/main/assets/bin/Data/17f3459c32dc227498a1829f9f790c6b
[ 311/1409  0s] CopyFiles /Users/mziwamadoda/Projects/Binteca/Interactive/milzetvrstudio/Unity/Library/Bee/Android/Prj/IL2CPP/Gradle/unityLibrary/src/main/assets/bin/Data/1765075aab1561e4ba556833a673e04e
[ 312/1409  0s] CopyFiles /Users/mziwamadoda/Projects/Binteca/Interactive/milzetvrstudio/Unity/Library/Bee/Android/Prj/IL2CPP/Gradle/unityLibrary/src/main/assets/bin/Data/12d8f34f5d5240844a9a05a03453125c
[ 313/1409  0s] CopyFiles /Users/mziwamadoda/Projects/Binteca/Interactive/milzetvrstudio/Unity/Library/Bee/Android/Prj/IL2CPP/Gradle/unityLibrary/src/main/assets/bin/Data/0fed9dcbe7bc3684ea51ae8f15ec0cbc
[ 314/1409  0s] CopyFiles /Users/mziwamadoda/Projects/Binteca/Interactive/milzetvrstudio/Unity/Library/Bee/Android/Prj/IL2CPP/Gradle/unityLibrary/src/main/assets/bin/Data/0f84f8aa5cbe7d54994a144091998ab5
[ 315/1409  0s] CopyFiles /Users/mziwamadoda/Projects/Binteca/Interactive/milzetvrstudio/Unity/Library/Bee/Android/Prj/IL2CPP/Gradle/unityLibrary/src/main/assets/bin/Data/0f65d09d78bc32c4fa97a1f93c98fd16
[ 316/1409  0s] CopyFiles /Users/mziwamadoda/Projects/Binteca/Interactive/milzetvrstudio/Unity/Library/Bee/Android/Prj/IL2CPP/Gradle/unityLibrary/src/main/assets/bin/Data/0b7b31db21cbfe2438ffa6619a73f25d
[ 317/1409  0s] CopyFiles /Users/mziwamadoda/Projects/Binteca/Interactive/milzetvrstudio/Unity/Library/Bee/Android/Prj/IL2CPP/Gradle/unityLibrary/src/main/assets/bin/Data/0a3899167ef824078bffea6ab3d385a0
[ 318/1409  0s] CopyFiles /Users/mziwamadoda/Projects/Binteca/Interactive/milzetvrstudio/Unity/Library/Bee/Android/Prj/IL2CPP/Gradle/unityLibrary/src/main/assets/bin/Data/0998c00537177a446933b9be7c66e6c1
[ 319/1409  0s] CopyFiles /Users/mziwamadoda/Projects/Binteca/Interactive/milzetvrstudio/Unity/Library/Bee/Android/Prj/IL2CPP/Gradle/unityLibrary/src/main/assets/bin/Data/08e2bf926184d1946932e42684fa95c9
[ 320/1409  0s] CopyFiles /Users/mziwamadoda/Projects/Binteca/Interactive/milzetvrstudio/Unity/Library/Bee/Android/Prj/IL2CPP/Gradle/unityLibrary/src/main/assets/bin/Data/089532af84b4a104abd5ee312d1fdf32
[ 321/1409  0s] CopyFiles /Users/mziwamadoda/Projects/Binteca/Interactive/milzetvrstudio/Unity/Library/Bee/Android/Prj/IL2CPP/Gradle/unityLibrary/src/main/assets/bin/Data/086c3ae38455b6f41b5146489d8b356a
[ 322/1409  0s] CopyFiles /Users/mziwamadoda/Projects/Binteca/Interactive/milzetvrstudio/Unity/Library/Bee/Android/Prj/IL2CPP/Gradle/unityLibrary/src/main/assets/bin/Data/07b0bfeb71a9979478d56ab8ff444325
[ 323/1409  0s] CopyFiles /Users/mziwamadoda/Projects/Binteca/Interactive/milzetvrstudio/Unity/Library/Bee/Android/Prj/IL2CPP/Gradle/unityLibrary/src/main/assets/bin/Data/0704a9fbbeee2dd4ba7f239e1249dd97
[ 324/1409  0s] CopyFiles /Users/mziwamadoda/Projects/Binteca/Interactive/milzetvrstudio/Unity/Library/Bee/Android/Prj/IL2CPP/Gradle/unityLibrary/src/main/assets/bin/Data/06d3b08a534b775429fbabd0f1e2a7a3
[ 325/1409  0s] CopyFiles /Users/mziwamadoda/Projects/Binteca/Interactive/milzetvrstudio/Unity/Library/Bee/Android/Prj/IL2CPP/Gradle/unityLibrary/src/main/assets/bin/Data/065f54777bfd86d40a04e0ac5c2732b8
[ 326/1409  0s] CopyFiles /Users/mziwamadoda/Projects/Binteca/Interactive/milzetvrstudio/Unity/Library/Bee/Android/Prj/IL2CPP/Gradle/unityLibrary/src/main/assets/bin/Data/056e1087010c14410a1bb90f747b69de
[ 327/1409  0s] CopyFiles /Users/mziwamadoda/Projects/Binteca/Interactive/milzetvrstudio/Unity/Library/Bee/Android/Prj/IL2CPP/Gradle/unityLibrary/src/main/assets/bin/Data/040cec7a13fa36c47bc7f06246a841b7
[ 328/1409  0s] CopyFiles /Users/mziwamadoda/Projects/Binteca/Interactive/milzetvrstudio/Unity/Library/Bee/Android/Prj/IL2CPP/Gradle/unityLibrary/src/main/assets/bin/Data/0362b595f17eb0b478c5cf077b4a143f
[ 329/1409  0s] CopyFiles /Users/mziwamadoda/Projects/Binteca/Interactive/milzetvrstudio/Unity/Library/Bee/Android/Prj/IL2CPP/Gradle/unityLibrary/src/main/assets/bin/Data/01b2fa7e15d7fcd47aecaaf527aa76cb
[ 330/1409  0s] CopyFiles /Users/mziwamadoda/Projects/Binteca/Interactive/milzetvrstudio/Unity/Library/Bee/Android/Prj/IL2CPP/Gradle/unityLibrary/src/main/assets/bin/Data/0104bcdf786829a4db051983c25db03b
[ 331/1409  0s] CopyFiles /Users/mziwamadoda/Projects/Binteca/Interactive/milzetvrstudio/Unity/Library/Bee/Android/Prj/IL2CPP/Gradle/unityLibrary/src/main/assets/bin/Data/006a37b79bff05142be800c60f763300
[ 332/1409  0s] CopyFiles /Users/mziwamadoda/Projects/Binteca/Interactive/milzetvrstudio/Unity/Library/Bee/Android/Prj/IL2CPP/Gradle/unityLibrary/src/main/assets/bin/Data/0000000000000000f000000000000000
[ 333/1409  0s] SplitFile Library/Bee/artifacts/Android/Split/globalgamemanagers.assets
[ 334/1409  0s] CopyFiles /Users/mziwamadoda/Projects/Binteca/Interactive/milzetvrstudio/Unity/Library/Bee/Android/Prj/IL2CPP/Gradle/unityLibrary/src/main/assets/bin/Data/globalgamemanagers.assets.split2
[ 335/1409  0s] CopyFiles /Users/mziwamadoda/Projects/Binteca/Interactive/milzetvrstudio/Unity/Library/Bee/Android/Prj/IL2CPP/Gradle/unityLibrary/src/main/assets/bin/Data/globalgamemanagers.assets.split0
[ 336/1409  0s] CopyFiles /Users/mziwamadoda/Projects/Binteca/Interactive/milzetvrstudio/Unity/Library/Bee/Android/Prj/IL2CPP/Gradle/unityLibrary/src/main/assets/bin/Data/globalgamemanagers.assets.split1
[ 337/1409  0s] CopyFiles /Users/mziwamadoda/Projects/Binteca/Interactive/milzetvrstudio/Unity/Library/Bee/Android/Prj/IL2CPP/Gradle/unityLibrary/src/main/assets/bin/Data/globalgamemanagers.assets.split3
[ 339/1409  0s] SplitFile Library/Bee/artifacts/Android/Split/sharedassets0.assets
[ 340/1409  0s] SplitFile Library/Bee/artifacts/Android/Split/level0
[ 341/1409  0s] CopyFiles /Users/mziwamadoda/Projects/Binteca/Interactive/milzetvrstudio/Unity/Library/Bee/Android/Prj/IL2CPP/Gradle/unityLibrary/src/main/assets/bin/Data/level0
[ 342/1409  0s] CopyFiles /Users/mziwamadoda/Projects/Binteca/Interactive/milzetvrstudio/Unity/Library/Bee/Android/Prj/IL2CPP/Gradle/unityLibrary/src/main/assets/bin/Data/sharedassets0.assets
[ 343/1409  0s] AddBootConfigGUID Library/Bee/artifacts/Android/boot.config
[ 344/1409  0s] CopyFiles /Users/mziwamadoda/Projects/Binteca/Interactive/milzetvrstudio/Unity/Library/Bee/Android/Prj/IL2CPP/Gradle/unityLibrary/src/main/assets/bin/Data/boot.config
[ 345/1409  0s] ActionGenerateProjectFiles Library/Bee/artifacts/Android/IntermediateFiles.txt (+49 others)
[BUSY       6s] UnityLinker /Users/mziwamadoda/Projects/Binteca/Interactive/milzetvrstudio/Unity/Library/Bee/artifacts/unitylinker_xy1a.traceevents
[BUSY      16s] UnityLinker /Users/mziwamadoda/Projects/Binteca/Interactive/milzetvrstudio/Unity/Library/Bee/artifacts/unitylinker_xy1a.traceevents
[ 346/1409 25s] UnityLinker /Users/mziwamadoda/Projects/Binteca/Interactive/milzetvrstudio/Unity/Library/Bee/artifacts/unitylinker_xy1a.traceevents
/Applications/Unity/Hub/Editor/6000.3.22f1/Unity.app/Contents/Resources/Scripting/il2cpp/build/deploy/UnityLinker --allowed-assembly=/Applications/Unity/Hub/Editor/6000.3.22f1/PlaybackEngines/AndroidPlayer/Variations/il2cpp/Managed/UnityEngine.AIModule.dll --allowed-assembly=/Applications/Unity/Hub/Editor/6000.3.22f1/PlaybackEngines/AndroidPlayer/Variations/il2cpp/Managed/UnityEngine.ARModule.dll --allowed-assembly=/Applications/Unity/Hub/Editor/6000.3.22f1/PlaybackEngines/AndroidPlayer/Variations/il2cpp/Managed/UnityEngine.AccessibilityModule.dll --allowed-assembly=/Applications/Unity/Hub/Editor/6000.3.22f1/PlaybackEngines/AndroidPlayer/Variations/il2cpp/Managed/UnityEngine.AdaptivePerformanceModule.dll --allowed-assembly=/Applications/Unity/Hub/Editor/6000.3.22f1/PlaybackEngines/AndroidPlayer/Variations/il2cpp/Managed/UnityEngine.AndroidJNIModule.dll --allowed-assembly=/Applications/Unity/Hub/Editor/6000.3.22f1/PlaybackEngines/AndroidPlayer/Variations/il2cpp/Managed/UnityEngine.AnimationModule.dll --allowed-assembly=/Applications/Unity/Hub/Editor/6000.3.22f1/PlaybackEngines/AndroidPlayer/Variations/il2cpp/Managed/UnityEngine.AssetBundleModule.dll --allowed-assembly=/Applications/Unity/Hub/Editor/6000.3.22f1/PlaybackEngines/AndroidPlayer/Variations/il2cpp/Managed/UnityEngine.AudioModule.dll --allowed-assembly=/Applications/Unity/Hub/Editor/6000.3.22f1/PlaybackEngines/AndroidPlayer/Variations/il2cpp/Managed/UnityEngine.ClothModule.dll --allowed-assembly=/Applications/Unity/Hub/Editor/6000.3.22f1/PlaybackEngines/AndroidPlayer/Variations/il2cpp/Managed/UnityEngine.ContentLoadModule.dll --allowed-assembly=/Applications/Unity/Hub/Editor/6000.3.22f1/PlaybackEngines/AndroidPlayer/Variations/il2cpp/Managed/UnityEngine.CoreModule.dll --allowed-assembly=/Applications/Unity/Hub/Editor/6000.3.22f1/PlaybackEngines/AndroidPlayer/Variations/il2cpp/Managed/UnityEngine.CrashReportingModule.dll --allowed-assembly=/Applications/Unity/Hub/Editor/6000.3.22f1/PlaybackEngines/AndroidPlayer/Variations/il2cpp/Managed/UnityEngine.DSPGraphModule.dll --allowed-assembly=/Applications/Unity/Hub/Editor/6000.3.22f1/PlaybackEngines/AndroidPlayer/Variations/il2cpp/Managed/UnityEngine.DirectorModule.dll --allowed-assembly=/Applications/Unity/Hub/Editor/6000.3.22f1/PlaybackEngines/AndroidPlayer/Variations/il2cpp/Managed/UnityEngine.GIModule.dll --allowed-assembly=/Applications/Unity/Hub/Editor/6000.3.22f1/PlaybackEngines/AndroidPlayer/Variations/il2cpp/Managed/UnityEngine.GameCenterModule.dll --allowed-assembly=/Applications/Unity/Hub/Editor/6000.3.22f1/PlaybackEngines/AndroidPlayer/Variations/il2cpp/Managed/UnityEngine.GraphicsStateCollectionSerializerModule.dll --allowed-assembly=/Applications/Unity/Hub/Editor/6000.3.22f1/PlaybackEngines/AndroidPlayer/Variations/il2cpp/Managed/UnityEngine.GridModule.dll --allowed-assembly=/Applications/Unity/Hub/Editor/6000.3.22f1/PlaybackEngines/AndroidPlayer/Variations/il2cpp/Managed/UnityEngine.HierarchyCoreModule.dll --allowed-assembly=/Applications/Unity/Hub/Editor/6000.3.22f1/PlaybackEngines/AndroidPlayer/Variations/il2cpp/Managed/UnityEngine.HierarchyModule.dll --allowed-assembly=/Applications/Unity/Hub/Editor/6000.3.22f1/PlaybackEngines/AndroidPlayer/Variations/il2cpp/Managed/UnityEngine.HotReloadModule.dll --allowed-assembly=/Applications/Unity/Hub/Editor/6000.3.22f1/PlaybackEngines/AndroidPlayer/Variations/il2cpp/Managed/UnityEngine.IMGUIModule.dll --allowed-assembly=/Applications/Unity/Hub/Editor/6000.3.22f1/PlaybackEngines/AndroidPlayer/Variations/il2cpp/Managed/UnityEngine.IdentifiersModule.dll --allowed-assembly=/Applications/Unity/Hub/Editor/6000.3.22f1/PlaybackEngines/AndroidPlayer/Variations/il2cpp/Managed/UnityEngine.ImageConversionModule.dll --allowed-assembly=/Applications/Unity/Hub/Editor/6000.3.22f1/PlaybackEngines/AndroidPlayer/Variations/il2cpp/Managed/UnityEngine.InputForUIModule.dll --allowed-assembly=/Applications/Unity/Hub/Editor/6000.3.22f1/PlaybackEngines/AndroidPlayer/Variations/il2cpp/Managed/UnityEngine.InputLegacyModule.dll --allowed-assembly=/Applications/Unity/Hub/Editor/6000.3.22f1/PlaybackEngines/AndroidPlayer/Variations/il2cpp/Managed/UnityEngine.InputModule.dll --allowed-assembly=/Applications/Unity/Hub/Editor/6000.3.22f1/PlaybackEngines/AndroidPlayer/Variations/il2cpp/Managed/UnityEngine.InsightsModule.dll --allowed-assembly=/Applications/Unity/Hub/Editor/6000.3.22f1/PlaybackEngines/AndroidPlayer/Variations/il2cpp/Managed/UnityEngine.JSONSerializeModule.dll --allowed-assembly=/Applications/Unity/Hub/Editor/6000.3.22f1/PlaybackEngines/AndroidPlayer/Variations/il2cpp/Managed/UnityEngine.LocalizationModule.dll --allowed-assembly=/Applications/Unity/Hub/Editor/6000.3.22f1/PlaybackEngines/AndroidPlayer/Variations/il2cpp/Managed/UnityEngine.MarshallingModule.dll --allowed-assembly=/Applications/Unity/Hub/Editor/6000.3.22f1/PlaybackEngines/AndroidPlayer/Variations/il2cpp/Managed/UnityEngine.MultiplayerModule.dll --allowed-assembly=/Applications/Unity/Hub/Editor/6000.3.22f1/PlaybackEngines/AndroidPlayer/Variations/il2cpp/Managed/UnityEngine.ParticleSystemModule.dll --allowed-assembly=/Applications/Unity/Hub/Editor/6000.3.22f1/PlaybackEngines/AndroidPlayer/Variations/il2cpp/Managed/UnityEngine.PerformanceReportingModule.dll --allowed-assembly=/Applications/Unity/Hub/Editor/6000.3.22f1/PlaybackEngines/AndroidPlayer/Variations/il2cpp/Managed/UnityEngine.Physics2DModule.dll --allowed-assembly=/Applications/Unity/Hub/Editor/6000.3.22f1/PlaybackEngines/AndroidPlayer/Variations/il2cpp/Managed/UnityEngine.PhysicsBackendPhysXModule.dll --allowed-assembly=/Applications/Unity/Hub/Editor/6000.3.22f1/PlaybackEngines/AndroidPlayer/Variations/il2cpp/Managed/UnityEngine.PhysicsModule.dll --allowed-assembly=/Applications/Unity/Hub/Editor/6000.3.22f1/PlaybackEngines/AndroidPlayer/Variations/il2cpp/Managed/UnityEngine.PropertiesModule.dll --allowed-assembly=/Applications/Unity/Hub/Editor/6000.3.22f1/PlaybackEngines/AndroidPlayer/Variations/il2cpp/Managed/UnityEngine.RenderAs2DModule.dll --allowed-assembly=/Applications/Unity/Hub/Editor/6000.3.22f1/PlaybackEngines/AndroidPlayer/Variations/il2cpp/Managed/UnityEngine.RuntimeInitializeOnLoadManagerInitializerModule.dll --allowed-assembly=/Applications/Unity/Hub/Editor/6000.3.22f1/PlaybackEngines/AndroidPlayer/Variations/il2cpp/Managed/UnityEngine.ScreenCaptureModule.dll --allowed-assembly=/Applications/Unity/Hub/Editor/6000.3.22f1/PlaybackEngines/AndroidPlayer/Variations/il2cpp/Managed/UnityEngine.ShaderRuntimeModule.dll --allowed-assembly=/Applications/Unity/Hub/Editor/6000.3.22f1/PlaybackEngines/AndroidPlayer/Variations/il2cpp/Managed/UnityEngine.ShaderVariantAnalyticsModule.dll --allowed-assembly=/Applications/Unity/Hub/Editor/6000.3.22f1/PlaybackEngines/AndroidPlayer/Variations/il2cpp/Managed/UnityEngine.SharedInternalsModule.dll --allowed-assembly=/Applications/Unity/Hub/Editor/6000.3.22f1/PlaybackEngines/AndroidPlayer/Variations/il2cpp/Managed/UnityEngine.SpriteMaskModule.dll --allowed-assembly=/Applications/Unity/Hub/Editor/6000.3.22f1/PlaybackEngines/AndroidPlayer/Variations/il2cpp/Managed/UnityEngine.SpriteShapeModule.dll --allowed-assembly=/Applications/Unity/Hub/Editor/6000.3.22f1/PlaybackEngines/AndroidPlayer/Variations/il2cpp/Managed/UnityEngine.StreamingModule.dll --allowed-assembly=/Applications/Unity/Hub/Editor/6000.3.22f1/PlaybackEngines/AndroidPlayer/Variations/il2cpp/Managed/UnityEngine.SubstanceModule.dll --allowed-assembly=/Applications/Unity/Hub/Editor/6000.3.22f1/PlaybackEngines/AndroidPlayer/Variations/il2cpp/Managed/UnityEngine.SubsystemsModule.dll --allowed-assembly=/Applications/Unity/Hub/Editor/6000.3.22f1/PlaybackEngines/AndroidPlayer/Variations/il2cpp/Managed/UnityEngine.TLSModule.dll --allowed-assembly=/Applications/Unity/Hub/Editor/6000.3.22f1/PlaybackEngines/AndroidPlayer/Variations/il2cpp/Managed/UnityEngine.TerrainModule.dll --allowed-assembly=/Applications/Unity/Hub/Editor/6000.3.22f1/PlaybackEngines/AndroidPlayer/Variations/il2cpp/Managed/UnityEngine.TerrainPhysicsModule.dll --allowed-assembly=/Applications/Unity/Hub/Editor/6000.3.22f1/PlaybackEngines/AndroidPlayer/Variations/il2cpp/Managed/UnityEngine.TextCoreFontEngineModule.dll --allowed-assembly=/Applications/Unity/Hub/Editor/6000.3.22f1/PlaybackEngines/AndroidPlayer/Variations/il2cpp/Managed/UnityEngine.TextCoreTextEngineModule.dll --allowed-assembly=/Applications/Unity/Hub/Editor/6000.3.22f1/PlaybackEngines/AndroidPlayer/Variations/il2cpp/Managed/UnityEngine.TextRenderingModule.dll --allowed-assembly=/Applications/Unity/Hub/Editor/6000.3.22f1/PlaybackEngines/AndroidPlayer/Variations/il2cpp/Managed/UnityEngine.TilemapModule.dll --allowed-assembly=/Applications/Unity/Hub/Editor/6000.3.22f1/PlaybackEngines/AndroidPlayer/Variations/il2cpp/Managed/UnityEngine.UIElementsModule.dll --allowed-assembly=/Applications/Unity/Hub/Editor/6000.3.22f1/PlaybackEngines/AndroidPlayer/Variations/il2cpp/Managed/UnityEngine.UIModule.dll --allowed-assembly=/Applications/Unity/Hub/Editor/6000.3.22f1/PlaybackEngines/AndroidPlayer/Variations/il2cpp/Managed/UnityEngine.UmbraModule.dll --allowed-assembly=/Applications/Unity/Hub/Editor/6000.3.22f1/PlaybackEngines/AndroidPlayer/Variations/il2cpp/Managed/UnityEngine.UnityAnalyticsCommonModule.dll --allowed-assembly=/Applications/Unity/Hub/Editor/6000.3.22f1/PlaybackEngines/AndroidPlayer/Variations/il2cpp/Managed/UnityEngine.UnityAnalyticsModule.dll --allowed-assembly=/Applications/Unity/Hub/Editor/6000.3.22f1/PlaybackEngines/AndroidPlayer/Variations/il2cpp/Managed/UnityEngine.UnityConnectModule.dll --allowed-assembly=/Applications/Unity/Hub/Editor/6000.3.22f1/PlaybackEngines/AndroidPlayer/Variations/il2cpp/Managed/UnityEngine.UnityConsentModule.dll --allowed-assembly=/Applications/Unity/Hub/Editor/6000.3.22f1/PlaybackEngines/AndroidPlayer/Variations/il2cpp/Managed/UnityEngine.UnityCurlModule.dll --allowed-assembly=/Applications/Unity/Hub/Editor/6000.3.22f1/PlaybackEngines/AndroidPlayer/Variations/il2cpp/Managed/UnityEngine.UnityWebRequestAssetBundleModule.dll --allowed-assembly=/Applications/Unity/Hub/Editor/6000.3.22f1/PlaybackEngines/AndroidPlayer/Variations/il2cpp/Managed/UnityEngine.UnityWebRequestAudioModule.dll --allowed-assembly=/Applications/Unity/Hub/Editor/6000.3.22f1/PlaybackEngines/AndroidPlayer/Variations/il2cpp/Managed/UnityEngine.UnityWebRequestModule.dll --allowed-assembly=/Applications/Unity/Hub/Editor/6000.3.22f1/PlaybackEngines/AndroidPlayer/Variations/il2cpp/Managed/UnityEngine.UnityWebRequestTextureModule.dll --allowed-assembly=/Applications/Unity/Hub/Editor/6000.3.22f1/PlaybackEngines/AndroidPlayer/Variations/il2cpp/Managed/UnityEngine.UnityWebRequestWWWModule.dll --allowed-assembly=/Applications/Unity/Hub/Editor/6000.3.22f1/PlaybackEngines/AndroidPlayer/Variations/il2cpp/Managed/UnityEngine.VFXModule.dll --allowed-assembly=/Applications/Unity/Hub/Editor/6000.3.22f1/PlaybackEngines/AndroidPlayer/Variations/il2cpp/Managed/UnityEngine.VRModule.dll --allowed-assembly=/Applications/Unity/Hub/Editor/6000.3.22f1/PlaybackEngines/AndroidPlayer/Variations/il2cpp/Managed/UnityEngine.VectorGraphicsModule.dll --allowed-assembly=/Applications/Unity/Hub/Editor/6000.3.22f1/PlaybackEngines/AndroidPlayer/Variations/il2cpp/Managed/UnityEngine.VehiclesModule.dll --allowed-assembly=/Applications/Unity/Hub/Editor/6000.3.22f1/PlaybackEngines/AndroidPlayer/Variations/il2cpp/Managed/UnityEngine.VideoModule.dll --allowed-assembly=/Applications/Unity/Hub/Editor/6000.3.22f1/PlaybackEngines/AndroidPlayer/Variations/il2cpp/Managed/UnityEngine.WindModule.dll --allowed-assembly=/Applications/Unity/Hub/Editor/6000.3.22f1/PlaybackEngines/AndroidPlayer/Variations/il2cpp/Managed/UnityEngine.XRModule.dll --allowed-assembly=/Applications/Unity/Hub/Editor/6000.3.22f1/PlaybackEngines/AndroidPlayer/Variations/il2cpp/Managed/UnityEngine.dll --allowed-assembly=/Users/mziwamadoda/Projects/Binteca/Interactive/milzetvrstudio/Unity/Library/Bee/PlayerScriptAssemblies/Assembly-CSharp.dll --allowed-assembly=/Users/mziwamadoda/Projects/Binteca/Interactive/milzetvrstudio/Unity/Library/Bee/PlayerScriptAssemblies/glTFast.dll --allowed-assembly=/Users/mziwamadoda/Projects/Binteca/Interactive/milzetvrstudio/Unity/Library/Bee/PlayerScriptAssemblies/glTFast.Documentation.Examples.dll --allowed-assembly=/Users/mziwamadoda/Projects/Binteca/Interactive/milzetvrstudio/Unity/Library/Bee/PlayerScriptAssemblies/glTFast.dots.dll --allowed-assembly=/Users/mziwamadoda/Projects/Binteca/Interactive/milzetvrstudio/Unity/Library/Bee/PlayerScriptAssemblies/glTFast.Export.dll --allowed-assembly=/Users/mziwamadoda/Projects/Binteca/Interactive/milzetvrstudio/Unity/Library/Bee/PlayerScriptAssemblies/glTFast.Newtonsoft.dll --allowed-assembly=/Users/mziwamadoda/Projects/Binteca/Interactive/milzetvrstudio/Unity/Library/Bee/PlayerScriptAssemblies/Meta.XR.BuildingBlocks.AIBlocks.dll --allowed-assembly=/Users/mziwamadoda/Projects/Binteca/Interactive/milzetvrstudio/Unity/Library/Bee/PlayerScriptAssemblies/Meta.XR.BuildingBlocks.DepthAPI.dll --allowed-assembly=/Users/mziwamadoda/Projects/Binteca/Interactive/milzetvrstudio/Unity/Library/Bee/PlayerScriptAssemblies/Meta.XR.BuildingBlocks.dll --allowed-assembly=/Users/mziwamadoda/Projects/Binteca/Interactive/milzetvrstudio/Unity/Library/Bee/PlayerScriptAssemblies/Meta.XR.EnvironmentDepth.dll --allowed-assembly=/Users/mziwamadoda/Projects/Binteca/Interactive/milzetvrstudio/Unity/Library/Bee/PlayerScriptAssemblies/Meta.XR.ImmersiveDebugger.dll --allowed-assembly=/Users/mziwamadoda/Projects/Binteca/Interactive/milzetvrstudio/Unity/Library/Bee/PlayerScriptAssemblies/Meta.XR.ImmersiveDebugger.Interface.dll --allowed-assembly=/Users/mziwamadoda/Projects/Binteca/Interactive/milzetvrstudio/Unity/Library/Bee/PlayerScriptAssemblies/meta.xr.mrutilitykit.dll --allowed-assembly=/Users/mziwamadoda/Projects/Binteca/Interactive/milzetvrstudio/Unity/Library/Bee/PlayerScriptAssemblies/Meta.XR.MultiplayerBlocks.Shared.dll --allowed-assembly=/Users/mziwamadoda/Projects/Binteca/Interactive/milzetvrstudio/Unity/Library/Bee/PlayerScriptAssemblies/Oculus.VR.dll --allowed-assembly=/Users/mziwamadoda/Projects/Binteca/Interactive/milzetvrstudio/Unity/Library/Bee/PlayerScriptAssemblies/Unity.AI.Navigation.dll --allowed-assembly=/Users/mziwamadoda/Projects/Binteca/Interactive/milzetvrstudio/Unity/Library/Bee/PlayerScriptAssemblies/Unity.Burst.dll --allowed-assembly=/Users/mziwamadoda/Projects/Binteca/Interactive/milzetvrstudio/Unity/Library/Bee/PlayerScriptAssemblies/Unity.Collections.dll --allowed-assembly=/Users/mziwamadoda/Projects/Binteca/Interactive/milzetvrstudio/Unity/Library/Bee/PlayerScriptAssemblies/Unity.InputSystem.dll --allowed-assembly=/Users/mziwamadoda/Projects/Binteca/Interactive/milzetvrstudio/Unity/Library/Bee/PlayerScriptAssemblies/Unity.InputSystem.ForUI.dll --allowed-assembly=/Users/mziwamadoda/Projects/Binteca/Interactive/milzetvrstudio/Unity/Library/Bee/PlayerScriptAssemblies/Unity.InternalAPIEngineBridge.004.dll --allowed-assembly=/Users/mziwamadoda/Projects/Binteca/Interactive/milzetvrstudio/Unity/Library/Bee/PlayerScriptAssemblies/Unity.Mathematics.dll --allowed-assembly=/Users/mziwamadoda/Projects/Binteca/Interactive/milzetvrstudio/Unity/Library/Bee/PlayerScriptAssemblies/Unity.TextMeshPro.dll --allowed-assembly=/Users/mziwamadoda/Projects/Binteca/Interactive/milzetvrstudio/Unity/Library/Bee/PlayerScriptAssemblies/Unity.Timeline.dll --allowed-assembly=/Users/mziwamadoda/Projects/Binteca/Interactive/milzetvrstudio/Unity/Library/Bee/PlayerScriptAssemblies/Unity.XR.CoreUtils.dll --allowed-assembly=/Users/mziwamadoda/Projects/Binteca/Interactive/milzetvrstudio/Unity/Library/Bee/PlayerScriptAssemblies/Unity.XR.Management.dll --allowed-assembly=/Users/mziwamadoda/Projects/Binteca/Interactive/milzetvrstudio/Unity/Library/Bee/PlayerScriptAssemblies/Unity.XR.OpenXR.dll --allowed-assembly=/Users/mziwamadoda/Projects/Binteca/Interactive/milzetvrstudio/Unity/Library/Bee/PlayerScriptAssemblies/Unity.XR.OpenXR.Features.ConformanceAutomation.dll --allowed-assembly=/Users/mziwamadoda/Projects/Binteca/Interactive/milzetvrstudio/Unity/Library/Bee/PlayerScriptAssemblies/Unity.XR.OpenXR.Features.MetaQuestSupport.dll --allowed-assembly=/Users/mziwamadoda/Projects/Binteca/Interactive/milzetvrstudio/Unity/Library/Bee/PlayerScriptAssemblies/Unity.XR.OpenXR.Features.MockRuntime.dll --allowed-assembly=/Users/mziwamadoda/Projects/Binteca/Interactive/milzetvrstudio/Unity/Library/Bee/PlayerScriptAssemblies/Unity.XR.OpenXR.Features.OculusQuestSupport.dll --allowed-assembly=/Users/mziwamadoda/Projects/Binteca/Interactive/milzetvrstudio/Unity/Library/Bee/PlayerScriptAssemblies/Unity.XR.OpenXR.Features.RuntimeDebugger.dll --allowed-assembly=/Users/mziwamadoda/Projects/Binteca/Interactive/milzetvrstudio/Unity/Library/Bee/PlayerScriptAssemblies/UnityEngine.SpatialTracking.dll --allowed-assembly=/Users/mziwamadoda/Projects/Binteca/Interactive/milzetvrstudio/Unity/Library/Bee/PlayerScriptAssemblies/UnityEngine.UI.dll --allowed-assembly=/Users/mziwamadoda/Projects/Binteca/Interactive/milzetvrstudio/Unity/Library/Bee/PlayerScriptAssemblies/UnityEngine.XR.LegacyInputHelpers.dll --allowed-assembly=/Users/mziwamadoda/Projects/Binteca/Interactive/milzetvrstudio/Unity/Library/PackageCache/com.unity.collections@84e8eb3fc12e/Unity.Collections.LowLevel.ILSupport/Unity.Collections.LowLevel.ILSupport.dll --allowed-assembly=/Users/mziwamadoda/Projects/Binteca/Interactive/milzetvrstudio/Unity/Library/PackageCache/com.unity.burst@2f3d916873ea/Unity.Burst.Unsafe.dll --allowed-assembly=/Users/mziwamadoda/Projects/Binteca/Interactive/milzetvrstudio/Unity/Library/PackageCache/com.unity.nuget.newtonsoft-json@4dfd81071c64/Runtime/AOT/Newtonsoft.Json.dll --allowed-assembly=/Applications/Unity/Hub/Editor/6000.3.22f1/Unity.app/Contents/Resources/Scripting/MonoBleedingEdge/lib/mono/unityaot-linux/Accessibility.dll --allowed-assembly=/Applications/Unity/Hub/Editor/6000.3.22f1/Unity.app/Contents/Resources/Scripting/MonoBleedingEdge/lib/mono/unityaot-linux/Facades/Microsoft.Win32.Primitives.dll --allowed-assembly=/Applications/Unity/Hub/Editor/6000.3.22f1/Unity.app/Contents/Resources/Scripting/MonoBleedingEdge/lib/mono/unityaot-linux/Facades/Microsoft.Win32.Registry.AccessControl.dll --allowed-assembly=/Applications/Unity/Hub/Editor/6000.3.22f1/Unity.app/Contents/Resources/Scripting/MonoBleedingEdge/lib/mono/unityaot-linux/Facades/Microsoft.Win32.Registry.dll --allowed-assembly=/Applications/Unity/Hub/Editor/6000.3.22f1/Unity.app/Contents/Resources/Scripting/MonoBleedingEdge/lib/mono/unityaot-linux/Facades/System.AppContext.dll --allowed-assembly=/Applications/Unity/Hub/Editor/6000.3.22f1/Unity.app/Contents/Resources/Scripting/MonoBleedingEdge/lib/mono/unityaot-linux/Facades/System.Buffers.dll --allowed-assembly=/Applications/Unity/Hub/Editor/6000.3.22f1/Unity.app/Contents/Resources/Scripting/MonoBleedingEdge/lib/mono/unityaot-linux/Facades/System.Collections.Concurrent.dll --allowed-assembly=/Applications/Unity/Hub/Editor/6000.3.22f1/Unity.app/Contents/Resources/Scripting/MonoBleedingEdge/lib/mono/unityaot-linux/Facades/System.Collections.NonGeneric.dll --allowed-assembly=/Applications/Unity/Hub/Editor/6000.3.22f1/Unity.app/Contents/Resources/Scripting/MonoBleedingEdge/lib/mono/unityaot-linux/Facades/System.Collections.Specialized.dll --allowed-assembly=/Applications/Unity/Hub/Editor/6000.3.22f1/Unity.app/Contents/Resources/Scripting/MonoBleedingEdge/lib/mono/unityaot-linux/Facades/System.Collections.dll --allowed-assembly=/Applications/Unity/Hub/Editor/6000.3.22f1/Unity.app/Contents/Resources/Scripting/MonoBleedingEdge/lib/mono/unityaot-linux/Facades/System.ComponentModel.Annotations.dll --allowed-assembly=/Applications/Unity/Hub/Editor/6000.3.22f1/Unity.app/Contents/Resources/Scripting/MonoBleedingEdge/lib/mono/unityaot-linux/Facades/System.ComponentModel.EventBasedAsync.dll --allowed-assembly=/Applications/Unity/Hub/Editor/6000.3.22f1/Unity.app/Contents/Resources/Scripting/MonoBleedingEdge/lib/mono/unityaot-linux/Facades/System.ComponentModel.Primitives.dll --allowed-assembly=/Applications/Unity/Hub/Editor/6000.3.22f1/Unity.app/Contents/Resources/Scripting/MonoBleedingEdge/lib/mono/unityaot-linux/Facades/System.ComponentModel.TypeConverter.dll --allowed-assembly=/Applications/Unity/Hub/Editor/6000.3.22f1/Unity.app/Contents/Resources/Scripting/MonoBleedingEdge/lib/mono/unityaot-linux/Facades/System.ComponentModel.dll --allowed-assembly=/Applications/Unity/Hub/Editor/6000.3.22f1/Unity.app/Contents/Resources/Scripting/MonoBleedingEdge/lib/mono/unityaot-linux/Facades/System.Console.dll --allowed-assembly=/Applications/Unity/Hub/Editor/6000.3.22f1/Unity.app/Contents/Resources/Scripting/MonoBleedingEdge/lib/mono/unityaot-linux/Facades/System.Data.Common.dll --allowed-assembly=/Applications/Unity/Hub/Editor/6000.3.22f1/Unity.app/Contents/Resources/Scripting/MonoBleedingEdge/lib/mono/unityaot-linux/Facades/System.Data.SqlClient.dll --allowed-assembly=/Applications/Unity/Hub/Editor/6000.3.22f1/Unity.app/Contents/Resources/Scripting/MonoBleedingEdge/lib/mono/unityaot-linux/Facades/System.Diagnostics.Contracts.dll --allowed-assembly=/Applications/Unity/Hub/Editor/6000.3.22f1/Unity.app/Contents/Resources/Scripting/MonoBleedingEdge/lib/mono/unityaot-linux/Facades/System.Diagnostics.Debug.dll --allowed-assembly=/Applications/Unity/Hub/Editor/6000.3.22f1/Unity.app/Contents/Resources/Scripting/MonoBleedingEdge/lib/mono/unityaot-linux/Facades/System.Diagnostics.FileVersionInfo.dll --allowed-assembly=/Applications/Unity/Hub/Editor/6000.3.22f1/Unity.app/Contents/Resources/Scripting/MonoBleedingEdge/lib/mono/unityaot-linux/Facades/System.Diagnostics.Process.dll --allowed-assembly=/Applications/Unity/Hub/Editor/6000.3.22f1/Unity.app/Contents/Resources/Scripting/MonoBleedingEdge/lib/mono/unityaot-linux/Facades/System.Diagnostics.StackTrace.dll --allowed-assembly=/Applications/Unity/Hub/Editor/6000.3.22f1/Unity.app/Contents/Resources/Scripting/MonoBleedingEdge/lib/mono/unityaot-linux/Facades/System.Diagnostics.TextWriterTraceListener.dll --allowed-assembly=/Applications/Unity/Hub/Editor/6000.3.22f1/Unity.app/Contents/Resources/Scripting/MonoBleedingEdge/lib/mono/unityaot-linux/Facades/System.Diagnostics.Tools.dll --allowed-assembly=/Applications/Unity/Hub/Editor/6000.3.22f1/Unity.app/Contents/Resources/Scripting/MonoBleedingEdge/lib/mono/unityaot-linux/Facades/System.Diagnostics.TraceEvent.dll --allowed-assembly=/Applications/Unity/Hub/Editor/6000.3.22f1/Unity.app/Contents/Resources/Scripting/MonoBleedingEdge/lib/mono/unityaot-linux/Facades/System.Diagnostics.TraceSource.dll --allowed-assembly=/Applications/Unity/Hub/Editor/6000.3.22f1/Unity.app/Contents/Resources/Scripting/MonoBleedingEdge/lib/mono/unityaot-linux/Facades/System.Diagnostics.Tracing.dll --allowed-assembly=/Applications/Unity/Hub/Editor/6000.3.22f1/Unity.app/Contents/Resources/Scripting/MonoBleedingEdge/lib/mono/unityaot-linux/Facades/System.Drawing.Primitives.dll --allowed-assembly=/Applications/Unity/Hub/Editor/6000.3.22f1/Unity.app/Contents/Resources/Scripting/MonoBleedingEdge/lib/mono/unityaot-linux/Facades/System.Dynamic.Runtime.dll --allowed-assembly=/Applications/Unity/Hub/Editor/6000.3.22f1/Unity.app/Contents/Resources/Scripting/MonoBleedingEdge/lib/mono/unityaot-linux/Facades/System.Globalization.Calendars.dll --allowed-assembly=/Applications/Unity/Hub/Editor/6000.3.22f1/Unity.app/Contents/Resources/Scripting/MonoBleedingEdge/lib/mono/unityaot-linux/Facades/System.Globalization.Extensions.dll --allowed-assembly=/Applications/Unity/Hub/Editor/6000.3.22f1/Unity.app/Contents/Resources/Scripting/MonoBleedingEdge/lib/mono/unityaot-linux/Facades/System.Globalization.dll --allowed-assembly=/Applications/Unity/Hub/Editor/6000.3.22f1/Unity.app/Contents/Resources/Scripting/MonoBleedingEdge/lib/mono/unityaot-linux/Facades/System.IO.Compression.ZipFile.dll --allowed-assembly=/Applications/Unity/Hub/Editor/6000.3.22f1/Unity.app/Contents/Resources/Scripting/MonoBleedingEdge/lib/mono/unityaot-linux/Facades/System.IO.FileSystem.AccessControl.dll --allowed-assembly=/Applications/Unity/Hub/Editor/6000.3.22f1/Unity.app/Contents/Resources/Scripting/MonoBleedingEdge/lib/mono/unityaot-linux/Facades/System.IO.FileSystem.DriveInfo.dll --allowed-assembly=/Applications/Unity/Hub/Editor/6000.3.22f1/Unity.app/Contents/Resources/Scripting/MonoBleedingEdge/lib/mono/unityaot-linux/Facades/System.IO.FileSystem.Primitives.dll --allowed-assembly=/Applications/Unity/Hub/Editor/6000.3.22f1/Unity.app/Contents/Resources/Scripting/MonoBleedingEdge/lib/mono/unityaot-linux/Facades/System.IO.FileSystem.Watcher.dll --allowed-assembly=/Applications/Unity/Hub/Editor/6000.3.22f1/Unity.app/Contents/Resources/Scripting/MonoBleedingEdge/lib/mono/unityaot-linux/Facades/System.IO.FileSystem.dll --allowed-assembly=/Applications/Unity/Hub/Editor/6000.3.22f1/Unity.app/Contents/Resources/Scripting/MonoBleedingEdge/lib/mono/unityaot-linux/Facades/System.IO.IsolatedStorage.dll --allowed-assembly=/Applications/Unity/Hub/Editor/6000.3.22f1/Unity.app/Contents/Resources/Scripting/MonoBleedingEdge/lib/mono/unityaot-linux/Facades/System.IO.MemoryMappedFiles.dll --allowed-assembly=/Applications/Unity/Hub/Editor/6000.3.22f1/Unity.app/Contents/Resources/Scripting/MonoBleedingEdge/lib/mono/unityaot-linux/Facades/System.IO.Pipes.dll --allowed-assembly=/Applications/Unity/Hub/Editor/6000.3.22f1/Unity.app/Contents/Resources/Scripting/MonoBleedingEdge/lib/mono/unityaot-linux/Facades/System.IO.UnmanagedMemoryStream.dll --allowed-assembly=/Applications/Unity/Hub/Editor/6000.3.22f1/Unity.app/Contents/Resources/Scripting/MonoBleedingEdge/lib/mono/unityaot-linux/Facades/System.IO.dll --allowed-assembly=/Applications/Unity/Hub/Editor/6000.3.22f1/Unity.app/Contents/Resources/Scripting/MonoBleedingEdge/lib/mono/unityaot-linux/Facades/System.Linq.Expressions.dll --allowed-assembly=/Applications/Unity/Hub/Editor/6000.3.22f1/Unity.app/Contents/Resources/Scripting/MonoBleedingEdge/lib/mono/unityaot-linux/Facades/System.Linq.Parallel.dll --allowed-assembly=/Applications/Unity/Hub/Editor/6000.3.22f1/Unity.app/Contents/Resources/Scripting/MonoBleedingEdge/lib/mono/unityaot-linux/Facades/System.Linq.Queryable.dll --allowed-assembly=/Applications/Unity/Hub/Editor/6000.3.22f1/Unity.app/Contents/Resources/Scripting/MonoBleedingEdge/lib/mono/unityaot-linux/Facades/System.Linq.dll --allowed-assembly=/Applications/Unity/Hub/Editor/6000.3.22f1/Unity.app/Contents/Resources/Scripting/MonoBleedingEdge/lib/mono/unityaot-linux/Facades/System.Memory.dll --allowed-assembly=/Applications/Unity/Hub/Editor/6000.3.22f1/Unity.app/Contents/Resources/Scripting/MonoBleedingEdge/lib/mono/unityaot-linux/Facades/System.Net.AuthenticationManager.dll --allowed-assembly=/Applications/Unity/Hub/Editor/6000.3.22f1/Unity.app/Contents/Resources/Scripting/MonoBleedingEdge/lib/mono/unityaot-linux/Facades/System.Net.Cache.dll --allowed-assembly=/Applications/Unity/Hub/Editor/6000.3.22f1/Unity.app/Contents/Resources/Scripting/MonoBleedingEdge/lib/mono/unityaot-linux/Facades/System.Net.HttpListener.dll --allowed-assembly=/Applications/Unity/Hub/Editor/6000.3.22f1/Unity.app/Contents/Resources/Scripting/MonoBleedingEdge/lib/mono/unityaot-linux/Facades/System.Net.Mail.dll --allowed-assembly=/Applications/Unity/Hub/Editor/6000.3.22f1/Unity.app/Contents/Resources/Scripting/MonoBleedingEdge/lib/mono/unityaot-linux/Facades/System.Net.NameResolution.dll --allowed-assembly=/Applications/Unity/Hub/Editor/6000.3.22f1/Unity.app/Contents/Resources/Scripting/MonoBleedingEdge/lib/mono/unityaot-linux/Facades/System.Net.NetworkInformation.dll --allowed-assembly=/Applications/Unity/Hub/Editor/6000.3.22f1/Unity.app/Contents/Resources/Scripting/MonoBleedingEdge/lib/mono/unityaot-linux/Facades/System.Net.Ping.dll --allowed-assembly=/Applications/Unity/Hub/Editor/6000.3.22f1/Unity.app/Contents/Resources/Scripting/MonoBleedingEdge/lib/mono/unityaot-linux/Facades/System.Net.Primitives.dll --allowed-assembly=/Applications/Unity/Hub/Editor/6000.3.22f1/Unity.app/Contents/Resources/Scripting/MonoBleedingEdge/lib/mono/unityaot-linux/Facades/System.Net.Requests.dll --allowed-assembly=/Applications/Unity/Hub/Editor/6000.3.22f1/Unity.app/Contents/Resources/Scripting/MonoBleedingEdge/lib/mono/unityaot-linux/Facades/System.Net.Security.dll --allowed-assembly=/Applications/Unity/Hub/Editor/6000.3.22f1/Unity.app/Contents/Resources/Scripting/MonoBleedingEdge/lib/mono/unityaot-linux/Facades/System.Net.ServicePoint.dll --allowed-assembly=/Applications/Unity/Hub/Editor/6000.3.22f1/Unity.app/Contents/Resources/Scripting/MonoBleedingEdge/lib/mono/unityaot-linux/Facades/System.Net.Sockets.dll --allowed-assembly=/Applications/Unity/Hub/Editor/6000.3.22f1/Unity.app/Contents/Resources/Scripting/MonoBleedingEdge/lib/mono/unityaot-linux/Facades/System.Net.Utilities.dll --allowed-assembly=/Applications/Unity/Hub/Editor/6000.3.22f1/Unity.app/Contents/Resources/Scripting/MonoBleedingEdge/lib/mono/unityaot-linux/Facades/System.Net.WebHeaderCollection.dll --allowed-assembly=/Applications/Unity/Hub/Editor/6000.3.22f1/Unity.app/Contents/Resources/Scripting/MonoBleedingEdge/lib/mono/unityaot-linux/Facades/System.Net.WebSockets.Client.dll --allowed-assembly=/Applications/Unity/Hub/Editor/6000.3.22f1/Unity.app/Contents/Resources/Scripting/MonoBleedingEdge/lib/mono/unityaot-linux/Facades/System.Net.WebSockets.dll --allowed-assembly=/Applications/Unity/Hub/Editor/6000.3.22f1/Unity.app/Contents/Resources/Scripting/MonoBleedingEdge/lib/mono/unityaot-linux/Facades/System.ObjectModel.dll --allowed-assembly=/Applications/Unity/Hub/Editor/6000.3.22f1/Unity.app/Contents/Resources/Scripting/MonoBleedingEdge/lib/mono/unityaot-linux/Facades/System.Reflection.DispatchProxy.dll --allowed-assembly=/Applications/Unity/Hub/Editor/6000.3.22f1/Unity.app/Contents/Resources/Scripting/MonoBleedingEdge/lib/mono/unityaot-linux/Facades/System.Reflection.Emit.ILGeneration.dll --allowed-assembly=/Applications/Unity/Hub/Editor/6000.3.22f1/Unity.app/Contents/Resources/Scripting/MonoBleedingEdge/lib/mono/unityaot-linux/Facades/System.Reflection.Emit.Lightweight.dll --allowed-assembly=/Applications/Unity/Hub/Editor/6000.3.22f1/Unity.app/Contents/Resources/Scripting/MonoBleedingEdge/lib/mono/unityaot-linux/Facades/System.Reflection.Emit.dll --allowed-assembly=/Applications/Unity/Hub/Editor/6000.3.22f1/Unity.app/Contents/Resources/Scripting/MonoBleedingEdge/lib/mono/unityaot-linux/Facades/System.Reflection.Extensions.dll --allowed-assembly=/Applications/Unity/Hub/Editor/6000.3.22f1/Unity.app/Contents/Resources/Scripting/MonoBleedingEdge/lib/mono/unityaot-linux/Facades/System.Reflection.Primitives.dll --allowed-assembly=/Applications/Unity/Hub/Editor/6000.3.22f1/Unity.app/Contents/Resources/Scripting/MonoBleedingEdge/lib/mono/unityaot-linux/Facades/System.Reflection.TypeExtensions.dll --allowed-assembly=/Applications/Unity/Hub/Editor/6000.3.22f1/Unity.app/Contents/Resources/Scripting/MonoBleedingEdge/lib/mono/unityaot-linux/Facades/System.Reflection.dll --allowed-assembly=/Applications/Unity/Hub/Editor/6000.3.22f1/Unity.app/Contents/Resources/Scripting/MonoBleedingEdge/lib/mono/unityaot-linux/Facades/System.Resources.Reader.dll --allowed-assembly=/Applications/Unity/Hub/Editor/6000.3.22f1/Unity.app/Contents/Resources/Scripting/MonoBleedingEdge/lib/mono/unityaot-linux/Facades/System.Resources.ReaderWriter.dll --allowed-assembly=/Applications/Unity/Hub/Editor/6000.3.22f1/Unity.app/Contents/Resources/Scripting/MonoBleedingEdge/lib/mono/unityaot-linux/Facades/System.Resources.ResourceManager.dll --allowed-assembly=/Applications/Unity/Hub/Editor/6000.3.22f1/Unity.app/Contents/Resources/Scripting/MonoBleedingEdge/lib/mono/unityaot-linux/Facades/System.Resources.Writer.dll --allowed-assembly=/Applications/Unity/Hub/Editor/6000.3.22f1/Unity.app/Contents/Resources/Scripting/MonoBleedingEdge/lib/mono/unityaot-linux/Facades/System.Runtime.CompilerServices.VisualC.dll --allowed-assembly=/Applications/Unity/Hub/Editor/6000.3.22f1/Unity.app/Contents/Resources/Scripting/MonoBleedingEdge/lib/mono/unityaot-linux/Facades/System.Runtime.Extensions.dll --allowed-assembly=/Applications/Unity/Hub/Editor/6000.3.22f1/Unity.app/Contents/Resources/Scripting/MonoBleedingEdge/lib/mono/unityaot-linux/Facades/System.Runtime.Handles.dll --allowed-assembly=/Applications/Unity/Hub/Editor/6000.3.22f1/Unity.app/Contents/Resources/Scripting/MonoBleedingEdge/lib/mono/unityaot-linux/Facades/System.Runtime.InteropServices.RuntimeInformation.dll --allowed-assembly=/Applications/Unity/Hub/Editor/6000.3.22f1/Unity.app/Contents/Resources/Scripting/MonoBleedingEdge/lib/mono/unityaot-linux/Facades/System.Runtime.InteropServices.WindowsRuntime.dll --allowed-assembly=/Applications/Unity/Hub/Editor/6000.3.22f1/Unity.app/Contents/Resources/Scripting/MonoBleedingEdge/lib/mono/unityaot-linux/Facades/System.Runtime.InteropServices.dll --allowed-assembly=/Applications/Unity/Hub/Editor/6000.3.22f1/Unity.app/Contents/Resources/Scripting/MonoBleedingEdge/lib/mono/unityaot-linux/Facades/System.Runtime.Loader.dll --allowed-assembly=/Applications/Unity/Hub/Editor/6000.3.22f1/Unity.app/Contents/Resources/Scripting/MonoBleedingEdge/lib/mono/unityaot-linux/Facades/System.Runtime.Numerics.dll --allowed-assembly=/Applications/Unity/Hub/Editor/6000.3.22f1/Unity.app/Contents/Resources/Scripting/MonoBleedingEdge/lib/mono/unityaot-linux/Facades/System.Runtime.Serialization.Formatters.dll --allowed-assembly=/Applications/Unity/Hub/Editor/6000.3.22f1/Unity.app/Contents/Resources/Scripting/MonoBleedingEdge/lib/mono/unityaot-linux/Facades/System.Runtime.Serialization.Json.dll --allowed-assembly=/Applications/Unity/Hub/Editor/6000.3.22f1/Unity.app/Contents/Resources/Scripting/MonoBleedingEdge/lib/mono/unityaot-linux/Facades/System.Runtime.Serialization.Primitives.dll --allowed-assembly=/Applications/Unity/Hub/Editor/6000.3.22f1/Unity.app/Contents/Resources/Scripting/MonoBleedingEdge/lib/mono/unityaot-linux/Facades/System.Runtime.Serialization.Xml.dll --allowed-assembly=/Applications/Unity/Hub/Editor/6000.3.22f1/Unity.app/Contents/Resources/Scripting/MonoBleedingEdge/lib/mono/unityaot-linux/Facades/System.Runtime.dll --allowed-assembly=/Applications/Unity/Hub/Editor/6000.3.22f1/Unity.app/Contents/Resources/Scripting/MonoBleedingEdge/lib/mono/unityaot-linux/Facades/System.Security.AccessControl.dll --allowed-assembly=/Applications/Unity/Hub/Editor/6000.3.22f1/Unity.app/Contents/Resources/Scripting/MonoBleedingEdge/lib/mono/unityaot-linux/Facades/System.Security.Claims.dll --allowed-assembly=/Applications/Unity/Hub/Editor/6000.3.22f1/Unity.app/Contents/Resources/Scripting/MonoBleedingEdge/lib/mono/unityaot-linux/Facades/System.Security.Cryptography.Algorithms.dll --allowed-assembly=/Applications/Unity/Hub/Editor/6000.3.22f1/Unity.app/Contents/Resources/Scripting/MonoBleedingEdge/lib/mono/unityaot-linux/Facades/System.Security.Cryptography.Cng.dll --allowed-assembly=/Applications/Unity/Hub/Editor/6000.3.22f1/Unity.app/Contents/Resources/Scripting/MonoBleedingEdge/lib/mono/unityaot-linux/Facades/System.Security.Cryptography.Csp.dll --allowed-assembly=/Applications/Unity/Hub/Editor/6000.3.22f1/Unity.app/Contents/Resources/Scripting/MonoBleedingEdge/lib/mono/unityaot-linux/Facades/System.Security.Cryptography.DeriveBytes.dll --allowed-assembly=/Applications/Unity/Hub/Editor/6000.3.22f1/Unity.app/Contents/Resources/Scripting/MonoBleedingEdge/lib/mono/unityaot-linux/Facades/System.Security.Cryptography.Encoding.dll --allowed-assembly=/Applications/Unity/Hub/Editor/6000.3.22f1/Unity.app/Contents/Resources/Scripting/MonoBleedingEdge/lib/mono/unityaot-linux/Facades/System.Security.Cryptography.Encryption.Aes.dll --allowed-assembly=/Applications/Unity/Hub/Editor/6000.3.22f1/Unity.app/Contents/Resources/Scripting/MonoBleedingEdge/lib/mono/unityaot-linux/Facades/System.Security.Cryptography.Encryption.ECDiffieHellman.dll --allowed-assembly=/Applications/Unity/Hub/Editor/6000.3.22f1/Unity.app/Contents/Resources/Scripting/MonoBleedingEdge/lib/mono/unityaot-linux/Facades/System.Security.Cryptography.Encryption.ECDsa.dll --allowed-assembly=/Applications/Unity/Hub/Editor/6000.3.22f1/Unity.app/Contents/Resources/Scripting/MonoBleedingEdge/lib/mono/unityaot-linux/Facades/System.Security.Cryptography.Encryption.dll --allowed-assembly=/Applications/Unity/Hub/Editor/6000.3.22f1/Unity.app/Contents/Resources/Scripting/MonoBleedingEdge/lib/mono/unityaot-linux/Facades/System.Security.Cryptography.Hashing.Algorithms.dll --allowed-assembly=/Applications/Unity/Hub/Editor/6000.3.22f1/Unity.app/Contents/Resources/Scripting/MonoBleedingEdge/lib/mono/unityaot-linux/Facades/System.Security.Cryptography.Hashing.dll --allowed-assembly=/Applications/Unity/Hub/Editor/6000.3.22f1/Unity.app/Contents/Resources/Scripting/MonoBleedingEdge/lib/mono/unityaot-linux/Facades/System.Security.Cryptography.OpenSsl.dll --allowed-assembly=/Applications/Unity/Hub/Editor/6000.3.22f1/Unity.app/Contents/Resources/Scripting/MonoBleedingEdge/lib/mono/unityaot-linux/Facades/System.Security.Cryptography.Pkcs.dll --allowed-assembly=/Applications/Unity/Hub/Editor/6000.3.22f1/Unity.app/Contents/Resources/Scripting/MonoBleedingEdge/lib/mono/unityaot-linux/Facades/System.Security.Cryptography.Primitives.dll --allowed-assembly=/Applications/Unity/Hub/Editor/6000.3.22f1/Unity.app/Contents/Resources/Scripting/MonoBleedingEdge/lib/mono/unityaot-linux/Facades/System.Security.Cryptography.ProtectedData.dll --allowed-assembly=/Applications/Unity/Hub/Editor/6000.3.22f1/Unity.app/Contents/Resources/Scripting/MonoBleedingEdge/lib/mono/unityaot-linux/Facades/System.Security.Cryptography.RSA.dll --allowed-assembly=/Applications/Unity/Hub/Editor/6000.3.22f1/Unity.app/Contents/Resources/Scripting/MonoBleedingEdge/lib/mono/unityaot-linux/Facades/System.Security.Cryptography.RandomNumberGenerator.dll --allowed-assembly=/Applications/Unity/Hub/Editor/6000.3.22f1/Unity.app/Contents/Resources/Scripting/MonoBleedingEdge/lib/mono/unityaot-linux/Facades/System.Security.Cryptography.X509Certificates.dll --allowed-assembly=/Applications/Unity/Hub/Editor/6000.3.22f1/Unity.app/Contents/Resources/Scripting/MonoBleedingEdge/lib/mono/unityaot-linux/Facades/System.Security.Principal.Windows.dll --allowed-assembly=/Applications/Unity/Hub/Editor/6000.3.22f1/Unity.app/Contents/Resources/Scripting/MonoBleedingEdge/lib/mono/unityaot-linux/Facades/System.Security.Principal.dll --allowed-assembly=/Applications/Unity/Hub/Editor/6000.3.22f1/Unity.app/Contents/Resources/Scripting/MonoBleedingEdge/lib/mono/unityaot-linux/Facades/System.Security.SecureString.dll --allowed-assembly=/Applications/Unity/Hub/Editor/6000.3.22f1/Unity.app/Contents/Resources/Scripting/MonoBleedingEdge/lib/mono/unityaot-linux/Facades/System.ServiceModel.Duplex.dll --allowed-assembly=/Applications/Unity/Hub/Editor/6000.3.22f1/Unity.app/Contents/Resources/Scripting/MonoBleedingEdge/lib/mono/unityaot-linux/Facades/System.ServiceModel.Http.dll --allowed-assembly=/Applications/Unity/Hub/Editor/6000.3.22f1/Unity.app/Contents/Resources/Scripting/MonoBleedingEdge/lib/mono/unityaot-linux/Facades/System.ServiceModel.NetTcp.dll --allowed-assembly=/Applications/Unity/Hub/Editor/6000.3.22f1/Unity.app/Contents/Resources/Scripting/MonoBleedingEdge/lib/mono/unityaot-linux/Facades/System.ServiceModel.Primitives.dll --allowed-assembly=/Applications/Unity/Hub/Editor/6000.3.22f1/Unity.app/Contents/Resources/Scripting/MonoBleedingEdge/lib/mono/unityaot-linux/Facades/System.ServiceModel.Security.dll --allowed-assembly=/Applications/Unity/Hub/Editor/6000.3.22f1/Unity.app/Contents/Resources/Scripting/MonoBleedingEdge/lib/mono/unityaot-linux/Facades/System.ServiceProcess.ServiceController.dll --allowed-assembly=/Applications/Unity/Hub/Editor/6000.3.22f1/Unity.app/Contents/Resources/Scripting/MonoBleedingEdge/lib/mono/unityaot-linux/Facades/System.Text.Encoding.CodePages.dll --allowed-assembly=/Applications/Unity/Hub/Editor/6000.3.22f1/Unity.app/Contents/Resources/Scripting/MonoBleedingEdge/lib/mono/unityaot-linux/Facades/System.Text.Encoding.Extensions.dll --allowed-assembly=/Applications/Unity/Hub/Editor/6000.3.22f1/Unity.app/Contents/Resources/Scripting/MonoBleedingEdge/lib/mono/unityaot-linux/Facades/System.Text.Encoding.dll --allowed-assembly=/Applications/Unity/Hub/Editor/6000.3.22f1/Unity.app/Contents/Resources/Scripting/MonoBleedingEdge/lib/mono/unityaot-linux/Facades/System.Text.RegularExpressions.dll --allowed-assembly=/Applications/Unity/Hub/Editor/6000.3.22f1/Unity.app/Contents/Resources/Scripting/MonoBleedingEdge/lib/mono/unityaot-linux/Facades/System.Threading.AccessControl.dll --allowed-assembly=/Applications/Unity/Hub/Editor/6000.3.22f1/Unity.app/Contents/Resources/Scripting/MonoBleedingEdge/lib/mono/unityaot-linux/Facades/System.Threading.Overlapped.dll --allowed-assembly=/Applications/Unity/Hub/Editor/6000.3.22f1/Unity.app/Contents/Resources/Scripting/MonoBleedingEdge/lib/mono/unityaot-linux/Facades/System.Threading.Tasks.Extensions.dll --allowed-assembly=/Applications/Unity/Hub/Editor/6000.3.22f1/Unity.app/Contents/Resources/Scripting/MonoBleedingEdge/lib/mono/unityaot-linux/Facades/System.Threading.Tasks.Parallel.dll --allowed-assembly=/Applications/Unity/Hub/Editor/6000.3.22f1/Unity.app/Contents/Resources/Scripting/MonoBleedingEdge/lib/mono/unityaot-linux/Facades/System.Threading.Tasks.dll --allowed-assembly=/Applications/Unity/Hub/Editor/6000.3.22f1/Unity.app/Contents/Resources/Scripting/MonoBleedingEdge/lib/mono/unityaot-linux/Facades/System.Threading.Thread.dll --allowed-assembly=/Applications/Unity/Hub/Editor/6000.3.22f1/Unity.app/Contents/Resources/Scripting/MonoBleedingEdge/lib/mono/unityaot-linux/Facades/System.Threading.ThreadPool.dll --allowed-assembly=/Applications/Unity/Hub/Editor/6000.3.22f1/Unity.app/Contents/Resources/Scripting/MonoBleedingEdge/lib/mono/unityaot-linux/Facades/System.Threading.Timer.dll --allowed-assembly=/Applications/Unity/Hub/Editor/6000.3.22f1/Unity.app/Contents/Resources/Scripting/MonoBleedingEdge/lib/mono/unityaot-linux/Facades/System.Threading.dll --allowed-assembly=/Applications/Unity/Hub/Editor/6000.3.22f1/Unity.app/Contents/Resources/Scripting/MonoBleedingEdge/lib/mono/unityaot-linux/Facades/System.ValueTuple.dll --allowed-assembly=/Applications/Unity/Hub/Editor/6000.3.22f1/Unity.app/Contents/Resources/Scripting/MonoBleedingEdge/lib/mono/unityaot-linux/Facades/System.Xml.ReaderWriter.dll --allowed-assembly=/Applications/Unity/Hub/Editor/6000.3.22f1/Unity.app/Contents/Resources/Scripting/MonoBleedingEdge/lib/mono/unityaot-linux/Facades/System.Xml.XDocument.dll --allowed-assembly=/Applications/Unity/Hub/Editor/6000.3.22f1/Unity.app/Contents/Resources/Scripting/MonoBleedingEdge/lib/mono/unityaot-linux/Facades/System.Xml.XPath.XDocument.dll --allowed-assembly=/Applications/Unity/Hub/Editor/6000.3.22f1/Unity.app/Contents/Resources/Scripting/MonoBleedingEdge/lib/mono/unityaot-linux/Facades/System.Xml.XPath.XmlDocument.dll --allowed-assembly=/Applications/Unity/Hub/Editor/6000.3.22f1/Unity.app/Contents/Resources/Scripting/MonoBleedingEdge/lib/mono/unityaot-linux/Facades/System.Xml.XPath.dll --allowed-assembly=/Applications/Unity/Hub/Editor/6000.3.22f1/Unity.app/Contents/Resources/Scripting/MonoBleedingEdge/lib/mono/unityaot-linux/Facades/System.Xml.XmlDocument.dll --allowed-assembly=/Applications/Unity/Hub/Editor/6000.3.22f1/Unity.app/Contents/Resources/Scripting/MonoBleedingEdge/lib/mono/unityaot-linux/Facades/System.Xml.XmlSerializer.dll --allowed-assembly=/Applications/Unity/Hub/Editor/6000.3.22f1/Unity.app/Contents/Resources/Scripting/MonoBleedingEdge/lib/mono/unityaot-linux/Facades/System.Xml.Xsl.Primitives.dll --allowed-assembly=/Applications/Unity/Hub/Editor/6000.3.22f1/Unity.app/Contents/Resources/Scripting/MonoBleedingEdge/lib/mono/unityaot-linux/Facades/netstandard.dll --allowed-assembly=/Applications/Unity/Hub/Editor/6000.3.22f1/Unity.app/Contents/Resources/Scripting/MonoBleedingEdge/lib/mono/unityaot-linux/I18N.CJK.dll --allowed-assembly=/Applications/Unity/Hub/Editor/6000.3.22f1/Unity.app/Contents/Resources/Scripting/MonoBleedingEdge/lib/mono/unityaot-linux/I18N.MidEast.dll --allowed-assembly=/Applications/Unity/Hub/Editor/6000.3.22f1/Unity.app/Contents/Resources/Scripting/MonoBleedingEdge/lib/mono/unityaot-linux/I18N.Other.dll --allowed-assembly=/Applications/Unity/Hub/Editor/6000.3.22f1/Unity.app/Contents/Resources/Scripting/MonoBleedingEdge/lib/mono/unityaot-linux/I18N.Rare.dll --allowed-assembly=/Applications/Unity/Hub/Editor/6000.3.22f1/Unity.app/Contents/Resources/Scripting/MonoBleedingEdge/lib/mono/unityaot-linux/I18N.West.dll --allowed-assembly=/Applications/Unity/Hub/Editor/6000.3.22f1/Unity.app/Contents/Resources/Scripting/MonoBleedingEdge/lib/mono/unityaot-linux/I18N.dll --allowed-assembly=/Applications/Unity/Hub/Editor/6000.3.22f1/Unity.app/Contents/Resources/Scripting/MonoBleedingEdge/lib/mono/unityaot-linux/Microsoft.CSharp.dll --allowed-assembly=/Applications/Unity/Hub/Editor/6000.3.22f1/Unity.app/Contents/Resources/Scripting/MonoBleedingEdge/lib/mono/unityaot-linux/Mono.Data.Sqlite.dll --allowed-assembly=/Applications/Unity/Hub/Editor/6000.3.22f1/Unity.app/Contents/Resources/Scripting/MonoBleedingEdge/lib/mono/unityaot-linux/Mono.Data.Tds.dll --allowed-assembly=/Applications/Unity/Hub/Editor/6000.3.22f1/Unity.app/Contents/Resources/Scripting/MonoBleedingEdge/lib/mono/unityaot-linux/Mono.Security.dll --allowed-assembly=/Applications/Unity/Hub/Editor/6000.3.22f1/Unity.app/Contents/Resources/Scripting/MonoBleedingEdge/lib/mono/unityaot-linux/System.ComponentModel.Composition.dll --allowed-assembly=/Applications/Unity/Hub/Editor/6000.3.22f1/Unity.app/Contents/Resources/Scripting/MonoBleedingEdge/lib/mono/unityaot-linux/System.ComponentModel.DataAnnotations.dll --allowed-assembly=/Applications/Unity/Hub/Editor/6000.3.22f1/Unity.app/Contents/Resources/Scripting/MonoBleedingEdge/lib/mono/unityaot-linux/System.Configuration.Install.dll --allowed-assembly=/Applications/Unity/Hub/Editor/6000.3.22f1/Unity.app/Contents/Resources/Scripting/MonoBleedingEdge/lib/mono/unityaot-linux/System.Configuration.dll --allowed-assembly=/Applications/Unity/Hub/Editor/6000.3.22f1/Unity.app/Contents/Resources/Scripting/MonoBleedingEdge/lib/mono/unityaot-linux/System.Core.dll --allowed-assembly=/Applications/Unity/Hub/Editor/6000.3.22f1/Unity.app/Contents/Resources/Scripting/MonoBleedingEdge/lib/mono/unityaot-linux/System.Data.DataSetExtensions.dll --allowed-assembly=/Applications/Unity/Hub/Editor/6000.3.22f1/Unity.app/Contents/Resources/Scripting/MonoBleedingEdge/lib/mono/unityaot-linux/System.Data.Entity.dll --allowed-assembly=/Applications/Unity/Hub/Editor/6000.3.22f1/Unity.app/Contents/Resources/Scripting/MonoBleedingEdge/lib/mono/unityaot-linux/System.Data.Linq.dll --allowed-assembly=/Applications/Unity/Hub/Editor/6000.3.22f1/Unity.app/Contents/Resources/Scripting/MonoBleedingEdge/lib/mono/unityaot-linux/System.Data.OracleClient.dll --allowed-assembly=/Applications/Unity/Hub/Editor/6000.3.22f1/Unity.app/Contents/Resources/Scripting/MonoBleedingEdge/lib/mono/unityaot-linux/System.Data.Services.Client.dll --allowed-assembly=/Applications/Unity/Hub/Editor/6000.3.22f1/Unity.app/Contents/Resources/Scripting/MonoBleedingEdge/lib/mono/unityaot-linux/System.Data.Services.dll --allowed-assembly=/Applications/Unity/Hub/Editor/6000.3.22f1/Unity.app/Contents/Resources/Scripting/MonoBleedingEdge/lib/mono/unityaot-linux/System.Data.dll --allowed-assembly=/Applications/Unity/Hub/Editor/6000.3.22f1/Unity.app/Contents/Resources/Scripting/MonoBleedingEdge/lib/mono/unityaot-linux/System.Design.dll --allowed-assembly=/Applications/Unity/Hub/Editor/6000.3.22f1/Unity.app/Contents/Resources/Scripting/MonoBleedingEdge/lib/mono/unityaot-linux/System.DirectoryServices.Protocols.dll --allowed-assembly=/Applications/Unity/Hub/Editor/6000.3.22f1/Unity.app/Contents/Resources/Scripting/MonoBleedingEdge/lib/mono/unityaot-linux/System.DirectoryServices.dll --allowed-assembly=/Applications/Unity/Hub/Editor/6000.3.22f1/Unity.app/Contents/Resources/Scripting/MonoBleedingEdge/lib/mono/unityaot-linux/System.Drawing.Design.dll --allowed-assembly=/Applications/Unity/Hub/Editor/6000.3.22f1/Unity.app/Contents/Resources/Scripting/MonoBleedingEdge/lib/mono/unityaot-linux/System.Drawing.dll --allowed-assembly=/Applications/Unity/Hub/Editor/6000.3.22f1/Unity.app/Contents/Resources/Scripting/MonoBleedingEdge/lib/mono/unityaot-linux/System.EnterpriseServices.dll --allowed-assembly=/Applications/Unity/Hub/Editor/6000.3.22f1/Unity.app/Contents/Resources/Scripting/MonoBleedingEdge/lib/mono/unityaot-linux/System.IO.Compression.FileSystem.dll --allowed-assembly=/Applications/Unity/Hub/Editor/6000.3.22f1/Unity.app/Contents/Resources/Scripting/MonoBleedingEdge/lib/mono/unityaot-linux/System.IO.Compression.dll --allowed-assembly=/Applications/Unity/Hub/Editor/6000.3.22f1/Unity.app/Contents/Resources/Scripting/MonoBleedingEdge/lib/mono/unityaot-linux/System.IdentityModel.Selectors.dll --allowed-assembly=/Applications/Unity/Hub/Editor/6000.3.22f1/Unity.app/Contents/Resources/Scripting/MonoBleedingEdge/lib/mono/unityaot-linux/System.IdentityModel.dll --allowed-assembly=/Applications/Unity/Hub/Editor/6000.3.22f1/Unity.app/Contents/Resources/Scripting/MonoBleedingEdge/lib/mono/unityaot-linux/System.Json.dll --allowed-assembly=/Applications/Unity/Hub/Editor/6000.3.22f1/Unity.app/Contents/Resources/Scripting/MonoBleedingEdge/lib/mono/unityaot-linux/System.Management.dll --allowed-assembly=/Applications/Unity/Hub/Editor/6000.3.22f1/Unity.app/Contents/Resources/Scripting/MonoBleedingEdge/lib/mono/unityaot-linux/System.Messaging.dll --allowed-assembly=/Applications/Unity/Hub/Editor/6000.3.22f1/Unity.app/Contents/Resources/Scripting/MonoBleedingEdge/lib/mono/unityaot-linux/System.Net.Http.WebRequest.dll --allowed-assembly=/Applications/Unity/Hub/Editor/6000.3.22f1/Unity.app/Contents/Resources/Scripting/MonoBleedingEdge/lib/mono/unityaot-linux/System.Net.Http.dll --allowed-assembly=/Applications/Unity/Hub/Editor/6000.3.22f1/Unity.app/Contents/Resources/Scripting/MonoBleedingEdge/lib/mono/unityaot-linux/System.Net.dll --allowed-assembly=/Applications/Unity/Hub/Editor/6000.3.22f1/Unity.app/Contents/Resources/Scripting/MonoBleedingEdge/lib/mono/unityaot-linux/System.Numerics.Vectors.dll --allowed-assembly=/Applications/Unity/Hub/Editor/6000.3.22f1/Unity.app/Contents/Resources/Scripting/MonoBleedingEdge/lib/mono/unityaot-linux/System.Numerics.dll --allowed-assembly=/Applications/Unity/Hub/Editor/6000.3.22f1/Unity.app/Contents/Resources/Scripting/MonoBleedingEdge/lib/mono/unityaot-linux/System.Reflection.Context.dll --allowed-assembly=/Applications/Unity/Hub/Editor/6000.3.22f1/Unity.app/Contents/Resources/Scripting/MonoBleedingEdge/lib/mono/unityaot-linux/System.Runtime.Caching.dll --allowed-assembly=/Applications/Unity/Hub/Editor/6000.3.22f1/Unity.app/Contents/Resources/Scripting/MonoBleedingEdge/lib/mono/unityaot-linux/System.Runtime.DurableInstancing.dll --allowed-assembly=/Applications/Unity/Hub/Editor/6000.3.22f1/Unity.app/Contents/Resources/Scripting/MonoBleedingEdge/lib/mono/unityaot-linux/System.Runtime.Remoting.dll --allowed-assembly=/Applications/Unity/Hub/Editor/6000.3.22f1/Unity.app/Contents/Resources/Scripting/MonoBleedingEdge/lib/mono/unityaot-linux/System.Runtime.Serialization.Formatters.Soap.dll --allowed-assembly=/Applications/Unity/Hub/Editor/6000.3.22f1/Unity.app/Contents/Resources/Scripting/MonoBleedingEdge/lib/mono/unityaot-linux/System.Runtime.Serialization.dll --allowed-assembly=/Applications/Unity/Hub/Editor/6000.3.22f1/Unity.app/Contents/Resources/Scripting/MonoBleedingEdge/lib/mono/unityaot-linux/System.Security.dll --allowed-assembly=/Applications/Unity/Hub/Editor/6000.3.22f1/Unity.app/Contents/Resources/Scripting/MonoBleedingEdge/lib/mono/unityaot-linux/System.ServiceModel.Activation.dll --allowed-assembly=/Applications/Unity/Hub/Editor/6000.3.22f1/Unity.app/Contents/Resources/Scripting/MonoBleedingEdge/lib/mono/unityaot-linux/System.ServiceModel.Discovery.dll --allowed-assembly=/Applications/Unity/Hub/Editor/6000.3.22f1/Unity.app/Contents/Resources/Scripting/MonoBleedingEdge/lib/mono/unityaot-linux/System.ServiceModel.Internals.dll --allowed-assembly=/Applications/Unity/Hub/Editor/6000.3.22f1/Unity.app/Contents/Resources/Scripting/MonoBleedingEdge/lib/mono/unityaot-linux/System.ServiceModel.Routing.dll --allowed-assembly=/Applications/Unity/Hub/Editor/6000.3.22f1/Unity.app/Contents/Resources/Scripting/MonoBleedingEdge/lib/mono/unityaot-linux/System.ServiceModel.Web.dll --allowed-assembly=/Applications/Unity/Hub/Editor/6000.3.22f1/Unity.app/Contents/Resources/Scripting/MonoBleedingEdge/lib/mono/unityaot-linux/System.ServiceModel.dll --allowed-assembly=/Applications/Unity/Hub/Editor/6000.3.22f1/Unity.app/Contents/Resources/Scripting/MonoBleedingEdge/lib/mono/unityaot-linux/System.ServiceProcess.dll --allowed-assembly=/Applications/Unity/Hub/Editor/6000.3.22f1/Unity.app/Contents/Resources/Scripting/MonoBleedingEdge/lib/mono/unityaot-linux/System.Transactions.dll --allowed-assembly=/Applications/Unity/Hub/Editor/6000.3.22f1/Unity.app/Contents/Resources/Scripting/MonoBleedingEdge/lib/mono/unityaot-linux/System.Web.ApplicationServices.dll --allowed-assembly=/Applications/Unity/Hub/Editor/6000.3.22f1/Unity.app/Contents/Resources/Scripting/MonoBleedingEdge/lib/mono/unityaot-linux/System.Web.DynamicData.dll --allowed-assembly=/Applications/Unity/Hub/Editor/6000.3.22f1/Unity.app/Contents/Resources/Scripting/MonoBleedingEdge/lib/mono/unityaot-linux/System.Web.Extensions.Design.dll --allowed-assembly=/Applications/Unity/Hub/Editor/6000.3.22f1/Unity.app/Contents/Resources/Scripting/MonoBleedingEdge/lib/mono/unityaot-linux/System.Web.Extensions.dll --allowed-assembly=/Applications/Unity/Hub/Editor/6000.3.22f1/Unity.app/Contents/Resources/Scripting/MonoBleedingEdge/lib/mono/unityaot-linux/System.Web.RegularExpressions.dll --allowed-assembly=/Applications/Unity/Hub/Editor/6000.3.22f1/Unity.app/Contents/Resources/Scripting/MonoBleedingEdge/lib/mono/unityaot-linux/System.Web.Services.dll --allowed-assembly=/Applications/Unity/Hub/Editor/6000.3.22f1/Unity.app/Contents/Resources/Scripting/MonoBleedingEdge/lib/mono/unityaot-linux/System.Web.dll --allowed-assembly=/Applications/Unity/Hub/Editor/6000.3.22f1/Unity.app/Contents/Resources/Scripting/MonoBleedingEdge/lib/mono/unityaot-linux/System.Windows.Forms.DataVisualization.dll --allowed-assembly=/Applications/Unity/Hub/Editor/6000.3.22f1/Unity.app/Contents/Resources/Scripting/MonoBleedingEdge/lib/mono/unityaot-linux/System.Windows.Forms.dll --allowed-assembly=/Applications/Unity/Hub/Editor/6000.3.22f1/Unity.app/Contents/Resources/Scripting/MonoBleedingEdge/lib/mono/unityaot-linux/System.Windows.dll --allowed-assembly=/Applications/Unity/Hub/Editor/6000.3.22f1/Unity.app/Contents/Resources/Scripting/MonoBleedingEdge/lib/mono/unityaot-linux/System.Xaml.dll --allowed-assembly=/Applications/Unity/Hub/Editor/6000.3.22f1/Unity.app/Contents/Resources/Scripting/MonoBleedingEdge/lib/mono/unityaot-linux/System.Xml.Linq.dll --allowed-assembly=/Applications/Unity/Hub/Editor/6000.3.22f1/Unity.app/Contents/Resources/Scripting/MonoBleedingEdge/lib/mono/unityaot-linux/System.Xml.Serialization.dll --allowed-assembly=/Applications/Unity/Hub/Editor/6000.3.22f1/Unity.app/Contents/Resources/Scripting/MonoBleedingEdge/lib/mono/unityaot-linux/System.Xml.dll --allowed-assembly=/Applications/Unity/Hub/Editor/6000.3.22f1/Unity.app/Contents/Resources/Scripting/MonoBleedingEdge/lib/mono/unityaot-linux/System.dll --allowed-assembly=/Applications/Unity/Hub/Editor/6000.3.22f1/Unity.app/Contents/Resources/Scripting/MonoBleedingEdge/lib/mono/unityaot-linux/mscorlib.dll --out=Library/Bee/artifacts/Android/ManagedStripped --include-link-xml=/Users/mziwamadoda/Projects/Binteca/Interactive/milzetvrstudio/Unity/Library/Bee/artifacts/UnityLinkerInputs/TypesInScenes.xml --include-link-xml=/Users/mziwamadoda/Projects/Binteca/Interactive/milzetvrstudio/Unity/Library/Bee/artifacts/UnityLinkerInputs/SerializedTypes.xml --include-link-xml=/Users/mziwamadoda/Projects/Binteca/Interactive/milzetvrstudio/Unity/Library/InputSystem/AndroidLink.xml --include-link-xml=/Users/mziwamadoda/Projects/Binteca/Interactive/milzetvrstudio/Unity/Assets/Milzet/link.xml --include-link-xml=/Applications/Unity/Hub/Editor/6000.3.22f1/PlaybackEngines/AndroidPlayer/Tools/AndroidNativeLink.xml --include-directory=/Users/mziwamadoda/Projects/Binteca/Interactive/milzetvrstudio/Unity/Library/Bee/PlayerScriptAssemblies --include-directory=/Applications/Unity/Hub/Editor/6000.3.22f1/PlaybackEngines/AndroidPlayer/Variations/il2cpp/Managed --include-directory=/Users/mziwamadoda/Projects/Binteca/Interactive/milzetvrstudio/Unity/Library/PackageCache/com.unity.collections@84e8eb3fc12e/Unity.Collections.LowLevel.ILSupport --include-directory=/Users/mziwamadoda/Projects/Binteca/Interactive/milzetvrstudio/Unity/Library/PackageCache/com.unity.burst@2f3d916873ea --include-directory=/Users/mziwamadoda/Projects/Binteca/Interactive/milzetvrstudio/Unity/Library/PackageCache/com.unity.nuget.newtonsoft-json@4dfd81071c64/Runtime/AOT --include-directory=/Applications/Unity/Hub/Editor/6000.3.22f1/Unity.app/Contents/Resources/Scripting/MonoBleedingEdge/lib/mono/unityaot-linux --include-directory=/Applications/Unity/Hub/Editor/6000.3.22f1/Unity.app/Contents/Resources/Scripting/MonoBleedingEdge/lib/mono/unityaot-linux/Facades --profiler-report --profiler-output-file=/Users/mziwamadoda/Projects/Binteca/Interactive/milzetvrstudio/Unity/Library/Bee/artifacts/unitylinker_xy1a.traceevents --dotnetprofile=unityaot-linux --dotnetruntime=Il2Cpp --platform=Android --use-editor-options --editor-settings-flag=Development --enable-engine-module-stripping --engine-modules-asset-file=/Applications/Unity/Hub/Editor/6000.3.22f1/PlaybackEngines/AndroidPlayer/modules.asset --editor-data-file=/Users/mziwamadoda/Projects/Binteca/Interactive/milzetvrstudio/Unity/Library/Bee/artifacts/UnityLinkerInputs/EditorToUnityLinkerData.json --include-unity-root-assembly=/Users/mziwamadoda/Projects/Binteca/Interactive/milzetvrstudio/Unity/Library/Bee/PlayerScriptAssemblies/Assembly-CSharp.dll --include-unity-root-assembly=/Users/mziwamadoda/Projects/Binteca/Interactive/milzetvrstudio/Unity/Library/Bee/PlayerScriptAssemblies/Meta.XR.BuildingBlocks.dll --include-unity-root-assembly=/Users/mziwamadoda/Projects/Binteca/Interactive/milzetvrstudio/Unity/Library/Bee/PlayerScriptAssemblies/Meta.XR.EnvironmentDepth.dll --include-unity-root-assembly=/Users/mziwamadoda/Projects/Binteca/Interactive/milzetvrstudio/Unity/Library/Bee/PlayerScriptAssemblies/Meta.XR.ImmersiveDebugger.dll --include-unity-root-assembly=/Users/mziwamadoda/Projects/Binteca/Interactive/milzetvrstudio/Unity/Library/Bee/PlayerScriptAssemblies/meta.xr.mrutilitykit.dll --include-unity-root-assembly=/Users/mziwamadoda/Projects/Binteca/Interactive/milzetvrstudio/Unity/Library/Bee/PlayerScriptAssemblies/Oculus.VR.dll --include-unity-root-assembly=/Users/mziwamadoda/Projects/Binteca/Interactive/milzetvrstudio/Unity/Library/Bee/PlayerScriptAssemblies/Unity.InputSystem.dll --include-unity-root-assembly=/Users/mziwamadoda/Projects/Binteca/Interactive/milzetvrstudio/Unity/Library/Bee/PlayerScriptAssemblies/Unity.TextMeshPro.dll --include-unity-root-assembly=/Users/mziwamadoda/Projects/Binteca/Interactive/milzetvrstudio/Unity/Library/Bee/PlayerScriptAssemblies/Unity.Timeline.dll --include-unity-root-assembly=/Users/mziwamadoda/Projects/Binteca/Interactive/milzetvrstudio/Unity/Library/Bee/PlayerScriptAssemblies/Unity.XR.Management.dll --include-unity-root-assembly=/Users/mziwamadoda/Projects/Binteca/Interactive/milzetvrstudio/Unity/Library/Bee/PlayerScriptAssemblies/Unity.XR.OpenXR.dll --include-unity-root-assembly=/Users/mziwamadoda/Projects/Binteca/Interactive/milzetvrstudio/Unity/Library/Bee/PlayerScriptAssemblies/Unity.XR.OpenXR.Features.ConformanceAutomation.dll --include-unity-root-assembly=/Users/mziwamadoda/Projects/Binteca/Interactive/milzetvrstudio/Unity/Library/Bee/PlayerScriptAssemblies/Unity.XR.OpenXR.Features.MetaQuestSupport.dll --include-unity-root-assembly=/Users/mziwamadoda/Projects/Binteca/Interactive/milzetvrstudio/Unity/Library/Bee/PlayerScriptAssemblies/Unity.XR.OpenXR.Features.MockRuntime.dll --include-unity-root-assembly=/Users/mziwamadoda/Projects/Binteca/Interactive/milzetvrstudio/Unity/Library/Bee/PlayerScriptAssemblies/Unity.XR.OpenXR.Features.OculusQuestSupport.dll --include-unity-root-assembly=/Users/mziwamadoda/Projects/Binteca/Interactive/milzetvrstudio/Unity/Library/Bee/PlayerScriptAssemblies/Unity.XR.OpenXR.Features.RuntimeDebugger.dll --include-unity-root-assembly=/Users/mziwamadoda/Projects/Binteca/Interactive/milzetvrstudio/Unity/Library/Bee/PlayerScriptAssemblies/UnityEngine.UI.dll --print-command-line --enable-analytics
*** Tundra requires additional run (25.45 seconds), 261 items updated, 1409 evaluated
*** Additional run caused by: contents change of Library/Bee/artifacts/Android/ManagedStripped
Starting: /Applications/Unity/Hub/Editor/6000.3.22f1/Unity.app/Contents/Resources/Scripting/netcorerun/netcorerun "/Applications/Unity/Hub/Editor/6000.3.22f1/PlaybackEngines/AndroidPlayer/AndroidPlayerBuildProgram.exe" "/Applications/Unity/Hub/Editor/6000.3.22f1/PlaybackEngines/AndroidPlayer/Bee:/Applications/Unity/Hub/Editor/6000.3.22f1/Unity.app/Contents/Resources/BuildPipeline" "Library/Bee/Playerf24407d0.dag.json" "Library/Bee/Playerf24407d0-inputdata.json" "Library/Bee/buildprogram1.traceevents"
WorkingDir: /Users/mziwamadoda/Projects/Binteca/Interactive/milzetvrstudio/Unity
ExitCode: 4 Duration: 25s
ExitCode: 0 Duration: 6s332ms
Starting: /Applications/Unity/Hub/Editor/6000.3.22f1/Unity.app/Contents/Resources/BuildPipeline/bee_backend --ipc --dagfile="Library/Bee/Playerf24407d0.dag" --dagfilejson="Library/Bee/Playerf24407d0.dag.json" --profile="Library/Bee/backend3.traceevents" Player
WorkingDir: /Users/mziwamadoda/Projects/Binteca/Interactive/milzetvrstudio/Unity
Finished compiling graph: 1673 nodes, 4538 flattened edges (4533 ToBuild, 5 ToUse), maximum node priority 2147483647
[   7/1482  0s] WriteText Library/Bee/artifacts/csharpactions/System.Data-FeaturesChecked.txt_r76e.info
[   8/1482  0s] WriteText Library/Bee/artifacts/csharpactions/Meta.XR.BuildingBlocks-FeaturesChecked.txt_508g.info
[   9/1482  0s] WriteText Library/Bee/artifacts/csharpactions/System.Drawing-FeaturesChecked.txt_f5g4.info
[  12/1482  0s] WriteText Library/Bee/artifacts/csharpactions/Meta.XR.ImmersiveDebugger-FeaturesChecked.txt_fc4q.info
[  13/1482  0s] WriteText Library/Bee/artifacts/csharpactions/Meta.XR.EnvironmentDepth-FeaturesChecked.txt_n6pt.info
[  14/1482  0s] WriteText Library/Bee/artifacts/csharpactions/Meta.XR.ImmersiveDebugger.Interface-FeaturesChecked.txt_eztn.info
[  19/1482  0s] WriteText Library/Bee/artifacts/csharpactions/meta.xr.mrutilitykit-FeaturesChecked.txt_mmjf.info
[  24/1482  0s] WriteText Library/Bee/artifacts/csharpactions/Newtonsoft.Json-FeaturesChecked.txt_730i.info
[  28/1482  0s] WriteText Library/Bee/artifacts/csharpactions/Oculus.VR-FeaturesChecked.txt_bt4q.info
[  33/1482  0s] WriteText Library/Bee/artifacts/csharpactions/UnityEngine.UnityWebRequestTextureModule-FeaturesChecked.txt_isnv.info
[  36/1482  0s] WriteText Library/Bee/artifacts/csharpactions/UnityEngine.AssetBundleModule-FeaturesChecked.txt_1gjh.info
[  42/1482  0s] WriteText Library/Bee/artifacts/csharpactions/UnityEngine.TerrainModule-FeaturesChecked.txt_wybo.info
[  43/1482  0s] WriteText Library/Bee/artifacts/csharpactions/UnityEngine.SpriteShapeModule-FeaturesChecked.txt_zrrh.info
[  49/1482  0s] WriteText Library/Bee/artifacts/csharpactions/UnityEngine.ParticleSystemModule-FeaturesChecked.txt_kapj.info
[  52/1482  0s] WriteText Library/Bee/artifacts/csharpactions/UnityEngine.Physics2DModule-FeaturesChecked.txt_45hf.info
[  68/1482  0s] WriteText Library/Bee/artifacts/csharpactions/UnityEngine.DirectorModule-FeaturesChecked.txt_ruda.info
[  74/1482  0s] WriteText Library/Bee/artifacts/csharpactions/UnityEngine.AnimationModule-FeaturesChecked.txt_3sdh.info
[  78/1482  0s] WriteText Library/Bee/artifacts/csharpactions/Unity.Timeline-FeaturesChecked.txt_in83.info
[  84/1482  0s] WriteText Library/Bee/artifacts/csharpactions/Unity.AI.Navigation-FeaturesChecked.txt_7p4o.info
[  86/1482  0s] WriteText Library/Bee/artifacts/csharpactions/IntermediateLauncherManifestDiag.txt_4oyd.info
[ 366/1482  0s] ExtractUsedFeatures Library/Bee/artifacts/Android/Features/UnityEngine.TerrainModule-FeaturesChecked.txt
[ 367/1482  0s] ExtractUsedFeatures Library/Bee/artifacts/Android/Features/System.Xml-FeaturesChecked.txt
[ 368/1482  1s] ExtractUsedFeatures Library/Bee/artifacts/Android/Features/Meta.XR.ImmersiveDebugger-FeaturesChecked.txt
[ 369/1482  0s] ExtractUsedFeatures Library/Bee/artifacts/Android/Features/System.Drawing-FeaturesChecked.txt
[ 370/1482  1s] ExtractUsedFeatures Library/Bee/artifacts/Android/Features/glTFast-FeaturesChecked.txt
[ 371/1482  1s] ICallRegistrationGenerator /Users/mziwamadoda/Projects/Binteca/Interactive/milzetvrstudio/Unity/Library/Bee/artifacts/Android/il2cppOutput/UnityICallRegistration.cpp
[ 372/1482  1s] ExtractUsedFeatures Library/Bee/artifacts/Android/Features/Unity.Timeline-FeaturesChecked.txt
[ 373/1482  0s] ExtractUsedFeatures Library/Bee/artifacts/Android/Features/UnityEngine.PhysicsModule-FeaturesChecked.txt
[ 374/1482  1s] ClassRegistrationGenerator /Users/mziwamadoda/Projects/Binteca/Interactive/milzetvrstudio/Unity/Library/Bee/artifacts/Android/il2cppOutput/UnityClassRegistration.cpp
[ 375/1482  1s] ExtractUsedFeatures Library/Bee/artifacts/Android/Features/UnityEngine.UI-FeaturesChecked.txt
[ 377/1482  0s] ExtractUsedFeatures Library/Bee/artifacts/Android/Features/UnityEngine.AIModule-FeaturesChecked.txt
[ 378/1482  0s] ExtractUsedFeatures Library/Bee/artifacts/Android/Features/UnityEngine.XRModule-FeaturesChecked.txt
[ 379/1482  0s] Compile UnityClassRegistration Library/Bee/artifacts/Android/libunity/arm64-v8a/UnityClassRegistration.o
clang++: warning: '-x c++' after last input file has no effect [-Wunused-command-line-argument]
[ 380/1482  1s] ExtractUsedFeatures Library/Bee/artifacts/Android/Features/UnityEngine.UIModule-FeaturesChecked.txt
[ 381/1482  1s] ExtractUsedFeatures Library/Bee/artifacts/Android/Features/UnityEngine.VRModule-FeaturesChecked.txt
[ 383/1482  1s] Compile UnityICallRegistration Library/Bee/artifacts/Android/libunity/arm64-v8a/UnityICallRegistration.o
clang++: warning: '-x c++' after last input file has no effect [-Wunused-command-line-argument]
[ 384/1482  1s] ExtractUsedFeatures Library/Bee/artifacts/Android/Features/Unity.XR.OpenXR.Features.ConformanceAutomation-FeaturesChecked.txt
[ 385/1482  1s] ExtractUsedFeatures Library/Bee/artifacts/Android/Features/UnityEngine.SharedInternalsModule-FeaturesChecked.txt
[ 389/1482  1s] ExtractUsedFeatures Library/Bee/artifacts/Android/Features/Unity.XR.OpenXR.Features.RuntimeDebugger-FeaturesChecked.txt
[ 390/1482  1s] ExtractUsedFeatures Library/Bee/artifacts/Android/Features/UnityEngine.ImageConversionModule-FeaturesChecked.txt
[ 391/1482  2s] ExtractUsedFeatures Library/Bee/artifacts/Android/Features/meta.xr.mrutilitykit-FeaturesChecked.txt
[ 392/1482  2s] ExtractUsedFeatures Library/Bee/artifacts/Android/Features/Unity.InternalAPIEngineBridge.004-FeaturesChecked.txt
[ 393/1482  1s] ExtractUsedFeatures Library/Bee/artifacts/Android/Features/UnityEngine.VideoModule-FeaturesChecked.txt
[ 396/1482  1s] ExtractUsedFeatures Library/Bee/artifacts/Android/Features/UnityEngine-FeaturesChecked.txt
[ 397/1482  1s] ExtractUsedFeatures Library/Bee/artifacts/Android/Features/System.Core-FeaturesChecked.txt
[ 398/1482  1s] ExtractUsedFeatures Library/Bee/artifacts/Android/Features/System.Data-FeaturesChecked.txt
[ 401/1482  1s] ExtractUsedFeatures Library/Bee/artifacts/Android/Features/UnityEngine.AudioModule-FeaturesChecked.txt
[ 402/1482  1s] ExtractUsedFeatures Library/Bee/artifacts/Android/Features/Unity.Burst-FeaturesChecked.txt
[ 403/1482  1s] ExtractUsedFeatures Library/Bee/artifacts/Android/Features/Unity.InputSystem.ForUI-FeaturesChecked.txt
[ 405/1482  0s] ExtractUsedFeatures Library/Bee/artifacts/Android/Features/UnityEngine.ParticleSystemModule-FeaturesChecked.txt
[ 406/1482  1s] ExtractUsedFeatures Library/Bee/artifacts/Android/Features/Meta.XR.EnvironmentDepth-FeaturesChecked.txt
[ 407/1482  1s] ExtractUsedFeatures Library/Bee/artifacts/Android/Features/Unity.XR.OpenXR.Features.MetaQuestSupport-FeaturesChecked.txt
[ 408/1482  1s] ExtractUsedFeatures Library/Bee/artifacts/Android/Features/UnityEngine.Physics2DModule-FeaturesChecked.txt
[ 409/1482  1s] ExtractUsedFeatures Library/Bee/artifacts/Android/Features/Unity.XR.CoreUtils-FeaturesChecked.txt
[ 410/1482  2s] ExtractUsedFeatures Library/Bee/artifacts/Android/Features/UnityEngine.SpatialTracking-FeaturesChecked.txt
[ 411/1482  1s] ExtractUsedFeatures Library/Bee/artifacts/Android/Features/System.Xml.Linq-FeaturesChecked.txt
[ 412/1482  2s] ExtractUsedFeatures Library/Bee/artifacts/Android/Features/Unity.XR.OpenXR-FeaturesChecked.txt
[ 413/1482  4s] ExtractUsedFeatures Library/Bee/artifacts/Android/Features/Oculus.VR-FeaturesChecked.txt
[ 414/1482  6s] Link libunity Library/Bee/artifacts/Android/libunity/arm64-v8a/unstripped/libunity.so
[ 415/1482  2s] ExtractUsedFeatures Library/Bee/artifacts/Android/Features/Assembly-CSharp-FeaturesChecked.txt
[ 416/1482  1s] ExtractUsedFeatures Library/Bee/artifacts/Android/Features/System.Numerics-FeaturesChecked.txt
[ 417/1482  2s] ExtractUsedFeatures Library/Bee/artifacts/Android/Features/UnityEngine.AnimationModule-FeaturesChecked.txt
[ 423/1482  4s] ExtractUsedFeatures Library/Bee/artifacts/Android/Features/Newtonsoft.Json-FeaturesChecked.txt
[ 424/1482  2s] ExtractUsedFeatures Library/Bee/artifacts/Android/Features/Unity.XR.OpenXR.Features.OculusQuestSupport-FeaturesChecked.txt
[ 425/1482  2s] ExtractUsedFeatures Library/Bee/artifacts/Android/Features/UnityEngine.AndroidJNIModule-FeaturesChecked.txt
[ 426/1482  2s] ExtractUsedFeatures Library/Bee/artifacts/Android/Features/Unity.AI.Navigation-FeaturesChecked.txt
[ 429/1482  3s] ExtractUsedFeatures Library/Bee/artifacts/Android/Features/Unity.XR.Management-FeaturesChecked.txt
[ 430/1482  3s] ExtractUsedFeatures Library/Bee/artifacts/Android/Features/Unity.XR.OpenXR.Features.MockRuntime-FeaturesChecked.txt
[ 432/1482  2s] ExtractUsedFeatures Library/Bee/artifacts/Android/Features/UnityEngine.UIElementsModule-FeaturesChecked.txt
[ 433/1482  2s] ExtractUsedFeatures Library/Bee/artifacts/Android/Features/Meta.XR.ImmersiveDebugger.Interface-FeaturesChecked.txt
[ 434/1482  1s] ExtractUsedFeatures Library/Bee/artifacts/Android/Features/UnityEngine.CoreModule-FeaturesChecked.txt
[ 435/1482  1s] ExtractUsedFeatures Library/Bee/artifacts/Android/Features/UnityEngine.DirectorModule-FeaturesChecked.txt
[ 436/1482  2s] ExtractUsedFeatures Library/Bee/artifacts/Android/Features/Meta.XR.BuildingBlocks-FeaturesChecked.txt
[ 438/1482  1s] ExtractUsedFeatures Library/Bee/artifacts/Android/Features/UnityEngine.UnityWebRequestTextureModule-FeaturesChecked.txt
[ 439/1482  2s] ExtractUsedFeatures Library/Bee/artifacts/Android/Features/Unity.TextMeshPro-FeaturesChecked.txt
[ 441/1482  2s] ExtractUsedFeatures Library/Bee/artifacts/Android/Features/UnityEngine.AssetBundleModule-FeaturesChecked.txt
[ 442/1482  3s] ExtractUsedFeatures Library/Bee/artifacts/Android/Features/Unity.Collections-FeaturesChecked.txt
[ 443/1482  5s] ExtractUsedFeatures Library/Bee/artifacts/Android/Features/mscorlib-FeaturesChecked.txt
[ 447/1482  0s] CopyFiles /Users/mziwamadoda/Projects/Binteca/Interactive/milzetvrstudio/Unity/Library/Bee/Android/Prj/IL2CPP/Il2CppBackup/Managed/Unity.InternalAPIEngineBridge.004.dll
[ 448/1482  0s] CopyFiles /Users/mziwamadoda/Projects/Binteca/Interactive/milzetvrstudio/Unity/Library/Bee/Android/Prj/IL2CPP/Il2CppBackup/Managed/Unity.InternalAPIEngineBridge.004.pdb
[ 449/1482  0s] CopyFiles /Users/mziwamadoda/Projects/Binteca/Interactive/milzetvrstudio/Unity/Library/Bee/Android/Prj/IL2CPP/Il2CppBackup/Managed/UnityEngine.AudioModule.pdb
[ 450/1482  0s] CopyFiles /Users/mziwamadoda/Projects/Binteca/Interactive/milzetvrstudio/Unity/Library/Bee/Android/Prj/IL2CPP/Il2CppBackup/Managed/UnityEngine.AnimationModule.dll
[ 451/1482  0s] CopyFiles /Users/mziwamadoda/Projects/Binteca/Interactive/milzetvrstudio/Unity/Library/Bee/Android/Prj/IL2CPP/Il2CppBackup/Managed/UnityEngine.Physics2DModule.pdb
[ 452/1482  0s] CopyFiles /Users/mziwamadoda/Projects/Binteca/Interactive/milzetvrstudio/Unity/Library/Bee/Android/Prj/IL2CPP/Il2CppBackup/Managed/UnityEngine.CoreModule.pdb
[ 453/1482  0s] CopyFiles /Users/mziwamadoda/Projects/Binteca/Interactive/milzetvrstudio/Unity/Library/Bee/Android/Prj/IL2CPP/Il2CppBackup/Managed/Unity.AI.Navigation.pdb
[ 456/1482  0s] CopyFiles /Users/mziwamadoda/Projects/Binteca/Interactive/milzetvrstudio/Unity/Library/Bee/Android/Prj/IL2CPP/Il2CppBackup/Managed/UnityEngine.AudioModule.dll
[ 457/1482  0s] CopyFiles /Users/mziwamadoda/Projects/Binteca/Interactive/milzetvrstudio/Unity/Library/Bee/Android/Prj/IL2CPP/Il2CppBackup/Managed/UnityEngine.PhysicsModule.pdb
[ 458/1482  0s] CopyFiles /Users/mziwamadoda/Projects/Binteca/Interactive/milzetvrstudio/Unity/Library/Bee/Android/Prj/IL2CPP/Il2CppBackup/Managed/UnityEngine.AnimationModule.pdb
[ 460/1482  0s] CopyFiles /Users/mziwamadoda/Projects/Binteca/Interactive/milzetvrstudio/Unity/Library/Bee/Android/Prj/IL2CPP/Il2CppBackup/Managed/Unity.InputSystem.ForUI.pdb
[ 461/1482  0s] CopyFiles /Users/mziwamadoda/Projects/Binteca/Interactive/milzetvrstudio/Unity/Library/Bee/Android/Prj/IL2CPP/Il2CppBackup/Managed/UnityEngine.SpriteShapeModule.pdb
[ 462/1482  0s] CopyFiles /Users/mziwamadoda/Projects/Binteca/Interactive/milzetvrstudio/Unity/Library/Bee/Android/Prj/IL2CPP/Il2CppBackup/Managed/UnityEngine.SpriteShapeModule.dll
[ 464/1482  0s] CopyFiles /Users/mziwamadoda/Projects/Binteca/Interactive/milzetvrstudio/Unity/Library/Bee/Android/Prj/IL2CPP/Il2CppBackup/Managed/UnityEngine.UI.pdb
[ 465/1482  0s] CopyFiles /Users/mziwamadoda/Projects/Binteca/Interactive/milzetvrstudio/Unity/Library/Bee/Android/Prj/IL2CPP/Il2CppBackup/Managed/Unity.Timeline.pdb
[ 466/1482  0s] CopyFiles /Users/mziwamadoda/Projects/Binteca/Interactive/milzetvrstudio/Unity/Library/Bee/Android/Prj/IL2CPP/Il2CppBackup/Managed/UnityEngine.UIModule.dll
[ 467/1482  0s] CopyFiles /Users/mziwamadoda/Projects/Binteca/Interactive/milzetvrstudio/Unity/Library/Bee/Android/Prj/IL2CPP/Il2CppBackup/Managed/UnityEngine.VRModule.dll
[ 468/1482  0s] CopyFiles /Users/mziwamadoda/Projects/Binteca/Interactive/milzetvrstudio/Unity/Library/Bee/Android/Prj/IL2CPP/Il2CppBackup/Managed/UnityEngine.XRModule.dll
[ 469/1482  0s] CopyFiles /Users/mziwamadoda/Projects/Binteca/Interactive/milzetvrstudio/Unity/Library/Bee/Android/Prj/IL2CPP/Il2CppBackup/Managed/UnityEngine.AIModule.dll
[ 470/1482  0s] CopyFiles /Users/mziwamadoda/Projects/Binteca/Interactive/milzetvrstudio/Unity/Library/Bee/Android/Prj/IL2CPP/Il2CppBackup/Managed/UnityEngine.UIElementsModule.pdb
[ 473/1482  0s] CopyFiles /Users/mziwamadoda/Projects/Binteca/Interactive/milzetvrstudio/Unity/Library/Bee/Android/Prj/IL2CPP/Il2CppBackup/Managed/UnityEngine.Physics2DModule.dll
[ 474/1482  0s] CopyFiles /Users/mziwamadoda/Projects/Binteca/Interactive/milzetvrstudio/Unity/Library/Bee/Android/Prj/IL2CPP/Il2CppBackup/Managed/Unity.XR.CoreUtils.dll
[ 475/1482  0s] CopyFiles /Users/mziwamadoda/Projects/Binteca/Interactive/milzetvrstudio/Unity/Library/Bee/Android/Prj/IL2CPP/Il2CppBackup/Managed/UnityEngine.UIModule.pdb
[ 476/1482  0s] CopyFiles /Users/mziwamadoda/Projects/Binteca/Interactive/milzetvrstudio/Unity/Library/Bee/Android/Prj/IL2CPP/Il2CppBackup/Managed/UnityEngine.VRModule.pdb
[ 477/1482  0s] CopyFiles /Users/mziwamadoda/Projects/Binteca/Interactive/milzetvrstudio/Unity/Library/Bee/Android/Prj/IL2CPP/Il2CppBackup/Managed/UnityEngine.XRModule.pdb
[ 478/1482  0s] CopyFiles /Users/mziwamadoda/Projects/Binteca/Interactive/milzetvrstudio/Unity/Library/Bee/Android/Prj/IL2CPP/Il2CppBackup/Managed/UnityEngine.AIModule.pdb
[ 480/1482  0s] CopyFiles /Users/mziwamadoda/Projects/Binteca/Interactive/milzetvrstudio/Unity/Library/Bee/Android/Prj/IL2CPP/Il2CppBackup/Managed/UnityLinkerToEditorData.json
[ 481/1482  0s] CopyFiles /Users/mziwamadoda/Projects/Binteca/Interactive/milzetvrstudio/Unity/Library/Bee/Android/Prj/IL2CPP/Il2CppBackup/Managed/Unity.Mathematics.dll
[ 484/1482  0s] CopyFiles /Users/mziwamadoda/Projects/Binteca/Interactive/milzetvrstudio/Unity/Library/Bee/Android/Prj/IL2CPP/Il2CppBackup/Managed/UnityEngine.ImageConversionModule.pdb
[ 485/1482  0s] CopyFiles /Users/mziwamadoda/Projects/Binteca/Interactive/milzetvrstudio/Unity/Library/Bee/Android/Prj/IL2CPP/Il2CppBackup/Managed/UnityEngine.ImageConversionModule.dll
[ 486/1482  0s] CopyFiles /Users/mziwamadoda/Projects/Binteca/Interactive/milzetvrstudio/Unity/Library/Bee/Android/Prj/IL2CPP/Il2CppBackup/Managed/UnityEngine.PhysicsModule.dll
[ 487/1482  0s] CopyFiles /Users/mziwamadoda/Projects/Binteca/Interactive/milzetvrstudio/Unity/Library/Bee/Android/Prj/IL2CPP/Il2CppBackup/Managed/Unity.Burst.pdb
[ 488/1482  0s] CopyFiles /Users/mziwamadoda/Projects/Binteca/Interactive/milzetvrstudio/Unity/Library/Bee/Android/Prj/IL2CPP/Il2CppBackup/Managed/UnityEngine.pdb
[ 489/1482  0s] CopyFiles /Users/mziwamadoda/Projects/Binteca/Interactive/milzetvrstudio/Unity/Library/Bee/Android/Prj/IL2CPP/Il2CppBackup/Managed/meta.xr.mrutilitykit.pdb
[ 490/1482  0s] CopyFiles /Users/mziwamadoda/Projects/Binteca/Interactive/milzetvrstudio/Unity/Library/Bee/Android/Prj/IL2CPP/Il2CppBackup/Managed/Meta.XR.ImmersiveDebugger.Interface.pdb
[ 491/1482  0s] CopyFiles /Users/mziwamadoda/Projects/Binteca/Interactive/milzetvrstudio/Unity/Library/Bee/Android/Prj/IL2CPP/Il2CppBackup/Managed/Meta.XR.ImmersiveDebugger.Interface.dll
[ 492/1482  0s] CopyFiles /Users/mziwamadoda/Projects/Binteca/Interactive/milzetvrstudio/Unity/Library/Bee/Android/Prj/IL2CPP/Il2CppBackup/Managed/UnityEngine.SpatialTracking.dll
[ 493/1482  0s] CopyFiles /Users/mziwamadoda/Projects/Binteca/Interactive/milzetvrstudio/Unity/Library/Bee/Android/Prj/IL2CPP/Il2CppBackup/Managed/Unity.XR.OpenXR.Features.OculusQuestSupport.pdb
[ 494/1482  0s] CopyFiles /Users/mziwamadoda/Projects/Binteca/Interactive/milzetvrstudio/Unity/Library/Bee/Android/Prj/IL2CPP/Il2CppBackup/Managed/Unity.XR.OpenXR.Features.OculusQuestSupport.dll
[ 495/1482  0s] CopyFiles /Users/mziwamadoda/Projects/Binteca/Interactive/milzetvrstudio/Unity/Library/Bee/Android/Prj/IL2CPP/Il2CppBackup/Managed/UnityEngine.VideoModule.dll
[ 496/1482  3s] ExtractUsedFeatures Library/Bee/artifacts/Android/Features/Unity.Mathematics-FeaturesChecked.txt
[ 497/1482  0s] CopyFiles /Users/mziwamadoda/Projects/Binteca/Interactive/milzetvrstudio/Unity/Library/Bee/Android/Prj/IL2CPP/Il2CppBackup/Managed/UnityEngine.AndroidJNIModule.dll
[ 498/1482  0s] CopyFiles /Users/mziwamadoda/Projects/Binteca/Interactive/milzetvrstudio/Unity/Library/Bee/Android/Prj/IL2CPP/Il2CppBackup/Managed/Unity.Collections.pdb
[ 499/1482  0s] CopyFiles /Users/mziwamadoda/Projects/Binteca/Interactive/milzetvrstudio/Unity/Library/Bee/Android/Prj/IL2CPP/Il2CppBackup/Managed/System.Core.dll
[ 500/1482  0s] CopyFiles /Users/mziwamadoda/Projects/Binteca/Interactive/milzetvrstudio/Unity/Library/Bee/Android/Prj/IL2CPP/Il2CppBackup/Managed/Unity.TextMeshPro.dll
[ 501/1482  0s] CopyFiles /Users/mziwamadoda/Projects/Binteca/Interactive/milzetvrstudio/Unity/Library/Bee/Android/Prj/IL2CPP/Il2CppBackup/Managed/UnityEngine.TerrainModule.dll
[ 502/1482  0s] CopyFiles /Users/mziwamadoda/Projects/Binteca/Interactive/milzetvrstudio/Unity/Library/Bee/Android/Prj/IL2CPP/Il2CppBackup/Managed/Unity.Burst.dll
[ 503/1482  0s] CopyFiles /Users/mziwamadoda/Projects/Binteca/Interactive/milzetvrstudio/Unity/Library/Bee/Android/Prj/IL2CPP/Il2CppBackup/Managed/Meta.XR.BuildingBlocks.dll
[ 504/1482  0s] CopyFiles /Users/mziwamadoda/Projects/Binteca/Interactive/milzetvrstudio/Unity/Library/Bee/Android/Prj/IL2CPP/Il2CppBackup/Managed/mscorlib.dll
[ 506/1482  0s] CopyFiles /Users/mziwamadoda/Projects/Binteca/Interactive/milzetvrstudio/Unity/Library/Bee/Android/Prj/IL2CPP/Il2CppBackup/Managed/Unity.XR.OpenXR.Features.MetaQuestSupport.pdb
[ 507/1482  0s] CopyFiles /Users/mziwamadoda/Projects/Binteca/Interactive/milzetvrstudio/Unity/Library/Bee/Android/Prj/IL2CPP/Il2CppBackup/Managed/Unity.XR.OpenXR.Features.MetaQuestSupport.dll
[ 508/1482  0s] CopyFiles /Users/mziwamadoda/Projects/Binteca/Interactive/milzetvrstudio/Unity/Library/Bee/Android/Prj/IL2CPP/Il2CppBackup/Managed/System.Data.dll
[ 511/1482  0s] CopyFiles /Users/mziwamadoda/Projects/Binteca/Interactive/milzetvrstudio/Unity/Library/Bee/Android/Prj/IL2CPP/Il2CppBackup/Managed/UnityEngine.dll
[ 512/1482  0s] CopyFiles /Users/mziwamadoda/Projects/Binteca/Interactive/milzetvrstudio/Unity/Library/Bee/Android/Prj/IL2CPP/Il2CppBackup/Managed/Unity.AI.Navigation.dll
[ 513/1482  0s] CopyFiles /Users/mziwamadoda/Projects/Binteca/Interactive/milzetvrstudio/Unity/Library/Bee/Android/Prj/IL2CPP/Il2CppBackup/Managed/UnityEngine.UI.dll
[ 514/1482  0s] CopyFiles /Users/mziwamadoda/Projects/Binteca/Interactive/milzetvrstudio/Unity/Library/Bee/Android/Prj/IL2CPP/Il2CppBackup/Managed/Unity.Timeline.dll
[ 517/1482  0s] CopyFiles /Users/mziwamadoda/Projects/Binteca/Interactive/milzetvrstudio/Unity/Library/Bee/Android/Prj/IL2CPP/Il2CppBackup/Managed/System.Drawing.dll
[ 518/1482  0s] CopyFiles /Users/mziwamadoda/Projects/Binteca/Interactive/milzetvrstudio/Unity/Library/Bee/Android/Prj/IL2CPP/Il2CppBackup/Managed/UnityEngine.UIElementsModule.dll
[ 519/1482  0s] CopyFiles /Users/mziwamadoda/Projects/Binteca/Interactive/milzetvrstudio/Unity/Library/Bee/Android/Prj/IL2CPP/Il2CppBackup/Managed/UnityEngine.SpatialTracking.pdb
[ 520/1482  0s] CopyFiles /Users/mziwamadoda/Projects/Binteca/Interactive/milzetvrstudio/Unity/Library/Bee/Android/Prj/IL2CPP/Il2CppBackup/Managed/UnityEngine.AssetBundleModule.dll
[ 522/1482  0s] CopyFiles /Users/mziwamadoda/Projects/Binteca/Interactive/milzetvrstudio/Unity/Library/Bee/Android/Prj/IL2CPP/Il2CppBackup/Managed/UnityEngine.AssetBundleModule.pdb
[ 523/1482  0s] CopyFiles /Users/mziwamadoda/Projects/Binteca/Interactive/milzetvrstudio/Unity/Library/Bee/Android/Prj/IL2CPP/Il2CppBackup/Managed/meta.xr.mrutilitykit.dll
[ 524/1482  0s] CopyFiles /Users/mziwamadoda/Projects/Binteca/Interactive/milzetvrstudio/Unity/Library/Bee/Android/Prj/IL2CPP/Il2CppBackup/Managed/UnityEngine.DirectorModule.dll
[ 527/1482  0s] CopyFiles /Users/mziwamadoda/Projects/Binteca/Interactive/milzetvrstudio/Unity/Library/Bee/Android/Prj/IL2CPP/Il2CppBackup/Managed/UnityEngine.AndroidJNIModule.pdb
[ 528/1482  0s] CopyFiles /Users/mziwamadoda/Projects/Binteca/Interactive/milzetvrstudio/Unity/Library/Bee/Android/Prj/IL2CPP/Il2CppBackup/Managed/Unity.XR.OpenXR.dll
[ 529/1482  0s] CopyFiles /Users/mziwamadoda/Projects/Binteca/Interactive/milzetvrstudio/Unity/Library/Bee/Android/Prj/IL2CPP/Il2CppBackup/Managed/Unity.InputSystem.pdb
[ 530/1482  0s] CopyFiles /Users/mziwamadoda/Projects/Binteca/Interactive/milzetvrstudio/Unity/Library/Bee/Android/Prj/IL2CPP/Il2CppBackup/Managed/UnityEngine.ParticleSystemModule.dll
[ 531/1482  0s] CopyFiles /Users/mziwamadoda/Projects/Binteca/Interactive/milzetvrstudio/Unity/Library/Bee/Android/Prj/IL2CPP/Il2CppBackup/Managed/analytics.json
[ 532/1482  0s] CopyFiles /Users/mziwamadoda/Projects/Binteca/Interactive/milzetvrstudio/Unity/Library/Bee/Android/Prj/IL2CPP/Il2CppBackup/Managed/Unity.XR.OpenXR.Features.RuntimeDebugger.dll
[ 533/1482  0s] CopyFiles /Users/mziwamadoda/Projects/Binteca/Interactive/milzetvrstudio/Unity/Library/Bee/Android/Prj/IL2CPP/Il2CppBackup/Managed/Unity.XR.OpenXR.Features.RuntimeDebugger.pdb
[ 534/1482  0s] CopyFiles /Users/mziwamadoda/Projects/Binteca/Interactive/milzetvrstudio/Unity/Library/Bee/Android/Prj/IL2CPP/Il2CppBackup/Managed/UnityEngine.ParticleSystemModule.pdb
[ 535/1482  0s] CopyFiles /Users/mziwamadoda/Projects/Binteca/Interactive/milzetvrstudio/Unity/Library/Bee/Android/Prj/IL2CPP/Il2CppBackup/Managed/System.Xml.dll
[ 537/1482  0s] CopyFiles /Users/mziwamadoda/Projects/Binteca/Interactive/milzetvrstudio/Unity/Library/Bee/Android/Prj/IL2CPP/Il2CppBackup/Managed/Unity.Collections.dll
[ 538/1482  0s] CopyFiles /Users/mziwamadoda/Projects/Binteca/Interactive/milzetvrstudio/Unity/Library/Bee/Android/Prj/IL2CPP/Il2CppBackup/Managed/Oculus.VR.dll
[ 539/1482  0s] CopyFiles /Users/mziwamadoda/Projects/Binteca/Interactive/milzetvrstudio/Unity/Library/Bee/Android/Prj/IL2CPP/Il2CppBackup/Managed/Oculus.VR.pdb
[ 542/1482  0s] CopyFiles /Users/mziwamadoda/Projects/Binteca/Interactive/milzetvrstudio/Unity/Library/Bee/Android/Prj/IL2CPP/Il2CppBackup/Managed/Unity.XR.CoreUtils.pdb
[ 543/1482  0s] CopyFiles /Users/mziwamadoda/Projects/Binteca/Interactive/milzetvrstudio/Unity/Library/Bee/Android/Prj/IL2CPP/Il2CppBackup/Managed/System.Xml.Linq.dll
[ 544/1482  0s] CopyFiles /Users/mziwamadoda/Projects/Binteca/Interactive/milzetvrstudio/Unity/Library/Bee/Android/Prj/IL2CPP/Il2CppBackup/Managed/Meta.XR.EnvironmentDepth.dll
[ 546/1482  0s] CopyFiles /Users/mziwamadoda/Projects/Binteca/Interactive/milzetvrstudio/Unity/Library/Bee/Android/Prj/IL2CPP/Il2CppBackup/Managed/Unity.InputSystem.dll
[ 547/1482  0s] CopyFiles /Users/mziwamadoda/Projects/Binteca/Interactive/milzetvrstudio/Unity/Library/Bee/Android/Prj/IL2CPP/Il2CppBackup/Managed/Unity.XR.OpenXR.pdb
[ 548/1482  0s] CopyFiles /Users/mziwamadoda/Projects/Binteca/Interactive/milzetvrstudio/Unity/Library/Bee/Android/Prj/IL2CPP/Il2CppBackup/Managed/Meta.XR.EnvironmentDepth.pdb
[ 549/1482  0s] CopyFiles /Users/mziwamadoda/Projects/Binteca/Interactive/milzetvrstudio/Unity/Library/Bee/Android/Prj/IL2CPP/Il2CppBackup/Managed/UnityEngine.UnityWebRequestTextureModule.dll
[ 550/1482  0s] CopyFiles /Users/mziwamadoda/Projects/Binteca/Interactive/milzetvrstudio/Unity/Library/Bee/Android/Prj/IL2CPP/Il2CppBackup/Managed/UnityEngine.UnityWebRequestTextureModule.pdb
[ 551/1482  0s] CopyFiles /Users/mziwamadoda/Projects/Binteca/Interactive/milzetvrstudio/Unity/Library/Bee/Android/Prj/IL2CPP/Il2CppBackup/Managed/Unity.InputSystem.ForUI.dll
[ 552/1482  0s] CopyFiles /Users/mziwamadoda/Projects/Binteca/Interactive/milzetvrstudio/Unity/Library/Bee/Android/Prj/IL2CPP/Il2CppBackup/Managed/glTFast.dll
[ 556/1482  0s] CopyFiles /Users/mziwamadoda/Projects/Binteca/Interactive/milzetvrstudio/Unity/Library/Bee/Android/Prj/IL2CPP/Il2CppBackup/Managed/glTFast.pdb
[ 557/1482  0s] CopyFiles /Users/mziwamadoda/Projects/Binteca/Interactive/milzetvrstudio/Unity/Library/Bee/Android/Prj/IL2CPP/Il2CppBackup/Managed/Unity.XR.OpenXR.Features.MockRuntime.pdb
[ 558/1482  0s] CopyFiles /Users/mziwamadoda/Projects/Binteca/Interactive/milzetvrstudio/Unity/Library/Bee/Android/Prj/IL2CPP/Il2CppBackup/Managed/Unity.XR.OpenXR.Features.ConformanceAutomation.dll
[ 559/1482  0s] CopyFiles /Users/mziwamadoda/Projects/Binteca/Interactive/milzetvrstudio/Unity/Library/Bee/Android/Prj/IL2CPP/Il2CppBackup/Managed/Unity.XR.OpenXR.Features.MockRuntime.dll
[ 561/1482  0s] CopyFiles /Users/mziwamadoda/Projects/Binteca/Interactive/milzetvrstudio/Unity/Library/Bee/Android/Prj/IL2CPP/Il2CppBackup/Managed/Assembly-CSharp.dll
[ 562/1482  0s] CopyFiles /Users/mziwamadoda/Projects/Binteca/Interactive/milzetvrstudio/Unity/Library/Bee/Android/Prj/IL2CPP/Il2CppBackup/Managed/Unity.XR.Management.dll
[ 564/1482  0s] CopyFiles /Users/mziwamadoda/Projects/Binteca/Interactive/milzetvrstudio/Unity/Library/Bee/Android/Prj/IL2CPP/Il2CppBackup/Managed/Unity.XR.OpenXR.Features.ConformanceAutomation.pdb
[ 565/1482  0s] CopyFiles /Users/mziwamadoda/Projects/Binteca/Interactive/milzetvrstudio/Unity/Library/Bee/Android/Prj/IL2CPP/Il2CppBackup/Managed/Assembly-CSharp.pdb
[ 567/1482  0s] CopyFiles /Users/mziwamadoda/Projects/Binteca/Interactive/milzetvrstudio/Unity/Library/Bee/Android/Prj/IL2CPP/Il2CppBackup/Managed/UnityEngine.TerrainModule.pdb
[ 568/1482  0s] CopyFiles /Users/mziwamadoda/Projects/Binteca/Interactive/milzetvrstudio/Unity/Library/Bee/Android/Prj/IL2CPP/Il2CppBackup/Managed/Unity.TextMeshPro.pdb
[ 571/1482  0s] CopyFiles /Users/mziwamadoda/Projects/Binteca/Interactive/milzetvrstudio/Unity/Library/Bee/Android/Prj/IL2CPP/Il2CppBackup/Managed/UnityEngine.VideoModule.pdb
[ 572/1482  3s] ExtractUsedFeatures Library/Bee/artifacts/Android/Features/Unity.InputSystem-FeaturesChecked.txt
[ 573/1482  0s] CopyFiles /Users/mziwamadoda/Projects/Binteca/Interactive/milzetvrstudio/Unity/Library/Bee/Android/Prj/IL2CPP/Il2CppBackup/Managed/UnityEngine.CoreModule.dll
[ 574/1482  0s] CopyFiles /Users/mziwamadoda/Projects/Binteca/Interactive/milzetvrstudio/Unity/Library/Bee/Android/Prj/IL2CPP/Il2CppBackup/Managed/UnityEngine.SharedInternalsModule.dll
[ 575/1482  0s] CopyFiles /Users/mziwamadoda/Projects/Binteca/Interactive/milzetvrstudio/Unity/Library/Bee/Android/Prj/IL2CPP/Il2CppBackup/Managed/UnityEngine.SharedInternalsModule.pdb
[ 576/1482  0s] CopyFiles /Users/mziwamadoda/Projects/Binteca/Interactive/milzetvrstudio/Unity/Library/Bee/Android/Prj/IL2CPP/Il2CppBackup/Managed/Meta.XR.BuildingBlocks.pdb
[ 577/1482  0s] CopyFiles /Users/mziwamadoda/Projects/Binteca/Interactive/milzetvrstudio/Unity/Library/Bee/Android/Prj/IL2CPP/Il2CppBackup/Managed/Unity.XR.Management.pdb
[ 578/1482  0s] CopyFiles /Users/mziwamadoda/Projects/Binteca/Interactive/milzetvrstudio/Unity/Library/Bee/Android/Prj/IL2CPP/Il2CppBackup/Managed/Meta.XR.ImmersiveDebugger.dll
[ 580/1482  0s] CopyFiles /Users/mziwamadoda/Projects/Binteca/Interactive/milzetvrstudio/Unity/Library/Bee/Android/Prj/IL2CPP/Il2CppBackup/Managed/Meta.XR.ImmersiveDebugger.pdb
[ 581/1482  0s] CopyFiles /Users/mziwamadoda/Projects/Binteca/Interactive/milzetvrstudio/Unity/Library/Bee/Android/Prj/IL2CPP/Il2CppBackup/Managed/System.dll
[ 582/1482  0s] CopyFiles /Users/mziwamadoda/Projects/Binteca/Interactive/milzetvrstudio/Unity/Library/Bee/Android/Prj/IL2CPP/Il2CppBackup/Managed/Unity.Mathematics.pdb
[ 583/1482  0s] CopyFiles /Users/mziwamadoda/Projects/Binteca/Interactive/milzetvrstudio/Unity/Library/Bee/Android/Prj/IL2CPP/Il2CppBackup/Managed/UnityEngine.DirectorModule.pdb
[ 585/1482  0s] CopyFiles /Users/mziwamadoda/Projects/Binteca/Interactive/milzetvrstudio/Unity/Library/Bee/Android/Prj/IL2CPP/Il2CppBackup/Managed/Newtonsoft.Json.dll
[ 586/1482  0s] CopyFiles /Users/mziwamadoda/Projects/Binteca/Interactive/milzetvrstudio/Unity/Library/Bee/Android/Prj/IL2CPP/Il2CppBackup/Managed/System.Numerics.dll
[ 587/1482  2s] ExtractUsedFeatures Library/Bee/artifacts/Android/Features/UnityEngine.SpriteShapeModule-FeaturesChecked.txt
[ 588/1482  1s] ExtractUsedFeatures Library/Bee/artifacts/Android/Features/System-FeaturesChecked.txt
[ 589/1482  1s] Generate Library/Bee/artifacts/Android/libunity/arm64-v8a/libunity.dbg.so from Library/Bee/artifacts/Android/libunity/arm64-v8a/unstripped/libunity.so Library/Bee/artifacts/Android/libunity/arm64-v8a/libunity.dbg.so
[ 590/1482  2s] Stripping Library/Bee/artifacts/Android/libunity/arm64-v8a/unstripped/libunity.so -> Library/Bee/artifacts/Android/libunity/arm64-v8a/stripped/libunity.so Library/Bee/artifacts/Android/libunity/arm64-v8a/stripped/libunity.so
[ 591/1482  1s] Generate Library/Bee/artifacts/Android/libunity/arm64-v8a/libunity.sym.so from Library/Bee/artifacts/Android/libunity/arm64-v8a/libunity.dbg.so Library/Bee/artifacts/Android/libunity/arm64-v8a/libunity.sym.so
[ 592/1482  1s] Adding note Library/Bee/artifacts/Android/libunity/arm64-v8a/stripped/libunity.so -> /Users/mziwamadoda/Projects/Binteca/Interactive/milzetvrstudio/Unity/Library/Bee/Android/Prj/IL2CPP/Gradle/unityLibrary/src/main/jniLibs/arm64-v8a/libunity.so /Users/mziwamadoda/Projects/Binteca/Interactive/milzetvrstudio/Unity/Library/Bee/Android/Prj/IL2CPP/Gradle/unityLibrary/src/main/jniLibs/arm64-v8a/libunity.so
[BUSY      26s] IL2CPP_CodeGen /Users/mziwamadoda/Projects/Binteca/Interactive/milzetvrstudio/Unity/Library/Bee/artifacts/il2cpp_conv_kb6o.traceevents
[BUSY      36s] IL2CPP_CodeGen /Users/mziwamadoda/Projects/Binteca/Interactive/milzetvrstudio/Unity/Library/Bee/artifacts/il2cpp_conv_kb6o.traceevents
[BUSY      46s] IL2CPP_CodeGen /Users/mziwamadoda/Projects/Binteca/Interactive/milzetvrstudio/Unity/Library/Bee/artifacts/il2cpp_conv_kb6o.traceevents
[BUSY      56s] IL2CPP_CodeGen /Users/mziwamadoda/Projects/Binteca/Interactive/milzetvrstudio/Unity/Library/Bee/artifacts/il2cpp_conv_kb6o.traceevents
[BUSY      66s] IL2CPP_CodeGen /Users/mziwamadoda/Projects/Binteca/Interactive/milzetvrstudio/Unity/Library/Bee/artifacts/il2cpp_conv_kb6o.traceevents
[BUSY      76s] IL2CPP_CodeGen /Users/mziwamadoda/Projects/Binteca/Interactive/milzetvrstudio/Unity/Library/Bee/artifacts/il2cpp_conv_kb6o.traceevents
[W] opendir() failed: /Users/mziwamadoda/Projects/Binteca/Interactive/milzetvrstudio/Unity/Library/Bee/artifacts/Android/il2cppOutput/cpp/Symbols
[ 593/1482 83s] IL2CPP_CodeGen /Users/mziwamadoda/Projects/Binteca/Interactive/milzetvrstudio/Unity/Library/Bee/artifacts/il2cpp_conv_kb6o.traceevents
/Applications/Unity/Hub/Editor/6000.3.22f1/Unity.app/Contents/Resources/Scripting/il2cpp/build/deploy/il2cpp --convert-to-cpp --assembly=Library/Bee/artifacts/Android/ManagedStripped/Assembly-CSharp.dll --assembly=Library/Bee/artifacts/Android/ManagedStripped/glTFast.dll --assembly=Library/Bee/artifacts/Android/ManagedStripped/Meta.XR.BuildingBlocks.dll --assembly=Library/Bee/artifacts/Android/ManagedStripped/Meta.XR.EnvironmentDepth.dll --assembly=Library/Bee/artifacts/Android/ManagedStripped/Meta.XR.ImmersiveDebugger.dll --assembly=Library/Bee/artifacts/Android/ManagedStripped/Meta.XR.ImmersiveDebugger.Interface.dll --assembly=Library/Bee/artifacts/Android/ManagedStripped/meta.xr.mrutilitykit.dll --assembly=Library/Bee/artifacts/Android/ManagedStripped/Mono.Security.dll --assembly=Library/Bee/artifacts/Android/ManagedStripped/mscorlib.dll --assembly=Library/Bee/artifacts/Android/ManagedStripped/Newtonsoft.Json.dll --assembly=Library/Bee/artifacts/Android/ManagedStripped/Oculus.VR.dll --assembly=Library/Bee/artifacts/Android/ManagedStripped/System.Configuration.dll --assembly=Library/Bee/artifacts/Android/ManagedStripped/System.Core.dll --assembly=Library/Bee/artifacts/Android/ManagedStripped/System.Data.dll --assembly=Library/Bee/artifacts/Android/ManagedStripped/System.dll --assembly=Library/Bee/artifacts/Android/ManagedStripped/System.Drawing.dll --assembly=Library/Bee/artifacts/Android/ManagedStripped/System.Numerics.dll --assembly=Library/Bee/artifacts/Android/ManagedStripped/System.Runtime.Serialization.dll --assembly=Library/Bee/artifacts/Android/ManagedStripped/System.ServiceModel.Internals.dll --assembly=Library/Bee/artifacts/Android/ManagedStripped/System.Xml.dll --assembly=Library/Bee/artifacts/Android/ManagedStripped/System.Xml.Linq.dll --assembly=Library/Bee/artifacts/Android/ManagedStripped/Unity.AI.Navigation.dll --assembly=Library/Bee/artifacts/Android/ManagedStripped/Unity.Burst.dll --assembly=Library/Bee/artifacts/Android/ManagedStripped/Unity.Burst.Unsafe.dll --assembly=Library/Bee/artifacts/Android/ManagedStripped/Unity.Collections.dll --assembly=Library/Bee/artifacts/Android/ManagedStripped/Unity.Collections.LowLevel.ILSupport.dll --assembly=Library/Bee/artifacts/Android/ManagedStripped/Unity.InputSystem.dll --assembly=Library/Bee/artifacts/Android/ManagedStripped/Unity.InputSystem.ForUI.dll --assembly=Library/Bee/artifacts/Android/ManagedStripped/Unity.InternalAPIEngineBridge.004.dll --assembly=Library/Bee/artifacts/Android/ManagedStripped/Unity.Mathematics.dll --assembly=Library/Bee/artifacts/Android/ManagedStripped/Unity.TextMeshPro.dll --assembly=Library/Bee/artifacts/Android/ManagedStripped/Unity.Timeline.dll --assembly=Library/Bee/artifacts/Android/ManagedStripped/Unity.XR.CoreUtils.dll --assembly=Library/Bee/artifacts/Android/ManagedStripped/Unity.XR.Management.dll --assembly=Library/Bee/artifacts/Android/ManagedStripped/Unity.XR.OpenXR.dll --assembly=Library/Bee/artifacts/Android/ManagedStripped/Unity.XR.OpenXR.Features.ConformanceAutomation.dll --assembly=Library/Bee/artifacts/Android/ManagedStripped/Unity.XR.OpenXR.Features.MetaQuestSupport.dll --assembly=Library/Bee/artifacts/Android/ManagedStripped/Unity.XR.OpenXR.Features.MockRuntime.dll --assembly=Library/Bee/artifacts/Android/ManagedStripped/Unity.XR.OpenXR.Features.OculusQuestSupport.dll --assembly=Library/Bee/artifacts/Android/ManagedStripped/Unity.XR.OpenXR.Features.RuntimeDebugger.dll --assembly=Library/Bee/artifacts/Android/ManagedStripped/UnityEngine.AIModule.dll --assembly=Library/Bee/artifacts/Android/ManagedStripped/UnityEngine.AndroidJNIModule.dll --assembly=Library/Bee/artifacts/Android/ManagedStripped/UnityEngine.AnimationModule.dll --assembly=Library/Bee/artifacts/Android/ManagedStripped/UnityEngine.AssetBundleModule.dll --assembly=Library/Bee/artifacts/Android/ManagedStripped/UnityEngine.AudioModule.dll --assembly=Library/Bee/artifacts/Android/ManagedStripped/UnityEngine.CoreModule.dll --assembly=Library/Bee/artifacts/Android/ManagedStripped/UnityEngine.DirectorModule.dll --assembly=Library/Bee/artifacts/Android/ManagedStripped/UnityEngine.dll --assembly=Library/Bee/artifacts/Android/ManagedStripped/UnityEngine.HierarchyCoreModule.dll --assembly=Library/Bee/artifacts/Android/ManagedStripped/UnityEngine.ImageConversionModule.dll --assembly=Library/Bee/artifacts/Android/ManagedStripped/UnityEngine.IMGUIModule.dll --assembly=Library/Bee/artifacts/Android/ManagedStripped/UnityEngine.InputForUIModule.dll --assembly=Library/Bee/artifacts/Android/ManagedStripped/UnityEngine.InputLegacyModule.dll --assembly=Library/Bee/artifacts/Android/ManagedStripped/UnityEngine.InputModule.dll --assembly=Library/Bee/artifacts/Android/ManagedStripped/UnityEngine.JSONSerializeModule.dll --assembly=Library/Bee/artifacts/Android/ManagedStripped/UnityEngine.MultiplayerModule.dll --assembly=Library/Bee/artifacts/Android/ManagedStripped/UnityEngine.ParticleSystemModule.dll --assembly=Library/Bee/artifacts/Android/ManagedStripped/UnityEngine.Physics2DModule.dll --assembly=Library/Bee/artifacts/Android/ManagedStripped/UnityEngine.PhysicsModule.dll --assembly=Library/Bee/artifacts/Android/ManagedStripped/UnityEngine.PropertiesModule.dll --assembly=Library/Bee/artifacts/Android/ManagedStripped/UnityEngine.SharedInternalsModule.dll --assembly=Library/Bee/artifacts/Android/ManagedStripped/UnityEngine.SpatialTracking.dll --assembly=Library/Bee/artifacts/Android/ManagedStripped/UnityEngine.SpriteShapeModule.dll --assembly=Library/Bee/artifacts/Android/ManagedStripped/UnityEngine.SubsystemsModule.dll --assembly=Library/Bee/artifacts/Android/ManagedStripped/UnityEngine.TerrainModule.dll --assembly=Library/Bee/artifacts/Android/ManagedStripped/UnityEngine.TextCoreFontEngineModule.dll --assembly=Library/Bee/artifacts/Android/ManagedStripped/UnityEngine.TextCoreTextEngineModule.dll --assembly=Library/Bee/artifacts/Android/ManagedStripped/UnityEngine.TextRenderingModule.dll --assembly=Library/Bee/artifacts/Android/ManagedStripped/UnityEngine.UI.dll --assembly=Library/Bee/artifacts/Android/ManagedStripped/UnityEngine.UIElementsModule.dll --assembly=Library/Bee/artifacts/Android/ManagedStripped/UnityEngine.UIModule.dll --assembly=Library/Bee/artifacts/Android/ManagedStripped/UnityEngine.UnityAnalyticsCommonModule.dll --assembly=Library/Bee/artifacts/Android/ManagedStripped/UnityEngine.UnityWebRequestModule.dll --assembly=Library/Bee/artifacts/Android/ManagedStripped/UnityEngine.UnityWebRequestTextureModule.dll --assembly=Library/Bee/artifacts/Android/ManagedStripped/UnityEngine.VideoModule.dll --assembly=Library/Bee/artifacts/Android/ManagedStripped/UnityEngine.VRModule.dll --assembly=Library/Bee/artifacts/Android/ManagedStripped/UnityEngine.XRModule.dll --generatedcppdir=/Users/mziwamadoda/Projects/Binteca/Interactive/milzetvrstudio/Unity/Library/Bee/artifacts/Android/il2cppOutput/cpp --symbols-folder=/Users/mziwamadoda/Projects/Binteca/Interactive/milzetvrstudio/Unity/Library/Bee/artifacts/Android/il2cppOutput/cpp/Symbols --enable-analytics --emit-null-checks --enable-array-bounds-check --dotnetprofile=unityaot-linux --usymtool-path=/Applications/Unity/Hub/Editor/6000.3.22f1/Unity.app/Contents/Helpers/usymtool --profiler-report --profiler-output-file=/Users/mziwamadoda/Projects/Binteca/Interactive/milzetvrstudio/Unity/Library/Bee/artifacts/il2cpp_conv_kb6o.traceevents --print-command-line --static-lib-il2-cpp --data-folder=/Users/mziwamadoda/Projects/Binteca/Interactive/milzetvrstudio/Unity/Library/Bee/artifacts/Android/il2cppOutput/data
Warning: [Unity.TextMeshPro] - System.Void TMPro.TMP_TextParsingUtilities::.cctor() - Method was given it's own cpp file because it is large and costly to compile
Warning: [Unity.TextMeshPro] - System.Void TMPro.TextMeshPro::GenerateTextMesh() - Method was given it's own cpp file because it is large and costly to compile
Warning: [Unity.TextMeshPro] - System.Void TMPro.TextMeshProUGUI::GenerateTextMesh() - Method was given it's own cpp file because it is large and costly to compile
*** Tundra requires additional run (84.69 seconds - 0:01:24), 194 items updated, 1482 evaluated
*** Additional run caused by: contents change of /Users/mziwamadoda/Projects/Binteca/Interactive/milzetvrstudio/Unity/Library/Bee/artifacts/Android/il2cppOutput/cpp
Starting: /Applications/Unity/Hub/Editor/6000.3.22f1/Unity.app/Contents/Resources/Scripting/netcorerun/netcorerun "/Applications/Unity/Hub/Editor/6000.3.22f1/PlaybackEngines/AndroidPlayer/AndroidPlayerBuildProgram.exe" "/Applications/Unity/Hub/Editor/6000.3.22f1/PlaybackEngines/AndroidPlayer/Bee:/Applications/Unity/Hub/Editor/6000.3.22f1/Unity.app/Contents/Resources/BuildPipeline" "Library/Bee/Playerf24407d0.dag.json" "Library/Bee/Playerf24407d0-inputdata.json" "Library/Bee/buildprogram2.traceevents"
WorkingDir: /Users/mziwamadoda/Projects/Binteca/Interactive/milzetvrstudio/Unity
ExitCode: 4 Duration: 1m:24s
ExitCode: 0 Duration: 2s235ms
Starting: /Applications/Unity/Hub/Editor/6000.3.22f1/Unity.app/Contents/Resources/BuildPipeline/bee_backend --ipc --dagfile="Library/Bee/Playerf24407d0.dag" --dagfilejson="Library/Bee/Playerf24407d0.dag.json" --profile="Library/Bee/backend4.traceevents" Player
WorkingDir: /Users/mziwamadoda/Projects/Binteca/Interactive/milzetvrstudio/Unity
Finished compiling graph: 2002 nodes, 5525 flattened edges (5517 ToBuild, 8 ToUse), maximum node priority 2147483647
[ 108/1811  0s] WriteText Library/Bee/artifacts/csharpactions/unity_app_guid_tdfy.info
[ 592/1811  0s] CopyFiles /Users/mziwamadoda/Projects/Binteca/Interactive/milzetvrstudio/Unity/Library/Bee/Android/Prj/IL2CPP/Il2CppBackup/Managed/icallsummary.txt
[ 597/1811  0s] C_Android_arm64 Library/Bee/artifacts/Android/d8kzr/lz4dgvt4k5sr.o
[ 598/1811  0s] Generate Manifests Library/Bee/artifacts/Android/Manifest/IntermediateLauncherManifestDiag.txt (+3 others)
[ 599/1811  2s] C_Android_arm64 Library/Bee/artifacts/Android/d8kzr/5tnf2rhxl6z5.o
[ 600/1811  3s] C_Android_arm64 Library/Bee/artifacts/Android/d8kzr/oazs7ol6tf0x.o
[ 601/1811  3s] C_Android_arm64 Library/Bee/artifacts/Android/d8kzr/rx5pyp6tq1h5.o
[BUSY       9s] C_Android_arm64 Library/Bee/artifacts/Android/d8kzr/rizr2u1vixz2.o
[ 602/1811 11s] C_Android_arm64 Library/Bee/artifacts/Android/d8kzr/nps90fqsu9li.o
[ 603/1811 12s] C_Android_arm64 Library/Bee/artifacts/Android/d8kzr/3ezi5f4nez8i.o
[ 604/1811  2s] C_Android_arm64 Library/Bee/artifacts/Android/d8kzr/245vbdcql9vp.o
[ 605/1811 14s] C_Android_arm64 Library/Bee/artifacts/Android/d8kzr/x6kkmonw7ijh.o
[ 606/1811 12s] C_Android_arm64 Library/Bee/artifacts/Android/d8kzr/grrzw03p6zl7.o
[ 607/1811  0s] C_Android_arm64 Library/Bee/artifacts/Android/d8kzr/jzb84cbkj6v2.o
[ 608/1811  0s] C_Android_arm64 Library/Bee/artifacts/Android/d8kzr/kaoxj0ywbp02.o
[ 609/1811  0s] C_Android_arm64 Library/Bee/artifacts/Android/d8kzr/owk3xyz9cu1k.o
[ 610/1811  0s] C_Android_arm64 Library/Bee/artifacts/Android/d8kzr/rr7o723y0rhx.o
[ 611/1811 11s] C_Android_arm64 Library/Bee/artifacts/Android/d8kzr/xcfuq2aeh0hi.o
[ 612/1811 19s] C_Android_arm64 Library/Bee/artifacts/Android/d8kzr/rizr2u1vixz2.o
[ 613/1811 17s] C_Android_arm64 Library/Bee/artifacts/Android/d8kzr/45yym8tvd4y0.o
[BUSY      12s] C_Android_arm64 Library/Bee/artifacts/Android/d8kzr/jn8tdmzmpf46.o
[ 614/1811 16s] C_Android_arm64 Library/Bee/artifacts/Android/d8kzr/jn8tdmzmpf46.o
[ 615/1811 16s] C_Android_arm64 Library/Bee/artifacts/Android/d8kzr/bms6e7f8romz.o
[ 616/1811  0s] C_Android_arm64 Library/Bee/artifacts/Android/d8kzr/05dgg2l3kfkp.o
[ 617/1811  2s] C_Android_arm64 Library/Bee/artifacts/Android/d8kzr/vjxshsy8shx3.o
[ 619/1811 17s] C_Android_arm64 Library/Bee/artifacts/Android/d8kzr/jtzq0xz5l1jm.o
[ 620/1811  0s] C_Android_arm64 Library/Bee/artifacts/Android/d8kzr/q5ycwq3rufcx.o
[ 621/1811  0s] C_Android_arm64 Library/Bee/artifacts/Android/d8kzr/ndjyw9wnqoju.o
[ 622/1811  0s] C_Android_arm64 Library/Bee/artifacts/Android/d8kzr/ymyyd9ojjspi.o
[ 623/1811 13s] C_Android_arm64 Library/Bee/artifacts/Android/d8kzr/84vxgp4pxxx1.o
[ 624/1811 22s] C_Android_arm64 Library/Bee/artifacts/Android/d8kzr/4ydfbjn1wdvc.o
[ 625/1811 16s] C_Android_arm64 Library/Bee/artifacts/Android/d8kzr/ranyjubpuxqr.o
[BUSY       9s] C_Android_arm64 Library/Bee/artifacts/Android/d8kzr/xv2k3ii4vm63.o
[ 626/1811 29s] C_Android_arm64 Library/Bee/artifacts/Android/d8kzr/ye50633ubl0w.o
[ 627/1811 12s] C_Android_arm64 Library/Bee/artifacts/Android/d8kzr/ykzabircl2yx.o
[ 628/1811  0s] C_Android_arm64 Library/Bee/artifacts/Android/d8kzr/sqn75jbfoap0.o
[ 630/1811 12s] C_Android_arm64 Library/Bee/artifacts/Android/d8kzr/2s3u3aj0rrg3.o
[ 631/1811 13s] C_Android_arm64 Library/Bee/artifacts/Android/d8kzr/fh46mrt1ume8.o
[ 632/1811 15s] C_Android_arm64 Library/Bee/artifacts/Android/d8kzr/xv2k3ii4vm63.o
[ 633/1811 11s] C_Android_arm64 Library/Bee/artifacts/Android/d8kzr/xd63xduqo9m5.o
[ 634/1811  0s] C_Android_arm64 Library/Bee/artifacts/Android/d8kzr/ipyei6yq70sj.o
[BUSY       6s] C_Android_arm64 Library/Bee/artifacts/Android/d8kzr/fdkwk7njtyob.o
/Users/mziwamadoda/Projects/Binteca/Interactive/milzetvrstudio/Unity/Library/PackageCache/com.unity.burst@2f3d916873ea/.Runtime/bcl.exe exited after 67170 ms.
stdout:
Starting 1 library requests
Done
stderr:

[ 635/1811 24s] C_Android_arm64 Library/Bee/artifacts/Android/d8kzr/b2k6yf0qfff4.o
[ 636/1811 11s] C_Android_arm64 Library/Bee/artifacts/Android/d8kzr/ul4837e0t1a1.o
[ 637/1811 11s] C_Android_arm64 Library/Bee/artifacts/Android/d8kzr/7ko7cq53qgez.o
[ 638/1811 12s] C_Android_arm64 Library/Bee/artifacts/Android/d8kzr/8rmuz4wmduj1.o
[ 640/1811  4s] C_Android_arm64 Library/Bee/artifacts/Android/d8kzr/qi8a3eh8rc6a.o
[ 641/1811 18s] C_Android_arm64 Library/Bee/artifacts/Android/d8kzr/83yt0ur892ls.o
[ 642/1811 67s] GenerateNativePluginsForAssemblies Library/Bee/artifacts/Android/AsyncPluginsFromLinker
[ 643/1811 22s] C_Android_arm64 Library/Bee/artifacts/Android/d8kzr/x658omblzffw.o
[ 644/1811  0s] C_Android_arm64 Library/Bee/artifacts/Android/d8kzr/xty8qjs7gn7t.o
[ 645/1811 23s] C_Android_arm64 Library/Bee/artifacts/Android/d8kzr/fdkwk7njtyob.o
[ 646/1811 18s] C_Android_arm64 Library/Bee/artifacts/Android/d8kzr/2cq45ob306kw.o
[BUSY      26s] C_Android_arm64 Library/Bee/artifacts/Android/d8kzr/5i8rwbkpk55g.o
[ 648/1811 16s] C_Android_arm64 Library/Bee/artifacts/Android/d8kzr/oncjfpkqf8cq.o
[ 649/1811 21s] C_Android_arm64 Library/Bee/artifacts/Android/d8kzr/3iz320tdxwfj.o
[ 650/1811 16s] C_Android_arm64 Library/Bee/artifacts/Android/d8kzr/z3io8xsu3iu0.o
[ 651/1811 16s] C_Android_arm64 Library/Bee/artifacts/Android/d8kzr/1tmh96bljydm.o
[ 652/1811 31s] C_Android_arm64 Library/Bee/artifacts/Android/d8kzr/5i8rwbkpk55g.o
[ 653/1811  3s] C_Android_arm64 Library/Bee/artifacts/Android/d8kzr/ghirbohuej3q.o
[ 654/1811 12s] C_Android_arm64 Library/Bee/artifacts/Android/d8kzr/9kewfddpp8hg.o
[ 655/1811 20s] C_Android_arm64 Library/Bee/artifacts/Android/d8kzr/apbokc0ps33u.o
[ 656/1811 11s] C_Android_arm64 Library/Bee/artifacts/Android/d8kzr/j1t8x2omvzf4.o
[ 657/1811 27s] C_Android_arm64 Library/Bee/artifacts/Android/d8kzr/bl0n3jje77w7.o
[ 658/1811 11s] C_Android_arm64 Library/Bee/artifacts/Android/d8kzr/uaxpm44c2kys.o
[ 659/1811  0s] C_Android_arm64 Library/Bee/artifacts/Android/d8kzr/vn028qzkoa2m.o
[ 660/1811  0s] C_Android_arm64 Library/Bee/artifacts/Android/d8kzr/x8evnrrhkejy.o
[BUSY      12s] C_Android_arm64 Library/Bee/artifacts/Android/d8kzr/qpfxf0uexvqy.o
[ 661/1811 14s] C_Android_arm64 Library/Bee/artifacts/Android/d8kzr/vkxxsdf6rbbf.o
[ 662/1811 13s] C_Android_arm64 Library/Bee/artifacts/Android/d8kzr/qpfxf0uexvqy.o
[ 664/1811 22s] C_Android_arm64 Library/Bee/artifacts/Android/d8kzr/5fzyaeynydqj.o
[ 665/1811 18s] C_Android_arm64 Library/Bee/artifacts/Android/d8kzr/ylou47xu5bzb.o
[ 666/1811 16s] C_Android_arm64 Library/Bee/artifacts/Android/d8kzr/9xgb1xs43333.o
[ 667/1811  1s] C_Android_arm64 Library/Bee/artifacts/Android/d8kzr/01pgshxd42v4.o
[ 668/1811  0s] C_Android_arm64 Library/Bee/artifacts/Android/d8kzr/nnisq2gsdbwq.o
[ 669/1811 17s] C_Android_arm64 Library/Bee/artifacts/Android/d8kzr/of0pwoujr83e.o
[ 670/1811  9s] C_Android_arm64 Library/Bee/artifacts/Android/d8kzr/fr5yd30rl56p.o
[ 671/1811 11s] C_Android_arm64 Library/Bee/artifacts/Android/d8kzr/1owvyasgkivp.o
[ 672/1811 23s] C_Android_arm64 Library/Bee/artifacts/Android/d8kzr/s1ju1l043vrx.o
[ 673/1811 26s] C_Android_arm64 Library/Bee/artifacts/Android/d8kzr/56du3w7v92r1.o
[BUSY      14s] C_Android_arm64 Library/Bee/artifacts/Android/d8kzr/vpc2nca7hdcl.o
[ 674/1811 27s] C_Android_arm64 Library/Bee/artifacts/Android/d8kzr/0gyf9sktjcy9.o
[ 675/1811 20s] C_Android_arm64 Library/Bee/artifacts/Android/d8kzr/x01a3yk6nnct.o
[ 676/1811 27s] C_Android_arm64 Library/Bee/artifacts/Android/d8kzr/6nyqsvqxajbk.o
[ 677/1811 20s] C_Android_arm64 Library/Bee/artifacts/Android/d8kzr/wxwi8rq5lft0.o
[ 678/1811 24s] C_Android_arm64 Library/Bee/artifacts/Android/d8kzr/vpc2nca7hdcl.o
[ 679/1811 20s] C_Android_arm64 Library/Bee/artifacts/Android/d8kzr/1wv91g4t5pt0.o
[ 680/1811 19s] C_Android_arm64 Library/Bee/artifacts/Android/d8kzr/h4w3xpvjtuql.o
[ 681/1811 23s] C_Android_arm64 Library/Bee/artifacts/Android/d8kzr/ds1hi36rj3g4.o
[ 682/1811  5s] C_Android_arm64 Library/Bee/artifacts/Android/d8kzr/fuofa2v72pyh.o
[ 683/1811 15s] C_Android_arm64 Library/Bee/artifacts/Android/d8kzr/xjs69wbt8mlg.o
[ 684/1811 10s] C_Android_arm64 Library/Bee/artifacts/Android/d8kzr/r4ddiecwcdo5.o
[ 685/1811  0s] C_Android_arm64 Library/Bee/artifacts/Android/d8kzr/hytwod3exs2o.o
[ 686/1811  6s] C_Android_arm64 Library/Bee/artifacts/Android/d8kzr/jflsg3pqw9wk.o
[ 688/1811 17s] C_Android_arm64 Library/Bee/artifacts/Android/d8kzr/4i04uwtx42xc.o
[ 689/1811 17s] C_Android_arm64 Library/Bee/artifacts/Android/d8kzr/b247qhwu6rzu.o
[ 690/1811 10s] C_Android_arm64 Library/Bee/artifacts/Android/d8kzr/cc57en0mr1qd.o
[ 691/1811  3s] C_Android_arm64 Library/Bee/artifacts/Android/d8kzr/n1o2xvnc6fbk.o
[ 692/1811 13s] C_Android_arm64 Library/Bee/artifacts/Android/d8kzr/bfhwj23b5wbv.o
[ 693/1811 13s] C_Android_arm64 Library/Bee/artifacts/Android/d8kzr/5gq8hph05mv6.o
[ 694/1811 19s] C_Android_arm64 Library/Bee/artifacts/Android/d8kzr/lys1lnrbuhnf.o
[ 695/1811 16s] C_Android_arm64 Library/Bee/artifacts/Android/d8kzr/2ef4wpyldqe6.o
[BUSY      18s] C_Android_arm64 Library/Bee/artifacts/Android/d8kzr/r54mppv8jmts.o
[ 696/1811 12s] C_Android_arm64 Library/Bee/artifacts/Android/d8kzr/zjgo5lyrtv1e.o
[ 697/1811 22s] C_Android_arm64 Library/Bee/artifacts/Android/d8kzr/r54mppv8jmts.o
[ 698/1811 23s] C_Android_arm64 Library/Bee/artifacts/Android/d8kzr/92f7uyyniwo9.o
[ 699/1811  9s] C_Android_arm64 Library/Bee/artifacts/Android/d8kzr/nrvz439g93h8.o
[BUSY      28s] C_Android_arm64 Library/Bee/artifacts/Android/d8kzr/yfhzgdbwar1y.o
[ 700/1811 17s] C_Android_arm64 Library/Bee/artifacts/Android/d8kzr/r3rnhfcuo59o.o
[ 701/1811  2s] C_Android_arm64 Library/Bee/artifacts/Android/d8kzr/e1ak6vvtfvnk.o
[ 702/1811 24s] C_Android_arm64 Library/Bee/artifacts/Android/d8kzr/a3nuwdpfyywd.o
[ 703/1811  0s] C_Android_arm64 Library/Bee/artifacts/Android/d8kzr/iugky2n5puiz.o
[ 704/1811 23s] C_Android_arm64 Library/Bee/artifacts/Android/d8kzr/b8yhvvjcg9xv.o
[ 705/1811 12s] C_Android_arm64 Library/Bee/artifacts/Android/d8kzr/q45pgzl4wag1.o
[ 706/1811  0s] C_Android_arm64 Library/Bee/artifacts/Android/d8kzr/qzpnzocvwm4d.o
[ 707/1811 36s] C_Android_arm64 Library/Bee/artifacts/Android/d8kzr/yfhzgdbwar1y.o
[ 708/1811 13s] C_Android_arm64 Library/Bee/artifacts/Android/d8kzr/ufazztrikkc0.o
[ 709/1811  0s] C_Android_arm64 Library/Bee/artifacts/Android/d8kzr/q015w2qa3osz.o
[ 710/1811 18s] C_Android_arm64 Library/Bee/artifacts/Android/d8kzr/bmrxav2qeh2u.o
[ 711/1811  0s] C_Android_arm64 Library/Bee/artifacts/Android/d8kzr/c15vtlfijq0k.o
[ 712/1811  2s] C_Android_arm64 Library/Bee/artifacts/Android/d8kzr/3cqcwssopbd5.o
[ 713/1811 21s] C_Android_arm64 Library/Bee/artifacts/Android/d8kzr/cr2k9cxnwr3c.o
[ 715/1811 16s] C_Android_arm64 Library/Bee/artifacts/Android/d8kzr/3qtyq362sbex.o
[ 716/1811 14s] C_Android_arm64 Library/Bee/artifacts/Android/d8kzr/qafbiflxevin.o
[ 717/1811 18s] C_Android_arm64 Library/Bee/artifacts/Android/d8kzr/ycdq1r8470c8.o
[ 718/1811  0s] C_Android_arm64 Library/Bee/artifacts/Android/d8kzr/raqsaz7hui2s.o
[ 719/1811 19s] C_Android_arm64 Library/Bee/artifacts/Android/d8kzr/jsr0ul7vtgia.o
[ 720/1811 17s] C_Android_arm64 Library/Bee/artifacts/Android/d8kzr/jmhk6agai6yj.o
[ 721/1811 18s] C_Android_arm64 Library/Bee/artifacts/Android/d8kzr/3rk8xeqf0kjk.o
[ 722/1811 15s] C_Android_arm64 Library/Bee/artifacts/Android/d8kzr/vxov6c0d6clw.o
[ 723/1811 15s] C_Android_arm64 Library/Bee/artifacts/Android/d8kzr/pxds761zdpod.o
[ 724/1811 10s] C_Android_arm64 Library/Bee/artifacts/Android/d8kzr/3ml55nvjg5eq.o
[ 725/1811  0s] C_Android_arm64 Library/Bee/artifacts/Android/d8kzr/78cbrbww9qow.o
[ 726/1811 13s] C_Android_arm64 Library/Bee/artifacts/Android/d8kzr/uh6tvjsed2sy.o
[ 727/1811  1s] C_Android_arm64 Library/Bee/artifacts/Android/d8kzr/qfhrtyot6fhx.o
[ 728/1811 10s] C_Android_arm64 Library/Bee/artifacts/Android/d8kzr/udkzg7616rfn.o
[ 730/1811 13s] C_Android_arm64 Library/Bee/artifacts/Android/d8kzr/a2wkp252qprq.o
[ 731/1811 13s] C_Android_arm64 Library/Bee/artifacts/Android/d8kzr/rw1jzdmpodfu.o
[ 732/1811 19s] C_Android_arm64 Library/Bee/artifacts/Android/d8kzr/gl4c5m4hx05q.o
[ 733/1811 12s] C_Android_arm64 Library/Bee/artifacts/Android/d8kzr/y6kgks7nktax.o
[ 734/1811 22s] C_Android_arm64 Library/Bee/artifacts/Android/d8kzr/gfa308g0nj7p.o
[ 735/1811 14s] C_Android_arm64 Library/Bee/artifacts/Android/d8kzr/pnk6g4aivalu.o
[ 736/1811 18s] C_Android_arm64 Library/Bee/artifacts/Android/d8kzr/ib68isw1yain.o
[ 738/1811 11s] C_Android_arm64 Library/Bee/artifacts/Android/d8kzr/q1lvv1xx6vtt.o
[ 739/1811  0s] C_Android_arm64 Library/Bee/artifacts/Android/d8kzr/n9ex01u4rj59.o
[ 740/1811  8s] C_Android_arm64 Library/Bee/artifacts/Android/d8kzr/u33uwb9tz9s8.o
[ 742/1811 14s] C_Android_arm64 Library/Bee/artifacts/Android/d8kzr/iw391iie5la1.o
[ 743/1811 14s] C_Android_arm64 Library/Bee/artifacts/Android/d8kzr/b8eg3tn8owd5.o
[ 744/1811 10s] C_Android_arm64 Library/Bee/artifacts/Android/d8kzr/uj1nc6xtqyom.o
[ 745/1811 14s] C_Android_arm64 Library/Bee/artifacts/Android/d8kzr/nov5kldb7ea9.o
[ 747/1811 12s] C_Android_arm64 Library/Bee/artifacts/Android/d8kzr/5ohdyrji2p82.o
[ 749/1811 13s] C_Android_arm64 Library/Bee/artifacts/Android/d8kzr/nham9v6gqo6k.o
[ 750/1811 18s] C_Android_arm64 Library/Bee/artifacts/Android/d8kzr/q6n9ulotbtqb.o
[ 751/1811  3s] C_Android_arm64 Library/Bee/artifacts/Android/d8kzr/w3skm2m9vc41.o
[ 752/1811 14s] C_Android_arm64 Library/Bee/artifacts/Android/d8kzr/qxk649eagkcd.o
[ 753/1811 22s] C_Android_arm64 Library/Bee/artifacts/Android/d8kzr/yderzski4bv9.o
[ 754/1811 23s] C_Android_arm64 Library/Bee/artifacts/Android/d8kzr/ktarjfdwezac.o
[ 755/1811  0s] C_Android_arm64 Library/Bee/artifacts/Android/d8kzr/jlcfl97j3e9i.o
[ 756/1811 20s] C_Android_arm64 Library/Bee/artifacts/Android/d8kzr/fxus7u959kae.o
[ 757/1811 10s] C_Android_arm64 Library/Bee/artifacts/Android/d8kzr/0st0yz5e08ds.o
[ 758/1811 15s] C_Android_arm64 Library/Bee/artifacts/Android/d8kzr/xy0zzcrpgrth.o
[ 759/1811  6s] C_Android_arm64 Library/Bee/artifacts/Android/d8kzr/2m2b9sve4y6s.o
[ 760/1811  0s] C_Android_arm64 Library/Bee/artifacts/Android/d8kzr/hhmfqe7dcwz7.o
[BUSY       9s] C_Android_arm64 Library/Bee/artifacts/Android/d8kzr/v4ec0lenvrfe.o
[ 761/1811 19s] C_Android_arm64 Library/Bee/artifacts/Android/d8kzr/4i1dz86eiaih.o
[ 763/1811  2s] C_Android_arm64 Library/Bee/artifacts/Android/d8kzr/1y43js879uwh.o
[ 764/1811 13s] C_Android_arm64 Library/Bee/artifacts/Android/d8kzr/g9s7i1djhuj6.o
[ 765/1811 17s] C_Android_arm64 Library/Bee/artifacts/Android/d8kzr/wpkppr0yxfkp.o
[ 766/1811 15s] C_Android_arm64 Library/Bee/artifacts/Android/d8kzr/v4ec0lenvrfe.o
[ 767/1811 18s] C_Android_arm64 Library/Bee/artifacts/Android/d8kzr/oidnloe70fsk.o
[ 769/1811  0s] C_Android_arm64 Library/Bee/artifacts/Android/d8kzr/k2blrpd2etzs.o
[ 770/1811 16s] C_Android_arm64 Library/Bee/artifacts/Android/d8kzr/cpzcss69pcxn.o
[ 771/1811 17s] C_Android_arm64 Library/Bee/artifacts/Android/d8kzr/w1vuugu5ucyi.o
[BUSY      12s] C_Android_arm64 Library/Bee/artifacts/Android/d8kzr/peh3qs1yz16v.o
[ 772/1811 10s] C_Android_arm64 Library/Bee/artifacts/Android/d8kzr/yzqp1xs8fdbj.o
[BUSY      19s] C_Android_arm64 Library/Bee/artifacts/Android/d8kzr/peh3qs1yz16v.o
[ 774/1811  6s] C_Android_arm64 Library/Bee/artifacts/Android/d8kzr/385ux6k0desm.o
[ 775/1811 18s] C_Android_arm64 Library/Bee/artifacts/Android/d8kzr/5g5jfrtbeqzr.o
[ 776/1811 29s] C_Android_arm64 Library/Bee/artifacts/Android/d8kzr/e6w55luv0rqg.o
[BUSY      26s] C_Android_arm64 Library/Bee/artifacts/Android/d8kzr/peh3qs1yz16v.o
[ 777/1811 26s] C_Android_arm64 Library/Bee/artifacts/Android/d8kzr/peh3qs1yz16v.o
[ 778/1811 21s] C_Android_arm64 Library/Bee/artifacts/Android/d8kzr/30nboqzyvtxi.o
[ 779/1811  0s] C_Android_arm64 Library/Bee/artifacts/Android/d8kzr/hhydfbdlk8nz.o
[ 780/1811 24s] C_Android_arm64 Library/Bee/artifacts/Android/d8kzr/p5ocmvepohdk.o
[ 781/1811  0s] C_Android_arm64 Library/Bee/artifacts/Android/d8kzr/4ngnbs5e7dex.o
[BUSY      32s] C_Android_arm64 Library/Bee/artifacts/Android/d8kzr/q5wzna5g4jlo.o
[ 782/1811 27s] C_Android_arm64 Library/Bee/artifacts/Android/d8kzr/g173gw1xdi8l.o
[ 783/1811 13s] C_Android_arm64 Library/Bee/artifacts/Android/d8kzr/ivd9yjcjbkpi.o
[ 784/1811 38s] C_Android_arm64 Library/Bee/artifacts/Android/d8kzr/q5wzna5g4jlo.o
[ 785/1811 19s] C_Android_arm64 Library/Bee/artifacts/Android/d8kzr/990q6n5hzmsx.o
[ 786/1811  0s] C_Android_arm64 Library/Bee/artifacts/Android/d8kzr/zilqr968cwbb.o
[ 787/1811  5s] C_Android_arm64 Library/Bee/artifacts/Android/d8kzr/fgmdq6ezbil9.o
[ 789/1811  0s] C_Android_arm64 Library/Bee/artifacts/Android/d8kzr/9hk22o5cri2q.o
[ 790/1811 20s] C_Android_arm64 Library/Bee/artifacts/Android/d8kzr/x43vuwc0mqpb.o
[ 791/1811  3s] C_Android_arm64 Library/Bee/artifacts/Android/d8kzr/8pv40jwu7afh.o
[ 792/1811 21s] C_Android_arm64 Library/Bee/artifacts/Android/d8kzr/mh8e6zjne8be.o
[ 793/1811 21s] C_Android_arm64 Library/Bee/artifacts/Android/d8kzr/xg0lm93g2xyh.o
[ 794/1811 24s] C_Android_arm64 Library/Bee/artifacts/Android/d8kzr/4h9unlalxtsp.o
[ 795/1811 13s] C_Android_arm64 Library/Bee/artifacts/Android/d8kzr/5hhip00cdw0t.o
[ 796/1811 16s] C_Android_arm64 Library/Bee/artifacts/Android/d8kzr/qd9s6avnsjuz.o
[ 797/1811 17s] C_Android_arm64 Library/Bee/artifacts/Android/d8kzr/w8f51tniyvh2.o
[ 798/1811 25s] C_Android_arm64 Library/Bee/artifacts/Android/d8kzr/yeqp91rj3hwb.o
[ 800/1811 16s] C_Android_arm64 Library/Bee/artifacts/Android/d8kzr/wh8v6qas9fbe.o
[ 801/1811 12s] C_Android_arm64 Library/Bee/artifacts/Android/d8kzr/ngjc2kn4if1x.o
[ 802/1811 11s] C_Android_arm64 Library/Bee/artifacts/Android/d8kzr/ogrz3zdwyh91.o
[ 803/1811 10s] C_Android_arm64 Library/Bee/artifacts/Android/d8kzr/ae8purz9nm5j.o
[ 804/1811 12s] C_Android_arm64 Library/Bee/artifacts/Android/d8kzr/7rkkezcr224o.o
[ 805/1811 13s] C_Android_arm64 Library/Bee/artifacts/Android/d8kzr/r9lxltzbym8p.o
[ 807/1811 13s] C_Android_arm64 Library/Bee/artifacts/Android/d8kzr/j2567bwnu5g6.o
[ 808/1811 10s] C_Android_arm64 Library/Bee/artifacts/Android/d8kzr/zd7235yybbzs.o
[ 809/1811 10s] C_Android_arm64 Library/Bee/artifacts/Android/d8kzr/hd06n142o34j.o
[ 810/1811  0s] C_Android_arm64 Library/Bee/artifacts/Android/d8kzr/wxrdsb11pscl.o
[ 811/1811 12s] C_Android_arm64 Library/Bee/artifacts/Android/d8kzr/n4ywwuarnwc4.o
[BUSY       8s] C_Android_arm64 Library/Bee/artifacts/Android/d8kzr/cizhj1n40ipe.o
[ 812/1811 13s] C_Android_arm64 Library/Bee/artifacts/Android/d8kzr/ivc0u7y1xc5d.o
[ 813/1811 14s] C_Android_arm64 Library/Bee/artifacts/Android/d8kzr/49w14kke9tje.o
[ 814/1811 20s] C_Android_arm64 Library/Bee/artifacts/Android/d8kzr/28rh5bzd4qyp.o
[ 816/1811 11s] C_Android_arm64 Library/Bee/artifacts/Android/d8kzr/sh6d68fa2op5.o
[ 817/1811 13s] C_Android_arm64 Library/Bee/artifacts/Android/d8kzr/btchmk9kv75i.o
[ 819/1811  9s] C_Android_arm64 Library/Bee/artifacts/Android/d8kzr/cy2fi4ftllbm.o
[ 820/1811  4s] C_Android_arm64 Library/Bee/artifacts/Android/d8kzr/r31e844ud7m3.o
[ 821/1811  5s] C_Android_arm64 Library/Bee/artifacts/Android/d8kzr/wukkzbi97kne.o
[ 822/1811  0s] C_Android_arm64 Library/Bee/artifacts/Android/d8kzr/frv13wqs5yn4.o
[ 823/1811  0s] C_Android_arm64 Library/Bee/artifacts/Android/d8kzr/99oeig4g6n03.o
[ 824/1811  0s] C_Android_arm64 Library/Bee/artifacts/Android/d8kzr/tiozhmla0hf7.o
[ 825/1811  0s] C_Android_arm64 Library/Bee/artifacts/Android/d8kzr/en9y9pa2ee5m.o
[ 826/1811 14s] C_Android_arm64 Library/Bee/artifacts/Android/d8kzr/cizhj1n40ipe.o
[ 827/1811 17s] C_Android_arm64 Library/Bee/artifacts/Android/d8kzr/3y5r93w9gbn8.o
[ 828/1811  9s] C_Android_arm64 Library/Bee/artifacts/Android/d8kzr/20fomb96frpe.o
[ 830/1811 12s] C_Android_arm64 Library/Bee/artifacts/Android/d8kzr/2ov8glwtk80k.o
[ 831/1811 12s] C_Android_arm64 Library/Bee/artifacts/Android/d8kzr/216xtmsjn0u1.o
[ 832/1811 14s] C_Android_arm64 Library/Bee/artifacts/Android/d8kzr/k8mfb7l8rsrw.o
[ 833/1811 12s] C_Android_arm64 Library/Bee/artifacts/Android/d8kzr/q4k1d1xf5dkm.o
[ 835/1811 15s] C_Android_arm64 Library/Bee/artifacts/Android/d8kzr/y6dwq11cfin0.o
[ 836/1811 11s] C_Android_arm64 Library/Bee/artifacts/Android/d8kzr/r9vocjscnol4.o
[ 837/1811  0s] C_Android_arm64 Library/Bee/artifacts/Android/d8kzr/2k156oc6i4hj.o
[ 838/1811  7s] C_Android_arm64 Library/Bee/artifacts/Android/d8kzr/k1mk2f322yjn.o
[BUSY      10s] C_Android_arm64 Library/Bee/artifacts/Android/d8kzr/6c4qsap5mexj.o
[ 839/1811  9s] C_Android_arm64 Library/Bee/artifacts/Android/d8kzr/uja5hjwxst5f.o
[ 840/1811 11s] C_Android_arm64 Library/Bee/artifacts/Android/d8kzr/6c4qsap5mexj.o
[ 841/1811 12s] C_Android_arm64 Library/Bee/artifacts/Android/d8kzr/dxjtc8m8tee3.o
[ 842/1811  0s] C_Android_arm64 Library/Bee/artifacts/Android/d8kzr/nlqq9i9v58np.o
[ 843/1811 24s] C_Android_arm64 Library/Bee/artifacts/Android/d8kzr/vq3bvntjpmh8.o
[ 844/1811  0s] C_Android_arm64 Library/Bee/artifacts/Android/d8kzr/gu63u2yktb25.o
[ 845/1811  0s] C_Android_arm64 Library/Bee/artifacts/Android/d8kzr/rfl5mybm49x6.o
[BUSY       6s] C_Android_arm64 Library/Bee/artifacts/Android/d8kzr/jjqp37c02cz2.o
[ 846/1811 30s] C_Android_arm64 Library/Bee/artifacts/Android/d8kzr/dqjy3g424k6t.o
[ 847/1811  0s] C_Android_arm64 Library/Bee/artifacts/Android/d8kzr/riyaiaidvivx.o
[ 849/1811 18s] C_Android_arm64 Library/Bee/artifacts/Android/d8kzr/nfs2u93rb6va.o
[ 850/1811 22s] C_Android_arm64 Library/Bee/artifacts/Android/d8kzr/6njfvtem2f7y.o
[BUSY       9s] C_Android_arm64 Library/Bee/artifacts/Android/d8kzr/wotfighmq6e2.o
[ 852/1811 28s] C_Android_arm64 Library/Bee/artifacts/Android/d8kzr/id8tpgvu45co.o
[ 853/1811 21s] C_Android_arm64 Library/Bee/artifacts/Android/d8kzr/w7p4yuhn4twj.o
[ 854/1811  0s] C_Android_arm64 Library/Bee/artifacts/Android/d8kzr/fkgn6ufq0b71.o
[ 855/1811 12s] C_Android_arm64 Library/Bee/artifacts/Android/d8kzr/cj52nejsgvym.o
[ 856/1811 26s] C_Android_arm64 Library/Bee/artifacts/Android/d8kzr/cjqrqc7g8ru1.o
[ 857/1811 33s] C_Android_arm64 Library/Bee/artifacts/Android/d8kzr/2707x0f1wht2.o
[ 858/1811 20s] C_Android_arm64 Library/Bee/artifacts/Android/d8kzr/niea3dau0pmp.o
[BUSY      18s] C_Android_arm64 Library/Bee/artifacts/Android/d8kzr/ghip8r5yutk0.o
[BUSY      24s] C_Android_arm64 Library/Bee/artifacts/Android/d8kzr/5nq3qg05ug3f.o
[ 859/1811 35s] C_Android_arm64 Library/Bee/artifacts/Android/d8kzr/wotfighmq6e2.o
[ 860/1811 24s] C_Android_arm64 Library/Bee/artifacts/Android/d8kzr/ghip8r5yutk0.o
[ 861/1811 48s] C_Android_arm64 Library/Bee/artifacts/Android/d8kzr/jjqp37c02cz2.o
[ 862/1811  3s] C_Android_arm64 Library/Bee/artifacts/Android/d8kzr/fd0m9hm01zhs.o
[ 863/1811 18s] C_Android_arm64 Library/Bee/artifacts/Android/d8kzr/7o1hnv3pnkmq.o
[ 864/1811 29s] C_Android_arm64 Library/Bee/artifacts/Android/d8kzr/j3wgfnf01emt.o
[ 865/1811 29s] C_Android_arm64 Library/Bee/artifacts/Android/d8kzr/5nq3qg05ug3f.o
[ 866/1811 17s] C_Android_arm64 Library/Bee/artifacts/Android/d8kzr/ul52icjna4q7.o
[ 867/1811 27s] C_Android_arm64 Library/Bee/artifacts/Android/d8kzr/h5nd50ew03v8.o
[ 868/1811  4s] C_Android_arm64 Library/Bee/artifacts/Android/d8kzr/x6p1fw56bqd0.o
[ 869/1811  8s] C_Android_arm64 Library/Bee/artifacts/Android/d8kzr/hs2g0a9i2h8c.o
[ 870/1811 12s] C_Android_arm64 Library/Bee/artifacts/Android/d8kzr/hcv6k1oxv4gv.o
[ 871/1811 12s] C_Android_arm64 Library/Bee/artifacts/Android/d8kzr/zkx6l7o3b3tn.o
[ 872/1811 12s] C_Android_arm64 Library/Bee/artifacts/Android/d8kzr/3h17l6jthrkl.o
[ 873/1811 10s] C_Android_arm64 Library/Bee/artifacts/Android/d8kzr/mijb8olban63.o
[ 874/1811  4s] C_Android_arm64 Library/Bee/artifacts/Android/d8kzr/q6c0wsufalmj.o
[ 875/1811 16s] C_Android_arm64 Library/Bee/artifacts/Android/d8kzr/dya3jj6k1njq.o
[ 876/1811 13s] C_Android_arm64 Library/Bee/artifacts/Android/d8kzr/hbin9e2dalu9.o
[ 877/1811 11s] C_Android_arm64 Library/Bee/artifacts/Android/d8kzr/vjbjtumluk2a.o
[ 878/1811  0s] C_Android_arm64 Library/Bee/artifacts/Android/d8kzr/5cr1nsvsxw05.o
[ 879/1811 13s] C_Android_arm64 Library/Bee/artifacts/Android/d8kzr/py41eilclyt0.o
[ 880/1811 15s] C_Android_arm64 Library/Bee/artifacts/Android/d8kzr/nn4vdauyz54l.o
[ 881/1811  8s] C_Android_arm64 Library/Bee/artifacts/Android/d8kzr/choqsos69dfp.o
[ 882/1811  8s] C_Android_arm64 Library/Bee/artifacts/Android/d8kzr/oud0gpbokx5s.o
[ 886/1811 17s] C_Android_arm64 Library/Bee/artifacts/Android/d8kzr/cqqmz3pmxl2a.o
[ 887/1811 11s] C_Android_arm64 Library/Bee/artifacts/Android/d8kzr/iorgjis7gm1p.o
[ 888/1811 11s] C_Android_arm64 Library/Bee/artifacts/Android/d8kzr/z4anhk9xdawf.o
[ 889/1811 10s] C_Android_arm64 Library/Bee/artifacts/Android/d8kzr/5o210p76tm4h.o
[ 890/1811 11s] C_Android_arm64 Library/Bee/artifacts/Android/d8kzr/pnycq4zqzs5c.o
[ 891/1811 11s] C_Android_arm64 Library/Bee/artifacts/Android/d8kzr/k0ams6v13sil.o
[ 892/1811  0s] C_Android_arm64 Library/Bee/artifacts/Android/d8kzr/2ggxjonprkd5.o
[ 894/1811 11s] C_Android_arm64 Library/Bee/artifacts/Android/d8kzr/xvmmvke8mzqu.o
[ 895/1811  8s] C_Android_arm64 Library/Bee/artifacts/Android/d8kzr/8fzozzufgaxh.o
[ 896/1811  0s] C_Android_arm64 Library/Bee/artifacts/Android/d8kzr/2uju70t690cl.o
[ 897/1811  0s] C_Android_arm64 Library/Bee/artifacts/Android/d8kzr/8dj9kellra3i.o
[ 898/1811  0s] C_Android_arm64 Library/Bee/artifacts/Android/d8kzr/b6t9nbr7eofz.o
[ 899/1811  9s] C_Android_arm64 Library/Bee/artifacts/Android/d8kzr/0n1dw2i8w9f4.o
[ 900/1811  0s] C_Android_arm64 Library/Bee/artifacts/Android/d8kzr/75h977h732kr.o
[ 901/1811 10s] C_Android_arm64 Library/Bee/artifacts/Android/d8kzr/2rclwzznkibg.o
[ 903/1811  0s] C_Android_arm64 Library/Bee/artifacts/Android/d8kzr/rg5po5jwmolx.o
[ 904/1811 12s] C_Android_arm64 Library/Bee/artifacts/Android/d8kzr/qoixjx2ukevx.o
[ 905/1811 11s] C_Android_arm64 Library/Bee/artifacts/Android/d8kzr/iulqnwfpq3zq.o
[ 906/1811  0s] C_Android_arm64 Library/Bee/artifacts/Android/d8kzr/9js27nhjv841.o
[ 907/1811 13s] C_Android_arm64 Library/Bee/artifacts/Android/d8kzr/dgvj88xyws11.o
[ 908/1811 10s] C_Android_arm64 Library/Bee/artifacts/Android/d8kzr/58dfzorthnmv.o
[ 909/1811  0s] C_Android_arm64 Library/Bee/artifacts/Android/d8kzr/9bt4nk35z98p.o
[ 910/1811  0s] C_Android_arm64 Library/Bee/artifacts/Android/d8kzr/342tbu3vyx4q.o
[ 911/1811 10s] C_Android_arm64 Library/Bee/artifacts/Android/d8kzr/pf8cy3kb7acj.o
[ 912/1811 15s] C_Android_arm64 Library/Bee/artifacts/Android/d8kzr/x7wiwxux6okj.o
[ 914/1811 15s] C_Android_arm64 Library/Bee/artifacts/Android/d8kzr/jutdpb6g657u.o
[ 915/1811  1s] C_Android_arm64 Library/Bee/artifacts/Android/d8kzr/e9dp6hrckdk0.o
[ 916/1811  0s] C_Android_arm64 Library/Bee/artifacts/Android/d8kzr/edtn0cmdzpwc.o
[ 917/1811  4s] C_Android_arm64 Library/Bee/artifacts/Android/d8kzr/bhpjbbcv9j5c.o
[ 918/1811  0s] C_Android_arm64 Library/Bee/artifacts/Android/d8kzr/q8h4e1x52kz5.o
[ 919/1811 10s] C_Android_arm64 Library/Bee/artifacts/Android/d8kzr/6noz15xwlhy5.o
[ 920/1811  5s] C_Android_arm64 Library/Bee/artifacts/Android/d8kzr/vy2lacq7nb0o.o
[ 921/1811 14s] C_Android_arm64 Library/Bee/artifacts/Android/d8kzr/azq7joz5436w.o
[ 922/1811  0s] C_Android_arm64 Library/Bee/artifacts/Android/d8kzr/8rpuwafj9i6d.o
[ 924/1811  9s] C_Android_arm64 Library/Bee/artifacts/Android/d8kzr/qg1duy2zy8gy.o
[ 925/1811  9s] C_Android_arm64 Library/Bee/artifacts/Android/d8kzr/9lq3f5rxi8cm.o
[ 926/1811 10s] C_Android_arm64 Library/Bee/artifacts/Android/d8kzr/q5x8rmiyhr5s.o
[ 927/1811 11s] C_Android_arm64 Library/Bee/artifacts/Android/d8kzr/hergvcofwca7.o
[ 928/1811  9s] C_Android_arm64 Library/Bee/artifacts/Android/d8kzr/oqyqntqs4r34.o
[ 929/1811 13s] C_Android_arm64 Library/Bee/artifacts/Android/d8kzr/gze7830ix8du.o
[ 930/1811 12s] C_Android_arm64 Library/Bee/artifacts/Android/d8kzr/16uncain9nxq.o
[ 931/1811  0s] C_Android_arm64 Library/Bee/artifacts/Android/d8kzr/89m8svmrsfjx.o
[ 933/1811 12s] C_Android_arm64 Library/Bee/artifacts/Android/d8kzr/qcijzzbblapc.o
[ 934/1811 10s] C_Android_arm64 Library/Bee/artifacts/Android/d8kzr/vl4f1mn0auw2.o
[ 936/1811 11s] C_Android_arm64 Library/Bee/artifacts/Android/d8kzr/3zw1gfgmoksv.o
[ 938/1811  9s] C_Android_arm64 Library/Bee/artifacts/Android/d8kzr/gejttxxnga22.o
[ 939/1811  0s] C_Android_arm64 Library/Bee/artifacts/Android/d8kzr/bj3pi01t2qe3.o
[ 940/1811 13s] C_Android_arm64 Library/Bee/artifacts/Android/d8kzr/r3m3a3sj53ii.o
[ 942/1811  0s] C_Android_arm64 Library/Bee/artifacts/Android/d8kzr/gxvsaplojfi4.o
[ 943/1811  6s] C_Android_arm64 Library/Bee/artifacts/Android/d8kzr/x9fbfwa4yefy.o
[ 944/1811  6s] C_Android_arm64 Library/Bee/artifacts/Android/d8kzr/bbmhqtum6iyb.o
[ 946/1811  4s] C_Android_arm64 Library/Bee/artifacts/Android/d8kzr/9cnbge2ukzjh.o
[ 947/1811  9s] C_Android_arm64 Library/Bee/artifacts/Android/d8kzr/e5yygxu7w7gz.o
[ 948/1811 11s] C_Android_arm64 Library/Bee/artifacts/Android/d8kzr/m4ypzf2q63q2.o
[ 950/1811  9s] C_Android_arm64 Library/Bee/artifacts/Android/d8kzr/urmy0jm4gter.o
[ 951/1811  7s] C_Android_arm64 Library/Bee/artifacts/Android/d8kzr/x8ns38daeyp6.o
[ 952/1811  4s] C_Android_arm64 Library/Bee/artifacts/Android/d8kzr/1doi22d6bz2a.o
[ 954/1811  5s] C_Android_arm64 Library/Bee/artifacts/Android/d8kzr/10dhjfmd4av7.o
[ 957/1811  7s] C_Android_arm64 Library/Bee/artifacts/Android/d8kzr/t7pifebkgivk.o
[ 958/1811  0s] C_Android_arm64 Library/Bee/artifacts/Android/d8kzr/b2a34a0vqo0d.o
[ 959/1811  7s] C_Android_arm64 Library/Bee/artifacts/Android/d8kzr/g9rd4w9v0r3z.o
[ 960/1811  7s] C_Android_arm64 Library/Bee/artifacts/Android/d8kzr/89lgs8qgj218.o
[ 961/1811  8s] C_Android_arm64 Library/Bee/artifacts/Android/d8kzr/cstugog0308z.o
[ 962/1811 10s] C_Android_arm64 Library/Bee/artifacts/Android/d8kzr/a15airmqjgm3.o
[ 964/1811  0s] C_Android_arm64 Library/Bee/artifacts/Android/d8kzr/2a1zmpfpf69h.o
[ 965/1811  0s] C_Android_arm64 Library/Bee/artifacts/Android/d8kzr/7qtlo39j4a59.o
[ 966/1811 10s] C_Android_arm64 Library/Bee/artifacts/Android/d8kzr/6hp5qfr4sy8x.o
[ 967/1811  8s] C_Android_arm64 Library/Bee/artifacts/Android/d8kzr/rc5hygee9f11.o
[ 968/1811  7s] C_Android_arm64 Library/Bee/artifacts/Android/d8kzr/xfaljayl8vdz.o
[ 969/1811  6s] C_Android_arm64 Library/Bee/artifacts/Android/d8kzr/d5enywmv41c6.o
[ 970/1811 10s] C_Android_arm64 Library/Bee/artifacts/Android/d8kzr/gykumtz88arr.o
[ 971/1811  7s] C_Android_arm64 Library/Bee/artifacts/Android/d8kzr/y5mmjqi078hd.o
[ 973/1811  0s] C_Android_arm64 Library/Bee/artifacts/Android/d8kzr/rqfjg2pli48p.o
[ 975/1811 10s] C_Android_arm64 Library/Bee/artifacts/Android/d8kzr/pmtw9sr5n1f7.o
[ 976/1811  7s] C_Android_arm64 Library/Bee/artifacts/Android/d8kzr/0cv31zpwhcdv.o
[ 978/1811  6s] C_Android_arm64 Library/Bee/artifacts/Android/d8kzr/4gilgar8pkn2.o
[ 980/1811  0s] C_Android_arm64 Library/Bee/artifacts/Android/d8kzr/0gzuzuofr56s.o
[ 981/1811  6s] C_Android_arm64 Library/Bee/artifacts/Android/d8kzr/vtpj3rzle67m.o
[ 982/1811  8s] C_Android_arm64 Library/Bee/artifacts/Android/d8kzr/nuisczcjgeqp.o
[ 983/1811  7s] C_Android_arm64 Library/Bee/artifacts/Android/d8kzr/4ha4rxn2a1cu.o
[ 984/1811  0s] C_Android_arm64 Library/Bee/artifacts/Android/d8kzr/e5xzu4g0l79c.o
[ 986/1811  7s] C_Android_arm64 Library/Bee/artifacts/Android/d8kzr/oo3sm032mhid.o
[ 988/1811  7s] C_Android_arm64 Library/Bee/artifacts/Android/d8kzr/ep7y1av0amkw.o
[ 989/1811 11s] C_Android_arm64 Library/Bee/artifacts/Android/d8kzr/q22hzevqqv9b.o
[ 990/1811  8s] C_Android_arm64 Library/Bee/artifacts/Android/d8kzr/2wgcjq8eokc5.o
[ 992/1811  0s] C_Android_arm64 Library/Bee/artifacts/Android/d8kzr/uex8807gnzg7.o
[ 993/1811  0s] C_Android_arm64 Library/Bee/artifacts/Android/d8kzr/zpm3fkn9dco9.o
[ 994/1811 11s] C_Android_arm64 Library/Bee/artifacts/Android/d8kzr/5ptb80qj1v94.o
[ 995/1811  7s] C_Android_arm64 Library/Bee/artifacts/Android/d8kzr/prtrjd9fy6iw.o
[ 996/1811  0s] C_Android_arm64 Library/Bee/artifacts/Android/d8kzr/jf6tcrzjar3i.o
[ 997/1811  9s] C_Android_arm64 Library/Bee/artifacts/Android/d8kzr/y745xclpmrsn.o
[ 998/1811  7s] C_Android_arm64 Library/Bee/artifacts/Android/d8kzr/kjmco76r665j.o
[1000/1811 10s] C_Android_arm64 Library/Bee/artifacts/Android/d8kzr/mwv5vdthmm5v.o
[1001/1811  7s] C_Android_arm64 Library/Bee/artifacts/Android/d8kzr/3ahxetqge801.o
[1002/1811  2s] C_Android_arm64 Library/Bee/artifacts/Android/d8kzr/jcyajf9lnd2u.o
[1003/1811  9s] C_Android_arm64 Library/Bee/artifacts/Android/d8kzr/wy5kvgp87nwk.o
[1004/1811 10s] C_Android_arm64 Library/Bee/artifacts/Android/d8kzr/b93978b85by9.o
[1005/1811  7s] C_Android_arm64 Library/Bee/artifacts/Android/d8kzr/jvknwmptdfdi.o
[1006/1811  9s] C_Android_arm64 Library/Bee/artifacts/Android/d8kzr/ydzf2q86v8qo.o
[1007/1811 12s] C_Android_arm64 Library/Bee/artifacts/Android/d8kzr/uqvot82r9j93.o
[1008/1811  8s] C_Android_arm64 Library/Bee/artifacts/Android/d8kzr/jt23h0m4yw27.o
[1009/1811 14s] C_Android_arm64 Library/Bee/artifacts/Android/d8kzr/dra8asnfcubh.o
[1010/1811  2s] C_Android_arm64 Library/Bee/artifacts/Android/d8kzr/caauzjwylbbq.o
[1011/1811  1s] C_Android_arm64 Library/Bee/artifacts/Android/d8kzr/hp27v3xsilk6.o
[1012/1811 10s] C_Android_arm64 Library/Bee/artifacts/Android/d8kzr/py3sa67u7q9v.o
[1013/1811 11s] C_Android_arm64 Library/Bee/artifacts/Android/d8kzr/ctk4nzzcbaen.o
[1014/1811  8s] C_Android_arm64 Library/Bee/artifacts/Android/d8kzr/ajzxu2balno5.o
[1015/1811  8s] C_Android_arm64 Library/Bee/artifacts/Android/d8kzr/kpgmslu9fo4k.o
[1016/1811  7s] C_Android_arm64 Library/Bee/artifacts/Android/d8kzr/hlc061u9c3dv.o
[1017/1811 11s] C_Android_arm64 Library/Bee/artifacts/Android/d8kzr/pl2m2h8sgsak.o
[1018/1811  8s] C_Android_arm64 Library/Bee/artifacts/Android/d8kzr/951e324p7ffo.o
[1019/1811  7s] C_Android_arm64 Library/Bee/artifacts/Android/d8kzr/qwtwxyvx8a7p.o
[1020/1811 14s] C_Android_arm64 Library/Bee/artifacts/Android/d8kzr/qmhij6ltcr3k.o
[1022/1811  1s] C_Android_arm64 Library/Bee/artifacts/Android/d8kzr/7rg26p9tlzqn.o
[1023/1811  9s] C_Android_arm64 Library/Bee/artifacts/Android/d8kzr/tla4nnu4j1am.o
[1024/1811 12s] C_Android_arm64 Library/Bee/artifacts/Android/d8kzr/0ipd6ddertbw.o
[1025/1811 10s] C_Android_arm64 Library/Bee/artifacts/Android/d8kzr/n4fmgt9fqomb.o
[1027/1811  0s] C_Android_arm64 Library/Bee/artifacts/Android/d8kzr/hu7uaca9t79m.o
[1028/1811 13s] C_Android_arm64 Library/Bee/artifacts/Android/d8kzr/rbzwt3iqt3rt.o
[1029/1811 14s] C_Android_arm64 Library/Bee/artifacts/Android/d8kzr/q3tr6pe3x4ez.o
[1030/1811 11s] C_Android_arm64 Library/Bee/artifacts/Android/d8kzr/rbe8q5u116ve.o
[1031/1811  9s] C_Android_arm64 Library/Bee/artifacts/Android/d8kzr/m6ci6279xj4u.o
[1032/1811  0s] C_Android_arm64 Library/Bee/artifacts/Android/d8kzr/lh1kz206n6wr.o
[1033/1811  9s] C_Android_arm64 Library/Bee/artifacts/Android/d8kzr/hc9wgqlqhuzw.o
[1034/1811  4s] C_Android_arm64 Library/Bee/artifacts/Android/d8kzr/g1k3qm6orx4q.o
[1036/1811  7s] C_Android_arm64 Library/Bee/artifacts/Android/d8kzr/k00u1g30er56.o
[1037/1811  8s] C_Android_arm64 Library/Bee/artifacts/Android/d8kzr/6gyvj47rlp3a.o
[1038/1811 12s] C_Android_arm64 Library/Bee/artifacts/Android/d8kzr/f7pmgt01jhqa.o
[1040/1811  8s] C_Android_arm64 Library/Bee/artifacts/Android/d8kzr/k7v53v2vkjm9.o
[1041/1811  6s] C_Android_arm64 Library/Bee/artifacts/Android/d8kzr/pt1ebmhz2tce.o
[1042/1811  1s] C_Android_arm64 Library/Bee/artifacts/Android/d8kzr/vm4640yjyyud.o
[1043/1811 10s] C_Android_arm64 Library/Bee/artifacts/Android/d8kzr/ovocypax37l1.o
[1044/1811  6s] C_Android_arm64 Library/Bee/artifacts/Android/d8kzr/12fnsf7d7yuk.o
[1046/1811  0s] C_Android_arm64 Library/Bee/artifacts/Android/d8kzr/gh4zh4b56zp7.o
[1047/1811  9s] C_Android_arm64 Library/Bee/artifacts/Android/d8kzr/4jre27cacc3z.o
[1048/1811  0s] C_Android_arm64 Library/Bee/artifacts/Android/d8kzr/nl1isuxbt0q5.o
[1049/1811  9s] C_Android_arm64 Library/Bee/artifacts/Android/d8kzr/4plo6l0rlt10.o
[1050/1811 11s] C_Android_arm64 Library/Bee/artifacts/Android/d8kzr/b9pr262oni3i.o
[1051/1811  9s] C_Android_arm64 Library/Bee/artifacts/Android/d8kzr/ku10qqw8l8fz.o
[1052/1811  5s] C_Android_arm64 Library/Bee/artifacts/Android/d8kzr/yrwf8vq8iizh.o
[1053/1811  0s] C_Android_arm64 Library/Bee/artifacts/Android/d8kzr/y9338s1rtxxa.o
[1054/1811  8s] C_Android_arm64 Library/Bee/artifacts/Android/d8kzr/gc19ebvy1rrs.o
[1055/1811 11s] C_Android_arm64 Library/Bee/artifacts/Android/d8kzr/ycnhsh15w2pm.o
[1056/1811  0s] C_Android_arm64 Library/Bee/artifacts/Android/d8kzr/uu8e1re46l4m.o
[1057/1811  9s] C_Android_arm64 Library/Bee/artifacts/Android/d8kzr/ts1le1g1q7k1.o
[1058/1811 14s] C_Android_arm64 Library/Bee/artifacts/Android/d8kzr/plg57jhczl5a.o
[1059/1811  0s] C_Android_arm64 Library/Bee/artifacts/Android/d8kzr/djgcb4g2wgf1.o
[1060/1811 12s] C_Android_arm64 Library/Bee/artifacts/Android/d8kzr/bsl7e9p8ny0v.o
[1061/1811 18s] C_Android_arm64 Library/Bee/artifacts/Android/d8kzr/1070kwif0oha.o
[1062/1811 14s] C_Android_arm64 Library/Bee/artifacts/Android/d8kzr/36hls4mg5awj.o
[1063/1811 14s] C_Android_arm64 Library/Bee/artifacts/Android/d8kzr/91oxnnfbbnjm.o
[1064/1811 14s] C_Android_arm64 Library/Bee/artifacts/Android/d8kzr/up4emxjf2a4g.o
[1065/1811 14s] C_Android_arm64 Library/Bee/artifacts/Android/d8kzr/bah19hm1ur85.o
[1066/1811 14s] C_Android_arm64 Library/Bee/artifacts/Android/d8kzr/8q04f3lqewvq.o
[1067/1811  7s] C_Android_arm64 Library/Bee/artifacts/Android/d8kzr/fipzvpq1bwcb.o
[BUSY      11s] C_Android_arm64 Library/Bee/artifacts/Android/d8kzr/xs6pvy3769ug.o
[1070/1811 24s] C_Android_arm64 Library/Bee/artifacts/Android/d8kzr/wn25a5x9ix9e.o
[1071/1811 21s] C_Android_arm64 Library/Bee/artifacts/Android/d8kzr/39pn7h736yve.o
[BUSY      24s] C_Android_arm64 Library/Bee/artifacts/Android/d8kzr/5f4ihqhyhfhq.o
[BUSY      10s] C_Android_arm64 Library/Bee/artifacts/Android/d8kzr/cgzwn936syuk.o
[BUSY      34s] C_Android_arm64 Library/Bee/artifacts/Android/d8kzr/aukr61fw2pif.o
[1072/1811 35s] C_Android_arm64 Library/Bee/artifacts/Android/d8kzr/5f4ihqhyhfhq.o
[1074/1811  0s] C_Android_arm64 Library/Bee/artifacts/Android/d8kzr/2j27pq54670m.o
[1075/1811 33s] C_Android_arm64 Library/Bee/artifacts/Android/d8kzr/xs6pvy3769ug.o
[1076/1811 41s] C_Android_arm64 Library/Bee/artifacts/Android/d8kzr/aukr61fw2pif.o
[BUSY      36s] C_Android_arm64 Library/Bee/artifacts/Android/d8kzr/jthff2yf7z6s.o
[BUSY      16s] C_Android_arm64 Library/Bee/artifacts/Android/d8kzr/f9x8ncp0qr3k.o
[1077/1811 41s] C_Android_arm64 Library/Bee/artifacts/Android/d8kzr/cd31fppa4ljx.o
[BUSY      47s] C_Android_arm64 Library/Bee/artifacts/Android/d8kzr/jthff2yf7z6s.o
[1078/1811 48s] C_Android_arm64 Library/Bee/artifacts/Android/d8kzr/auurzfbk069e.o
[1079/1811 51s] C_Android_arm64 Library/Bee/artifacts/Android/d8kzr/jthff2yf7z6s.o
[1080/1811 44s] C_Android_arm64 Library/Bee/artifacts/Android/d8kzr/s0rvszj1t4pi.o
[1081/1811 31s] C_Android_arm64 Library/Bee/artifacts/Android/d8kzr/f9x8ncp0qr3k.o
[1082/1811 25s] C_Android_arm64 Library/Bee/artifacts/Android/d8kzr/nq3rs419dpnj.o
[1083/1811  0s] C_Android_arm64 Library/Bee/artifacts/Android/d8kzr/t2bp34c1kb9k.o
[1084/1811 48s] C_Android_arm64 Library/Bee/artifacts/Android/d8kzr/cgzwn936syuk.o
[1086/1811 31s] C_Android_arm64 Library/Bee/artifacts/Android/d8kzr/w7ovui45qmcf.o
[1088/1811 17s] C_Android_arm64 Library/Bee/artifacts/Android/d8kzr/305fvuw6vhpr.o
[1089/1811 12s] C_Android_arm64 Library/Bee/artifacts/Android/d8kzr/wczsk1ulztwt.o
[1090/1811  9s] C_Android_arm64 Library/Bee/artifacts/Android/d8kzr/8fgqwmeysj09.o
[1091/1811 13s] C_Android_arm64 Library/Bee/artifacts/Android/d8kzr/f17wjhtxwpmk.o
[1093/1811  9s] C_Android_arm64 Library/Bee/artifacts/Android/d8kzr/936g29h0p5tw.o
[1094/1811  8s] C_Android_arm64 Library/Bee/artifacts/Android/d8kzr/hklqzqbx5t87.o
[1095/1811 11s] C_Android_arm64 Library/Bee/artifacts/Android/d8kzr/114qqq5pbk0u.o
[1097/1811  8s] C_Android_arm64 Library/Bee/artifacts/Android/d8kzr/ocjdharprytj.o
[1098/1811  8s] C_Android_arm64 Library/Bee/artifacts/Android/d8kzr/2zoxofjq4zhm.o
[1099/1811 12s] C_Android_arm64 Library/Bee/artifacts/Android/d8kzr/d8ie3sbujxbh.o
[1100/1811  2s] C_Android_arm64 Library/Bee/artifacts/Android/d8kzr/8jjaw2ndtcyu.o
[1101/1811  8s] C_Android_arm64 Library/Bee/artifacts/Android/d8kzr/cl8a5y95ma5b.o
[1102/1811  2s] C_Android_arm64 Library/Bee/artifacts/Android/d8kzr/ikgo7ojj1vq6.o
[1103/1811  8s] C_Android_arm64 Library/Bee/artifacts/Android/d8kzr/xf9bfyk4uotu.o
[1104/1811  8s] C_Android_arm64 Library/Bee/artifacts/Android/d8kzr/ab0nfefmmy5o.o
[1105/1811  1s] C_Android_arm64 Library/Bee/artifacts/Android/d8kzr/o769djb5qw4y.o
[1106/1811  5s] C_Android_arm64 Library/Bee/artifacts/Android/d8kzr/4gxwdc3jynrn.o
[1107/1811  7s] C_Android_arm64 Library/Bee/artifacts/Android/d8kzr/ibqabus5pn2d.o
[1108/1811  3s] C_Android_arm64 Library/Bee/artifacts/Android/d8kzr/kzjclvcpwjdy.o
[1109/1811  8s] C_Android_arm64 Library/Bee/artifacts/Android/d8kzr/ij23tuicenbp.o
[1110/1811  7s] C_Android_arm64 Library/Bee/artifacts/Android/d8kzr/cyxx3lzs2vlu.o
[1111/1811  1s] C_Android_arm64 Library/Bee/artifacts/Android/d8kzr/ku0ioggz2vyx.o
[1112/1811  7s] C_Android_arm64 Library/Bee/artifacts/Android/d8kzr/a7wfzmnd1uuf.o
[1113/1811  3s] C_Android_arm64 Library/Bee/artifacts/Android/d8kzr/j02yqr59nqah.o
[1114/1811  6s] C_Android_arm64 Library/Bee/artifacts/Android/d8kzr/9n06g2uwwlhp.o
[1115/1811  6s] C_Android_arm64 Library/Bee/artifacts/Android/d8kzr/1gshg4ekjytc.o
[1117/1811  0s] C_Android_arm64 Library/Bee/artifacts/Android/d8kzr/ic9ffh9wr9tg.o
[1118/1811  0s] C_Android_arm64 Library/Bee/artifacts/Android/d8kzr/8j777mbgzeme.o
[1119/1811  6s] C_Android_arm64 Library/Bee/artifacts/Android/d8kzr/crhw6e9y4u7x.o
[1120/1811  1s] C_Android_arm64 Library/Bee/artifacts/Android/d8kzr/10p03j9fhike.o
[1121/1811  6s] C_Android_arm64 Library/Bee/artifacts/Android/d8kzr/856f8dg7gdz2.o
[1122/1811  6s] C_Android_arm64 Library/Bee/artifacts/Android/d8kzr/k11vzhfeb2n8.o
[1123/1811  6s] C_Android_arm64 Library/Bee/artifacts/Android/d8kzr/dx91liu74c1o.o
[1124/1811  7s] C_Android_arm64 Library/Bee/artifacts/Android/d8kzr/oml97d1d8y72.o
[1125/1811  7s] C_Android_arm64 Library/Bee/artifacts/Android/d8kzr/nck0yzmcr8no.o
[1126/1811  5s] C_Android_arm64 Library/Bee/artifacts/Android/d8kzr/t93am1g37x8c.o
[1127/1811  7s] C_Android_arm64 Library/Bee/artifacts/Android/d8kzr/xei27m1rnfo7.o
[1128/1811  6s] C_Android_arm64 Library/Bee/artifacts/Android/d8kzr/4aobcw3qg3o1.o
[1129/1811  7s] C_Android_arm64 Library/Bee/artifacts/Android/d8kzr/5fea8faz6gu4.o
[1130/1811  7s] C_Android_arm64 Library/Bee/artifacts/Android/d8kzr/4z4oiu6d4m0z.o
[1131/1811  9s] C_Android_arm64 Library/Bee/artifacts/Android/d8kzr/volsg1qua46x.o
[1133/1811 12s] C_Android_arm64 Library/Bee/artifacts/Android/d8kzr/9as0dzou6vxk.o
[1135/1811  7s] C_Android_arm64 Library/Bee/artifacts/Android/d8kzr/2zoef0pu8hkr.o
[1136/1811  9s] C_Android_arm64 Library/Bee/artifacts/Android/d8kzr/bk9dw8z1zyrk.o
[1138/1811  7s] C_Android_arm64 Library/Bee/artifacts/Android/d8kzr/gdsjmmeb90wf.o
[1139/1811  7s] C_Android_arm64 Library/Bee/artifacts/Android/d8kzr/ncj6jvipa67h.o
[1140/1811  6s] C_Android_arm64 Library/Bee/artifacts/Android/d8kzr/9bjala86d527.o
[1141/1811  8s] C_Android_arm64 Library/Bee/artifacts/Android/d8kzr/ww580g7se6nd.o
[1142/1811 14s] C_Android_arm64 Library/Bee/artifacts/Android/d8kzr/oe9fpdb7jzyr.o
[1143/1811  0s] C_Android_arm64 Library/Bee/artifacts/Android/d8kzr/z8do38wpud73.o
[1144/1811  7s] C_Android_arm64 Library/Bee/artifacts/Android/d8kzr/zk7xcxh40461.o
[1145/1811 12s] C_Android_arm64 Library/Bee/artifacts/Android/d8kzr/tqthqcgyx3ex.o
[1146/1811  5s] C_Android_arm64 Library/Bee/artifacts/Android/d8kzr/ylqkitapsb4k.o
[1147/1811  3s] C_Android_arm64 Library/Bee/artifacts/Android/d8kzr/ybw7k6htptkz.o
[1148/1811 18s] C_Android_arm64 Library/Bee/artifacts/Android/d8kzr/uvdb8dkf717d.o
[1149/1811  9s] C_Android_arm64 Library/Bee/artifacts/Android/d8kzr/viricn3c1m8w.o
[1150/1811  9s] C_Android_arm64 Library/Bee/artifacts/Android/d8kzr/vyf5dojqdmqj.o
[1151/1811  8s] C_Android_arm64 Library/Bee/artifacts/Android/d8kzr/k45ea34fwzac.o
[1152/1811  8s] C_Android_arm64 Library/Bee/artifacts/Android/d8kzr/fj7iclnr2x4r.o
[1154/1811  9s] C_Android_arm64 Library/Bee/artifacts/Android/d8kzr/utuk82a3n3r1.o
[1155/1811  0s] C_Android_arm64 Library/Bee/artifacts/Android/d8kzr/vxp9krbzinnu.o
[1156/1811  9s] C_Android_arm64 Library/Bee/artifacts/Android/d8kzr/1ov1j6nt3ffj.o
[1158/1811  9s] C_Android_arm64 Library/Bee/artifacts/Android/d8kzr/vih66jlb6mf8.o
[1159/1811  2s] C_Android_arm64 Library/Bee/artifacts/Android/d8kzr/1rwcgvz2ocsn.o
[1160/1811  7s] C_Android_arm64 Library/Bee/artifacts/Android/d8kzr/lx02c1a8jql0.o
[1161/1811  0s] C_Android_arm64 Library/Bee/artifacts/Android/d8kzr/q1ftrmu1hrg5.o
[1163/1811  4s] C_Android_arm64 Library/Bee/artifacts/Android/d8kzr/qhzu47cv9s94.o
[1164/1811  8s] C_Android_arm64 Library/Bee/artifacts/Android/d8kzr/47uoavltw4tt.o
[1166/1811  8s] C_Android_arm64 Library/Bee/artifacts/Android/d8kzr/5mztj5gtn7xs.o
[1167/1811  3s] C_Android_arm64 Library/Bee/artifacts/Android/d8kzr/keyrsnvvaiiq.o
[1169/1811  7s] C_Android_arm64 Library/Bee/artifacts/Android/d8kzr/cp07eny2j2ds.o
[1170/1811  0s] C_Android_arm64 Library/Bee/artifacts/Android/d8kzr/egkpp8p9bzk5.o
[1171/1811  7s] C_Android_arm64 Library/Bee/artifacts/Android/d8kzr/a9h40rcx7fve.o
[1172/1811  1s] C_Android_arm64 Library/Bee/artifacts/Android/d8kzr/xpdiftawozm9.o
[1173/1811  9s] C_Android_arm64 Library/Bee/artifacts/Android/d8kzr/3b7xhswb89lk.o
[1175/1811  8s] C_Android_arm64 Library/Bee/artifacts/Android/d8kzr/h9rk1biwhkp1.o
[1176/1811  9s] C_Android_arm64 Library/Bee/artifacts/Android/d8kzr/ichki5bixw70.o
[1177/1811  2s] C_Android_arm64 Library/Bee/artifacts/Android/d8kzr/v91eavrof52b.o
[1178/1811 14s] C_Android_arm64 Library/Bee/artifacts/Android/d8kzr/4ytdjhrx50am.o
[1179/1811  9s] C_Android_arm64 Library/Bee/artifacts/Android/d8kzr/eof0soex0uih.o
[1180/1811  1s] C_Android_arm64 Library/Bee/artifacts/Android/d8kzr/35aahq9un4b1.o
[1182/1811  8s] C_Android_arm64 Library/Bee/artifacts/Android/d8kzr/ik7ja6qxpe1u.o
[1183/1811  7s] C_Android_arm64 Library/Bee/artifacts/Android/d8kzr/qvitakgp3ums.o
[1184/1811  9s] C_Android_arm64 Library/Bee/artifacts/Android/d8kzr/aa9d82v9ep01.o
[1185/1811  0s] CopyFiles /Users/mziwamadoda/Projects/Binteca/Interactive/milzetvrstudio/Unity/Library/Bee/Android/Prj/IL2CPP/Gradle/unityLibrary/src/main/jniLibs/arm64-v8a/lib_burst_generated.so
[1186/1811  0s] ModifyAndroidProjectCallback /Users/mziwamadoda/Projects/Binteca/Interactive/milzetvrstudio/Unity/Library/Bee/Android/Prj/IL2CPP/Gradle/launcher/src/main/AndroidManifest.xml (+8 others)
[1187/1811  0s] CopyFiles /Users/mziwamadoda/Projects/Binteca/Interactive/milzetvrstudio/Unity/Library/Bee/artifacts/Android/il2cppOutput/build/arm64-v8a/Data/Metadata/global-metadata.dat
[1188/1811  0s] CopyFiles /Users/mziwamadoda/Projects/Binteca/Interactive/milzetvrstudio/Unity/Library/Bee/Android/Prj/IL2CPP/Il2CppBackup/il2cppOutput/Generics__108.cpp
[1189/1811  0s] CopyFiles /Users/mziwamadoda/Projects/Binteca/Interactive/milzetvrstudio/Unity/Library/Bee/Android/Prj/IL2CPP/Il2CppBackup/il2cppOutput/Generics__165.cpp
[1190/1811  0s] CopyFiles /Users/mziwamadoda/Projects/Binteca/Interactive/milzetvrstudio/Unity/Library/Bee/Android/Prj/IL2CPP/Il2CppBackup/il2cppOutput/Generics__151.cpp
[1191/1811  0s] CopyFiles /Users/mziwamadoda/Projects/Binteca/Interactive/milzetvrstudio/Unity/Library/Bee/Android/Prj/IL2CPP/Il2CppBackup/il2cppOutput/System.Xml__8.cpp
[1192/1811  0s] CopyFiles /Users/mziwamadoda/Projects/Binteca/Interactive/milzetvrstudio/Unity/Library/Bee/Android/Prj/IL2CPP/Il2CppBackup/il2cppOutput/Generics__45.cpp
[1193/1811  0s] CopyFiles /Users/mziwamadoda/Projects/Binteca/Interactive/milzetvrstudio/Unity/Library/Bee/Android/Prj/IL2CPP/Il2CppBackup/il2cppOutput/System.Data__4.cpp
[1194/1811  0s] CopyFiles /Users/mziwamadoda/Projects/Binteca/Interactive/milzetvrstudio/Unity/Library/Bee/Android/Prj/IL2CPP/Il2CppBackup/il2cppOutput/System.Xml__9.cpp
[1195/1811  0s] CopyFiles /Users/mziwamadoda/Projects/Binteca/Interactive/milzetvrstudio/Unity/Library/Bee/Android/Prj/IL2CPP/Il2CppBackup/il2cppOutput/Generics__138.cpp
[1196/1811  0s] CopyFiles /Users/mziwamadoda/Projects/Binteca/Interactive/milzetvrstudio/Unity/Library/Bee/Android/Prj/IL2CPP/Il2CppBackup/il2cppOutput/GenericMethods__3.cpp
[1197/1811  0s] CopyFiles /Users/mziwamadoda/Projects/Binteca/Interactive/milzetvrstudio/Unity/Library/Bee/Android/Prj/IL2CPP/Il2CppBackup/il2cppOutput/GenericMethods__48.cpp
[1198/1811  0s] CopyFiles /Users/mziwamadoda/Projects/Binteca/Interactive/milzetvrstudio/Unity/Library/Bee/Android/Prj/IL2CPP/Il2CppBackup/il2cppOutput/GenericMethods__42.cpp
[1199/1811  0s] CopyFiles /Users/mziwamadoda/Projects/Binteca/Interactive/milzetvrstudio/Unity/Library/Bee/Android/Prj/IL2CPP/Il2CppBackup/il2cppOutput/System.Xml__15.cpp
[1200/1811  0s] CopyFiles /Users/mziwamadoda/Projects/Binteca/Interactive/milzetvrstudio/Unity/Library/Bee/Android/Prj/IL2CPP/Il2CppBackup/il2cppOutput/GenericMethods__35.cpp
[1201/1811  0s] CopyFiles /Users/mziwamadoda/Projects/Binteca/Interactive/milzetvrstudio/Unity/Library/Bee/Android/Prj/IL2CPP/Il2CppBackup/il2cppOutput/Generics__85.cpp
[1204/1811  0s] CopyFiles /Users/mziwamadoda/Projects/Binteca/Interactive/milzetvrstudio/Unity/Library/Bee/Android/Prj/IL2CPP/Il2CppBackup/il2cppOutput/Generics__174.cpp
[1205/1811  0s] CopyFiles /Users/mziwamadoda/Projects/Binteca/Interactive/milzetvrstudio/Unity/Library/Bee/Android/Prj/IL2CPP/Il2CppBackup/il2cppOutput/Meta.XR.BuildingBlocks.cpp
[1206/1811  0s] CopyFiles /Users/mziwamadoda/Projects/Binteca/Interactive/milzetvrstudio/Unity/Library/Bee/Android/Prj/IL2CPP/Il2CppBackup/il2cppOutput/UnityEngine.VideoModule_CodeGen.c
[1207/1811  0s] CopyFiles /Users/mziwamadoda/Projects/Binteca/Interactive/milzetvrstudio/Unity/Library/Bee/Android/Prj/IL2CPP/Il2CppBackup/il2cppOutput/UnityEngine.VRModule.cpp
[1208/1811  0s] CopyFiles /Users/mziwamadoda/Projects/Binteca/Interactive/milzetvrstudio/Unity/Library/Bee/Android/Prj/IL2CPP/Il2CppBackup/il2cppOutput/Generics__52.cpp
[1209/1811  0s] CopyFiles /Users/mziwamadoda/Projects/Binteca/Interactive/milzetvrstudio/Unity/Library/Bee/Android/Prj/IL2CPP/Il2CppBackup/il2cppOutput/Oculus.VR__6.cpp
[1210/1811  0s] CopyFiles /Users/mziwamadoda/Projects/Binteca/Interactive/milzetvrstudio/Unity/Library/Bee/Android/Prj/IL2CPP/Il2CppBackup/il2cppOutput/Generics__128.cpp
[1211/1811  0s] CopyFiles /Users/mziwamadoda/Projects/Binteca/Interactive/milzetvrstudio/Unity/Library/Bee/Android/Prj/IL2CPP/Il2CppBackup/il2cppOutput/meta.xr.mrutilitykit__2.cpp
[1212/1811  0s] CopyFiles /Users/mziwamadoda/Projects/Binteca/Interactive/milzetvrstudio/Unity/Library/Bee/Android/Prj/IL2CPP/Il2CppBackup/il2cppOutput/Newtonsoft.Json__5.cpp
[1213/1811  0s] CopyFiles /Users/mziwamadoda/Projects/Binteca/Interactive/milzetvrstudio/Unity/Library/Bee/Android/Prj/IL2CPP/Il2CppBackup/il2cppOutput/UnityEngine.UnityWebRequestModule_CodeGen.c
[1215/1811  0s] CopyFiles /Users/mziwamadoda/Projects/Binteca/Interactive/milzetvrstudio/Unity/Library/Bee/Android/Prj/IL2CPP/Il2CppBackup/il2cppOutput/UnityEngine.UnityWebRequestTextureModule.cpp
[1216/1811  0s] CopyFiles /Users/mziwamadoda/Projects/Binteca/Interactive/milzetvrstudio/Unity/Library/Bee/Android/Prj/IL2CPP/Il2CppBackup/il2cppOutput/UnityEngine.UnityWebRequestTextureModule_CodeGen.c
[1217/1811  0s] CopyFiles /Users/mziwamadoda/Projects/Binteca/Interactive/milzetvrstudio/Unity/Library/Bee/Android/Prj/IL2CPP/Il2CppBackup/il2cppOutput/Generics__103.cpp
[1218/1811  0s] CopyFiles /Users/mziwamadoda/Projects/Binteca/Interactive/milzetvrstudio/Unity/Library/Bee/Android/Prj/IL2CPP/Il2CppBackup/il2cppOutput/Il2CppCCalculateTypeValues2.cpp
[1219/1811  0s] CopyFiles /Users/mziwamadoda/Projects/Binteca/Interactive/milzetvrstudio/Unity/Library/Bee/Android/Prj/IL2CPP/Il2CppBackup/il2cppOutput/Il2CppCCalculateTypeValues1.cpp
[1220/1811  0s] CopyFiles /Users/mziwamadoda/Projects/Binteca/Interactive/milzetvrstudio/Unity/Library/Bee/Android/Prj/IL2CPP/Il2CppBackup/il2cppOutput/Generics__37.cpp
[1221/1811  0s] CopyFiles /Users/mziwamadoda/Projects/Binteca/Interactive/milzetvrstudio/Unity/Library/Bee/Android/Prj/IL2CPP/Il2CppBackup/il2cppOutput/UnityEngine.UI__3.cpp
[1222/1811  0s] CopyFiles /Users/mziwamadoda/Projects/Binteca/Interactive/milzetvrstudio/Unity/Library/Bee/Android/Prj/IL2CPP/Il2CppBackup/il2cppOutput/System.Xml__1.cpp
[1223/1811  0s] CopyFiles /Users/mziwamadoda/Projects/Binteca/Interactive/milzetvrstudio/Unity/Library/Bee/Android/Prj/IL2CPP/Il2CppBackup/il2cppOutput/Generics__117.cpp
[1224/1811  0s] CopyFiles /Users/mziwamadoda/Projects/Binteca/Interactive/milzetvrstudio/Unity/Library/Bee/Android/Prj/IL2CPP/Il2CppBackup/il2cppOutput/System.Xml__13.cpp
[1225/1811  0s] CopyFiles /Users/mziwamadoda/Projects/Binteca/Interactive/milzetvrstudio/Unity/Library/Bee/Android/Prj/IL2CPP/Il2CppBackup/il2cppOutput/UnityEngine.SpatialTracking_CodeGen.c
[1227/1811  0s] CopyFiles /Users/mziwamadoda/Projects/Binteca/Interactive/milzetvrstudio/Unity/Library/Bee/Android/Prj/IL2CPP/Il2CppBackup/il2cppOutput/Newtonsoft.Json__6.cpp
[1228/1811  0s] CopyFiles /Users/mziwamadoda/Projects/Binteca/Interactive/milzetvrstudio/Unity/Library/Bee/Android/Prj/IL2CPP/Il2CppBackup/il2cppOutput/Generics__119.cpp
[1229/1811  0s] CopyFiles /Users/mziwamadoda/Projects/Binteca/Interactive/milzetvrstudio/Unity/Library/Bee/Android/Prj/IL2CPP/Il2CppBackup/il2cppOutput/Generics__169.cpp
[1230/1811  0s] CopyFiles /Users/mziwamadoda/Projects/Binteca/Interactive/milzetvrstudio/Unity/Library/Bee/Android/Prj/IL2CPP/Il2CppBackup/il2cppOutput/Generics__133.cpp
[1231/1811  0s] CopyFiles /Users/mziwamadoda/Projects/Binteca/Interactive/milzetvrstudio/Unity/Library/Bee/Android/Prj/IL2CPP/Il2CppBackup/il2cppOutput/Generics__55.cpp
[1232/1811  0s] CopyFiles /Users/mziwamadoda/Projects/Binteca/Interactive/milzetvrstudio/Unity/Library/Bee/Android/Prj/IL2CPP/Il2CppBackup/il2cppOutput/Generics__132.cpp
[1233/1811  0s] CopyFiles /Users/mziwamadoda/Projects/Binteca/Interactive/milzetvrstudio/Unity/Library/Bee/Android/Prj/IL2CPP/Il2CppBackup/il2cppOutput/Assembly-CSharp__2.cpp
[1234/1811  0s] CopyFiles /Users/mziwamadoda/Projects/Binteca/Interactive/milzetvrstudio/Unity/Library/Bee/Android/Prj/IL2CPP/Il2CppBackup/il2cppOutput/GenericMethods__40.cpp
[1235/1811  0s] CopyFiles /Users/mziwamadoda/Projects/Binteca/Interactive/milzetvrstudio/Unity/Library/Bee/Android/Prj/IL2CPP/Il2CppBackup/il2cppOutput/Generics__176.cpp
[1236/1811  0s] CopyFiles /Users/mziwamadoda/Projects/Binteca/Interactive/milzetvrstudio/Unity/Library/Bee/Android/Prj/IL2CPP/Il2CppBackup/il2cppOutput/Generics__70.cpp
[1237/1811  0s] CopyFiles /Users/mziwamadoda/Projects/Binteca/Interactive/milzetvrstudio/Unity/Library/Bee/Android/Prj/IL2CPP/Il2CppBackup/il2cppOutput/Generics__166.cpp
[1238/1811  0s] CopyFiles /Users/mziwamadoda/Projects/Binteca/Interactive/milzetvrstudio/Unity/Library/Bee/Android/Prj/IL2CPP/Il2CppBackup/il2cppOutput/Generics__100.cpp
[1239/1811  0s] CopyFiles /Users/mziwamadoda/Projects/Binteca/Interactive/milzetvrstudio/Unity/Library/Bee/Android/Prj/IL2CPP/Il2CppBackup/il2cppOutput/Oculus.VR__9.cpp
[1240/1811  0s] CopyFiles /Users/mziwamadoda/Projects/Binteca/Interactive/milzetvrstudio/Unity/Library/Bee/Android/Prj/IL2CPP/Il2CppBackup/il2cppOutput/Generics__29.cpp
[1241/1811  0s] CopyFiles /Users/mziwamadoda/Projects/Binteca/Interactive/milzetvrstudio/Unity/Library/Bee/Android/Prj/IL2CPP/Il2CppBackup/il2cppOutput/GenericMethods__8.cpp
[1243/1811  0s] CopyFiles /Users/mziwamadoda/Projects/Binteca/Interactive/milzetvrstudio/Unity/Library/Bee/Android/Prj/IL2CPP/Il2CppBackup/il2cppOutput/GenericMethods__47.cpp
[1244/1811  0s] CopyFiles /Users/mziwamadoda/Projects/Binteca/Interactive/milzetvrstudio/Unity/Library/Bee/Android/Prj/IL2CPP/Il2CppBackup/il2cppOutput/UnityEngine.InputModule_CodeGen.c
[1245/1811  0s] CopyFiles /Users/mziwamadoda/Projects/Binteca/Interactive/milzetvrstudio/Unity/Library/Bee/Android/Prj/IL2CPP/Il2CppBackup/il2cppOutput/Generics__48.cpp
[1246/1811  0s] CopyFiles /Users/mziwamadoda/Projects/Binteca/Interactive/milzetvrstudio/Unity/Library/Bee/Android/Prj/IL2CPP/Il2CppBackup/il2cppOutput/Generics__147.cpp
[1247/1811  0s] CopyFiles /Users/mziwamadoda/Projects/Binteca/Interactive/milzetvrstudio/Unity/Library/Bee/Android/Prj/IL2CPP/Il2CppBackup/il2cppOutput/Il2CppMetadataUsage.c
[1248/1811  0s] CopyFiles /Users/mziwamadoda/Projects/Binteca/Interactive/milzetvrstudio/Unity/Library/Bee/Android/Prj/IL2CPP/Il2CppBackup/il2cppOutput/System_CodeGen.c
[1249/1811  0s] CopyFiles /Users/mziwamadoda/Projects/Binteca/Interactive/milzetvrstudio/Unity/Library/Bee/Android/Prj/IL2CPP/Il2CppBackup/il2cppOutput/Generics__31.cpp
[1250/1811  0s] CopyFiles /Users/mziwamadoda/Projects/Binteca/Interactive/milzetvrstudio/Unity/Library/Bee/Android/Prj/IL2CPP/Il2CppBackup/il2cppOutput/System.Numerics_CodeGen.c
[1251/1811  0s] CopyFiles /Users/mziwamadoda/Projects/Binteca/Interactive/milzetvrstudio/Unity/Library/Bee/Android/Prj/IL2CPP/Il2CppBackup/il2cppOutput/UnityEngine.SharedInternalsModule_CodeGen.c
[1252/1811  0s] CopyFiles /Users/mziwamadoda/Projects/Binteca/Interactive/milzetvrstudio/Unity/Library/Bee/Android/Prj/IL2CPP/Il2CppBackup/il2cppOutput/UnityEngine.SharedInternalsModule.cpp
[1253/1811  0s] CopyFiles /Users/mziwamadoda/Projects/Binteca/Interactive/milzetvrstudio/Unity/Library/Bee/Android/Prj/IL2CPP/Il2CppBackup/il2cppOutput/GenericMethods__39.cpp
[1254/1811  0s] CopyFiles /Users/mziwamadoda/Projects/Binteca/Interactive/milzetvrstudio/Unity/Library/Bee/Android/Prj/IL2CPP/Il2CppBackup/il2cppOutput/Unity.InputSystem__2.cpp
[1255/1811  0s] CopyFiles /Users/mziwamadoda/Projects/Binteca/Interactive/milzetvrstudio/Unity/Library/Bee/Android/Prj/IL2CPP/Il2CppBackup/il2cppOutput/Generics__41.cpp
[1256/1811  0s] CopyFiles /Users/mziwamadoda/Projects/Binteca/Interactive/milzetvrstudio/Unity/Library/Bee/Android/Prj/IL2CPP/Il2CppBackup/il2cppOutput/Generics__121.cpp
[1257/1811  0s] CopyFiles /Users/mziwamadoda/Projects/Binteca/Interactive/milzetvrstudio/Unity/Library/Bee/Android/Prj/IL2CPP/Il2CppBackup/il2cppOutput/Generics__42.cpp
[1258/1811  0s] CopyFiles /Users/mziwamadoda/Projects/Binteca/Interactive/milzetvrstudio/Unity/Library/Bee/Android/Prj/IL2CPP/Il2CppBackup/il2cppOutput/System.Core__3.cpp
[1259/1811  0s] CopyFiles /Users/mziwamadoda/Projects/Binteca/Interactive/milzetvrstudio/Unity/Library/Bee/Android/Prj/IL2CPP/Il2CppBackup/il2cppOutput/Generics__65.cpp
[1260/1811  0s] CopyFiles /Users/mziwamadoda/Projects/Binteca/Interactive/milzetvrstudio/Unity/Library/Bee/Android/Prj/IL2CPP/Il2CppBackup/il2cppOutput/Generics__73.cpp
[1261/1811  0s] CopyFiles /Users/mziwamadoda/Projects/Binteca/Interactive/milzetvrstudio/Unity/Library/Bee/Android/Prj/IL2CPP/Il2CppBackup/il2cppOutput/glTFast.cpp
[1262/1811  0s] CopyFiles /Users/mziwamadoda/Projects/Binteca/Interactive/milzetvrstudio/Unity/Library/Bee/Android/Prj/IL2CPP/Il2CppBackup/il2cppOutput/Generics__144.cpp
[1264/1811  0s] CopyFiles /Users/mziwamadoda/Projects/Binteca/Interactive/milzetvrstudio/Unity/Library/Bee/Android/Prj/IL2CPP/Il2CppBackup/il2cppOutput/Generics__4.cpp
[1265/1811  0s] CopyFiles /Users/mziwamadoda/Projects/Binteca/Interactive/milzetvrstudio/Unity/Library/Bee/Android/Prj/IL2CPP/Il2CppBackup/il2cppOutput/mscorlib__4.cpp
[1266/1811  0s] CopyFiles /Users/mziwamadoda/Projects/Binteca/Interactive/milzetvrstudio/Unity/Library/Bee/Android/Prj/IL2CPP/Il2CppBackup/il2cppOutput/Generics__178.cpp
[1267/1811  0s] CopyFiles /Users/mziwamadoda/Projects/Binteca/Interactive/milzetvrstudio/Unity/Library/Bee/Android/Prj/IL2CPP/Il2CppBackup/il2cppOutput/Generics__114.cpp
[1268/1811  0s] CopyFiles /Users/mziwamadoda/Projects/Binteca/Interactive/milzetvrstudio/Unity/Library/Bee/Android/Prj/IL2CPP/Il2CppBackup/il2cppOutput/GenericMethods.cpp
[1269/1811  0s] CopyFiles /Users/mziwamadoda/Projects/Binteca/Interactive/milzetvrstudio/Unity/Library/Bee/Android/Prj/IL2CPP/Il2CppBackup/il2cppOutput/System.Xml.cpp
[1270/1811  0s] CopyFiles /Users/mziwamadoda/Projects/Binteca/Interactive/milzetvrstudio/Unity/Library/Bee/Android/Prj/IL2CPP/Il2CppBackup/il2cppOutput/Il2CppInteropDataTable.cpp
[1271/1811  0s] CopyFiles /Users/mziwamadoda/Projects/Binteca/Interactive/milzetvrstudio/Unity/Library/Bee/Android/Prj/IL2CPP/Il2CppBackup/il2cppOutput/Il2CppInvokerTable.cpp
[1273/1811  0s] CopyFiles /Users/mziwamadoda/Projects/Binteca/Interactive/milzetvrstudio/Unity/Library/Bee/Android/Prj/IL2CPP/Il2CppBackup/il2cppOutput/Generics__74.cpp
[1275/1811  0s] CopyFiles /Users/mziwamadoda/Projects/Binteca/Interactive/milzetvrstudio/Unity/Library/Bee/Android/Prj/IL2CPP/Il2CppBackup/il2cppOutput/System.Core__1.cpp
[1276/1811  0s] CopyFiles /Users/mziwamadoda/Projects/Binteca/Interactive/milzetvrstudio/Unity/Library/Bee/Android/Prj/IL2CPP/Il2CppBackup/il2cppOutput/UnityEngine.UIElementsModule_CodeGen.c
[1277/1811  0s] CopyFiles /Users/mziwamadoda/Projects/Binteca/Interactive/milzetvrstudio/Unity/Library/Bee/Android/Prj/IL2CPP/Il2CppBackup/il2cppOutput/UnityEngine.UIElementsModule__20.cpp
[1279/1811  0s] CopyFiles /Users/mziwamadoda/Projects/Binteca/Interactive/milzetvrstudio/Unity/Library/Bee/Android/Prj/IL2CPP/Il2CppBackup/il2cppOutput/UnityEngine.UIElementsModule__21.cpp
[1281/1811  0s] CopyFiles /Users/mziwamadoda/Projects/Binteca/Interactive/milzetvrstudio/Unity/Library/Bee/Android/Prj/IL2CPP/Il2CppBackup/il2cppOutput/UnityEngine.UIElementsModule__11.cpp
[1284/1811  0s] CopyFiles /Users/mziwamadoda/Projects/Binteca/Interactive/milzetvrstudio/Unity/Library/Bee/Android/Prj/IL2CPP/Il2CppBackup/il2cppOutput/UnityEngine.UIElementsModule__14.cpp
[1286/1811  0s] CopyFiles /Users/mziwamadoda/Projects/Binteca/Interactive/milzetvrstudio/Unity/Library/Bee/Android/Prj/IL2CPP/Il2CppBackup/il2cppOutput/UnityEngine.UIElementsModule__15.cpp
[1287/1811  0s] CopyFiles /Users/mziwamadoda/Projects/Binteca/Interactive/milzetvrstudio/Unity/Library/Bee/Android/Prj/IL2CPP/Il2CppBackup/il2cppOutput/UnityEngine.UIElementsModule__10.cpp
[1289/1811  0s] CopyFiles /Users/mziwamadoda/Projects/Binteca/Interactive/milzetvrstudio/Unity/Library/Bee/Android/Prj/IL2CPP/Il2CppBackup/il2cppOutput/UnityEngine.UIElementsModule.cpp
[1294/1811  0s] CopyFiles /Users/mziwamadoda/Projects/Binteca/Interactive/milzetvrstudio/Unity/Library/Bee/Android/Prj/IL2CPP/Il2CppBackup/il2cppOutput/UnityEngine.UIElementsModule__2.cpp
[1295/1811  0s] CopyFiles /Users/mziwamadoda/Projects/Binteca/Interactive/milzetvrstudio/Unity/Library/Bee/Android/Prj/IL2CPP/Il2CppBackup/il2cppOutput/UnityEngine.UIElementsModule__7.cpp
[1297/1811  0s] CopyFiles /Users/mziwamadoda/Projects/Binteca/Interactive/milzetvrstudio/Unity/Library/Bee/Android/Prj/IL2CPP/Il2CppBackup/il2cppOutput/UnityEngine.UIElementsModule__5.cpp
[1299/1811  0s] CopyFiles /Users/mziwamadoda/Projects/Binteca/Interactive/milzetvrstudio/Unity/Library/Bee/Android/Prj/IL2CPP/Il2CppBackup/il2cppOutput/System.Core.cpp
[1300/1811  0s] CopyFiles /Users/mziwamadoda/Projects/Binteca/Interactive/milzetvrstudio/Unity/Library/Bee/Android/Prj/IL2CPP/Gradle/unityLibrary/src/main/assets/bin/Data/Managed/Resources/Newtonsoft.Json.dll-resources.dat
[1301/1811  0s] CopyFiles /Users/mziwamadoda/Projects/Binteca/Interactive/milzetvrstudio/Unity/Library/Bee/Android/Prj/IL2CPP/Il2CppBackup/il2cppOutput/System.Data__6.cpp
[1303/1811  0s] CopyFiles /Users/mziwamadoda/Projects/Binteca/Interactive/milzetvrstudio/Unity/Library/Bee/Android/Prj/IL2CPP/Il2CppBackup/il2cppOutput/GenericMethods__24.cpp
[1304/1811  0s] CopyFiles /Users/mziwamadoda/Projects/Binteca/Interactive/milzetvrstudio/Unity/Library/Bee/Android/Prj/IL2CPP/Il2CppBackup/il2cppOutput/Generics__123.cpp
[1305/1811  0s] CopyFiles /Users/mziwamadoda/Projects/Binteca/Interactive/milzetvrstudio/Unity/Library/Bee/Android/Prj/IL2CPP/Il2CppBackup/il2cppOutput/Generics__94.cpp
[1306/1811  0s] CopyFiles /Users/mziwamadoda/Projects/Binteca/Interactive/milzetvrstudio/Unity/Library/Bee/Android/Prj/IL2CPP/Il2CppBackup/il2cppOutput/Generics__110.cpp
[1307/1811  0s] CopyFiles /Users/mziwamadoda/Projects/Binteca/Interactive/milzetvrstudio/Unity/Library/Bee/Android/Prj/IL2CPP/Il2CppBackup/il2cppOutput/Generics__15.cpp
[1308/1811  0s] CopyFiles /Users/mziwamadoda/Projects/Binteca/Interactive/milzetvrstudio/Unity/Library/Bee/Android/Prj/IL2CPP/Il2CppBackup/il2cppOutput/mscorlib__15.cpp
[1309/1811  0s] CopyFiles /Users/mziwamadoda/Projects/Binteca/Interactive/milzetvrstudio/Unity/Library/Bee/Android/Prj/IL2CPP/Il2CppBackup/il2cppOutput/System.Data__3.cpp
[1310/1811  0s] CopyFiles /Users/mziwamadoda/Projects/Binteca/Interactive/milzetvrstudio/Unity/Library/Bee/Android/Prj/IL2CPP/Il2CppBackup/il2cppOutput/Unity.Burst_CodeGen.c
[1311/1811  0s] CopyFiles /Users/mziwamadoda/Projects/Binteca/Interactive/milzetvrstudio/Unity/Library/Bee/Android/Prj/IL2CPP/Il2CppBackup/il2cppOutput/Generics__137.cpp
[1312/1811  0s] CopyFiles /Users/mziwamadoda/Projects/Binteca/Interactive/milzetvrstudio/Unity/Library/Bee/Android/Prj/IL2CPP/Il2CppBackup/il2cppOutput/Generics__134.cpp
[1313/1811  0s] CopyFiles /Users/mziwamadoda/Projects/Binteca/Interactive/milzetvrstudio/Unity/Library/Bee/Android/Prj/IL2CPP/Il2CppBackup/il2cppOutput/GenericMethods__18.cpp
[1314/1811  0s] CopyFiles /Users/mziwamadoda/Projects/Binteca/Interactive/milzetvrstudio/Unity/Library/Bee/Android/Prj/IL2CPP/Il2CppBackup/il2cppOutput/Generics__109.cpp
[1315/1811  0s] CopyFiles /Users/mziwamadoda/Projects/Binteca/Interactive/milzetvrstudio/Unity/Library/Bee/Android/Prj/IL2CPP/Il2CppBackup/il2cppOutput/Generics__87.cpp
[1316/1811  0s] CopyFiles /Users/mziwamadoda/Projects/Binteca/Interactive/milzetvrstudio/Unity/Library/Bee/Android/Prj/IL2CPP/Il2CppBackup/il2cppOutput/Generics__78.cpp
[1317/1811  0s] CopyFiles /Users/mziwamadoda/Projects/Binteca/Interactive/milzetvrstudio/Unity/Library/Bee/Android/Prj/IL2CPP/Il2CppBackup/il2cppOutput/Unity.Collections.cpp
[1318/1811  0s] CopyFiles /Users/mziwamadoda/Projects/Binteca/Interactive/milzetvrstudio/Unity/Library/Bee/Android/Prj/IL2CPP/Il2CppBackup/il2cppOutput/Generics__115.cpp
[1319/1811  0s] CopyFiles /Users/mziwamadoda/Projects/Binteca/Interactive/milzetvrstudio/Unity/Library/Bee/Android/Prj/IL2CPP/Il2CppBackup/il2cppOutput/Generics__156.cpp
[1320/1811  0s] CopyFiles /Users/mziwamadoda/Projects/Binteca/Interactive/milzetvrstudio/Unity/Library/Bee/Android/Prj/IL2CPP/Il2CppBackup/il2cppOutput/Generics__77.cpp
[1321/1811  0s] CopyFiles /Users/mziwamadoda/Projects/Binteca/Interactive/milzetvrstudio/Unity/Library/Bee/Android/Prj/IL2CPP/Il2CppBackup/il2cppOutput/Generics__104.cpp
[1322/1811  0s] CopyFiles /Users/mziwamadoda/Projects/Binteca/Interactive/milzetvrstudio/Unity/Library/Bee/Android/Prj/IL2CPP/Il2CppBackup/il2cppOutput/Generics__51.cpp
[1323/1811  0s] CopyFiles /Users/mziwamadoda/Projects/Binteca/Interactive/milzetvrstudio/Unity/Library/Bee/Android/Prj/IL2CPP/Il2CppBackup/il2cppOutput/Unity.Timeline__1.cpp
[1324/1811  0s] CopyFiles /Users/mziwamadoda/Projects/Binteca/Interactive/milzetvrstudio/Unity/Library/Bee/Android/Prj/IL2CPP/Il2CppBackup/il2cppOutput/UnityEngine.PropertiesModule_CodeGen.c
[1325/1811  0s] CopyFiles /Users/mziwamadoda/Projects/Binteca/Interactive/milzetvrstudio/Unity/Library/Bee/Android/Prj/IL2CPP/Il2CppBackup/il2cppOutput/UnityEngine.PropertiesModule.cpp
[1326/1811  0s] CopyFiles /Users/mziwamadoda/Projects/Binteca/Interactive/milzetvrstudio/Unity/Library/Bee/Android/Prj/IL2CPP/Il2CppBackup/il2cppOutput/Generics__66.cpp
[1327/1811  0s] CopyFiles /Users/mziwamadoda/Projects/Binteca/Interactive/milzetvrstudio/Unity/Library/Bee/Android/Prj/IL2CPP/Il2CppBackup/il2cppOutput/UnityEngine.CoreModule__3.cpp
[1328/1811  0s] CopyFiles /Users/mziwamadoda/Projects/Binteca/Interactive/milzetvrstudio/Unity/Library/Bee/Android/Prj/IL2CPP/Il2CppBackup/il2cppOutput/Generics__102.cpp
[1329/1811  0s] CopyFiles /Users/mziwamadoda/Projects/Binteca/Interactive/milzetvrstudio/Unity/Library/Bee/Android/Prj/IL2CPP/Il2CppBackup/il2cppOutput/System.Xml__2.cpp
[1330/1811  0s] CopyFiles /Users/mziwamadoda/Projects/Binteca/Interactive/milzetvrstudio/Unity/Library/Bee/Android/Prj/IL2CPP/Il2CppBackup/il2cppOutput/System.ServiceModel.Internals.cpp
[1331/1811  0s] CopyFiles /Users/mziwamadoda/Projects/Binteca/Interactive/milzetvrstudio/Unity/Library/Bee/Android/Prj/IL2CPP/Il2CppBackup/il2cppOutput/System.ServiceModel.Internals_CodeGen.c
[1332/1811  0s] CopyFiles /Users/mziwamadoda/Projects/Binteca/Interactive/milzetvrstudio/Unity/Library/Bee/Android/Prj/IL2CPP/Il2CppBackup/il2cppOutput/Generics__32.cpp
[1333/1811  0s] CopyFiles /Users/mziwamadoda/Projects/Binteca/Interactive/milzetvrstudio/Unity/Library/Bee/Android/Prj/IL2CPP/Il2CppBackup/il2cppOutput/Oculus.VR__2.cpp
[1334/1811  0s] CopyFiles /Users/mziwamadoda/Projects/Binteca/Interactive/milzetvrstudio/Unity/Library/Bee/Android/Prj/IL2CPP/Il2CppBackup/il2cppOutput/Generics__28.cpp
[1335/1811  0s] CopyFiles /Users/mziwamadoda/Projects/Binteca/Interactive/milzetvrstudio/Unity/Library/Bee/Android/Prj/IL2CPP/Il2CppBackup/il2cppOutput/Il2CppGenericMethodTable.c
[1338/1811  0s] CopyFiles /Users/mziwamadoda/Projects/Binteca/Interactive/milzetvrstudio/Unity/Library/Bee/Android/Prj/IL2CPP/Il2CppBackup/il2cppOutput/GenericMethods__22.cpp
[1340/1811  0s] CopyFiles /Users/mziwamadoda/Projects/Binteca/Interactive/milzetvrstudio/Unity/Library/Bee/Android/Prj/IL2CPP/Il2CppBackup/il2cppOutput/Oculus.VR__11.cpp
[1342/1811  0s] CopyFiles /Users/mziwamadoda/Projects/Binteca/Interactive/milzetvrstudio/Unity/Library/Bee/Android/Prj/IL2CPP/Il2CppBackup/il2cppOutput/UnityEngine.IMGUIModule.cpp
[1343/1811  0s] CopyFiles /Users/mziwamadoda/Projects/Binteca/Interactive/milzetvrstudio/Unity/Library/Bee/Android/Prj/IL2CPP/Il2CppBackup/il2cppOutput/Unity.InputSystem__6.cpp
[1344/1811  0s] CopyFiles /Users/mziwamadoda/Projects/Binteca/Interactive/milzetvrstudio/Unity/Library/Bee/Android/Prj/IL2CPP/Il2CppBackup/il2cppOutput/mscorlib_CodeGen.c
[1345/1811  0s] CopyFiles /Users/mziwamadoda/Projects/Binteca/Interactive/milzetvrstudio/Unity/Library/Bee/Android/Prj/IL2CPP/Il2CppBackup/il2cppOutput/Generics__22.cpp
[1346/1811  0s] CopyFiles /Users/mziwamadoda/Projects/Binteca/Interactive/milzetvrstudio/Unity/Library/Bee/Android/Prj/IL2CPP/Il2CppBackup/il2cppOutput/mscorlib__22.cpp
[1347/1811  0s] CopyFiles /Users/mziwamadoda/Projects/Binteca/Interactive/milzetvrstudio/Unity/Library/Bee/Android/Prj/IL2CPP/Il2CppBackup/il2cppOutput/Meta.XR.EnvironmentDepth_CodeGen.c
[1348/1811  0s] CopyFiles /Users/mziwamadoda/Projects/Binteca/Interactive/milzetvrstudio/Unity/Library/Bee/Android/Prj/IL2CPP/Il2CppBackup/il2cppOutput/Unity.Timeline_CodeGen.c
[1349/1811  0s] CopyFiles /Users/mziwamadoda/Projects/Binteca/Interactive/milzetvrstudio/Unity/Library/Bee/Android/Prj/IL2CPP/Il2CppBackup/il2cppOutput/Unity.InputSystem.cpp
[1350/1811  0s] CopyFiles /Users/mziwamadoda/Projects/Binteca/Interactive/milzetvrstudio/Unity/Library/Bee/Android/Prj/IL2CPP/Il2CppBackup/il2cppOutput/GenericMethods__33.cpp
[1351/1811  0s] CopyFiles /Users/mziwamadoda/Projects/Binteca/Interactive/milzetvrstudio/Unity/Library/Bee/Android/Prj/IL2CPP/Il2CppBackup/il2cppOutput/glTFast__3.cpp
[1352/1811  0s] CopyFiles /Users/mziwamadoda/Projects/Binteca/Interactive/milzetvrstudio/Unity/Library/Bee/Android/Prj/IL2CPP/Il2CppBackup/il2cppOutput/System.Core_CodeGen.c
[1353/1811  0s] CopyFiles /Users/mziwamadoda/Projects/Binteca/Interactive/milzetvrstudio/Unity/Library/Bee/Android/Prj/IL2CPP/Il2CppBackup/il2cppOutput/Generics__150.cpp
[1354/1811  0s] CopyFiles /Users/mziwamadoda/Projects/Binteca/Interactive/milzetvrstudio/Unity/Library/Bee/Android/Prj/IL2CPP/Il2CppBackup/il2cppOutput/Unity.XR.Management_CodeGen.c
[1355/1811  0s] CopyFiles /Users/mziwamadoda/Projects/Binteca/Interactive/milzetvrstudio/Unity/Library/Bee/Android/Prj/IL2CPP/Il2CppBackup/il2cppOutput/glTFast__1.cpp
[1356/1811  0s] CopyFiles /Users/mziwamadoda/Projects/Binteca/Interactive/milzetvrstudio/Unity/Library/Bee/Android/Prj/IL2CPP/Il2CppBackup/il2cppOutput/System__11.cpp
[1357/1811  0s] CopyFiles /Users/mziwamadoda/Projects/Binteca/Interactive/milzetvrstudio/Unity/Library/Bee/Android/Prj/IL2CPP/Il2CppBackup/il2cppOutput/Generics__96.cpp
[1358/1811  0s] CopyFiles /Users/mziwamadoda/Projects/Binteca/Interactive/milzetvrstudio/Unity/Library/Bee/Android/Prj/IL2CPP/Il2CppBackup/il2cppOutput/Generics__83.cpp
[1359/1811  0s] CopyFiles /Users/mziwamadoda/Projects/Binteca/Interactive/milzetvrstudio/Unity/Library/Bee/Android/Prj/IL2CPP/Il2CppBackup/il2cppOutput/Il2CppCCFieldValuesTable.c
[1361/1811  0s] CopyFiles /Users/mziwamadoda/Projects/Binteca/Interactive/milzetvrstudio/Unity/Library/Bee/Android/Prj/IL2CPP/Il2CppBackup/il2cppOutput/Il2CppToEditorData.json
[1363/1811  0s] CopyFiles /Users/mziwamadoda/Projects/Binteca/Interactive/milzetvrstudio/Unity/Library/Bee/Android/Prj/IL2CPP/Il2CppBackup/il2cppOutput/UnityEngine.TextCoreFontEngineModule_CodeGen.c
[1364/1811  0s] CopyFiles /Users/mziwamadoda/Projects/Binteca/Interactive/milzetvrstudio/Unity/Library/Bee/Android/Prj/IL2CPP/Il2CppBackup/il2cppOutput/Newtonsoft.Json__8.cpp
[1365/1811  0s] CopyFiles /Users/mziwamadoda/Projects/Binteca/Interactive/milzetvrstudio/Unity/Library/Bee/Android/Prj/IL2CPP/Il2CppBackup/il2cppOutput/Generics__12.cpp
[1366/1811  0s] CopyFiles /Users/mziwamadoda/Projects/Binteca/Interactive/milzetvrstudio/Unity/Library/Bee/Android/Prj/IL2CPP/Il2CppBackup/il2cppOutput/mscorlib__12.cpp
[1367/1811  0s] CopyFiles /Users/mziwamadoda/Projects/Binteca/Interactive/milzetvrstudio/Unity/Library/Bee/Android/Prj/IL2CPP/Il2CppBackup/il2cppOutput/GenericMethods__38.cpp
[1368/1811  0s] CopyFiles /Users/mziwamadoda/Projects/Binteca/Interactive/milzetvrstudio/Unity/Library/Bee/Android/Prj/IL2CPP/Il2CppBackup/il2cppOutput/Il2CppMetadataRegistration.c
[1369/1811  0s] CopyFiles /Users/mziwamadoda/Projects/Binteca/Interactive/milzetvrstudio/Unity/Library/Bee/Android/Prj/IL2CPP/Il2CppBackup/il2cppOutput/Generics__81.cpp
[1370/1811  0s] CopyFiles /Users/mziwamadoda/Projects/Binteca/Interactive/milzetvrstudio/Unity/Library/Bee/Android/Prj/IL2CPP/Il2CppBackup/il2cppOutput/Unity.InputSystem__11.cpp
[1371/1811  0s] CopyFiles /Users/mziwamadoda/Projects/Binteca/Interactive/milzetvrstudio/Unity/Library/Bee/Android/Prj/IL2CPP/Il2CppBackup/il2cppOutput/UnityEngine.SubsystemsModule_CodeGen.c
[1373/1811  0s] CopyFiles /Users/mziwamadoda/Projects/Binteca/Interactive/milzetvrstudio/Unity/Library/Bee/Android/Prj/IL2CPP/Il2CppBackup/il2cppOutput/GenericMethods__7.cpp
[1374/1811  0s] CopyFiles /Users/mziwamadoda/Projects/Binteca/Interactive/milzetvrstudio/Unity/Library/Bee/Android/Prj/IL2CPP/Il2CppBackup/il2cppOutput/Unity.InputSystem.ForUI_CodeGen.c
[1375/1811  0s] CopyFiles /Users/mziwamadoda/Projects/Binteca/Interactive/milzetvrstudio/Unity/Library/Bee/Android/Prj/IL2CPP/Il2CppBackup/il2cppOutput/Generics__158.cpp
[1376/1811  0s] CopyFiles /Users/mziwamadoda/Projects/Binteca/Interactive/milzetvrstudio/Unity/Library/Bee/Android/Prj/IL2CPP/Il2CppBackup/il2cppOutput/Generics__142.cpp
[1377/1811  0s] CopyFiles /Users/mziwamadoda/Projects/Binteca/Interactive/milzetvrstudio/Unity/Library/Bee/Android/Prj/IL2CPP/Il2CppBackup/il2cppOutput/Generics__18.cpp
[1378/1811  0s] CopyFiles /Users/mziwamadoda/Projects/Binteca/Interactive/milzetvrstudio/Unity/Library/Bee/Android/Prj/IL2CPP/Il2CppBackup/il2cppOutput/mscorlib__18.cpp
[1380/1811  0s] CopyFiles /Users/mziwamadoda/Projects/Binteca/Interactive/milzetvrstudio/Unity/Library/Bee/Android/Prj/IL2CPP/Il2CppBackup/il2cppOutput/System.Xml__12.cpp
[1381/1811  0s] CopyFiles /Users/mziwamadoda/Projects/Binteca/Interactive/milzetvrstudio/Unity/Library/Bee/Android/Prj/IL2CPP/Gradle/unityLibrary/src/main/assets/bin/Data/Managed/Resources/System.Drawing.dll-resources.dat
[1382/1811  0s] CopyFiles /Users/mziwamadoda/Projects/Binteca/Interactive/milzetvrstudio/Unity/Library/Bee/artifacts/Android/il2cppOutput/build/arm64-v8a/Data/Resources/mscorlib.dll-resources.dat
[1383/1811  0s] CopyFiles /Users/mziwamadoda/Projects/Binteca/Interactive/milzetvrstudio/Unity/Library/Bee/Android/Prj/IL2CPP/Il2CppBackup/il2cppOutput/Assembly-CSharp.cpp
[1384/1811  0s] CopyFiles /Users/mziwamadoda/Projects/Binteca/Interactive/milzetvrstudio/Unity/Library/Bee/Android/Prj/IL2CPP/Il2CppBackup/il2cppOutput/UnityEngine.Physics2DModule_CodeGen.c
[1385/1811  0s] CopyFiles /Users/mziwamadoda/Projects/Binteca/Interactive/milzetvrstudio/Unity/Library/Bee/Android/Prj/IL2CPP/Il2CppBackup/il2cppOutput/UnityEngine.Physics2DModule.cpp
[1386/1811  0s] CopyFiles /Users/mziwamadoda/Projects/Binteca/Interactive/milzetvrstudio/Unity/Library/Bee/Android/Prj/IL2CPP/Il2CppBackup/il2cppOutput/Unity.InputSystem__9.cpp
[1387/1811  0s] CopyFiles /Users/mziwamadoda/Projects/Binteca/Interactive/milzetvrstudio/Unity/Library/Bee/Android/Prj/IL2CPP/Il2CppBackup/il2cppOutput/GenericMethods__13.cpp
[1388/1811  0s] CopyFiles /Users/mziwamadoda/Projects/Binteca/Interactive/milzetvrstudio/Unity/Library/Bee/Android/Prj/IL2CPP/Il2CppBackup/il2cppOutput/Generics__63.cpp
[1389/1811  0s] CopyFiles /Users/mziwamadoda/Projects/Binteca/Interactive/milzetvrstudio/Unity/Library/Bee/Android/Prj/IL2CPP/Il2CppBackup/il2cppOutput/System.Drawing.cpp
[1390/1811  0s] CopyFiles /Users/mziwamadoda/Projects/Binteca/Interactive/milzetvrstudio/Unity/Library/Bee/Android/Prj/IL2CPP/Il2CppBackup/il2cppOutput/Generics__57.cpp
[1391/1811  0s] CopyFiles /Users/mziwamadoda/Projects/Binteca/Interactive/milzetvrstudio/Unity/Library/Bee/Android/Prj/IL2CPP/Il2CppBackup/il2cppOutput/Meta.XR.BuildingBlocks_CodeGen.c
[1392/1811  0s] CopyFiles /Users/mziwamadoda/Projects/Binteca/Interactive/milzetvrstudio/Unity/Library/Bee/Android/Prj/IL2CPP/Gradle/unityLibrary/src/main/assets/bin/Data/Managed/Resources/System.Data.dll-resources.dat
[1393/1811  0s] CopyFiles /Users/mziwamadoda/Projects/Binteca/Interactive/milzetvrstudio/Unity/Library/Bee/Android/Prj/IL2CPP/Il2CppBackup/il2cppOutput/Generics__26.cpp
[1394/1811  0s] CopyFiles /Users/mziwamadoda/Projects/Binteca/Interactive/milzetvrstudio/Unity/Library/Bee/Android/Prj/IL2CPP/Il2CppBackup/il2cppOutput/Generics__171.cpp
[1395/1811  0s] CopyFiles /Users/mziwamadoda/Projects/Binteca/Interactive/milzetvrstudio/Unity/Library/Bee/Android/Prj/IL2CPP/Il2CppBackup/il2cppOutput/System.Xml__3.cpp
[1396/1811  0s] CopyFiles /Users/mziwamadoda/Projects/Binteca/Interactive/milzetvrstudio/Unity/Library/Bee/Android/Prj/IL2CPP/Il2CppBackup/il2cppOutput/Generics__177.cpp
[1397/1811  0s] CopyFiles /Users/mziwamadoda/Projects/Binteca/Interactive/milzetvrstudio/Unity/Library/Bee/Android/Prj/IL2CPP/Il2CppBackup/il2cppOutput/Il2CppCCalculateFieldValues.cpp
[1398/1811  0s] CopyFiles /Users/mziwamadoda/Projects/Binteca/Interactive/milzetvrstudio/Unity/Library/Bee/Android/Prj/IL2CPP/Il2CppBackup/il2cppOutput/Il2CppCCalculateFieldValues3.cpp
[1399/1811  0s] CopyFiles /Users/mziwamadoda/Projects/Binteca/Interactive/milzetvrstudio/Unity/Library/Bee/Android/Prj/IL2CPP/Il2CppBackup/il2cppOutput/Il2CppCCalculateFieldValues2.cpp
[1400/1811  0s] CopyFiles /Users/mziwamadoda/Projects/Binteca/Interactive/milzetvrstudio/Unity/Library/Bee/Android/Prj/IL2CPP/Il2CppBackup/il2cppOutput/Il2CppCCalculateFieldValues4.cpp
[1401/1811  0s] CopyFiles /Users/mziwamadoda/Projects/Binteca/Interactive/milzetvrstudio/Unity/Library/Bee/Android/Prj/IL2CPP/Il2CppBackup/il2cppOutput/Il2CppCCalculateFieldValues1.cpp
[1402/1811  0s] CopyFiles /Users/mziwamadoda/Projects/Binteca/Interactive/milzetvrstudio/Unity/Library/Bee/Android/Prj/IL2CPP/Il2CppBackup/il2cppOutput/UnityEngine.UI__2.cpp
[1403/1811  0s] CopyFiles /Users/mziwamadoda/Projects/Binteca/Interactive/milzetvrstudio/Unity/Library/Bee/Android/Prj/IL2CPP/Il2CppBackup/il2cppOutput/Generics__9.cpp
[1404/1811  0s] CopyFiles /Users/mziwamadoda/Projects/Binteca/Interactive/milzetvrstudio/Unity/Library/Bee/Android/Prj/IL2CPP/Il2CppBackup/il2cppOutput/mscorlib__9.cpp
[1405/1811  0s] CopyFiles /Users/mziwamadoda/Projects/Binteca/Interactive/milzetvrstudio/Unity/Library/Bee/Android/Prj/IL2CPP/Il2CppBackup/il2cppOutput/Unity.TextMeshPro_CodeGen.c
[1406/1811  0s] CopyFiles /Users/mziwamadoda/Projects/Binteca/Interactive/milzetvrstudio/Unity/Library/Bee/Android/Prj/IL2CPP/Il2CppBackup/il2cppOutput/Generics__84.cpp
[1407/1811  0s] CopyFiles /Users/mziwamadoda/Projects/Binteca/Interactive/milzetvrstudio/Unity/Library/Bee/Android/Prj/IL2CPP/Il2CppBackup/il2cppOutput/Generics__80.cpp
[1408/1811  0s] CopyFiles /Users/mziwamadoda/Projects/Binteca/Interactive/milzetvrstudio/Unity/Library/Bee/Android/Prj/IL2CPP/Il2CppBackup/il2cppOutput/Generics__140.cpp
[1410/1811  0s] CopyFiles /Users/mziwamadoda/Projects/Binteca/Interactive/milzetvrstudio/Unity/Library/Bee/Android/Prj/IL2CPP/Il2CppBackup/il2cppOutput/Generics__43.cpp
[1411/1811  0s] GuidGenerator /Users/mziwamadoda/Projects/Binteca/Interactive/milzetvrstudio/Unity/Library/Bee/Android/Prj/IL2CPP/Gradle/unityLibrary/src/main/assets/bin/Data/unity_app_guid
[1412/1811  0s] CopyFiles /Users/mziwamadoda/Projects/Binteca/Interactive/milzetvrstudio/Unity/Library/Bee/Android/Prj/IL2CPP/Il2CppBackup/il2cppOutput/glTFast__4.cpp
[1413/1811  0s] CopyFiles /Users/mziwamadoda/Projects/Binteca/Interactive/milzetvrstudio/Unity/Library/Bee/Android/Prj/IL2CPP/Il2CppBackup/il2cppOutput/System.Data__2.cpp
[1414/1811  0s] CopyFiles /Users/mziwamadoda/Projects/Binteca/Interactive/milzetvrstudio/Unity/Library/Bee/Android/Prj/IL2CPP/Il2CppBackup/il2cppOutput/System.Data.cpp
[1415/1811  0s] CopyFiles /Users/mziwamadoda/Projects/Binteca/Interactive/milzetvrstudio/Unity/Library/Bee/Android/Prj/IL2CPP/Il2CppBackup/il2cppOutput/GenericMethods__10.cpp
[1416/1811  0s] CopyFiles /Users/mziwamadoda/Projects/Binteca/Interactive/milzetvrstudio/Unity/Library/Bee/Android/Prj/IL2CPP/Il2CppBackup/il2cppOutput/UnityEngine.AndroidJNIModule_CodeGen.c
[1417/1811  0s] CopyFiles /Users/mziwamadoda/Projects/Binteca/Interactive/milzetvrstudio/Unity/Library/Bee/Android/Prj/IL2CPP/Il2CppBackup/il2cppOutput/UnityEngine.AndroidJNIModule.cpp
[1418/1811  0s] CopyFiles /Users/mziwamadoda/Projects/Binteca/Interactive/milzetvrstudio/Unity/Library/Bee/Android/Prj/IL2CPP/Il2CppBackup/il2cppOutput/Generics__136.cpp
[1420/1811  0s] CopyFiles /Users/mziwamadoda/Projects/Binteca/Interactive/milzetvrstudio/Unity/Library/Bee/Android/Prj/IL2CPP/Il2CppBackup/il2cppOutput/Oculus.VR__3.cpp
[1421/1811  0s] CopyFiles /Users/mziwamadoda/Projects/Binteca/Interactive/milzetvrstudio/Unity/Library/Bee/Android/Prj/IL2CPP/Il2CppBackup/il2cppOutput/Unity.TextMeshPro.cpp
[1422/1811  0s] CopyFiles /Users/mziwamadoda/Projects/Binteca/Interactive/milzetvrstudio/Unity/Library/Bee/Android/Prj/IL2CPP/Il2CppBackup/il2cppOutput/Generics__2.cpp
[1423/1811  0s] CopyFiles /Users/mziwamadoda/Projects/Binteca/Interactive/milzetvrstudio/Unity/Library/Bee/Android/Prj/IL2CPP/Il2CppBackup/il2cppOutput/mscorlib__2.cpp
[1424/1811  0s] CopyFiles /Users/mziwamadoda/Projects/Binteca/Interactive/milzetvrstudio/Unity/Library/Bee/Android/Prj/IL2CPP/Il2CppBackup/il2cppOutput/GenericMethods__31.cpp
[1425/1811  0s] CopyFiles /Users/mziwamadoda/Projects/Binteca/Interactive/milzetvrstudio/Unity/Library/Bee/Android/Prj/IL2CPP/Il2CppBackup/il2cppOutput/Mono.Security.cpp
[1426/1811  0s] CopyFiles /Users/mziwamadoda/Projects/Binteca/Interactive/milzetvrstudio/Unity/Library/Bee/Android/Prj/IL2CPP/Il2CppBackup/il2cppOutput/Generics__173.cpp
[1427/1811  0s] CopyFiles /Users/mziwamadoda/Projects/Binteca/Interactive/milzetvrstudio/Unity/Library/Bee/Android/Prj/IL2CPP/Il2CppBackup/il2cppOutput/UnityEngine.AIModule.cpp
[1428/1811  0s] CopyFiles /Users/mziwamadoda/Projects/Binteca/Interactive/milzetvrstudio/Unity/Library/Bee/Android/Prj/IL2CPP/Il2CppBackup/il2cppOutput/Generics__39.cpp
[1430/1811  0s] CopyFiles /Users/mziwamadoda/Projects/Binteca/Interactive/milzetvrstudio/Unity/Library/Bee/Android/Prj/IL2CPP/Il2CppBackup/il2cppOutput/Generics__11.cpp
[1431/1811  0s] CopyFiles /Users/mziwamadoda/Projects/Binteca/Interactive/milzetvrstudio/Unity/Library/Bee/Android/Prj/IL2CPP/Il2CppBackup/il2cppOutput/mscorlib__11.cpp
[1432/1811  0s] CopyFiles /Users/mziwamadoda/Projects/Binteca/Interactive/milzetvrstudio/Unity/Library/Bee/Android/Prj/IL2CPP/Il2CppBackup/il2cppOutput/Unity.XR.OpenXR.Features.MetaQuestSupport_CodeGen.c
[1434/1811  0s] CopyFiles /Users/mziwamadoda/Projects/Binteca/Interactive/milzetvrstudio/Unity/Library/Bee/Android/Prj/IL2CPP/Il2CppBackup/il2cppOutput/Unity.XR.OpenXR.Features.RuntimeDebugger_CodeGen.c
[1436/1811  0s] CopyFiles /Users/mziwamadoda/Projects/Binteca/Interactive/milzetvrstudio/Unity/Library/Bee/Android/Prj/IL2CPP/Il2CppBackup/il2cppOutput/Unity.XR.OpenXR.Features.MockRuntime_CodeGen.c
[1437/1811  0s] CopyFiles /Users/mziwamadoda/Projects/Binteca/Interactive/milzetvrstudio/Unity/Library/Bee/Android/Prj/IL2CPP/Il2CppBackup/il2cppOutput/Unity.XR.OpenXR.Features.OculusQuestSupport_CodeGen.c
[1441/1811  0s] CopyFiles /Users/mziwamadoda/Projects/Binteca/Interactive/milzetvrstudio/Unity/Library/Bee/Android/Prj/IL2CPP/Il2CppBackup/il2cppOutput/GenericMethods__4.cpp
[1442/1811  0s] CopyFiles /Users/mziwamadoda/Projects/Binteca/Interactive/milzetvrstudio/Unity/Library/Bee/Android/Prj/IL2CPP/Il2CppBackup/il2cppOutput/meta.xr.mrutilitykit.cpp
[1443/1811  0s] CopyFiles /Users/mziwamadoda/Projects/Binteca/Interactive/milzetvrstudio/Unity/Library/Bee/Android/Prj/IL2CPP/Il2CppBackup/il2cppOutput/UnityEngine.AudioModule_CodeGen.c
[1444/1811  0s] CopyFiles /Users/mziwamadoda/Projects/Binteca/Interactive/milzetvrstudio/Unity/Library/Bee/Android/Prj/IL2CPP/Il2CppBackup/il2cppOutput/UnityEngine.UIModule.cpp
[1445/1811  0s] CopyFiles /Users/mziwamadoda/Projects/Binteca/Interactive/milzetvrstudio/Unity/Library/Bee/Android/Prj/IL2CPP/Il2CppBackup/il2cppOutput/Generics__107.cpp
[1446/1811  0s] CopyFiles /Users/mziwamadoda/Projects/Binteca/Interactive/milzetvrstudio/Unity/Library/Bee/Android/Prj/IL2CPP/Il2CppBackup/il2cppOutput/Generics__122.cpp
[1447/1811  0s] CopyFiles /Users/mziwamadoda/Projects/Binteca/Interactive/milzetvrstudio/Unity/Library/Bee/Android/Prj/IL2CPP/Il2CppBackup/il2cppOutput/Oculus.VR__7.cpp
[1448/1811  0s] CopyFiles /Users/mziwamadoda/Projects/Binteca/Interactive/milzetvrstudio/Unity/Library/Bee/Android/Prj/IL2CPP/Il2CppBackup/il2cppOutput/Generics__71.cpp
[1449/1811  0s] CopyFiles /Users/mziwamadoda/Projects/Binteca/Interactive/milzetvrstudio/Unity/Library/Bee/Android/Prj/IL2CPP/Il2CppBackup/il2cppOutput/Oculus.VR__13.cpp
[1450/1811  0s] CopyFiles /Users/mziwamadoda/Projects/Binteca/Interactive/milzetvrstudio/Unity/Library/Bee/Android/Prj/IL2CPP/Il2CppBackup/il2cppOutput/Generics__116.cpp
[1451/1811  0s] CopyFiles /Users/mziwamadoda/Projects/Binteca/Interactive/milzetvrstudio/Unity/Library/Bee/Android/Prj/IL2CPP/Il2CppBackup/il2cppOutput/GenericMethods__20.cpp
[1452/1811  0s] CopyFiles /Users/mziwamadoda/Projects/Binteca/Interactive/milzetvrstudio/Unity/Library/Bee/Android/Prj/IL2CPP/Il2CppBackup/il2cppOutput/Generics__98.cpp
[1454/1811  0s] CopyFiles /Users/mziwamadoda/Projects/Binteca/Interactive/milzetvrstudio/Unity/Library/Bee/Android/Prj/IL2CPP/Il2CppBackup/il2cppOutput/Generics.cpp
[1455/1811  0s] CopyFiles /Users/mziwamadoda/Projects/Binteca/Interactive/milzetvrstudio/Unity/Library/Bee/Android/Prj/IL2CPP/Il2CppBackup/il2cppOutput/mscorlib.cpp
[1456/1811  0s] CopyFiles /Users/mziwamadoda/Projects/Binteca/Interactive/milzetvrstudio/Unity/Library/Bee/Android/Prj/IL2CPP/Il2CppBackup/il2cppOutput/Oculus.VR__8.cpp
[1457/1811  0s] CopyFiles /Users/mziwamadoda/Projects/Binteca/Interactive/milzetvrstudio/Unity/Library/Bee/Android/Prj/IL2CPP/Il2CppBackup/il2cppOutput/Generics__148.cpp
[1458/1811  0s] CopyFiles /Users/mziwamadoda/Projects/Binteca/Interactive/milzetvrstudio/Unity/Library/Bee/Android/Prj/IL2CPP/Il2CppBackup/il2cppOutput/System.Xml__11.cpp
[1459/1811  0s] CopyFiles /Users/mziwamadoda/Projects/Binteca/Interactive/milzetvrstudio/Unity/Library/Bee/Android/Prj/IL2CPP/Il2CppBackup/il2cppOutput/Meta.XR.ImmersiveDebugger.cpp
[1460/1811  0s] CopyFiles /Users/mziwamadoda/Projects/Binteca/Interactive/milzetvrstudio/Unity/Library/Bee/Android/Prj/IL2CPP/Il2CppBackup/il2cppOutput/Generics__82.cpp
[1461/1811  0s] CopyFiles /Users/mziwamadoda/Projects/Binteca/Interactive/milzetvrstudio/Unity/Library/Bee/Android/Prj/IL2CPP/Il2CppBackup/il2cppOutput/Meta.XR.ImmersiveDebugger__2.cpp
[1462/1811  0s] CopyFiles /Users/mziwamadoda/Projects/Binteca/Interactive/milzetvrstudio/Unity/Library/Bee/Android/Prj/IL2CPP/Il2CppBackup/il2cppOutput/Meta.XR.ImmersiveDebugger__1.cpp
[1463/1811  0s] CopyFiles /Users/mziwamadoda/Projects/Binteca/Interactive/milzetvrstudio/Unity/Library/Bee/Android/Prj/IL2CPP/Il2CppBackup/il2cppOutput/Meta.XR.ImmersiveDebugger.Interface.cpp
[1464/1811  0s] CopyFiles /Users/mziwamadoda/Projects/Binteca/Interactive/milzetvrstudio/Unity/Library/Bee/Android/Prj/IL2CPP/Il2CppBackup/il2cppOutput/Meta.XR.ImmersiveDebugger_CodeGen.c
[1465/1811  0s] CopyFiles /Users/mziwamadoda/Projects/Binteca/Interactive/milzetvrstudio/Unity/Library/Bee/Android/Prj/IL2CPP/Il2CppBackup/il2cppOutput/Meta.XR.ImmersiveDebugger.Interface_CodeGen.c
[1466/1811  0s] CopyFiles /Users/mziwamadoda/Projects/Binteca/Interactive/milzetvrstudio/Unity/Library/Bee/Android/Prj/IL2CPP/Il2CppBackup/il2cppOutput/System.Xml__17.cpp
[1467/1811  0s] CopyFiles /Users/mziwamadoda/Projects/Binteca/Interactive/milzetvrstudio/Unity/Library/Bee/Android/Prj/IL2CPP/Il2CppBackup/il2cppOutput/GenericMethods__52.cpp
[1469/1811  0s] CopyFiles /Users/mziwamadoda/Projects/Binteca/Interactive/milzetvrstudio/Unity/Library/Bee/Android/Prj/IL2CPP/Il2CppBackup/il2cppOutput/Unity.InputSystem__1.cpp
[1470/1811  0s] CopyFiles /Users/mziwamadoda/Projects/Binteca/Interactive/milzetvrstudio/Unity/Library/Bee/Android/Prj/IL2CPP/Il2CppBackup/il2cppOutput/Generics__105.cpp
[1472/1811  0s] CopyFiles /Users/mziwamadoda/Projects/Binteca/Interactive/milzetvrstudio/Unity/Library/Bee/Android/Prj/IL2CPP/Il2CppBackup/il2cppOutput/Il2CppUnresolvedIndirectCallStubs.cpp
[1473/1811  0s] CopyFiles /Users/mziwamadoda/Projects/Binteca/Interactive/milzetvrstudio/Unity/Library/Bee/Android/Prj/IL2CPP/Il2CppBackup/il2cppOutput/UnityEngine.UI.cpp
[1474/1811  0s] CopyFiles /Users/mziwamadoda/Projects/Binteca/Interactive/milzetvrstudio/Unity/Library/Bee/Android/Prj/IL2CPP/Il2CppBackup/il2cppOutput/UnityEngine.VRModule_CodeGen.c
[1476/1811  0s] CopyFiles /Users/mziwamadoda/Projects/Binteca/Interactive/milzetvrstudio/Unity/Library/Bee/Android/Prj/IL2CPP/Il2CppBackup/il2cppOutput/Generics__91.cpp
[1477/1811  0s] CopyFiles /Users/mziwamadoda/Projects/Binteca/Interactive/milzetvrstudio/Unity/Library/Bee/Android/Prj/IL2CPP/Il2CppBackup/il2cppOutput/GenericMethods__11.cpp
[1478/1811  0s] CopyFiles /Users/mziwamadoda/Projects/Binteca/Interactive/milzetvrstudio/Unity/Library/Bee/Android/Prj/IL2CPP/Il2CppBackup/il2cppOutput/Oculus.VR__1.cpp
[1479/1811  0s] CopyFiles /Users/mziwamadoda/Projects/Binteca/Interactive/milzetvrstudio/Unity/Library/Bee/Android/Prj/IL2CPP/Il2CppBackup/il2cppOutput/Generics__88.cpp
[1480/1811  0s] CopyFiles /Users/mziwamadoda/Projects/Binteca/Interactive/milzetvrstudio/Unity/Library/Bee/Android/Prj/IL2CPP/Il2CppBackup/il2cppOutput/Oculus.VR_CodeGen.c
[1481/1811  0s] CopyFiles /Users/mziwamadoda/Projects/Binteca/Interactive/milzetvrstudio/Unity/Library/Bee/Android/Prj/IL2CPP/Il2CppBackup/il2cppOutput/Generics__47.cpp
[1482/1811  0s] CopyFiles /Users/mziwamadoda/Projects/Binteca/Interactive/milzetvrstudio/Unity/Library/Bee/Android/Prj/IL2CPP/Il2CppBackup/il2cppOutput/Generics__17.cpp
[1483/1811  0s] CopyFiles /Users/mziwamadoda/Projects/Binteca/Interactive/milzetvrstudio/Unity/Library/Bee/Android/Prj/IL2CPP/Il2CppBackup/il2cppOutput/mscorlib__17.cpp
[1484/1811  0s] CopyFiles /Users/mziwamadoda/Projects/Binteca/Interactive/milzetvrstudio/Unity/Library/Bee/Android/Prj/IL2CPP/Il2CppBackup/il2cppOutput/Unity.AI.Navigation_CodeGen.c
[1485/1811  0s] CopyFiles /Users/mziwamadoda/Projects/Binteca/Interactive/milzetvrstudio/Unity/Library/Bee/Android/Prj/IL2CPP/Il2CppBackup/il2cppOutput/Generics__5.cpp
[1486/1811  0s] CopyFiles /Users/mziwamadoda/Projects/Binteca/Interactive/milzetvrstudio/Unity/Library/Bee/Android/Prj/IL2CPP/Il2CppBackup/il2cppOutput/mscorlib__5.cpp
[1487/1811  0s] CopyFiles /Users/mziwamadoda/Projects/Binteca/Interactive/milzetvrstudio/Unity/Library/Bee/Android/Prj/IL2CPP/Il2CppBackup/il2cppOutput/UnityEngine.DirectorModule_CodeGen.c
[1488/1811  0s] CopyFiles /Users/mziwamadoda/Projects/Binteca/Interactive/milzetvrstudio/Unity/Library/Bee/Android/Prj/IL2CPP/Il2CppBackup/il2cppOutput/Generics__72.cpp
[1489/1811  0s] CopyFiles /Users/mziwamadoda/Projects/Binteca/Interactive/milzetvrstudio/Unity/Library/Bee/Android/Prj/IL2CPP/Il2CppBackup/il2cppOutput/Generics__44.cpp
[1490/1811  0s] CopyFiles /Users/mziwamadoda/Projects/Binteca/Interactive/milzetvrstudio/Unity/Library/Bee/Android/Prj/IL2CPP/Il2CppBackup/il2cppOutput/Generics__76.cpp
[1491/1811  0s] CopyFiles /Users/mziwamadoda/Projects/Binteca/Interactive/milzetvrstudio/Unity/Library/Bee/Android/Prj/IL2CPP/Il2CppBackup/il2cppOutput/UnityEngine.SpriteShapeModule_CodeGen.c
[1492/1811  0s] CopyFiles /Users/mziwamadoda/Projects/Binteca/Interactive/milzetvrstudio/Unity/Library/Bee/Android/Prj/IL2CPP/Il2CppBackup/il2cppOutput/UnityEngine.SpriteShapeModule.cpp
[1493/1811  0s] CopyFiles /Users/mziwamadoda/Projects/Binteca/Interactive/milzetvrstudio/Unity/Library/Bee/Android/Prj/IL2CPP/Il2CppBackup/il2cppOutput/System__10.cpp
[1494/1811  0s] CopyFiles /Users/mziwamadoda/Projects/Binteca/Interactive/milzetvrstudio/Unity/Library/Bee/Android/Prj/IL2CPP/Il2CppBackup/il2cppOutput/Il2CppGenericInstDefinitions.c
[1495/1811  0s] CopyFiles /Users/mziwamadoda/Projects/Binteca/Interactive/milzetvrstudio/Unity/Library/Bee/Android/Prj/IL2CPP/Il2CppBackup/il2cppOutput/GenericMethods__5.cpp
[1496/1811  0s] CopyFiles /Users/mziwamadoda/Projects/Binteca/Interactive/milzetvrstudio/Unity/Library/Bee/Android/Prj/IL2CPP/Il2CppBackup/il2cppOutput/meta.xr.mrutilitykit__3.cpp
[1497/1811  0s] CopyFiles /Users/mziwamadoda/Projects/Binteca/Interactive/milzetvrstudio/Unity/Library/Bee/Android/Prj/IL2CPP/Il2CppBackup/il2cppOutput/Unity.AI.Navigation.cpp
[1498/1811  0s] CopyFiles /Users/mziwamadoda/Projects/Binteca/Interactive/milzetvrstudio/Unity/Library/Bee/Android/Prj/IL2CPP/Il2CppBackup/il2cppOutput/GenericMethods__1.cpp
[1499/1811  0s] CopyFiles /Users/mziwamadoda/Projects/Binteca/Interactive/milzetvrstudio/Unity/Library/Bee/Android/Prj/IL2CPP/Il2CppBackup/il2cppOutput/Generics__118.cpp
[1500/1811  0s] CopyFiles /Users/mziwamadoda/Projects/Binteca/Interactive/milzetvrstudio/Unity/Library/Bee/Android/Prj/IL2CPP/Il2CppBackup/il2cppOutput/Generics__145.cpp
[1501/1811  0s] CopyFiles /Users/mziwamadoda/Projects/Binteca/Interactive/milzetvrstudio/Unity/Library/Bee/Android/Prj/IL2CPP/Il2CppBackup/il2cppOutput/Generics__146.cpp
[1502/1811  0s] CopyFiles /Users/mziwamadoda/Projects/Binteca/Interactive/milzetvrstudio/Unity/Library/Bee/Android/Prj/IL2CPP/Il2CppBackup/il2cppOutput/Il2CppTypeDefinitions.c
[1503/1811  0s] CopyFiles /Users/mziwamadoda/Projects/Binteca/Interactive/milzetvrstudio/Unity/Library/Bee/Android/Prj/IL2CPP/Gradle/unityLibrary/src/main/assets/bin/Data/Managed/Resources/mscorlib.dll-resources.dat
[1504/1811  0s] CopyFiles /Users/mziwamadoda/Projects/Binteca/Interactive/milzetvrstudio/Unity/Library/Bee/Android/Prj/IL2CPP/Il2CppBackup/il2cppOutput/UnityEngine.MultiplayerModule_CodeGen.c
[1506/1811  0s] CopyFiles /Users/mziwamadoda/Projects/Binteca/Interactive/milzetvrstudio/Unity/Library/Bee/Android/Prj/IL2CPP/Il2CppBackup/il2cppOutput/System.Xml__16.cpp
[1507/1811  0s] CopyFiles /Users/mziwamadoda/Projects/Binteca/Interactive/milzetvrstudio/Unity/Library/Bee/Android/Prj/IL2CPP/Il2CppBackup/il2cppOutput/UnityEngine.CoreModule.cpp
[1508/1811  0s] CopyFiles /Users/mziwamadoda/Projects/Binteca/Interactive/milzetvrstudio/Unity/Library/Bee/Android/Prj/IL2CPP/Il2CppBackup/il2cppOutput/Generics__62.cpp
[1509/1811  0s] CopyFiles /Users/mziwamadoda/Projects/Binteca/Interactive/milzetvrstudio/Unity/Library/Bee/Android/Prj/IL2CPP/Il2CppBackup/il2cppOutput/UnityEngine.TextRenderingModule_CodeGen.c
[1511/1811  0s] CopyFiles /Users/mziwamadoda/Projects/Binteca/Interactive/milzetvrstudio/Unity/Library/Bee/Android/Prj/IL2CPP/Il2CppBackup/il2cppOutput/Generics__131.cpp
[1512/1811  0s] CopyFiles /Users/mziwamadoda/Projects/Binteca/Interactive/milzetvrstudio/Unity/Library/Bee/Android/Prj/IL2CPP/Il2CppBackup/il2cppOutput/Generics__99.cpp
[1513/1811  0s] CopyFiles /Users/mziwamadoda/Projects/Binteca/Interactive/milzetvrstudio/Unity/Library/Bee/Android/Prj/IL2CPP/Il2CppBackup/il2cppOutput/analytics.json
[1514/1811  0s] CopyFiles /Users/mziwamadoda/Projects/Binteca/Interactive/milzetvrstudio/Unity/Library/Bee/Android/Prj/IL2CPP/Il2CppBackup/il2cppOutput/Newtonsoft.Json__7.cpp
[1515/1811  0s] CopyFiles /Users/mziwamadoda/Projects/Binteca/Interactive/milzetvrstudio/Unity/Library/Bee/Android/Prj/IL2CPP/Il2CppBackup/il2cppOutput/GenericMethods__25.cpp
[1517/1811  0s] CopyFiles /Users/mziwamadoda/Projects/Binteca/Interactive/milzetvrstudio/Unity/Library/Bee/Android/Prj/IL2CPP/Il2CppBackup/il2cppOutput/Assembly-CSharp__1.cpp
[1518/1811  0s] CopyFiles /Users/mziwamadoda/Projects/Binteca/Interactive/milzetvrstudio/Unity/Library/Bee/Android/Prj/IL2CPP/Il2CppBackup/il2cppOutput/UnityEngine.CoreModule__1.cpp
[1519/1811  0s] CopyFiles /Users/mziwamadoda/Projects/Binteca/Interactive/milzetvrstudio/Unity/Library/Bee/Android/Prj/IL2CPP/Il2CppBackup/il2cppOutput/System.Data_CodeGen.c
[1520/1811  0s] CopyFiles /Users/mziwamadoda/Projects/Binteca/Interactive/milzetvrstudio/Unity/Library/Bee/Android/Prj/IL2CPP/Il2CppBackup/il2cppOutput/GenericMethods__30.cpp
[1521/1811  0s] CopyFiles /Users/mziwamadoda/Projects/Binteca/Interactive/milzetvrstudio/Unity/Library/Bee/Android/Prj/IL2CPP/Il2CppBackup/il2cppOutput/Unity.InputSystem__13.cpp
[1522/1811  0s] CopyFiles /Users/mziwamadoda/Projects/Binteca/Interactive/milzetvrstudio/Unity/Library/Bee/Android/Prj/IL2CPP/Il2CppBackup/il2cppOutput/Generics__139.cpp
[1523/1811  0s] CopyFiles /Users/mziwamadoda/Projects/Binteca/Interactive/milzetvrstudio/Unity/Library/Bee/Android/Prj/IL2CPP/Il2CppBackup/il2cppOutput/System__3.cpp
[1524/1811  0s] CopyFiles /Users/mziwamadoda/Projects/Binteca/Interactive/milzetvrstudio/Unity/Library/Bee/Android/Prj/IL2CPP/Il2CppBackup/il2cppOutput/System__2.cpp
[1525/1811  0s] CopyFiles /Users/mziwamadoda/Projects/Binteca/Interactive/milzetvrstudio/Unity/Library/Bee/Android/Prj/IL2CPP/Il2CppBackup/il2cppOutput/System__7.cpp
[1526/1811  0s] CopyFiles /Users/mziwamadoda/Projects/Binteca/Interactive/milzetvrstudio/Unity/Library/Bee/Android/Prj/IL2CPP/Il2CppBackup/il2cppOutput/System__1.cpp
[1527/1811  0s] CopyFiles /Users/mziwamadoda/Projects/Binteca/Interactive/milzetvrstudio/Unity/Library/Bee/Android/Prj/IL2CPP/Il2CppBackup/il2cppOutput/System__8.cpp
[1528/1811  0s] CopyFiles /Users/mziwamadoda/Projects/Binteca/Interactive/milzetvrstudio/Unity/Library/Bee/Android/Prj/IL2CPP/Il2CppBackup/il2cppOutput/System__4.cpp
[1529/1811  0s] CopyFiles /Users/mziwamadoda/Projects/Binteca/Interactive/milzetvrstudio/Unity/Library/Bee/Android/Prj/IL2CPP/Il2CppBackup/il2cppOutput/System__6.cpp
[1530/1811  0s] CopyFiles /Users/mziwamadoda/Projects/Binteca/Interactive/milzetvrstudio/Unity/Library/Bee/Android/Prj/IL2CPP/Il2CppBackup/il2cppOutput/System__5.cpp
[1531/1811  0s] CopyFiles /Users/mziwamadoda/Projects/Binteca/Interactive/milzetvrstudio/Unity/Library/Bee/Android/Prj/IL2CPP/Il2CppBackup/il2cppOutput/Oculus.VR.cpp
[1532/1811  0s] CopyFiles /Users/mziwamadoda/Projects/Binteca/Interactive/milzetvrstudio/Unity/Library/Bee/Android/Prj/IL2CPP/Il2CppBackup/il2cppOutput/System__9.cpp
[1533/1811  0s] CopyFiles /Users/mziwamadoda/Projects/Binteca/Interactive/milzetvrstudio/Unity/Library/Bee/Android/Prj/IL2CPP/Il2CppBackup/il2cppOutput/GenericMethods__23.cpp
[1534/1811  0s] CopyFiles /Users/mziwamadoda/Projects/Binteca/Interactive/milzetvrstudio/Unity/Library/Bee/Android/Prj/IL2CPP/Il2CppBackup/il2cppOutput/Generics__111.cpp
[1536/1811  0s] CopyFiles /Users/mziwamadoda/Projects/Binteca/Interactive/milzetvrstudio/Unity/Library/Bee/Android/Prj/IL2CPP/Il2CppBackup/il2cppOutput/Generics__112.cpp
[1537/1811  0s] CopyFiles /Users/mziwamadoda/Projects/Binteca/Interactive/milzetvrstudio/Unity/Library/Bee/Android/Prj/IL2CPP/Il2CppBackup/il2cppOutput/glTFast__2.cpp
[1538/1811  0s] CopyFiles /Users/mziwamadoda/Projects/Binteca/Interactive/milzetvrstudio/Unity/Library/Bee/Android/Prj/IL2CPP/Il2CppBackup/il2cppOutput/Generics__67.cpp
[1540/1811  0s] CopyFiles /Users/mziwamadoda/Projects/Binteca/Interactive/milzetvrstudio/Unity/Library/Bee/Android/Prj/IL2CPP/Il2CppBackup/il2cppOutput/Generics__53.cpp
[1541/1811  0s] CopyFiles /Users/mziwamadoda/Projects/Binteca/Interactive/milzetvrstudio/Unity/Library/Bee/Android/Prj/IL2CPP/Il2CppBackup/il2cppOutput/System.Data__9.cpp
[1542/1811  0s] CopyFiles /Users/mziwamadoda/Projects/Binteca/Interactive/milzetvrstudio/Unity/Library/Bee/Android/Prj/IL2CPP/Il2CppBackup/il2cppOutput/UnityEngine.CoreModule__4.cpp
[1543/1811  0s] CopyFiles /Users/mziwamadoda/Projects/Binteca/Interactive/milzetvrstudio/Unity/Library/Bee/Android/Prj/IL2CPP/Il2CppBackup/il2cppOutput/GenericMethods__14.cpp
[1544/1811  0s] CopyFiles /Users/mziwamadoda/Projects/Binteca/Interactive/milzetvrstudio/Unity/Library/Bee/Android/Prj/IL2CPP/Il2CppBackup/il2cppOutput/Generics__61.cpp
[1545/1811  0s] CopyFiles /Users/mziwamadoda/Projects/Binteca/Interactive/milzetvrstudio/Unity/Library/Bee/Android/Prj/IL2CPP/Il2CppBackup/il2cppOutput/Unity.Timeline.cpp
[1546/1811  0s] CopyFiles /Users/mziwamadoda/Projects/Binteca/Interactive/milzetvrstudio/Unity/Library/Bee/Android/Prj/IL2CPP/Il2CppBackup/il2cppOutput/Assembly-CSharp_CodeGen.c
[1547/1811  0s] CopyFiles /Users/mziwamadoda/Projects/Binteca/Interactive/milzetvrstudio/Unity/Library/Bee/Android/Prj/IL2CPP/Il2CppBackup/il2cppOutput/GenericMethods__46.cpp
[1548/1811  0s] CopyFiles /Users/mziwamadoda/Projects/Binteca/Interactive/milzetvrstudio/Unity/Library/Bee/Android/Prj/IL2CPP/Il2CppBackup/il2cppOutput/Il2CppCCalculateTypeValues.cpp
[1549/1811  0s] CopyFiles /Users/mziwamadoda/Projects/Binteca/Interactive/milzetvrstudio/Unity/Library/Bee/Android/Prj/IL2CPP/Il2CppBackup/il2cppOutput/System.Data__7.cpp
[1550/1811  0s] CopyFiles /Users/mziwamadoda/Projects/Binteca/Interactive/milzetvrstudio/Unity/Library/Bee/Android/Prj/IL2CPP/Il2CppBackup/il2cppOutput/Unity.InternalAPIEngineBridge.004_CodeGen.c
[1552/1811  0s] CopyFiles /Users/mziwamadoda/Projects/Binteca/Interactive/milzetvrstudio/Unity/Library/Bee/Android/Prj/IL2CPP/Il2CppBackup/il2cppOutput/Generics__141.cpp
[1553/1811  0s] CopyFiles /Users/mziwamadoda/Projects/Binteca/Interactive/milzetvrstudio/Unity/Library/Bee/Android/Prj/IL2CPP/Il2CppBackup/il2cppOutput/Generics__175.cpp
[1554/1811  0s] CopyFiles /Users/mziwamadoda/Projects/Binteca/Interactive/milzetvrstudio/Unity/Library/Bee/Android/Prj/IL2CPP/Il2CppBackup/il2cppOutput/Generics__8.cpp
[1555/1811  0s] CopyFiles /Users/mziwamadoda/Projects/Binteca/Interactive/milzetvrstudio/Unity/Library/Bee/Android/Prj/IL2CPP/Il2CppBackup/il2cppOutput/mscorlib__8.cpp
[1556/1811  0s] CopyFiles /Users/mziwamadoda/Projects/Binteca/Interactive/milzetvrstudio/Unity/Library/Bee/Android/Prj/IL2CPP/Il2CppBackup/il2cppOutput/GenericMethods__15.cpp
[1557/1811  0s] CopyFiles /Users/mziwamadoda/Projects/Binteca/Interactive/milzetvrstudio/Unity/Library/Bee/Android/Prj/IL2CPP/Il2CppBackup/il2cppOutput/Unity.XR.OpenXR__1.cpp
[1558/1811  0s] CopyFiles /Users/mziwamadoda/Projects/Binteca/Interactive/milzetvrstudio/Unity/Library/Bee/Android/Prj/IL2CPP/Il2CppBackup/il2cppOutput/GenericMethods__6.cpp
[1559/1811  0s] CopyFiles /Users/mziwamadoda/Projects/Binteca/Interactive/milzetvrstudio/Unity/Library/Bee/Android/Prj/IL2CPP/Il2CppBackup/il2cppOutput/UnityEngine.UI_CodeGen.c
[1560/1811  0s] CopyFiles /Users/mziwamadoda/Projects/Binteca/Interactive/milzetvrstudio/Unity/Library/Bee/Android/Prj/IL2CPP/Il2CppBackup/il2cppOutput/Unity.Burst.cpp
[1562/1811  0s] CopyFiles /Users/mziwamadoda/Projects/Binteca/Interactive/milzetvrstudio/Unity/Library/Bee/Android/Prj/IL2CPP/Il2CppBackup/il2cppOutput/Oculus.VR__12.cpp
[1563/1811  0s] CopyFiles /Users/mziwamadoda/Projects/Binteca/Interactive/milzetvrstudio/Unity/Library/Bee/Android/Prj/IL2CPP/Il2CppBackup/il2cppOutput/UnityEngine.TerrainModule.cpp
[1564/1811  0s] CopyFiles /Users/mziwamadoda/Projects/Binteca/Interactive/milzetvrstudio/Unity/Library/Bee/Android/Prj/IL2CPP/Il2CppBackup/il2cppOutput/Generics__135.cpp
[1566/1811  0s] CopyFiles /Users/mziwamadoda/Projects/Binteca/Interactive/milzetvrstudio/Unity/Library/Bee/Android/Prj/IL2CPP/Il2CppBackup/il2cppOutput/System.cpp
[1567/1811  0s] CopyFiles /Users/mziwamadoda/Projects/Binteca/Interactive/milzetvrstudio/Unity/Library/Bee/Android/Prj/IL2CPP/Il2CppBackup/il2cppOutput/Generics__92.cpp
[1568/1811  0s] CopyFiles /Users/mziwamadoda/Projects/Binteca/Interactive/milzetvrstudio/Unity/Library/Bee/Android/Prj/IL2CPP/Il2CppBackup/il2cppOutput/Generics__153.cpp
[1569/1811  0s] CopyFiles /Users/mziwamadoda/Projects/Binteca/Interactive/milzetvrstudio/Unity/Library/Bee/Android/Prj/IL2CPP/Il2CppBackup/il2cppOutput/Generics__56.cpp
[1570/1811  0s] CopyFiles /Users/mziwamadoda/Projects/Binteca/Interactive/milzetvrstudio/Unity/Library/Bee/Android/Prj/IL2CPP/Il2CppBackup/il2cppOutput/GenericMethods__44.cpp
[1571/1811  0s] CopyFiles /Users/mziwamadoda/Projects/Binteca/Interactive/milzetvrstudio/Unity/Library/Bee/Android/Prj/IL2CPP/Il2CppBackup/il2cppOutput/Generics__19.cpp
[1572/1811  0s] CopyFiles /Users/mziwamadoda/Projects/Binteca/Interactive/milzetvrstudio/Unity/Library/Bee/Android/Prj/IL2CPP/Il2CppBackup/il2cppOutput/mscorlib__19.cpp
[1573/1811  0s] CopyFiles /Users/mziwamadoda/Projects/Binteca/Interactive/milzetvrstudio/Unity/Library/Bee/Android/Prj/IL2CPP/Il2CppBackup/il2cppOutput/Generics__36.cpp
[1574/1811  0s] CopyFiles /Users/mziwamadoda/Projects/Binteca/Interactive/milzetvrstudio/Unity/Library/Bee/Android/Prj/IL2CPP/Il2CppBackup/il2cppOutput/UnityEngine.PhysicsModule.cpp
[1575/1811  0s] CopyFiles /Users/mziwamadoda/Projects/Binteca/Interactive/milzetvrstudio/Unity/Library/Bee/Android/Prj/IL2CPP/Il2CppBackup/il2cppOutput/Generics__30.cpp
[1576/1811  0s] CopyFiles /Users/mziwamadoda/Projects/Binteca/Interactive/milzetvrstudio/Unity/Library/Bee/Android/Prj/IL2CPP/Il2CppBackup/il2cppOutput/Generics__50.cpp
[1577/1811  0s] CopyFiles /Users/mziwamadoda/Projects/Binteca/Interactive/milzetvrstudio/Unity/Library/Bee/Android/Prj/IL2CPP/Il2CppBackup/il2cppOutput/Generics__14.cpp
[1578/1811  0s] CopyFiles /Users/mziwamadoda/Projects/Binteca/Interactive/milzetvrstudio/Unity/Library/Bee/Android/Prj/IL2CPP/Il2CppBackup/il2cppOutput/mscorlib__14.cpp
[1579/1811  0s] CopyFiles /Users/mziwamadoda/Projects/Binteca/Interactive/milzetvrstudio/Unity/Library/Bee/Android/Prj/IL2CPP/Il2CppBackup/il2cppOutput/Generics__155.cpp
[1580/1811  0s] CopyFiles /Users/mziwamadoda/Projects/Binteca/Interactive/milzetvrstudio/Unity/Library/Bee/Android/Prj/IL2CPP/Il2CppBackup/il2cppOutput/Generics__113.cpp
[1581/1811  0s] CopyFiles /Users/mziwamadoda/Projects/Binteca/Interactive/milzetvrstudio/Unity/Library/Bee/Android/Prj/IL2CPP/Il2CppBackup/il2cppOutput/Generics__25.cpp
[1582/1811  0s] CopyFiles /Users/mziwamadoda/Projects/Binteca/Interactive/milzetvrstudio/Unity/Library/Bee/Android/Prj/IL2CPP/Il2CppBackup/il2cppOutput/Generics__68.cpp
[1583/1811  0s] CopyFiles /Users/mziwamadoda/Projects/Binteca/Interactive/milzetvrstudio/Unity/Library/Bee/Android/Prj/IL2CPP/Il2CppBackup/il2cppOutput/Generics__54.cpp
[1584/1811  0s] CopyFiles /Users/mziwamadoda/Projects/Binteca/Interactive/milzetvrstudio/Unity/Library/Bee/Android/Prj/IL2CPP/Il2CppBackup/il2cppOutput/Generics__160.cpp
[1585/1811  0s] CopyFiles /Users/mziwamadoda/Projects/Binteca/Interactive/milzetvrstudio/Unity/Library/Bee/Android/Prj/IL2CPP/Il2CppBackup/il2cppOutput/System.Configuration_CodeGen.c
[1586/1811  0s] CopyFiles /Users/mziwamadoda/Projects/Binteca/Interactive/milzetvrstudio/Unity/Library/Bee/Android/Prj/IL2CPP/Il2CppBackup/il2cppOutput/Generics__168.cpp
[1587/1811  0s] CopyFiles /Users/mziwamadoda/Projects/Binteca/Interactive/milzetvrstudio/Unity/Library/Bee/Android/Prj/IL2CPP/Il2CppBackup/il2cppOutput/GenericMethods__41.cpp
[1588/1811  0s] CopyFiles /Users/mziwamadoda/Projects/Binteca/Interactive/milzetvrstudio/Unity/Library/Bee/Android/Prj/IL2CPP/Il2CppBackup/il2cppOutput/Generics__90.cpp
[1589/1811  0s] CopyFiles /Users/mziwamadoda/Projects/Binteca/Interactive/milzetvrstudio/Unity/Library/Bee/Android/Prj/IL2CPP/Il2CppBackup/il2cppOutput/System.Data__8.cpp
[1590/1811  0s] CopyFiles /Users/mziwamadoda/Projects/Binteca/Interactive/milzetvrstudio/Unity/Library/Bee/Android/Prj/IL2CPP/Il2CppBackup/il2cppOutput/System.Data__5.cpp
[1591/1811  0s] CopyFiles /Users/mziwamadoda/Projects/Binteca/Interactive/milzetvrstudio/Unity/Library/Bee/Android/Prj/IL2CPP/Il2CppBackup/il2cppOutput/Generics__143.cpp
[1592/1811  0s] CopyFiles /Users/mziwamadoda/Projects/Binteca/Interactive/milzetvrstudio/Unity/Library/Bee/Android/Prj/IL2CPP/Il2CppBackup/il2cppOutput/UnityEngine.ImageConversionModule_CodeGen.c
[1593/1811  0s] CopyFiles /Users/mziwamadoda/Projects/Binteca/Interactive/milzetvrstudio/Unity/Library/Bee/Android/Prj/IL2CPP/Il2CppBackup/il2cppOutput/UnityEngine.ImageConversionModule.cpp
[1594/1811  0s] CopyFiles /Users/mziwamadoda/Projects/Binteca/Interactive/milzetvrstudio/Unity/Library/Bee/Android/Prj/IL2CPP/Il2CppBackup/il2cppOutput/UnityEngine.JSONSerializeModule_CodeGen.c
[1595/1811  0s] CopyFiles /Users/mziwamadoda/Projects/Binteca/Interactive/milzetvrstudio/Unity/Library/Bee/Android/Prj/IL2CPP/Il2CppBackup/il2cppOutput/UnityEngine.JSONSerializeModule.cpp
[1596/1811  0s] CopyFiles /Users/mziwamadoda/Projects/Binteca/Interactive/milzetvrstudio/Unity/Library/Bee/Android/Prj/IL2CPP/Il2CppBackup/il2cppOutput/Generics__21.cpp
[1597/1811  0s] CopyFiles /Users/mziwamadoda/Projects/Binteca/Interactive/milzetvrstudio/Unity/Library/Bee/Android/Prj/IL2CPP/Il2CppBackup/il2cppOutput/mscorlib__21.cpp
[1598/1811  0s] CopyFiles /Users/mziwamadoda/Projects/Binteca/Interactive/milzetvrstudio/Unity/Library/Bee/Android/Prj/IL2CPP/Il2CppBackup/il2cppOutput/Generics__10.cpp
[1599/1811  0s] CopyFiles /Users/mziwamadoda/Projects/Binteca/Interactive/milzetvrstudio/Unity/Library/Bee/Android/Prj/IL2CPP/Il2CppBackup/il2cppOutput/mscorlib__10.cpp
[1600/1811  0s] CopyFiles /Users/mziwamadoda/Projects/Binteca/Interactive/milzetvrstudio/Unity/Library/Bee/Android/Prj/IL2CPP/Il2CppBackup/il2cppOutput/Newtonsoft.Json__2.cpp
[1601/1811  0s] CopyFiles /Users/mziwamadoda/Projects/Binteca/Interactive/milzetvrstudio/Unity/Library/Bee/Android/Prj/IL2CPP/Il2CppBackup/il2cppOutput/Newtonsoft.Json_CodeGen.c
[1602/1811  0s] CopyFiles /Users/mziwamadoda/Projects/Binteca/Interactive/milzetvrstudio/Unity/Library/Bee/Android/Prj/IL2CPP/Il2CppBackup/il2cppOutput/System.Xml__7.cpp
[1604/1811  0s] CopyFiles /Users/mziwamadoda/Projects/Binteca/Interactive/milzetvrstudio/Unity/Library/Bee/Android/Prj/IL2CPP/Il2CppBackup/il2cppOutput/System.Core__4.cpp
[1605/1811  0s] CopyFiles /Users/mziwamadoda/Projects/Binteca/Interactive/milzetvrstudio/Unity/Library/Bee/Android/Prj/IL2CPP/Il2CppBackup/il2cppOutput/Generics__162.cpp
[1606/1811  0s] CopyFiles /Users/mziwamadoda/Projects/Binteca/Interactive/milzetvrstudio/Unity/Library/Bee/Android/Prj/IL2CPP/Il2CppBackup/il2cppOutput/GenericMethods__36.cpp
[1607/1811  0s] CopyFiles /Users/mziwamadoda/Projects/Binteca/Interactive/milzetvrstudio/Unity/Library/Bee/Android/Prj/IL2CPP/Il2CppBackup/il2cppOutput/System.Numerics.cpp
[1608/1811  0s] CopyFiles /Users/mziwamadoda/Projects/Binteca/Interactive/milzetvrstudio/Unity/Library/Bee/Android/Prj/IL2CPP/Il2CppBackup/il2cppOutput/meta.xr.mrutilitykit__1.cpp
[1609/1811  0s] CopyFiles /Users/mziwamadoda/Projects/Binteca/Interactive/milzetvrstudio/Unity/Library/Bee/Android/Prj/IL2CPP/Il2CppBackup/il2cppOutput/System.Xml.Linq.cpp
[1610/1811  0s] CopyFiles /Users/mziwamadoda/Projects/Binteca/Interactive/milzetvrstudio/Unity/Library/Bee/Android/Prj/IL2CPP/Il2CppBackup/il2cppOutput/GenericMethods__51.cpp
[1611/1811  0s] CopyFiles /Users/mziwamadoda/Projects/Binteca/Interactive/milzetvrstudio/Unity/Library/Bee/Android/Prj/IL2CPP/Il2CppBackup/il2cppOutput/Unity.InputSystem__10.cpp
[1612/1811  0s] CopyFiles /Users/mziwamadoda/Projects/Binteca/Interactive/milzetvrstudio/Unity/Library/Bee/Android/Prj/IL2CPP/Il2CppBackup/il2cppOutput/System.Data__1.cpp
[1613/1811  0s] CopyFiles /Users/mziwamadoda/Projects/Binteca/Interactive/milzetvrstudio/Unity/Library/Bee/Android/Prj/IL2CPP/Il2CppBackup/il2cppOutput/UnityEngine.DirectorModule.cpp
[1614/1811  0s] CopyFiles /Users/mziwamadoda/Projects/Binteca/Interactive/milzetvrstudio/Unity/Library/Bee/Android/Prj/IL2CPP/Il2CppBackup/il2cppOutput/Unity.XR.OpenXR.cpp
[1616/1811  0s] CopyFiles /Users/mziwamadoda/Projects/Binteca/Interactive/milzetvrstudio/Unity/Library/Bee/Android/Prj/IL2CPP/Il2CppBackup/il2cppOutput/Generics__120.cpp
[1617/1811  0s] CopyFiles /Users/mziwamadoda/Projects/Binteca/Interactive/milzetvrstudio/Unity/Library/Bee/Android/Prj/IL2CPP/Il2CppBackup/il2cppOutput/Unity.XR.CoreUtils_CodeGen.c
[1618/1811  0s] CopyFiles /Users/mziwamadoda/Projects/Binteca/Interactive/milzetvrstudio/Unity/Library/Bee/Android/Prj/IL2CPP/Il2CppBackup/il2cppOutput/Generics__38.cpp
[1619/1811  0s] CopyFiles /Users/mziwamadoda/Projects/Binteca/Interactive/milzetvrstudio/Unity/Library/Bee/Android/Prj/IL2CPP/Il2CppBackup/il2cppOutput/UnityEngine.PhysicsModule_CodeGen.c
[1620/1811  0s] CopyFiles /Users/mziwamadoda/Projects/Binteca/Interactive/milzetvrstudio/Unity/Library/Bee/Android/Prj/IL2CPP/Il2CppBackup/il2cppOutput/Unity.InputSystem__8.cpp
[1622/1811  0s] CopyFiles /Users/mziwamadoda/Projects/Binteca/Interactive/milzetvrstudio/Unity/Library/Bee/Android/Prj/IL2CPP/Il2CppBackup/il2cppOutput/Generics__172.cpp
[1623/1811  0s] CopyFiles /Users/mziwamadoda/Projects/Binteca/Interactive/milzetvrstudio/Unity/Library/Bee/Android/Prj/IL2CPP/Il2CppBackup/il2cppOutput/Generics__130.cpp
[1624/1811  0s] CopyFiles /Users/mziwamadoda/Projects/Binteca/Interactive/milzetvrstudio/Unity/Library/Bee/Android/Prj/IL2CPP/Il2CppBackup/il2cppOutput/System.Xml__6.cpp
[1625/1811  0s] CopyFiles /Users/mziwamadoda/Projects/Binteca/Interactive/milzetvrstudio/Unity/Library/Bee/Android/Prj/IL2CPP/Il2CppBackup/il2cppOutput/Generics__46.cpp
[1626/1811  0s] CopyFiles /Users/mziwamadoda/Projects/Binteca/Interactive/milzetvrstudio/Unity/Library/Bee/Android/Prj/IL2CPP/Il2CppBackup/il2cppOutput/UnityEngine.TerrainModule_CodeGen.c
[1627/1811  0s] CopyFiles /Users/mziwamadoda/Projects/Binteca/Interactive/milzetvrstudio/Unity/Library/Bee/Android/Prj/IL2CPP/Il2CppBackup/il2cppOutput/System.Xml__14.cpp
[1628/1811  0s] CopyFiles /Users/mziwamadoda/Projects/Binteca/Interactive/milzetvrstudio/Unity/Library/Bee/Android/Prj/IL2CPP/Il2CppBackup/il2cppOutput/Generics__40.cpp
[1629/1811  0s] CopyFiles /Users/mziwamadoda/Projects/Binteca/Interactive/milzetvrstudio/Unity/Library/Bee/Android/Prj/IL2CPP/Il2CppBackup/il2cppOutput/Generics__93.cpp
[1630/1811  0s] CopyFiles /Users/mziwamadoda/Projects/Binteca/Interactive/milzetvrstudio/Unity/Library/Bee/Android/Prj/IL2CPP/Il2CppBackup/il2cppOutput/Generics__124.cpp
[1632/1811  0s] CopyFiles /Users/mziwamadoda/Projects/Binteca/Interactive/milzetvrstudio/Unity/Library/Bee/Android/Prj/IL2CPP/Il2CppBackup/il2cppOutput/Generics__126.cpp
[1633/1811  0s] CopyFiles /Users/mziwamadoda/Projects/Binteca/Interactive/milzetvrstudio/Unity/Library/Bee/Android/Prj/IL2CPP/Il2CppBackup/il2cppOutput/Oculus.VR__10.cpp
[1634/1811  0s] CopyFiles /Users/mziwamadoda/Projects/Binteca/Interactive/milzetvrstudio/Unity/Library/Bee/Android/Prj/IL2CPP/Il2CppBackup/il2cppOutput/Newtonsoft.Json.cpp
[1635/1811  0s] CopyFiles /Users/mziwamadoda/Projects/Binteca/Interactive/milzetvrstudio/Unity/Library/Bee/Android/Prj/IL2CPP/Il2CppBackup/il2cppOutput/Generics__27.cpp
[1636/1811  0s] CopyFiles /Users/mziwamadoda/Projects/Binteca/Interactive/milzetvrstudio/Unity/Library/Bee/Android/Prj/IL2CPP/Il2CppBackup/il2cppOutput/UnityEngine.TextCoreTextEngineModule.cpp
[1640/1811  0s] CopyFiles /Users/mziwamadoda/Projects/Binteca/Interactive/milzetvrstudio/Unity/Library/Bee/Android/Prj/IL2CPP/Il2CppBackup/il2cppOutput/UnityEngine.TextCoreTextEngineModule_CodeGen.c
[1641/1811  0s] CopyFiles /Users/mziwamadoda/Projects/Binteca/Interactive/milzetvrstudio/Unity/Library/Bee/Android/Prj/IL2CPP/Il2CppBackup/il2cppOutput/Il2CppReversePInvokeWrapperTable.cpp
[1642/1811  0s] CopyFiles /Users/mziwamadoda/Projects/Binteca/Interactive/milzetvrstudio/Unity/Library/Bee/Android/Prj/IL2CPP/Il2CppBackup/il2cppOutput/System.Runtime.Serialization_CodeGen.c
[1643/1811  0s] CopyFiles /Users/mziwamadoda/Projects/Binteca/Interactive/milzetvrstudio/Unity/Library/Bee/Android/Prj/IL2CPP/Il2CppBackup/il2cppOutput/System.Runtime.Serialization__6.cpp
[1644/1811  0s] CopyFiles /Users/mziwamadoda/Projects/Binteca/Interactive/milzetvrstudio/Unity/Library/Bee/Android/Prj/IL2CPP/Il2CppBackup/il2cppOutput/System.Runtime.Serialization__4.cpp
[1645/1811  0s] CopyFiles /Users/mziwamadoda/Projects/Binteca/Interactive/milzetvrstudio/Unity/Library/Bee/Android/Prj/IL2CPP/Il2CppBackup/il2cppOutput/System.Runtime.Serialization__5.cpp
[1647/1811  0s] CopyFiles /Users/mziwamadoda/Projects/Binteca/Interactive/milzetvrstudio/Unity/Library/Bee/Android/Prj/IL2CPP/Il2CppBackup/il2cppOutput/System.Runtime.Serialization__3.cpp
[1648/1811  0s] CopyFiles /Users/mziwamadoda/Projects/Binteca/Interactive/milzetvrstudio/Unity/Library/Bee/Android/Prj/IL2CPP/Il2CppBackup/il2cppOutput/System.Runtime.Serialization__8.cpp
[1649/1811  0s] CopyFiles /Users/mziwamadoda/Projects/Binteca/Interactive/milzetvrstudio/Unity/Library/Bee/Android/Prj/IL2CPP/Il2CppBackup/il2cppOutput/System.Runtime.Serialization__9.cpp
[1650/1811  0s] CopyFiles /Users/mziwamadoda/Projects/Binteca/Interactive/milzetvrstudio/Unity/Library/Bee/Android/Prj/IL2CPP/Il2CppBackup/il2cppOutput/System.Runtime.Serialization__7.cpp
[1651/1811  0s] CopyFiles /Users/mziwamadoda/Projects/Binteca/Interactive/milzetvrstudio/Unity/Library/Bee/Android/Prj/IL2CPP/Il2CppBackup/il2cppOutput/System.Runtime.Serialization__2.cpp
[1653/1811  0s] CopyFiles /Users/mziwamadoda/Projects/Binteca/Interactive/milzetvrstudio/Unity/Library/Bee/Android/Prj/IL2CPP/Il2CppBackup/il2cppOutput/System.Runtime.Serialization__10.cpp
[1654/1811  0s] CopyFiles /Users/mziwamadoda/Projects/Binteca/Interactive/milzetvrstudio/Unity/Library/Bee/Android/Prj/IL2CPP/Il2CppBackup/il2cppOutput/UnityEngine.IMGUIModule_CodeGen.c
[1655/1811  0s] CopyFiles /Users/mziwamadoda/Projects/Binteca/Interactive/milzetvrstudio/Unity/Library/Bee/Android/Prj/IL2CPP/Il2CppBackup/il2cppOutput/Generics__3.cpp
[1656/1811  0s] CopyFiles /Users/mziwamadoda/Projects/Binteca/Interactive/milzetvrstudio/Unity/Library/Bee/Android/Prj/IL2CPP/Il2CppBackup/il2cppOutput/mscorlib__3.cpp
[1657/1811  0s] CopyFiles /Users/mziwamadoda/Projects/Binteca/Interactive/milzetvrstudio/Unity/Library/Bee/Android/Prj/IL2CPP/Il2CppBackup/il2cppOutput/GenericMethods__37.cpp
[1658/1811  0s] CopyFiles /Users/mziwamadoda/Projects/Binteca/Interactive/milzetvrstudio/Unity/Library/Bee/Android/Prj/IL2CPP/Il2CppBackup/il2cppOutput/System.Drawing_CodeGen.c
[1659/1811  0s] CopyFiles /Users/mziwamadoda/Projects/Binteca/Interactive/milzetvrstudio/Unity/Library/Bee/Android/Prj/IL2CPP/Gradle/unityLibrary/src/main/assets/bin/Data/Managed/Metadata/global-metadata.dat
[1660/1811  0s] CopyFiles /Users/mziwamadoda/Projects/Binteca/Interactive/milzetvrstudio/Unity/Library/Bee/Android/Prj/IL2CPP/Il2CppBackup/il2cppOutput/Generics__97.cpp
[1661/1811  0s] CopyFiles /Users/mziwamadoda/Projects/Binteca/Interactive/milzetvrstudio/Unity/Library/Bee/Android/Prj/IL2CPP/Il2CppBackup/il2cppOutput/Generics__33.cpp
[1662/1811  0s] CopyFiles /Users/mziwamadoda/Projects/Binteca/Interactive/milzetvrstudio/Unity/Library/Bee/Android/Prj/IL2CPP/Il2CppBackup/il2cppOutput/Generics__106.cpp
[1664/1811  0s] CopyFiles /Users/mziwamadoda/Projects/Binteca/Interactive/milzetvrstudio/Unity/Library/Bee/Android/Prj/IL2CPP/Il2CppBackup/il2cppOutput/Unity.Collections.LowLevel.ILSupport_CodeGen.c
[1665/1811  0s] CopyFiles /Users/mziwamadoda/Projects/Binteca/Interactive/milzetvrstudio/Unity/Library/Bee/Android/Prj/IL2CPP/Il2CppBackup/il2cppOutput/Generics__1.cpp
[1666/1811  0s] CopyFiles /Users/mziwamadoda/Projects/Binteca/Interactive/milzetvrstudio/Unity/Library/Bee/Android/Prj/IL2CPP/Il2CppBackup/il2cppOutput/mscorlib__1.cpp
[1667/1811  0s] CopyFiles /Users/mziwamadoda/Projects/Binteca/Interactive/milzetvrstudio/Unity/Library/Bee/Android/Prj/IL2CPP/Il2CppBackup/il2cppOutput/Generics__129.cpp
[1668/1811  0s] CopyFiles /Users/mziwamadoda/Projects/Binteca/Interactive/milzetvrstudio/Unity/Library/Bee/Android/Prj/IL2CPP/Il2CppBackup/il2cppOutput/__Generated_CodeGen.c
[1669/1811  0s] CopyFiles /Users/mziwamadoda/Projects/Binteca/Interactive/milzetvrstudio/Unity/Library/Bee/Android/Prj/IL2CPP/Il2CppBackup/il2cppOutput/GenericMethods__50.cpp
[1670/1811  0s] CopyFiles /Users/mziwamadoda/Projects/Binteca/Interactive/milzetvrstudio/Unity/Library/Bee/Android/Prj/IL2CPP/Il2CppBackup/il2cppOutput/Il2CppCCTypeValuesTable.c
[1672/1811  0s] CopyFiles /Users/mziwamadoda/Projects/Binteca/Interactive/milzetvrstudio/Unity/Library/Bee/Android/Prj/IL2CPP/Il2CppBackup/il2cppOutput/Generics__154.cpp
[1673/1811  0s] CopyFiles /Users/mziwamadoda/Projects/Binteca/Interactive/milzetvrstudio/Unity/Library/Bee/Android/Prj/IL2CPP/Il2CppBackup/il2cppOutput/Generics__95.cpp
[1674/1811  0s] CopyFiles /Users/mziwamadoda/Projects/Binteca/Interactive/milzetvrstudio/Unity/Library/Bee/Android/Prj/IL2CPP/Il2CppBackup/il2cppOutput/System.Xml.Linq_CodeGen.c
[1675/1811  0s] CopyFiles /Users/mziwamadoda/Projects/Binteca/Interactive/milzetvrstudio/Unity/Library/Bee/Android/Prj/IL2CPP/Il2CppBackup/il2cppOutput/System.Xml_CodeGen.c
[1676/1811  0s] CopyFiles /Users/mziwamadoda/Projects/Binteca/Interactive/milzetvrstudio/Unity/Library/Bee/Android/Prj/IL2CPP/Il2CppBackup/il2cppOutput/UnityEngine.XRModule_CodeGen.c
[1677/1811  0s] CopyFiles /Users/mziwamadoda/Projects/Binteca/Interactive/milzetvrstudio/Unity/Library/Bee/Android/Prj/IL2CPP/Il2CppBackup/il2cppOutput/GenericMethods__29.cpp
[1678/1811  0s] CopyFiles /Users/mziwamadoda/Projects/Binteca/Interactive/milzetvrstudio/Unity/Library/Bee/Android/Prj/IL2CPP/Il2CppBackup/il2cppOutput/mscorlib__20.cpp
[1679/1811  0s] CopyFiles /Users/mziwamadoda/Projects/Binteca/Interactive/milzetvrstudio/Unity/Library/Bee/Android/Prj/IL2CPP/Il2CppBackup/il2cppOutput/Generics__20.cpp
[1680/1811  0s] CopyFiles /Users/mziwamadoda/Projects/Binteca/Interactive/milzetvrstudio/Unity/Library/Bee/Android/Prj/IL2CPP/Il2CppBackup/il2cppOutput/Il2CppGenericMethodDefinitions.c
[1681/1811  0s] CopyFiles /Users/mziwamadoda/Projects/Binteca/Interactive/milzetvrstudio/Unity/Library/Bee/Android/Prj/IL2CPP/Il2CppBackup/il2cppOutput/Meta.XR.EnvironmentDepth.cpp
[1682/1811  0s] CopyFiles /Users/mziwamadoda/Projects/Binteca/Interactive/milzetvrstudio/Unity/Library/Bee/Android/Prj/IL2CPP/Il2CppBackup/il2cppOutput/UnityEngine.CoreModule_CodeGen.c
[1683/1811  0s] CopyFiles /Users/mziwamadoda/Projects/Binteca/Interactive/milzetvrstudio/Unity/Library/Bee/Android/Prj/IL2CPP/Il2CppBackup/il2cppOutput/Newtonsoft.Json__3.cpp
[1685/1811  0s] CopyFiles /Users/mziwamadoda/Projects/Binteca/Interactive/milzetvrstudio/Unity/Library/Bee/Android/Prj/IL2CPP/Il2CppBackup/il2cppOutput/Mono.Security_CodeGen.c
[1686/1811  0s] CopyFiles /Users/mziwamadoda/Projects/Binteca/Interactive/milzetvrstudio/Unity/Library/Bee/Android/Prj/IL2CPP/Il2CppBackup/il2cppOutput/mscorlib__7.cpp
[1687/1811  0s] CopyFiles /Users/mziwamadoda/Projects/Binteca/Interactive/milzetvrstudio/Unity/Library/Bee/Android/Prj/IL2CPP/Il2CppBackup/il2cppOutput/Generics__7.cpp
[1689/1811  0s] CopyFiles /Users/mziwamadoda/Projects/Binteca/Interactive/milzetvrstudio/Unity/Library/Bee/Android/Prj/IL2CPP/Il2CppBackup/il2cppOutput/UnityEngine.UIModule_CodeGen.c
[1690/1811  0s] CopyFiles /Users/mziwamadoda/Projects/Binteca/Interactive/milzetvrstudio/Unity/Library/Bee/Android/Prj/IL2CPP/Il2CppBackup/il2cppOutput/GenericMethods__49.cpp
[1691/1811  0s] CopyFiles /Users/mziwamadoda/Projects/Binteca/Interactive/milzetvrstudio/Unity/Library/Bee/Android/Prj/IL2CPP/Il2CppBackup/il2cppOutput/System.Xml__10.cpp
[1692/1811  0s] CopyFiles /Users/mziwamadoda/Projects/Binteca/Interactive/milzetvrstudio/Unity/Library/Bee/Android/Prj/IL2CPP/Il2CppBackup/il2cppOutput/GenericMethods__43.cpp
[1693/1811  0s] CopyFiles /Users/mziwamadoda/Projects/Binteca/Interactive/milzetvrstudio/Unity/Library/Bee/Android/Prj/IL2CPP/Il2CppBackup/il2cppOutput/Unity.InputSystem__12.cpp
[1694/1811  0s] CopyFiles /Users/mziwamadoda/Projects/Binteca/Interactive/milzetvrstudio/Unity/Library/Bee/Android/Prj/IL2CPP/Il2CppBackup/il2cppOutput/Generics__127.cpp
[1695/1811  0s] CopyFiles /Users/mziwamadoda/Projects/Binteca/Interactive/milzetvrstudio/Unity/Library/Bee/Android/Prj/IL2CPP/Il2CppBackup/il2cppOutput/mscorlib__23.cpp
[1696/1811  0s] CopyFiles /Users/mziwamadoda/Projects/Binteca/Interactive/milzetvrstudio/Unity/Library/Bee/Android/Prj/IL2CPP/Il2CppBackup/il2cppOutput/Generics__23.cpp
[1697/1811  0s] CopyFiles /Users/mziwamadoda/Projects/Binteca/Interactive/milzetvrstudio/Unity/Library/Bee/Android/Prj/IL2CPP/Il2CppBackup/il2cppOutput/Generics__59.cpp
[1698/1811  0s] CopyFiles /Users/mziwamadoda/Projects/Binteca/Interactive/milzetvrstudio/Unity/Library/Bee/Android/Prj/IL2CPP/Il2CppBackup/il2cppOutput/Generics__161.cpp
[1699/1811  0s] CopyFiles /Users/mziwamadoda/Projects/Binteca/Interactive/milzetvrstudio/Unity/Library/Bee/Android/Prj/IL2CPP/Il2CppBackup/il2cppOutput/GenericMethods__19.cpp
[1701/1811  0s] CopyFiles /Users/mziwamadoda/Projects/Binteca/Interactive/milzetvrstudio/Unity/Library/Bee/Android/Prj/IL2CPP/Il2CppBackup/il2cppOutput/Generics__125.cpp
[1702/1811  0s] CopyFiles /Users/mziwamadoda/Projects/Binteca/Interactive/milzetvrstudio/Unity/Library/Bee/Android/Prj/IL2CPP/Il2CppBackup/il2cppOutput/Generics__164.cpp
[1703/1811  0s] CopyFiles /Users/mziwamadoda/Projects/Binteca/Interactive/milzetvrstudio/Unity/Library/Bee/Android/Prj/IL2CPP/Il2CppBackup/il2cppOutput/Unity.XR.OpenXR_CodeGen.c
[1705/1811  0s] CopyFiles /Users/mziwamadoda/Projects/Binteca/Interactive/milzetvrstudio/Unity/Library/Bee/Android/Prj/IL2CPP/Il2CppBackup/il2cppOutput/UnityEngine.HierarchyCoreModule_CodeGen.c
[1706/1811  0s] CopyFiles /Users/mziwamadoda/Projects/Binteca/Interactive/milzetvrstudio/Unity/Library/Bee/Android/Prj/IL2CPP/Il2CppBackup/il2cppOutput/Generics__35.cpp
[1707/1811  0s] CopyFiles /Users/mziwamadoda/Projects/Binteca/Interactive/milzetvrstudio/Unity/Library/Bee/Android/Prj/IL2CPP/Il2CppBackup/il2cppOutput/GenericMethods__34.cpp
[1708/1811  0s] CopyFiles /Users/mziwamadoda/Projects/Binteca/Interactive/milzetvrstudio/Unity/Library/Bee/Android/Prj/IL2CPP/Il2CppBackup/il2cppOutput/UnityEngine.AudioModule.cpp
[1709/1811  0s] CopyFiles /Users/mziwamadoda/Projects/Binteca/Interactive/milzetvrstudio/Unity/Library/Bee/Android/Prj/IL2CPP/Il2CppBackup/il2cppOutput/Unity.InputSystem_CodeGen.c
[1710/1811  0s] CopyFiles /Users/mziwamadoda/Projects/Binteca/Interactive/milzetvrstudio/Unity/Library/Bee/Android/Prj/IL2CPP/Il2CppBackup/il2cppOutput/Oculus.VR__5.cpp
[1711/1811  0s] CopyFiles /Users/mziwamadoda/Projects/Binteca/Interactive/milzetvrstudio/Unity/Library/Bee/Android/Prj/IL2CPP/Il2CppBackup/il2cppOutput/Il2CppGenericMethodPointerTable.c
[1712/1811  0s] CopyFiles /Users/mziwamadoda/Projects/Binteca/Interactive/milzetvrstudio/Unity/Library/Bee/Android/Prj/IL2CPP/Il2CppBackup/il2cppOutput/Generics__60.cpp
[1713/1811  0s] CopyFiles /Users/mziwamadoda/Projects/Binteca/Interactive/milzetvrstudio/Unity/Library/Bee/Android/Prj/IL2CPP/Il2CppBackup/il2cppOutput/UnityEngine.CoreModule__2.cpp
[1714/1811  0s] CopyFiles /Users/mziwamadoda/Projects/Binteca/Interactive/milzetvrstudio/Unity/Library/Bee/Android/Prj/IL2CPP/Il2CppBackup/il2cppOutput/Generics__69.cpp
[1715/1811  0s] CopyFiles /Users/mziwamadoda/Projects/Binteca/Interactive/milzetvrstudio/Unity/Library/Bee/Android/Prj/IL2CPP/Il2CppBackup/il2cppOutput/Unity.Mathematics_CodeGen.c
[1716/1811  0s] CopyFiles /Users/mziwamadoda/Projects/Binteca/Interactive/milzetvrstudio/Unity/Library/Bee/Android/Prj/IL2CPP/Il2CppBackup/il2cppOutput/System.Xml__5.cpp
[1717/1811  0s] CopyFiles /Users/mziwamadoda/Projects/Binteca/Interactive/milzetvrstudio/Unity/Library/Bee/Android/Prj/IL2CPP/Il2CppBackup/il2cppOutput/Unity.Collections_CodeGen.c
[1718/1811  0s] CopyFiles /Users/mziwamadoda/Projects/Binteca/Interactive/milzetvrstudio/Unity/Library/Bee/Android/Prj/IL2CPP/Il2CppBackup/il2cppOutput/GenericMethods__21.cpp
[1720/1811  0s] CopyFiles /Users/mziwamadoda/Projects/Binteca/Interactive/milzetvrstudio/Unity/Library/Bee/Android/Prj/IL2CPP/Il2CppBackup/il2cppOutput/Generics__86.cpp
[1722/1811  0s] CopyFiles /Users/mziwamadoda/Projects/Binteca/Interactive/milzetvrstudio/Unity/Library/Bee/Android/Prj/IL2CPP/Il2CppBackup/il2cppOutput/Il2CppRgctxTable.c
[1723/1811  0s] CopyFiles /Users/mziwamadoda/Projects/Binteca/Interactive/milzetvrstudio/Unity/Library/Bee/Android/Prj/IL2CPP/Il2CppBackup/il2cppOutput/UnityEngine.UnityAnalyticsCommonModule_CodeGen.c
[1725/1811  0s] CopyFiles /Users/mziwamadoda/Projects/Binteca/Interactive/milzetvrstudio/Unity/Library/Bee/Android/Prj/IL2CPP/Il2CppBackup/il2cppOutput/GenericMethods__2.cpp
[1726/1811  0s] CopyFiles /Users/mziwamadoda/Projects/Binteca/Interactive/milzetvrstudio/Unity/Library/Bee/Android/Prj/IL2CPP/Il2CppBackup/il2cppOutput/Generics__24.cpp
[1727/1811  0s] CopyFiles /Users/mziwamadoda/Projects/Binteca/Interactive/milzetvrstudio/Unity/Library/Bee/Android/Prj/IL2CPP/Il2CppBackup/il2cppOutput/UnityEngine.AIModule_CodeGen.c
[1729/1811  0s] CopyFiles /Users/mziwamadoda/Projects/Binteca/Interactive/milzetvrstudio/Unity/Library/Bee/Android/Prj/IL2CPP/Il2CppBackup/il2cppOutput/Generics__167.cpp
[1731/1811  0s] CopyFiles /Users/mziwamadoda/Projects/Binteca/Interactive/milzetvrstudio/Unity/Library/Bee/Android/Prj/IL2CPP/Il2CppBackup/il2cppOutput/UnityEngine.ParticleSystemModule_CodeGen.c
[1732/1811  0s] CopyFiles /Users/mziwamadoda/Projects/Binteca/Interactive/milzetvrstudio/Unity/Library/Bee/Android/Prj/IL2CPP/Il2CppBackup/il2cppOutput/UnityEngine.ParticleSystemModule.cpp
[1733/1811  0s] CopyFiles /Users/mziwamadoda/Projects/Binteca/Interactive/milzetvrstudio/Unity/Library/Bee/Android/Prj/IL2CPP/Il2CppBackup/il2cppOutput/System.Xml__4.cpp
[1734/1811  0s] CopyFiles /Users/mziwamadoda/Projects/Binteca/Interactive/milzetvrstudio/Unity/Library/Bee/Android/Prj/IL2CPP/Il2CppBackup/il2cppOutput/Il2CppGenericAdjustorThunkTable.c
[1735/1811  0s] CopyFiles /Users/mziwamadoda/Projects/Binteca/Interactive/milzetvrstudio/Unity/Library/Bee/Android/Prj/IL2CPP/Il2CppBackup/il2cppOutput/GenericMethods__32.cpp
[1736/1811  0s] CopyFiles /Users/mziwamadoda/Projects/Binteca/Interactive/milzetvrstudio/Unity/Library/Bee/Android/Prj/IL2CPP/Il2CppBackup/il2cppOutput/UnityEngine.XRModule.cpp
[1738/1811  0s] CopyFiles /Users/mziwamadoda/Projects/Binteca/Interactive/milzetvrstudio/Unity/Library/Bee/Android/Prj/IL2CPP/Il2CppBackup/il2cppOutput/UnityEngine.UI__4.cpp
[1739/1811  0s] CopyFiles /Users/mziwamadoda/Projects/Binteca/Interactive/milzetvrstudio/Unity/Library/Bee/Android/Prj/IL2CPP/Il2CppBackup/il2cppOutput/glTFast_CodeGen.c
[1740/1811  0s] CopyFiles /Users/mziwamadoda/Projects/Binteca/Interactive/milzetvrstudio/Unity/Library/Bee/Android/Prj/IL2CPP/Il2CppBackup/il2cppOutput/GenericMethods__45.cpp
[1741/1811  0s] CopyFiles /Users/mziwamadoda/Projects/Binteca/Interactive/milzetvrstudio/Unity/Library/Bee/Android/Prj/IL2CPP/Il2CppBackup/il2cppOutput/Generics__49.cpp
[1743/1811  0s] CopyFiles /Users/mziwamadoda/Projects/Binteca/Interactive/milzetvrstudio/Unity/Library/Bee/Android/Prj/IL2CPP/Il2CppBackup/il2cppOutput/mscorlib__6.cpp
[1744/1811  0s] CopyFiles /Users/mziwamadoda/Projects/Binteca/Interactive/milzetvrstudio/Unity/Library/Bee/Android/Prj/IL2CPP/Il2CppBackup/il2cppOutput/Generics__6.cpp
[1745/1811  0s] CopyFiles /Users/mziwamadoda/Projects/Binteca/Interactive/milzetvrstudio/Unity/Library/Bee/Android/Prj/IL2CPP/Il2CppBackup/il2cppOutput/Generics__79.cpp
[1746/1811  0s] CopyFiles /Users/mziwamadoda/Projects/Binteca/Interactive/milzetvrstudio/Unity/Library/Bee/Android/Prj/IL2CPP/Il2CppBackup/il2cppOutput/GenericMethods__9.cpp
[1747/1811  0s] CopyFiles /Users/mziwamadoda/Projects/Binteca/Interactive/milzetvrstudio/Unity/Library/Bee/Android/Prj/IL2CPP/Il2CppBackup/il2cppOutput/Generics__34.cpp
[1748/1811  0s] CopyFiles /Users/mziwamadoda/Projects/Binteca/Interactive/milzetvrstudio/Unity/Library/Bee/Android/Prj/IL2CPP/Il2CppBackup/il2cppOutput/Unity.Burst.Unsafe_CodeGen.c
[1749/1811  0s] CopyFiles /Users/mziwamadoda/Projects/Binteca/Interactive/milzetvrstudio/Unity/Library/Bee/Android/Prj/IL2CPP/Il2CppBackup/il2cppOutput/mscorlib__13.cpp
[1750/1811  0s] CopyFiles /Users/mziwamadoda/Projects/Binteca/Interactive/milzetvrstudio/Unity/Library/Bee/Android/Prj/IL2CPP/Il2CppBackup/il2cppOutput/Generics__13.cpp
[1752/1811  0s] CopyFiles /Users/mziwamadoda/Projects/Binteca/Interactive/milzetvrstudio/Unity/Library/Bee/Android/Prj/IL2CPP/Il2CppBackup/il2cppOutput/GenericMethods__28.cpp
[1753/1811  0s] CopyFiles /Users/mziwamadoda/Projects/Binteca/Interactive/milzetvrstudio/Unity/Library/Bee/Android/Prj/IL2CPP/Il2CppBackup/il2cppOutput/System.Core__2.cpp
[1754/1811  0s] CopyFiles /Users/mziwamadoda/Projects/Binteca/Interactive/milzetvrstudio/Unity/Library/Bee/Android/Prj/IL2CPP/Il2CppBackup/il2cppOutput/GenericMethods__27.cpp
[1755/1811  0s] CopyFiles /Users/mziwamadoda/Projects/Binteca/Interactive/milzetvrstudio/Unity/Library/Bee/Android/Prj/IL2CPP/Il2CppBackup/il2cppOutput/Il2CppCodeRegistration.cpp
[1756/1811  0s] CopyFiles /Users/mziwamadoda/Projects/Binteca/Interactive/milzetvrstudio/Unity/Library/Bee/Android/Prj/IL2CPP/Il2CppBackup/il2cppOutput/Generics__64.cpp
[1757/1811  0s] CopyFiles /Users/mziwamadoda/Projects/Binteca/Interactive/milzetvrstudio/Unity/Library/Bee/Android/Prj/IL2CPP/Il2CppBackup/il2cppOutput/Unity.XR.OpenXR.Features.ConformanceAutomation_CodeGen.c
[1758/1811  0s] CopyFiles /Users/mziwamadoda/Projects/Binteca/Interactive/milzetvrstudio/Unity/Library/Bee/artifacts/Android/il2cppOutput/build/arm64-v8a/Data/Resources/Newtonsoft.Json.dll-resources.dat
[1759/1811  0s] CopyFiles /Users/mziwamadoda/Projects/Binteca/Interactive/milzetvrstudio/Unity/Library/Bee/Android/Prj/IL2CPP/Il2CppBackup/il2cppOutput/Unity.XR.CoreUtils.cpp
[1760/1811  0s] CopyFiles /Users/mziwamadoda/Projects/Binteca/Interactive/milzetvrstudio/Unity/Library/Bee/Android/Prj/IL2CPP/Il2CppBackup/il2cppOutput/GenericMethods__12.cpp
[1762/1811  0s] CopyFiles /Users/mziwamadoda/Projects/Binteca/Interactive/milzetvrstudio/Unity/Library/Bee/Android/Prj/IL2CPP/Il2CppBackup/il2cppOutput/UnityEngine.InputLegacyModule_CodeGen.c
[1763/1811  0s] CopyFiles /Users/mziwamadoda/Projects/Binteca/Interactive/milzetvrstudio/Unity/Library/Bee/Android/Prj/IL2CPP/Il2CppBackup/il2cppOutput/Generics__101.cpp
[1764/1811  0s] CopyFiles /Users/mziwamadoda/Projects/Binteca/Interactive/milzetvrstudio/Unity/Library/Bee/Android/Prj/IL2CPP/Il2CppBackup/il2cppOutput/Generics__89.cpp
[1765/1811  0s] CopyFiles /Users/mziwamadoda/Projects/Binteca/Interactive/milzetvrstudio/Unity/Library/Bee/Android/Prj/IL2CPP/Il2CppBackup/il2cppOutput/Generics__75.cpp
[1766/1811  0s] CopyFiles /Users/mziwamadoda/Projects/Binteca/Interactive/milzetvrstudio/Unity/Library/Bee/Android/Prj/IL2CPP/Il2CppBackup/il2cppOutput/GenericMethods__16.cpp
[1767/1811  0s] CopyFiles /Users/mziwamadoda/Projects/Binteca/Interactive/milzetvrstudio/Unity/Library/Bee/Android/Prj/IL2CPP/Il2CppBackup/il2cppOutput/meta.xr.mrutilitykit_CodeGen.c
[1768/1811  0s] CopyFiles /Users/mziwamadoda/Projects/Binteca/Interactive/milzetvrstudio/Unity/Library/Bee/Android/Prj/IL2CPP/Il2CppBackup/il2cppOutput/Mono.Security__1.cpp
[1769/1811  0s] CopyFiles /Users/mziwamadoda/Projects/Binteca/Interactive/milzetvrstudio/Unity/Library/Bee/Android/Prj/IL2CPP/Il2CppBackup/il2cppOutput/Generics__152.cpp
[1770/1811  0s] CopyFiles /Users/mziwamadoda/Projects/Binteca/Interactive/milzetvrstudio/Unity/Library/Bee/Android/Prj/IL2CPP/Il2CppBackup/il2cppOutput/Newtonsoft.Json__1.cpp
[1771/1811  0s] CopyFiles /Users/mziwamadoda/Projects/Binteca/Interactive/milzetvrstudio/Unity/Library/Bee/Android/Prj/IL2CPP/Il2CppBackup/il2cppOutput/Newtonsoft.Json__4.cpp
[1772/1811  0s] CopyFiles /Users/mziwamadoda/Projects/Binteca/Interactive/milzetvrstudio/Unity/Library/Bee/Android/Prj/IL2CPP/Il2CppBackup/il2cppOutput/Il2CppGenericClassTable.c
[1773/1811  0s] CopyFiles /Users/mziwamadoda/Projects/Binteca/Interactive/milzetvrstudio/Unity/Library/Bee/Android/Prj/IL2CPP/Il2CppBackup/il2cppOutput/GenericMethods__26.cpp
[1774/1811  0s] CopyFiles /Users/mziwamadoda/Projects/Binteca/Interactive/milzetvrstudio/Unity/Library/Bee/Android/Prj/IL2CPP/Il2CppBackup/il2cppOutput/Generics__149.cpp
[1775/1811  0s] CopyFiles /Users/mziwamadoda/Projects/Binteca/Interactive/milzetvrstudio/Unity/Library/Bee/Android/Prj/IL2CPP/Il2CppBackup/il2cppOutput/meta.xr.mrutilitykit__4.cpp
[1776/1811  0s] CopyFiles /Users/mziwamadoda/Projects/Binteca/Interactive/milzetvrstudio/Unity/Library/Bee/Android/Prj/IL2CPP/Il2CppBackup/il2cppOutput/GenericMethods__17.cpp
[1777/1811  0s] CopyFiles /Users/mziwamadoda/Projects/Binteca/Interactive/milzetvrstudio/Unity/Library/Bee/Android/Prj/IL2CPP/Il2CppBackup/il2cppOutput/UnityEngine.AssetBundleModule.cpp
[1778/1811  0s] CopyFiles /Users/mziwamadoda/Projects/Binteca/Interactive/milzetvrstudio/Unity/Library/Bee/Android/Prj/IL2CPP/Il2CppBackup/il2cppOutput/UnityEngine.AssetBundleModule_CodeGen.c
[1779/1811  0s] CopyFiles /Users/mziwamadoda/Projects/Binteca/Interactive/milzetvrstudio/Unity/Library/Bee/Android/Prj/IL2CPP/Il2CppBackup/il2cppOutput/Generics__157.cpp
[1780/1811  0s] CopyFiles /Users/mziwamadoda/Projects/Binteca/Interactive/milzetvrstudio/Unity/Library/Bee/Android/Prj/IL2CPP/Il2CppBackup/il2cppOutput/Oculus.VR__4.cpp
[1781/1811  0s] CopyFiles /Users/mziwamadoda/Projects/Binteca/Interactive/milzetvrstudio/Unity/Library/Bee/Android/Prj/IL2CPP/Il2CppBackup/il2cppOutput/Generics__163.cpp
[1783/1811  0s] CopyFiles /Users/mziwamadoda/Projects/Binteca/Interactive/milzetvrstudio/Unity/Library/Bee/Android/Prj/IL2CPP/Il2CppBackup/il2cppOutput/Generics__170.cpp
[1784/1811  0s] CopyFiles /Users/mziwamadoda/Projects/Binteca/Interactive/milzetvrstudio/Unity/Library/Bee/Android/Prj/IL2CPP/Il2CppBackup/il2cppOutput/Generics__58.cpp
[1785/1811  0s] CopyFiles /Users/mziwamadoda/Projects/Binteca/Interactive/milzetvrstudio/Unity/Library/Bee/Android/Prj/IL2CPP/Il2CppBackup/il2cppOutput/System.Xml__18.cpp
[1786/1811  0s] CopyFiles /Users/mziwamadoda/Projects/Binteca/Interactive/milzetvrstudio/Unity/Library/Bee/artifacts/Android/il2cppOutput/build/arm64-v8a/Data/Resources/System.Drawing.dll-resources.dat
[1787/1811  0s] CopyFiles /Users/mziwamadoda/Projects/Binteca/Interactive/milzetvrstudio/Unity/Library/Bee/artifacts/Android/il2cppOutput/build/arm64-v8a/Data/Resources/System.Data.dll-resources.dat
[1788/1811  0s] CopyFiles /Users/mziwamadoda/Projects/Binteca/Interactive/milzetvrstudio/Unity/Library/Bee/Android/Prj/IL2CPP/Il2CppBackup/il2cppOutput/Generics__159.cpp
[1789/1811  0s] CopyFiles /Users/mziwamadoda/Projects/Binteca/Interactive/milzetvrstudio/Unity/Library/Bee/Android/Prj/IL2CPP/Il2CppBackup/il2cppOutput/UnityEngine.InputForUIModule.cpp
[1790/1811  0s] CopyFiles /Users/mziwamadoda/Projects/Binteca/Interactive/milzetvrstudio/Unity/Library/Bee/Android/Prj/IL2CPP/Il2CppBackup/il2cppOutput/UnityEngine.InputForUIModule_CodeGen.c
[1791/1811  0s] CopyFiles /Users/mziwamadoda/Projects/Binteca/Interactive/milzetvrstudio/Unity/Library/Bee/Android/Prj/IL2CPP/Il2CppBackup/il2cppOutput/UnityEngine.AnimationModule.cpp
[1792/1811  0s] CopyFiles /Users/mziwamadoda/Projects/Binteca/Interactive/milzetvrstudio/Unity/Library/Bee/Android/Prj/IL2CPP/Il2CppBackup/il2cppOutput/UnityEngine.AnimationModule_CodeGen.c
[1793/1811  0s] CopyFiles /Users/mziwamadoda/Projects/Binteca/Interactive/milzetvrstudio/Unity/Library/Bee/Android/Prj/IL2CPP/Il2CppBackup/il2cppOutput/mscorlib__16.cpp
[1794/1811  0s] CopyFiles /Users/mziwamadoda/Projects/Binteca/Interactive/milzetvrstudio/Unity/Library/Bee/Android/Prj/IL2CPP/Il2CppBackup/il2cppOutput/Generics__16.cpp
[1795/1811  6s] C_Android_arm64 Library/Bee/artifacts/Android/d8kzr/7lg6lcm707fe.o
[1796/1811  7s] C_Android_arm64 Library/Bee/artifacts/Android/d8kzr/ckh1xnqtf1zo.o
[1797/1811  7s] C_Android_arm64 Library/Bee/artifacts/Android/d8kzr/h7yntjhh1av9.o
[1798/1811 12s] C_Android_arm64 Library/Bee/artifacts/Android/d8kzr/594o6za6owri.o
[1799/1811 11s] C_Android_arm64 Library/Bee/artifacts/Android/d8kzr/g66zax7gsatr.o
[1800/1811  7s] C_Android_arm64 Library/Bee/artifacts/Android/d8kzr/qt0lszxa3nmq.o
[BUSY      70s] C_Android_arm64 Library/Bee/artifacts/Android/d8kzr/07ub8z33gmix.o
[1801/1811 74s] C_Android_arm64 Library/Bee/artifacts/Android/d8kzr/07ub8z33gmix.o
[1802/1811  5s] Link_Android_arm64 Library/Bee/artifacts/Android/d8kzr/libil2cpp.so
[1803/1811  0s] CopyFiles /Users/mziwamadoda/Projects/Binteca/Interactive/milzetvrstudio/Unity/Library/Bee/artifacts/Android/il2cppOutput/build/arm64-v8a/libil2cpp.dbg.so
[1804/1811  0s] CopyFiles Library/Bee/artifacts/objcopy_5lmi/libil2cpp.dbg.so
[1805/1811  0s] NdkObjCopy Library/Bee/artifacts/objcopy_5lmi/stripped/libil2cpp.so
[1806/1811  1s] NdkObjCopy Library/Bee/artifacts/objcopy_5lmi/libil2cpp.sym.so
[1807/1811  0s] CopyFiles /Users/mziwamadoda/Projects/Binteca/Interactive/milzetvrstudio/Unity/Library/Bee/artifacts/Android/il2cppOutput/build/arm64-v8a/libil2cpp.sym.so
[1808/1811  0s] NdkObjCopy Library/Bee/artifacts/objcopy_5lmi/libil2cpp.so
[1809/1811  0s] CopyFiles /Users/mziwamadoda/Projects/Binteca/Interactive/milzetvrstudio/Unity/Library/Bee/artifacts/Android/il2cppOutput/build/arm64-v8a/libil2cpp.so
[1810/1811  0s] CopyFiles /Users/mziwamadoda/Projects/Binteca/Interactive/milzetvrstudio/Unity/Library/Bee/Android/Prj/IL2CPP/Gradle/unityLibrary/src/main/jniLibs/arm64-v8a/libil2cpp.so
*** Tundra build success (762.46 seconds - 0:12:42), 1070 items updated, 1811 evaluated
ExitCode: 0 Duration: 12m:42s
DisplayProgressbar: Calling IPostGenerateGradleAndroidProject callbacks
Calling IPostGenerateGradleAndroidProject callbacks on '/Users/mziwamadoda/Projects/Binteca/Interactive/milzetvrstudio/Unity/Library/Bee/Android/Prj/IL2CPP/Gradle/unityLibrary':
    Call "Meta.XR.Samples.Editor.UpdateManifestWithCodeSample.OnPostGenerateGradleAndroidProject" from assembly 'Oculus.VR.Editor'
Total cache size 267381837
Total cache size after purge 267381837, took 00:00:00.2633914
    Call "UnityEditor.XR.OpenXR.Features.OculusQuestSupport.ModifyAndroidManifestOculus.OnPostGenerateGradleAndroidProject" from assembly 'Unity.XR.OpenXR.Features.OculusQuestSupport.Editor'
    Call "UnityEditor.XR.OpenXR.Features.MetaQuestSupport.ModifyAndroidManifestMeta.OnPostGenerateGradleAndroidProject" from assembly 'Unity.XR.OpenXR.Features.MetaQuestSupport.Editor'
    Call "Unity.XR.Management.AndroidManifest.Editor.AndroidManifestBuildEventReceiver.OnPostGenerateGradleAndroidProject" from assembly 'Unity.XR.Management.Editor'
    Call "Meta.XR.MetaXRBootConfig.OnPostGenerateGradleAndroidProject" from assembly 'Oculus.VR'
    Call "UnityEditor.XR.OpenXR.Features.MetaQuestSupport.MetaQuestFeatureBuildHooks.OnPostGenerateGradleAndroidProject" from assembly 'Unity.XR.OpenXR.Features.MetaQuestSupport.Editor'
    Call "UnityEditor.XR.OpenXR.Features.SpaceWarpFeatureBuildHooks.OnPostGenerateGradleAndroidProject" from assembly 'Unity.XR.OpenXR.Editor'
    Call "OVRGradleGeneration.OnPostGenerateGradleAndroidProject" from assembly 'Oculus.VR.Editor'
OVRGradleGeneration triggered.
UnityEngine.Debug:ExtractStackTraceNoAlloc (byte*,int,string)
UnityEngine.StackTraceUtility:ExtractStackTrace () (at /Users/bokken/build/output/unity/unity/Runtime/Export/Scripting/StackTrace.cs:35)
UnityEngine.DebugLogHandler:Internal_Log (UnityEngine.LogType,UnityEngine.LogOption,string,UnityEngine.Object)
UnityEngine.DebugLogHandler:LogFormat (UnityEngine.LogType,UnityEngine.Object,string,object[])
UnityEngine.Logger:Log (UnityEngine.LogType,object)
UnityEngine.Debug:Log (object)
OVRGradleGeneration:OnPostGenerateGradleAndroidProject (string) (at ./Library/PackageCache/com.meta.xr.sdk.core@f8b4cfb2789f/Editor/OVRGradleGeneration.cs:301)
UnityEditor.Android.PostProcessor.Tasks.ProcessGenerateProjectCallbacks:OnGeneratePlatformProjectPostprocess (string,bool) (at /home/bokken/build/output/unity/unity/PlatformDependent/AndroidPlayer/Editor/Managed/PostProcessor/Tasks/ProcessGenerateProjectCallbacks.cs:41)
UnityEditor.Android.PostProcessor.Tasks.ProcessGenerateProjectCallbacks:Execute (UnityEditor.Android.PostProcessor.PostProcessorContext) (at /home/bokken/build/output/unity/unity/PlatformDependent/AndroidPlayer/Editor/Managed/PostProcessor/Tasks/ProcessGenerateProjectCallbacks.cs:67)
UnityEditor.Android.PostProcessor.PostProcessRunner:RunAllTasks (UnityEditor.Android.PostProcessor.PostProcessorContext) (at /home/bokken/build/output/unity/unity/PlatformDependent/AndroidPlayer/Editor/Managed/PostProcessor/AndroidPostProcessor.cs:112)
UnityEditor.Android.PostProcessAndroidPlayer:PostProcess (UnityEditor.Modules.BuildPostProcessArgs,AndroidPlayerBuildProgram.Data.AndroidPlayerBuildProgramOutput) (at /home/bokken/build/output/unity/unity/PlatformDependent/AndroidPlayer/Editor/Managed/PostProcessAndroidPlayer.cs:353)
UnityEditor.Android.AndroidBuildPostprocessor:PostProcess (UnityEditor.Modules.BuildPostProcessArgs,UnityEditor.BuildProperties&) (at /home/bokken/build/output/unity/unity/PlatformDependent/AndroidPlayer/Editor/Managed/ExtensionModule.cs:408)
UnityEditor.PostprocessBuildPlayer:Postprocess (UnityEditor.BuildTarget,int,string,string,string,UnityEditor.BuildOptions,UnityEditor.RuntimeClassRegistry,UnityEditor.Build.Reporting.BuildReport) (at /Users/bokken/build/output/unity/unity/Editor/Mono/BuildPipeline/PostprocessBuildPlayer.cs:315)
UnityEditor.BuildPipeline:BuildPlayerInternalNoCheck (string[],string,string,UnityEditor.BuildTargetGroup,UnityEditor.BuildTarget,int,UnityEditor.BuildOptions,string[],bool)
UnityEditor.BuildPipeline:BuildPlayerInternal (string[],string,string,UnityEditor.BuildTargetGroup,UnityEditor.BuildTarget,int,UnityEditor.BuildOptions,string[]) (at /Users/bokken/build/output/unity/unity/Editor/Mono/BuildPipeline.bindings.cs:494)
UnityEditor.BuildPipeline:BuildPlayer (string[],string,string,UnityEditor.BuildTargetGroup,UnityEditor.BuildTarget,int,UnityEditor.BuildOptions,string[]) (at /Users/bokken/build/output/unity/unity/Editor/Mono/BuildPipeline.bindings.cs:410)
UnityEditor.BuildPipeline:BuildPlayer (UnityEditor.BuildPlayerOptions) (at /Users/bokken/build/output/unity/unity/Editor/Mono/BuildPipeline.bindings.cs:356)
Milzet.Editor.BuildViewer:Build (UnityEditor.BuildTarget,string) (at Assets/Milzet/Editor/BuildViewer.cs:34)
Milzet.Editor.BuildViewer:Android () (at Assets/Milzet/Editor/BuildViewer.cs:31)
Milzet.Editor.BuildViewer:StartupRepair () (at Assets/Milzet/Editor/BuildViewer.cs:29)

(Filename: ./Library/PackageCache/com.meta.xr.sdk.core@f8b4cfb2789f/Editor/OVRGradleGeneration.cs Line: 301)

QuestFamily = True: Quest = False, Quest2 = True
UnityEngine.Debug:ExtractStackTraceNoAlloc (byte*,int,string)
UnityEngine.StackTraceUtility:ExtractStackTrace () (at /Users/bokken/build/output/unity/unity/Runtime/Export/Scripting/StackTrace.cs:35)
UnityEngine.DebugLogHandler:Internal_Log (UnityEngine.LogType,UnityEngine.LogOption,string,UnityEngine.Object)
UnityEngine.DebugLogHandler:LogFormat (UnityEngine.LogType,UnityEngine.Object,string,object[])
UnityEngine.Logger:LogFormat (UnityEngine.LogType,string,object[])
UnityEngine.Debug:LogFormat (string,object[])
OVRGradleGeneration:OnPostGenerateGradleAndroidProject (string) (at ./Library/PackageCache/com.meta.xr.sdk.core@f8b4cfb2789f/Editor/OVRGradleGeneration.cs:309)
UnityEditor.Android.PostProcessor.Tasks.ProcessGenerateProjectCallbacks:OnGeneratePlatformProjectPostprocess (string,bool) (at /home/bokken/build/output/unity/unity/PlatformDependent/AndroidPlayer/Editor/Managed/PostProcessor/Tasks/ProcessGenerateProjectCallbacks.cs:41)
UnityEditor.Android.PostProcessor.Tasks.ProcessGenerateProjectCallbacks:Execute (UnityEditor.Android.PostProcessor.PostProcessorContext) (at /home/bokken/build/output/unity/unity/PlatformDependent/AndroidPlayer/Editor/Managed/PostProcessor/Tasks/ProcessGenerateProjectCallbacks.cs:67)
UnityEditor.Android.PostProcessor.PostProcessRunner:RunAllTasks (UnityEditor.Android.PostProcessor.PostProcessorContext) (at /home/bokken/build/output/unity/unity/PlatformDependent/AndroidPlayer/Editor/Managed/PostProcessor/AndroidPostProcessor.cs:112)
UnityEditor.Android.PostProcessAndroidPlayer:PostProcess (UnityEditor.Modules.BuildPostProcessArgs,AndroidPlayerBuildProgram.Data.AndroidPlayerBuildProgramOutput) (at /home/bokken/build/output/unity/unity/PlatformDependent/AndroidPlayer/Editor/Managed/PostProcessAndroidPlayer.cs:353)
UnityEditor.Android.AndroidBuildPostprocessor:PostProcess (UnityEditor.Modules.BuildPostProcessArgs,UnityEditor.BuildProperties&) (at /home/bokken/build/output/unity/unity/PlatformDependent/AndroidPlayer/Editor/Managed/ExtensionModule.cs:408)
UnityEditor.PostprocessBuildPlayer:Postprocess (UnityEditor.BuildTarget,int,string,string,string,UnityEditor.BuildOptions,UnityEditor.RuntimeClassRegistry,UnityEditor.Build.Reporting.BuildReport) (at /Users/bokken/build/output/unity/unity/Editor/Mono/BuildPipeline/PostprocessBuildPlayer.cs:315)
UnityEditor.BuildPipeline:BuildPlayerInternalNoCheck (string[],string,string,UnityEditor.BuildTargetGroup,UnityEditor.BuildTarget,int,UnityEditor.BuildOptions,string[],bool)
UnityEditor.BuildPipeline:BuildPlayerInternal (string[],string,string,UnityEditor.BuildTargetGroup,UnityEditor.BuildTarget,int,UnityEditor.BuildOptions,string[]) (at /Users/bokken/build/output/unity/unity/Editor/Mono/BuildPipeline.bindings.cs:494)
UnityEditor.BuildPipeline:BuildPlayer (string[],string,string,UnityEditor.BuildTargetGroup,UnityEditor.BuildTarget,int,UnityEditor.BuildOptions,string[]) (at /Users/bokken/build/output/unity/unity/Editor/Mono/BuildPipeline.bindings.cs:410)
UnityEditor.BuildPipeline:BuildPlayer (UnityEditor.BuildPlayerOptions) (at /Users/bokken/build/output/unity/unity/Editor/Mono/BuildPipeline.bindings.cs:356)
Milzet.Editor.BuildViewer:Build (UnityEditor.BuildTarget,string) (at Assets/Milzet/Editor/BuildViewer.cs:34)
Milzet.Editor.BuildViewer:Android () (at Assets/Milzet/Editor/BuildViewer.cs:31)
Milzet.Editor.BuildViewer:StartupRepair () (at Assets/Milzet/Editor/BuildViewer.cs:29)

(Filename: ./Library/PackageCache/com.meta.xr.sdk.core@f8b4cfb2789f/Editor/OVRGradleGeneration.cs Line: 309)

Android PostProcess task "Calling IPostGenerateGradleAndroidProject callbacks" took 263,3066 ms
DisplayProgressbar: Validate Gradle Project
Android PostProcess task "Validate Gradle Project" took 0,9788 ms
Android PostProcess task "Unity Services Symbol Upload" took 1,9807 ms
DisplayProgressbar: Building Gradle project
Starting: /Applications/Unity/Hub/Editor/6000.3.22f1/PlaybackEngines/AndroidPlayer/OpenJDK/bin/java -classpath "/Applications/Unity/Hub/Editor/6000.3.22f1/PlaybackEngines/AndroidPlayer/Tools/gradle/lib/gradle-launcher-9.1.0.jar" org.gradle.launcher.GradleMain "-Dorg.gradle.jvmargs=-Xmx4096m" "assembleDebug" 
WorkingDir: /Users/mziwamadoda/Projects/Binteca/Interactive/milzetvrstudio/Unity/Library/Bee/Android/Prj/IL2CPP/Gradle/launcher
Android PostProcess task "Building Gradle project" took 30356,0825 ms
DisplayProgressbar: Building Gradle Symbols
Android PostProcess task "Building Gradle Symbols" took 0,3052 ms
DisplayProgressbar: Processing Mapping File
Android PostProcess task "Processing Mapping File" took 0,4371 ms
DisplayProgressbar: Moving output package(s)
Deleting file '/Users/mziwamadoda/Projects/Binteca/Interactive/milzetvrstudio/Artifacts/Builds/milzetvrstudio.apk'
Copy '/Users/mziwamadoda/Projects/Binteca/Interactive/milzetvrstudio/Unity/Library/Bee/Android/Prj/IL2CPP/Gradle/launcher/build/outputs/apk/debug/launcher-debug.apk' -> 
 '/Users/mziwamadoda/Projects/Binteca/Interactive/milzetvrstudio/Artifacts/Builds/milzetvrstudio.apk'
Android PostProcess task "Moving output package(s)" took 34,9146 ms
Android PostProcess task "Checking Symbols size" took 3,0609 ms
[Licensing::Client] Successfully resolved entitlement details
[Licensing::Module] License group:
  Id: F4-AZ6T-383H-7KTU-RM2U-XXXX
  Product: Unity Personal
  Type: ULF
  Expiration: Unlimited
[Licensing::Module] License group:
  Id: 11270701585829-UnityPersXXXX
  Product: Unity Personal
  Type: Assigned
  Expiration: Unlimited
[Licensing::Client] Successfully resolved entitlement details
[Licensing::Module] License group:
  Id: F4-AZ6T-383H-7KTU-RM2U-XXXX
  Product: Unity Personal
  Type: ULF
  Expiration: Unlimited
[Licensing::Module] License group:
  Id: 11270701585829-UnityPersXXXX
  Product: Unity Personal
  Type: Assigned
  Expiration: Unlimited
Refreshing native plugins compatible for Editor in 10.09 ms, found 9 plugins.
Preloading 0 native plugins for Editor in 0.00 ms.
Asset Pipeline Refresh (id=34159c19e039e4ae9ab83a9307471013): Total: 0.408 seconds - Initiated by RefreshV2(NoUpdateAssetOptions)
	Summary:
		Imports: total=0 (actual=0, local cache=0, cache server=0)
		Asset DB Process Time: managed=0 ms, native=361 ms
		Asset DB Callback time: managed=3 ms, native=42 ms
		Scripting: domain reloads=0, domain reload time=0 ms, compile time=0 ms, other=0 ms
		Project Asset Count: scripts=1245, non-scripts=1530
		Asset File Changes: new=0, changed=0, moved=0, deleted=3
		Scan Filter Count: 1
	InvokeCustomDependenciesCallbacks: 0.001ms
	InvokePackagesCallback: 0.001ms
	ApplyChangesToAssetFolders: 0.957ms
	Scan: 306.351ms
	OnSourceAssetsModified: 0.440ms
	CategorizeAssetsWithTransientArtifact: 0.225ms
	ProcessAssetsWithTransientArtifactChanges: 0.536ms
	UnregisterDeletedAssets: 0.237ms
	CategorizeAssets: 19.993ms
	ImportOutOfDateAssets: 2.275ms (0.880ms without children)
		ReloadNativeAssets: 0.448ms
		UnloadImportedAssets: 0.141ms
		EnsureUptoDateAssetsAreRegisteredWithGuidPM: 0.427ms
		InitializingProgressBar: 0.000ms
		PostProcessAllAssetNotificationsAddChangedAssets: 0.000ms
		OnDemandSchedulerStart: 0.379ms
	PostProcessAllAssets: 10.252ms
	Hotreload: 34.996ms
	GatherAllCurrentPrimaryArtifactRevisions: 1.367ms
	UnloadStreamsBegin: 6.994ms
	PersistCurrentRevisions: 0.620ms
	UnloadStreamsEnd: 0.002ms
	Untracked: 22.348ms

Start importing ProjectSettings/ProjectSettings.asset using Guid(00000000000000004000000000000000) (LibraryAssetImporter) -> (artifact id: 'abdb7ac283a04b4d0f0539bb582dcda0') in 0.022122583 seconds
Refreshing native plugins compatible for Editor in 3.93 ms, found 9 plugins.
Preloading 0 native plugins for Editor in 0.00 ms.
Asset Pipeline Refresh (id=7c746df3fafb043eaa4edc6ac5c0b62d): Total: 0.040 seconds - Initiated by StopAssetImportingV2(NoUpdateAssetOptions)
Asset Pipeline Refresh (id=0977a8a406414466a9f4f915b09dc01e): Total: 0.085 seconds - Initiated by RefreshV2(NoUpdateAssetOptions)
Start importing ProjectSettings/ProjectSettings.asset using Guid(00000000000000004000000000000000) (LibraryAssetImporter) -> (artifact id: 'abdb7ac283a04b4d0f0539bb582dcda0') in 0.001221416 seconds
Refreshing native plugins compatible for Editor in 3.76 ms, found 9 plugins.
Preloading 0 native plugins for Editor in 0.00 ms.
Asset Pipeline Refresh (id=4a12fb91177f448ae967df97aed91527): Total: 0.017 seconds - Initiated by StopAssetImportingV2(NoUpdateAssetOptions)
Start importing Assets/Resources/OVRBuildConfig.asset using Guid(33435f7dc309a430a92481a8b843e9ba) (NativeFormatImporter) -> (artifact id: '908dd6dc2ba270c00c9b21845805cb9d') in 0.001501709 seconds
Refreshing native plugins compatible for Editor in 3.41 ms, found 9 plugins.
Preloading 0 native plugins for Editor in 0.00 ms.
Asset Pipeline Refresh (id=a4c773c750d224ca68505d2aa0ad3585): Total: 0.023 seconds - Initiated by StopAssetImportingV2(NoUpdateAssetOptions)
Refreshing native plugins compatible for Editor in 3.11 ms, found 9 plugins.
Preloading 0 native plugins for Editor in 0.00 ms.

-------------------------------------------------------------------------------
Build Report
Uncompressed usage by category (Percentages based on user generated assets only):
Textures               18.7 mb	 87.8% 
Meshes                 286.9 kb	 1.3% 
Animations             33.0 kb	 0.2% 
Sounds                 0.0 kb	 0.0% 
Shaders                892.6 kb	 4.1% 
Other Assets           1.1 mb	 5.3% 
Levels                 0.7 kb	 0.0% 
File headers           106.4 kb	 0.5% 
Total User Assets      21.3 mb	 100.0% 
Complete build size    1.0 gb
Used Assets and files from the Resources folder, sorted by uncompressed size:
 2.7 mb	 0.3% Built-in Texture2D: Splash Screen Unity Logo
 2.1 mb	 0.2% Assets/Milzet/StartupSource/Project/UI/Fonts/Chinese/ArialTC-Regular SDF.asset
 1.1 mb	 0.1% Assets/Milzet/StartupSource/Project/UI/Fonts/Korean/NotoSansKR-Fallback SDF.asset
 1.0 mb	 0.1% Assets/TextMesh Pro/Resources/Fonts & Materials/LiberationSans SDF.asset
 1.0 mb	 0.1% Packages/com.meta.xr.sdk.core/Textures/bar_background_semi_rounded.png
 1.0 mb	 0.1% Packages/com.meta.xr.sdk.core/Textures/bar_background.png
 1.0 mb	 0.1% Packages/com.meta.xr.sdk.core/Scripts/ImmersiveDebugger/UserInterface/Resources/Textures/panel_background.png
 806.2 kb	 0.1% Resources/unity_builtin_extra
 555.7 kb	 0.1% Assets/Milzet/StartupSource/Project/UI/Fonts/Japanese/ArialJP-Regular SDF 1.asset
 352.6 kb	 0.0% Assets/Milzet/StartupSource/Project/PresencePlatformBrand/UI/MetaPresencePlatform.png
 344.5 kb	 0.0% Assets/TextMesh Pro/Fonts/LiberationSans.ttf
 341.5 kb	 0.0% Assets/TextMesh Pro/Sprites/EmojiOne.png
 341.5 kb	 0.0% Packages/com.meta.xr.sdk.core/Scripts/ImmersiveDebugger/UserInterface/Resources/Textures/toggle_on.png
 341.5 kb	 0.0% Packages/com.meta.xr.sdk.core/Scripts/ImmersiveDebugger/UserInterface/Resources/Textures/toggle_off.png
 302.9 kb	 0.0% Assets/Milzet/StartupSource/Project/PresencePlatformBrand/Models/MetaLogo3dAnimated.fbx
 278.5 kb	 0.0% Assets/Milzet/StartupSource/Project/PresencePlatformBrand/UI/Optimistic_Text_Bd SDF.asset
 278.1 kb	 0.0% Assets/Milzet/StartupSource/Project/PresencePlatformBrand/UI/Optimistic_Text_Md SDF.asset
 265.2 kb	 0.0% Assets/Milzet/StartupSource/Project/UI/Fonts/Russian/ArialRU-Regular SDF.asset
 265.1 kb	 0.0% Assets/Milzet/StartupSource/Project/UI/Fonts/Greek/ArialGR-Regular SDF.asset
 263.7 kb	 0.0% Assets/Milzet/StartupSource/Project/UI/Fonts/LatinOutliers/ArialLO-Regular SDF.asset
 259.0 kb	 0.0% Packages/com.meta.xr.sdk.core/Scripts/BuildingBlocks/AIBlocks/Resources/NMSCompute.compute
 258.8 kb	 0.0% Assets/Milzet/StartupSource/Project/UI/Fonts/ArialFontFallback-Regular SDF.asset
 256.6 kb	 0.0% Packages/com.meta.xr.sdk.core/Scripts/ImmersiveDebugger/UserInterface/Resources/Textures/icon_background.png
 256.1 kb	 0.0% Packages/com.meta.xr.sdk.core/Scripts/ImmersiveDebugger/UserInterface/Resources/Textures/minimize_icon.png
 256.1 kb	 0.0% Packages/com.meta.xr.sdk.core/Scripts/ImmersiveDebugger/UserInterface/Resources/Textures/inspectors_icon.png
 256.1 kb	 0.0% Packages/com.meta.xr.sdk.core/Scripts/ImmersiveDebugger/UserInterface/Resources/Textures/hierarchy_icon.png
 256.1 kb	 0.0% Packages/com.meta.xr.sdk.core/Scripts/ImmersiveDebugger/UserInterface/Resources/Textures/compress_icon.png
 256.1 kb	 0.0% Packages/com.meta.xr.sdk.core/Scripts/ImmersiveDebugger/UserInterface/Resources/Textures/categories_icon.png
 256.1 kb	 0.0% Packages/com.meta.xr.sdk.core/Scripts/ImmersiveDebugger/UserInterface/Resources/Textures/warning_icon.png
 256.1 kb	 0.0% Packages/com.meta.xr.sdk.core/Scripts/ImmersiveDebugger/UserInterface/Resources/Textures/shift_icon.png
 256.1 kb	 0.0% Packages/com.meta.xr.sdk.core/Scripts/ImmersiveDebugger/UserInterface/Resources/Textures/rotate_icon.png
 256.1 kb	 0.0% Packages/com.meta.xr.sdk.core/Scripts/ImmersiveDebugger/UserInterface/Resources/Textures/opacity_icon.png
 256.1 kb	 0.0% Packages/com.meta.xr.sdk.core/Scripts/ImmersiveDebugger/UserInterface/Resources/Textures/notice_icon.png
 256.1 kb	 0.0% Packages/com.meta.xr.sdk.core/Scripts/ImmersiveDebugger/UserInterface/Resources/Textures/move_icon.png
 256.1 kb	 0.0% Packages/com.meta.xr.sdk.core/Scripts/ImmersiveDebugger/UserInterface/Resources/Textures/expand_icon.png
 256.1 kb	 0.0% Packages/com.meta.xr.sdk.core/Scripts/ImmersiveDebugger/UserInterface/Resources/Textures/error_icon.png
 256.1 kb	 0.0% Packages/com.meta.xr.sdk.core/Scripts/ImmersiveDebugger/UserInterface/Resources/Textures/down_icon.png
 256.1 kb	 0.0% Packages/com.meta.xr.sdk.core/Scripts/ImmersiveDebugger/UserInterface/Resources/Textures/console_icon.png
 256.1 kb	 0.0% Packages/com.meta.xr.sdk.core/Scripts/ImmersiveDebugger/UserInterface/Resources/Textures/close_icon.png
 256.1 kb	 0.0% Packages/com.meta.xr.sdk.core/Scripts/ImmersiveDebugger/UserInterface/Resources/Textures/pointer.png
 256.1 kb	 0.0% Packages/com.meta.xr.sdk.core/Scripts/ImmersiveDebugger/UserInterface/Resources/Textures/eye_icon.png
 256.1 kb	 0.0% Packages/com.meta.xr.sdk.core/Scripts/ImmersiveDebugger/UserInterface/Resources/Textures/bin_icon.png
 178.3 kb	 0.0% Packages/com.meta.xr.sdk.core/Scripts/ImmersiveDebugger/UserInterface/Resources/Fonts/RobotoMono-VariableFont_wght.ttf
 145.2 kb	 0.0% Packages/com.unity.cloud.gltfast/Runtime/Shader/Built-In/glTFPbrMetallicRoughness.shader
 143.8 kb	 0.0% Packages/com.unity.cloud.gltfast/Runtime/Shader/Built-In/glTFPbrSpecularGlossiness.shader
 118.4 kb	 0.0% Packages/com.meta.xr.sdk.core/Resources/Underlay Impostor.shader
 64.6 kb	 0.0% Packages/com.meta.xr.sdk.core/Scripts/ImmersiveDebugger/UserInterface/Resources/Textures/icon_background_02.png
 64.1 kb	 0.0% Packages/com.meta.xr.sdk.core/Scripts/ImmersiveDebugger/UserInterface/Resources/Textures/caret_right_icon.png
 64.1 kb	 0.0% Packages/com.meta.xr.sdk.core/Scripts/ImmersiveDebugger/UserInterface/Resources/Textures/caret_down_icon.png
 33.8 kb	 0.0% Packages/com.meta.xr.sdk.core/Resources/Underlay Transparent Occluder.shader
 29.8 kb	 0.0% Packages/com.meta.xr.sdk.core/Resources/OVRMRCameraFrameLit.shader
 26.2 kb	 0.0% Assets/TextMesh Pro/Shaders/TMP_SDF-Mobile.shader
 17.7 kb	 0.0% Assets/TextMesh Pro/Shaders/TMP_SDF.shader
 14.7 kb	 0.0% Assets/Milzet/StartupSource/Project/PresencePlatformBrand/Timelines/MetaLogoTimeline.playable
 12.8 kb	 0.0% Packages/com.meta.xr.sdk.core/Shaders/UI Prerendered Opaque.shader
 9.7 kb	 0.0% Packages/com.meta.xr.sdk.core/Scripts/ImmersiveDebugger/Gizmos/DebugGizmos/Resources/PolylineUnlit.shader
 9.4 kb	 0.0% Assets/TextMesh Pro/Shaders/TMP_Sprite.shader
 7.9 kb	 0.0% Assets/Milzet/Resources/StudioStartup.prefab
 7.9 kb	 0.0% Assets/XR/Settings/OpenXR Package Settings.asset
 7.3 kb	 0.0% Packages/com.meta.xr.sdk.core/Shaders/EnvironmentDepth/Resources/DepthMask.shader
 6.8 kb	 0.0% Packages/com.meta.xr.sdk.core/Resources/OVRMRCameraFrame.shader
 5.8 kb	 0.0% Packages/com.meta.xr.sdk.core/Resources/Cubemap Blit.shader
 5.7 kb	 0.0% Packages/com.meta.xr.sdk.core/Shaders/EnvironmentDepth/Resources/DepthPreprocessing.shader
 5.6 kb	 0.0% Packages/com.unity.cloud.gltfast/Runtime/Shader/Built-In/glTFUnlit.shader
 5.5 kb	 0.0% Packages/com.meta.xr.mrutilitykit/Core/Resources/CopyDepthTexture.compute
 5.4 kb	 0.0% Packages/com.meta.xr.sdk.core/Scripts/BuildingBlocks/AIBlocks/Resources/CopyDepthTextureIntoNativeArray.compute
 5.1 kb	 0.0% Packages/com.meta.xr.sdk.core/Resources/Texture2D Blit.shader
 5.1 kb	 0.0% Assets/Milzet/StartupSource/Project/PresencePlatformBrand/Timelines/MetaLogoAndTitleTimeline.playable
 5.0 kb	 0.0% Packages/com.meta.xr.sdk.core/Scripts/ImmersiveDebugger/UserInterface/Resources/Shaders/idf_prerendered.shader
 4.6 kb	 0.0% Packages/com.meta.xr.sdk.core/Resources/OVRMRUnlitTransparent.shader
 4.4 kb	 0.0% Packages/com.meta.xr.sdk.core/Resources/Unlit Transparent Color.shader
 4.3 kb	 0.0% Packages/com.meta.xr.sdk.core/Resources/OVRMRUnlit.shader
 3.3 kb	 0.0% Assets/TextMesh Pro/Resources/Fonts & Materials/LiberationSans SDF - Fallback.asset
 3.2 kb	 0.0% Assets/TextMesh Pro/Resources/Sprite Assets/EmojiOne.asset
 2.7 kb	 0.0% Assets/Milzet/StartupSource/Project/PresencePlatformBrand/Animations/MetaLogo3dTransitionClip.anim
 2.7 kb	 0.0% Assets/Milzet/StartupSource/Project/UI/Menus/NewChapterBannerAnim.anim
 2.4 kb	 0.0% Assets/Resources/PerformanceTestRunInfo.json
 2.4 kb	 0.0% Assets/Milzet/StartupSource/Project/PresencePlatformBrand/Animations/MetaLogo3dTextClip.anim
 2.3 kb	 0.0% Assets/TextMesh Pro/Resources/Style Sheets/Default Style Sheet.asset
 1.6 kb	 0.0% Assets/TextMesh Pro/Resources/Fonts & Materials/LiberationSans SDF - Drop Shadow.mat
 1.6 kb	 0.0% Assets/TextMesh Pro/Resources/Fonts & Materials/LiberationSans SDF - Outline.mat
 1.2 kb	 0.0% Packages/com.meta.xr.sdk.core/Scripts/ImmersiveDebugger/UserInterface/Resources/Materials/TextureDiffused.mat
 0.9 kb	 0.0% Assets/Milzet/StartupSource/Project/PresencePlatformBrand/Models/Materials/MetaTextMat.mat
 0.9 kb	 0.0% Assets/Milzet/StartupSource/Project/PresencePlatformBrand/Models/Materials/MetaTubeStartMat.mat
 0.9 kb	 0.0% Assets/Milzet/StartupSource/Project/PresencePlatformBrand/Models/Materials/MetaLogoMat.mat
 0.5 kb	 0.0% Packages/com.meta.xr.sdk.core/Scripts/SystemHaptics/Resources/SystemHapticsPatternClips/Error.systemhaptic
 0.4 kb	 0.0% Built-in Sprite: 
 0.4 kb	 0.0% Packages/com.meta.xr.sdk.core/Scripts/SystemHaptics/Resources/SystemHapticsPatternClips/Grab.systemhaptic
 0.4 kb	 0.0% Packages/com.meta.xr.sdk.core/Scripts/SystemHaptics/Resources/SystemHapticsPatternClips/Press.systemhaptic
 0.3 kb	 0.0% Packages/com.meta.xr.sdk.core/Scripts/SystemHaptics/Resources/SystemHapticsPatternClips/Warning.systemhaptic
 0.3 kb	 0.0% Assets/TextMesh Pro/Resources/LineBreaking Following Characters.txt
 0.3 kb	 0.0% Assets/TextMesh Pro/Resources/TMP Settings.asset
 0.3 kb	 0.0% Packages/com.meta.xr.sdk.core/Scripts/SystemHaptics/Resources/SystemHapticsPatternClips/Success.systemhaptic
 0.2 kb	 0.0% Packages/com.meta.xr.sdk.core/Scripts/SystemHaptics/Resources/SystemHapticsPatternClips/Hover.systemhaptic
 0.2 kb	 0.0% Packages/com.meta.xr.sdk.core/Scripts/SystemHaptics/Resources/SystemHapticsPatternClips/Select.systemhaptic
 0.2 kb	 0.0% Packages/com.meta.xr.sdk.core/Scripts/SystemHaptics/Resources/SystemHapticsPatternClips/Deselect.systemhaptic
 0.2 kb	 0.0% Packages/com.meta.xr.sdk.core/Scripts/SystemHaptics/Resources/SystemHapticsPatternClips/Release.systemhaptic
 0.2 kb	 0.0% Packages/com.unity.xr.openxr/Runtime/ConformanceAutomation/ConformanceAutomationFeature.cs
 0.2 kb	 0.0% Packages/com.unity.xr.openxr/Runtime/RuntimeDebugger/RuntimeDebuggerOpenXRFeature.cs
 0.2 kb	 0.0% Packages/com.meta.xr.sdk.core/Scripts/BuildingBlocks/SampleSpatialAnchorControllerScripts/SpatialAnchorLocalStorageManagerBuildingBlock.cs
 0.2 kb	 0.0% Packages/com.unity.xr.openxr/Runtime/Features/Extensions/XrPerformanceSettingsTypes.cs
 0.2 kb	 0.0% Packages/com.unity.mathematics/Unity.Mathematics/Il2CppEagerStaticClassConstructionAttribute.cs
 0.2 kb	 0.0% Assets/Resources/ImmersiveDebuggerSettings.asset
 0.2 kb	 0.0% Packages/com.unity.xr.openxr/Runtime/OculusQuest/OculusQuestFeature.cs
 0.2 kb	 0.0% Packages/com.unity.xr.openxr/Runtime/Features/Extensions/XrPerformanceSettingsFeature.cs
 0.2 kb	 0.0% Packages/com.meta.xr.sdk.core/Scripts/ImmersiveDebugger/Utils/Resources/Values/PanelPositionConstants.asset
 0.2 kb	 0.0% Packages/com.meta.xr.sdk.core/Scripts/BuildingBlocks/PassthroughProjectionSurfaceBuildingBlock.cs
 0.2 kb	 0.0% Packages/com.unity.xr.openxr/Runtime/Features/Interactions/MetaQuestTouchProControllerProfile.cs
 0.2 kb	 0.0% Packages/com.unity.xr.openxr/Runtime/Features/Interactions/MetaQuestTouchPlusControllerProfile.cs
 0.2 kb	 0.0% Packages/com.unity.xr.core-utils/Runtime/ARTrackablesParentTransformChangedEventArgs.cs
 0.2 kb	 0.0% Packages/com.unity.collections/Unity.Collections/GenerateTestsForBurstCompatibilityAttribute.cs
 0.2 kb	 0.0% Packages/com.meta.xr.sdk.core/Scripts/BuildingBlocks/MultiplayerBlocks/Shared/Colocation/Scripts/ColocationSessionEventHandler.cs
 0.2 kb	 0.0% Packages/com.unity.xr.openxr/Runtime/MetaQuest/MetaQuestFeature.cs
 0.2 kb	 0.0% Packages/com.unity.xr.openxr/Runtime/Features/Interactions/MicrosoftMotionControllerProfile.cs
 0.2 kb	 0.0% Packages/com.unity.inputsystem/InputSystem/Runtime/Devices/Commands/QueryEditorWindowCoordinatesCommand.cs
 0.2 kb	 0.0% Packages/com.unity.inputsystem/InputSystem/Runtime/Devices/Commands/InitiateUserAccountPairingCommand.cs
 0.2 kb	 0.0% Packages/com.unity.inputsystem/InputSystem/Editor/UITKAssetEditor/Views/CompositePartBindingPropertiesView.cs
 0.2 kb	 0.0% Packages/com.unity.inputsystem/InputSystem/Editor/UITKAssetEditor/Views/CollectionViewSelectionChangeFilter.cs
 0.2 kb	 0.0% Packages/com.unity.inputsystem/InputSystem/Editor/UITKAssetEditor/InputActionsEditorSettingsProvider.cs
 0.2 kb	 0.0% Packages/com.unity.inputsystem/InputSystem/Editor/PropertyDrawers/InputActionReferenceSearchProviders.cs
 0.2 kb	 0.0% Packages/com.unity.inputsystem/InputSystem/Editor/PropertyDrawers/InputActionReferencePropertyDrawer.cs
 0.2 kb	 0.0% Packages/com.unity.inputsystem/InputSystem/Editor/Devices/Remote/RemoteInputPlayerConnectionEditor.cs
 0.2 kb	 0.0% Packages/com.unity.inputsystem/InputSystem/Editor/Analytics/InputActionsEditorSessionAnalytic.cs
 0.2 kb	 0.0% Packages/com.unity.inputsystem/InputSystem/Editor/Actions/InputControlSchemeEditorExtensions.cs
 0.2 kb	 0.0% Packages/com.meta.xr.sdk.core/Scripts/ImmersiveDebugger/UserInterface/Generic/Controllers/InteractableController.cs
 0.2 kb	 0.0% Packages/com.meta.xr.sdk.core/Scripts/BuildingBlocks/MultiplayerBlocks/Shared/Colocation/ColocationPackage/Runtime/AutomaticColocationLauncher.cs
 0.2 kb	 0.0% Packages/com.unity.xr.openxr/Runtime/RuntimeDebugger/DebuggerState.cs
 0.2 kb	 0.0% Packages/com.unity.inputsystem/InputSystem/Editor/Plugins/UI/StandaloneInputModuleEditor.cs
 0.2 kb	 0.0% Packages/com.unity.inputsystem/InputSystem/Editor/Plugins/UI/InputSystemUIInputModuleEditor.cs
 0.2 kb	 0.0% Packages/com.meta.xr.sdk.core/Scripts/ImmersiveDebugger/UsageExample/ExampleCustomIntegrationConfig.cs
 0.2 kb	 0.0% Packages/com.meta.xr.sdk.core/Scripts/BuildingBlocks/SampleSpatialAnchorControllerScripts/SpatialAnchorSpawnerBuildingBlock.cs
 0.2 kb	 0.0% Packages/com.meta.xr.sdk.core/Scripts/BuildingBlocks/MultiplayerBlocks/Shared/NetworkGrabbableObject/Scripts/TransferOwnershipOnSelect.cs
 0.2 kb	 0.0% Packages/com.meta.xr.sdk.core/Scripts/BuildingBlocks/AIBlocks/Providers/UnityInferenceEngineProvider.cs
 0.2 kb	 0.0% Packages/com.meta.xr.sdk.core/Scripts/BuildingBlocks/AIBlocks/Agents/ObjectDetectionVisualizer.cs
 0.2 kb	 0.0% Packages/com.meta.xr.mrutilitykit/Core/Scripts/SceneDecorator/Modifier/KeepUprightWithSurfaceModifier.cs
 0.2 kb	 0.0% Packages/com.meta.xr.mrutilitykit/Core/Scripts/SceneDecorator/Modifier/KeepUprightWithAnchorModifier.cs
 0.2 kb	 0.0% Packages/com.meta.xr.mrutilitykit/Core/Scripts/SceneDecorator/Distributions/StaggeredConcentricDistribution.cs
 0.1 kb	 0.0% Packages/com.unity.xr.openxr/Runtime/Features/Interactions/ValveIndexControllerProfile.cs
 0.1 kb	 0.0% Packages/com.unity.xr.openxr/Runtime/Features/Interactions/OculusTouchControllerProfile.cs
 0.1 kb	 0.0% Packages/com.unity.xr.openxr/Runtime/Features/Interactions/KHRSimpleControllerProfile.cs
 0.1 kb	 0.0% Packages/com.unity.xr.openxr/Runtime/Features/Interactions/HandCommonPosesInteraction.cs
 0.1 kb	 0.0% Packages/com.unity.xr.openxr/Runtime/Features/Interactions/HPReverbG2ControllerProfile.cs
 0.1 kb	 0.0% Packages/com.unity.inputsystem/InputSystem/Runtime/Devices/Commands/QuerySamplingFrequencyCommand.cs
 0.1 kb	 0.0% Packages/com.unity.inputsystem/InputSystem/Runtime/Devices/Commands/QueryPairedUserAccountCommand.cs
 0.1 kb	 0.0% Packages/com.unity.inputsystem/InputSystem/Editor/UITKAssetEditor/Views/CompositeBindingPropertiesView.cs
 0.1 kb	 0.0% Packages/com.unity.inputsystem/InputSystem/Editor/UITKAssetEditor/InputActionsEditorWindowUtils.cs
 0.1 kb	 0.0% Packages/com.unity.inputsystem/InputSystem/Editor/PropertyDrawers/InputActionAssetSearchProvider.cs
 0.1 kb	 0.0% Packages/com.unity.inputsystem/InputSystem/Editor/ProjectWideActions/ProjectWideActionsBuildProvider.cs
 0.1 kb	 0.0% Packages/com.unity.inputsystem/InputSystem/Editor/Plugins/OnScreen/UGUIOnScreenControlEditorUtils.cs
 0.1 kb	 0.0% Packages/com.unity.inputsystem/InputSystem/Editor/Internal/SerializedPropertyLinqExtensions.cs
 0.1 kb	 0.0% Packages/com.unity.inputsystem/InputSystem/Editor/Internal/InputActionSerializationHelpers.cs
 0.1 kb	 0.0% Packages/com.unity.inputsystem/InputSystem/Editor/EditorInputControlLayoutCache.cs
 0.1 kb	 0.0% Packages/com.unity.inputsystem/InputSystem/Editor/ControlPicker/Layouts/TouchscreenControlPickerLayout.cs
 0.1 kb	 0.0% Packages/com.unity.inputsystem/InputSystem/Editor/ControlPicker/Layouts/DefaultInputControlPickerLayout.cs
 0.1 kb	 0.0% Packages/com.unity.inputsystem/InputSystem/Editor/Analytics/VirtualMouseInputEditorAnalytic.cs
 0.1 kb	 0.0% Packages/com.unity.inputsystem/InputSystem/Editor/Analytics/PlayerInputManagerEditorAnalytic.cs
 0.1 kb	 0.0% Packages/com.unity.cloud.gltfast/Runtime/Scripts/Animations/AnimationModuleDataInstanceApplierFactory.cs
 0.1 kb	 0.0% Packages/com.meta.xr.sdk.core/Scripts/ImmersiveDebugger/UserInterface/Generic/Controllers/Implementations/OverlayCanvasPanel.cs
 0.1 kb	 0.0% Packages/com.meta.xr.sdk.core/Scripts/BuildingBlocks/MultiplayerBlocks/Shared/Colocation/ColocationPackage/Runtime/NetworkImpl/ShareAndLocalizeParams.cs
 0.1 kb	 0.0% Packages/com.unity.xr.legacyinputhelpers/Runtime/ArmModels/TransitionArmModel.cs
 0.1 kb	 0.0% Packages/com.unity.inputsystem/InputSystem/Runtime/Utilities/DisplayStringFormatAttribute.cs
 0.1 kb	 0.0% Packages/com.unity.inputsystem/InputSystem/Runtime/Plugins/XR/Haptics/SendBufferedHapticsCommand.cs
 0.1 kb	 0.0% Packages/com.unity.inputsystem/InputSystem/Runtime/Plugins/XR/Haptics/GetHapticCapabilitiesCommand.cs
 0.1 kb	 0.0% Packages/com.unity.inputsystem/InputSystem/Runtime/Plugins/XR/Haptics/GetCurrentHapticStateCommand.cs
 0.1 kb	 0.0% Packages/com.unity.inputsystem/InputSystem/Runtime/Plugins/UI/ExtendedSubmitCancelEventData.cs
 0.1 kb	 0.0% Packages/com.unity.inputsystem/InputSystem/Runtime/Plugins/Android/AndroidGameController.cs
 0.1 kb	 0.0% Packages/com.unity.inputsystem/InputSystem/Runtime/Controls/Processors/NormalizeVector3Processor.cs
 0.1 kb	 0.0% Packages/com.unity.inputsystem/InputSystem/Runtime/Controls/Processors/NormalizeVector2Processor.cs
 0.1 kb	 0.0% Packages/com.unity.inputsystem/InputSystem/Runtime/Controls/Processors/EditorWindowSpaceProcessor.cs
 0.1 kb	 0.0% Packages/com.unity.inputsystem/InputSystem/Runtime/Controls/Processors/CompensateRotationProcessor.cs
 0.1 kb	 0.0% Packages/com.unity.inputsystem/InputSystem/Runtime/Controls/Processors/CompensateDirectionProcessor.cs
 0.1 kb	 0.0% Packages/com.unity.inputsystem/InputSystem/Editor/Plugins/HID/HIDSupportEditorInitializer.cs
 0.1 kb	 0.0% Packages/com.unity.inputsystem/InputSystem/Editor/Controls/Processors/StickDeadzoneProcessorEditor.cs
 0.1 kb	 0.0% Packages/com.unity.inputsystem/InputSystem/Editor/Controls/Processors/AxisDeadzoneProcessorEditor.cs
 0.1 kb	 0.0% Packages/com.unity.inputsystem/InputSystem/Editor/Actions/Interactions/MultiTapInteractionEditor.cs
 0.1 kb	 0.0% Packages/com.unity.collections/Unity.Collections/UnsafeParallelHashSetExtensions.gen.cs
 0.1 kb	 0.0% Packages/com.unity.collections/Unity.Collections/UnsafeParallelHashMap.cs
 0.1 kb	 0.0% Packages/com.meta.xr.sdk.core/Scripts/ImmersiveDebugger/Interface/CustomIntegrationConfig.cs
 0.1 kb	 0.0% Packages/com.meta.xr.sdk.core/Scripts/BuildingBlocks/Variants/InstallationRoutineCheckpoint.cs
 0.1 kb	 0.0% Packages/com.meta.xr.sdk.core/Scripts/BuildingBlocks/SpatialAnchorManagerBlockScripts/SpatialAnchorCoreBuildingBlock.cs
 0.1 kb	 0.0% Packages/com.meta.xr.sdk.core/Scripts/BuildingBlocks/SampleSpatialAnchorControllerScripts/SpatialAnchorLoaderBuildingBlock.cs
 0.1 kb	 0.0% Packages/com.meta.xr.sdk.core/Scripts/BuildingBlocks/MultiplayerBlocks/Shared/CustomMatchmaking/CustomMatchmakingUtils.cs
 0.1 kb	 0.0% Packages/com.meta.xr.sdk.core/Scripts/BuildingBlocks/MultiplayerBlocks/Shared/Colocation/Scripts/NetworkBootstrapperUtils.cs
 0.1 kb	 0.0% Packages/com.meta.xr.mrutilitykit/Core/Scripts/SceneDecorator/Modifier/DontDestroyOnLoadModifier.cs
 0.1 kb	 0.0% Packages/com.meta.xr.mrutilitykit/Core/Scripts/SceneDecorator/Masks/AnchorComponentDistanceMask.cs
 0.1 kb	 0.0% Packages/com.unity.xr.openxr/Runtime/Features/Interactions/MicrosoftHandInteraction.cs
 0.1 kb	 0.0% Packages/com.unity.xr.openxr/Runtime/Features/Interactions/HandInteractionProfile.cs
 0.1 kb	 0.0% Packages/com.unity.xr.openxr/Runtime/Features/Interactions/HTCViveControllerProfile.cs
 0.1 kb	 0.0% Packages/com.unity.xr.core-utils/Runtime/CapabilityProfile/Dictionary/CustomCapabilityKeyAttribute.cs
 0.1 kb	 0.0% Packages/com.unity.inputsystem/InputSystem/Runtime/State/IInputStateCallbackReceiver.cs
 0.1 kb	 0.0% Packages/com.unity.inputsystem/InputSystem/Runtime/Plugins/InputForUI/InputSystemProvider.cs
 0.1 kb	 0.0% Packages/com.unity.inputsystem/InputSystem/Runtime/Plugins/DualShock/DualShockGamepadHID.cs
 0.1 kb	 0.0% Packages/com.unity.inputsystem/InputSystem/Runtime/Devices/IInputUpdateCallbackReceiver.cs
 0.1 kb	 0.0% Packages/com.unity.inputsystem/InputSystem/Runtime/Devices/Commands/SetSamplingFrequencyCommand.cs
 0.1 kb	 0.0% Packages/com.unity.inputsystem/InputSystem/Runtime/Devices/Commands/SetIMECursorPositionCommand.cs
 0.1 kb	 0.0% Packages/com.unity.inputsystem/InputSystem/Runtime/Devices/Commands/QueryKeyboardLayoutCommand.cs
 0.1 kb	 0.0% Packages/com.unity.inputsystem/InputSystem/Runtime/Devices/Commands/EnableIMECompositionCommand.cs
 0.1 kb	 0.0% Packages/com.unity.inputsystem/InputSystem/Runtime/Controls/InputControlLayoutAttribute.cs
 0.1 kb	 0.0% Packages/com.unity.inputsystem/InputSystem/Runtime/Actions/InputActionRebindingExtensions.cs
 0.1 kb	 0.0% Packages/com.unity.inputsystem/InputSystem/Runtime/Actions/DeferBindingResolutionContext.cs
 0.1 kb	 0.0% Packages/com.unity.inputsystem/InputSystem/Editor/UITKAssetEditor/Views/NameAndParametersListView.cs
 0.1 kb	 0.0% Packages/com.unity.inputsystem/InputSystem/Editor/UITKAssetEditor/Views/InputActionMapsTreeViewItem.cs
 0.1 kb	 0.0% Packages/com.unity.inputsystem/InputSystem/Editor/UITKAssetEditor/InputActionsEditorConstants.cs
 0.1 kb	 0.0% Packages/com.unity.inputsystem/InputSystem/Editor/Settings/InputSettingsBuildProvider.cs
 0.1 kb	 0.0% Packages/com.unity.inputsystem/InputSystem/Editor/Settings/EditorPlayerSettingHelpers.cs
 0.1 kb	 0.0% Packages/com.unity.inputsystem/InputSystem/Editor/PropertyDrawers/InputActionPropertyDrawer.cs
 0.1 kb	 0.0% Packages/com.unity.inputsystem/InputSystem/Editor/PropertyDrawers/GamepadButtonPropertyDrawer.cs
 0.1 kb	 0.0% Packages/com.unity.inputsystem/InputSystem/Editor/Internal/SerializedPropertyHelpers.cs
 0.1 kb	 0.0% Packages/com.unity.inputsystem/InputSystem/Editor/Internal/AdvancedDropdown/AdvancedDropdownDataSource.cs
 0.1 kb	 0.0% Packages/com.unity.inputsystem/InputSystem/Editor/InputSystemPackageControl.cs
 0.1 kb	 0.0% Packages/com.unity.inputsystem/InputSystem/Editor/InputSystemEditorInitializer.cs
 0.1 kb	 0.0% Packages/com.unity.inputsystem/InputSystem/Editor/Debugger/SampleFrequencyCalculator.cs
 0.1 kb	 0.0% Packages/com.unity.inputsystem/InputSystem/Editor/Debugger/InputDeviceDebuggerWindow.cs
 0.1 kb	 0.0% Packages/com.unity.inputsystem/InputSystem/Editor/Debugger/InputActionDebuggerWindow.cs
 0.1 kb	 0.0% Packages/com.unity.inputsystem/InputSystem/Editor/ControlPicker/InputControlPickerDropdown.cs
 0.1 kb	 0.0% Packages/com.unity.inputsystem/InputSystem/Editor/ControlPicker/IInputControlPickerLayout.cs
 0.1 kb	 0.0% Packages/com.unity.inputsystem/InputSystem/Editor/AssetImporter/InputActionImporterEditor.cs
 0.1 kb	 0.0% Packages/com.unity.inputsystem/InputSystem/Editor/AssetImporter/InputActionAssetIconLoader.cs
 0.1 kb	 0.0% Packages/com.unity.inputsystem/InputSystem/Editor/AssetEditor/InputBindingPropertiesView.cs
 0.1 kb	 0.0% Packages/com.unity.inputsystem/InputSystem/Editor/AssetEditor/InputActionPropertiesView.cs
 0.1 kb	 0.0% Packages/com.unity.inputsystem/InputSystem/Editor/Analytics/PlayerInputEditorAnalytic.cs
 0.1 kb	 0.0% Packages/com.unity.inputsystem/InputSystem/Editor/Analytics/OnScreenStickEditorAnalytic.cs
 0.1 kb	 0.0% Packages/com.unity.inputsystem/InputSystem/Editor/Analytics/InputExitPlayModeAnalytic.cs
 0.1 kb	 0.0% Packages/com.unity.inputsystem/InputSystem/Editor/Analytics/InputComponentEditorAnalytic.cs
 0.1 kb	 0.0% Packages/com.unity.collections/Unity.Collections/UnsafeNotBurstCompatible.cs
 0.1 kb	 0.0% Packages/com.meta.xr.sdk.core/Scripts/ImmersiveDebugger/UserInterface/ToggleForGizmo.cs
 0.1 kb	 0.0% Packages/com.meta.xr.sdk.core/Scripts/ImmersiveDebugger/UserInterface/HierarchyItemButton.cs
 0.1 kb	 0.0% Packages/com.meta.xr.sdk.core/Scripts/ImmersiveDebugger/UserInterface/Generic/MonoBehaviours/PointerHandler.cs
 0.1 kb	 0.0% Packages/com.meta.xr.sdk.core/Scripts/ImmersiveDebugger/UserInterface/Generic/MonoBehaviours/OverlayCanvas.cs
 0.1 kb	 0.0% Packages/com.meta.xr.sdk.core/Scripts/ImmersiveDebugger/UserInterface/Generic/Controllers/Implementations/ToggleWithLabel.cs
 0.1 kb	 0.0% Packages/com.meta.xr.sdk.core/Scripts/ImmersiveDebugger/UserInterface/Generic/Controllers/Implementations/ScrollViewport.cs
 0.1 kb	 0.0% Packages/com.meta.xr.sdk.core/Scripts/ImmersiveDebugger/UserInterface/Generic/Controllers/Implementations/DropdownMenuItem.cs
 0.1 kb	 0.0% Packages/com.meta.xr.sdk.core/Scripts/ImmersiveDebugger/UserInterface/Generic/Controllers/Implementations/ButtonWithLabel.cs
 0.1 kb	 0.0% Packages/com.meta.xr.sdk.core/Scripts/ImmersiveDebugger/UserInterface/Generic/Controllers/Implementations/ButtonWithIcon.cs
 0.1 kb	 0.0% Packages/com.meta.xr.sdk.core/Scripts/ImmersiveDebugger/UserInterface/ButtonForAction.cs
 0.1 kb	 0.0% Packages/com.meta.xr.sdk.core/Scripts/ImmersiveDebugger/UsageExample/RuntimeAPIExample.cs
 0.1 kb	 0.0% Packages/com.meta.xr.sdk.core/Scripts/BuildingBlocks/MultiplayerBlocks/Shared/Colocation/ColocationPackage/Runtime/Utils/AnchorDebugVisual.cs
 0.1 kb	 0.0% Packages/com.meta.xr.sdk.core/Scripts/BuildingBlocks/MultiplayerBlocks/Shared/Colocation/ColocationPackage/Runtime/SharedAnchorManager.cs
 0.1 kb	 0.0% Packages/com.meta.xr.sdk.core/Scripts/BuildingBlocks/MultiplayerBlocks/Shared/Colocation/ColocationPackage/Runtime/NetworkImpl/INetworkMessenger.cs
 0.1 kb	 0.0% Packages/com.meta.xr.sdk.core/Scripts/BuildingBlocks/MultiplayerBlocks/Shared/Colocation/ColocationPackage/Runtime/AlignCameraToAnchor.cs
 0.1 kb	 0.0% Packages/com.meta.xr.mrutilitykit/Core/Scripts/EnvironmentDepthManagerRaycastExtensions.cs
 0.1 kb	 0.0% Assets/XR/XRGeneralSettingsPerBuildTarget.asset
 0.1 kb	 0.0% Packages/com.unity.xr.legacyinputhelpers/Runtime/ArmModels/SwingArmModel.cs
 0.1 kb	 0.0% Packages/com.unity.xr.core-utils/Runtime/Datums/AnimationCurveDatumProperty.cs
 0.1 kb	 0.0% Packages/com.unity.xr.core-utils/Runtime/Attributes/ScriptableSettingsPathAttribute.cs
 0.1 kb	 0.0% Packages/com.unity.ugui/Runtime/UGUI/EventSystem/UIElements/UIToolkitInteroperabilityBridge.cs
 0.1 kb	 0.0% Packages/com.unity.inputsystem/InputSystem/Runtime/Utilities/Observables/ForDeviceEventObservable.cs
 0.1 kb	 0.0% Packages/com.unity.inputsystem/InputSystem/Runtime/Plugins/XR/Haptics/SendHapticImpulseCommand.cs
 0.1 kb	 0.0% Packages/com.unity.inputsystem/InputSystem/Runtime/Plugins/Android/AndroidSensors.cs
 0.1 kb	 0.0% Packages/com.unity.inputsystem/InputSystem/Runtime/Controls/Processors/StickDeadzoneProcessor.cs
 0.1 kb	 0.0% Packages/com.unity.inputsystem/InputSystem/Runtime/Controls/Processors/ScaleVector3Processor.cs
 0.1 kb	 0.0% Packages/com.unity.inputsystem/InputSystem/Runtime/Controls/Processors/ScaleVector2Processor.cs
 0.1 kb	 0.0% Packages/com.unity.inputsystem/InputSystem/Runtime/Controls/Processors/InvertVector3Processor.cs
 0.1 kb	 0.0% Packages/com.unity.inputsystem/InputSystem/Runtime/Controls/Processors/InvertVector2Processor.cs
 0.1 kb	 0.0% Packages/com.unity.inputsystem/InputSystem/Runtime/Controls/Processors/AxisDeadzoneProcessor.cs
 0.1 kb	 0.0% Packages/com.unity.inputsystem/InputSystem/Runtime/Actions/Composites/TwoModifiersComposite.cs
 0.1 kb	 0.0% Packages/com.unity.inputsystem/InputSystem/Runtime/Actions/Composites/ButtonWithTwoModifiers.cs
 0.1 kb	 0.0% Packages/com.unity.inputsystem/InputSystem/Runtime/Actions/Composites/ButtonWithOneModifier.cs
 0.1 kb	 0.0% Packages/com.unity.inputsystem/InputSystem/Editor/AssetEditor/NameAndParameterListView.cs
 0.1 kb	 0.0% Packages/com.unity.inputsystem/InputSystem/Editor/Actions/Interactions/SlowTapInteractionEditor.cs
 0.1 kb	 0.0% Packages/com.unity.inputsystem/InputSystem/Editor/Actions/Interactions/PressInteractionEditor.cs
 0.1 kb	 0.0% Packages/com.unity.inputsystem/InputSystem/Editor/Actions/Interactions/HoldInteractionEditor.cs
 0.1 kb	 0.0% Packages/com.unity.inputsystem/InputSystem/Editor/Actions/Composites/Vector3CompositeEditor.cs
 0.1 kb	 0.0% Packages/com.unity.inputsystem/InputSystem/Editor/Actions/Composites/Vector2CompositeEditor.cs
 0.1 kb	 0.0% Packages/com.unity.collections/Unity.Collections/UnsafeScratchAllocator.cs
 0.1 kb	 0.0% Packages/com.unity.collections/Unity.Collections/NativeParallelHashMapExtensions.cs
 0.1 kb	 0.0% Packages/com.unity.cloud.gltfast/Runtime/Scripts/Export/GltfBuiltInShaderMaterialExporter.cs
 0.1 kb	 0.0% Packages/com.unity.cloud.gltfast/Runtime/DocExamples/TextureAddOnExample.cs
 0.1 kb	 0.0% Packages/com.unity.cloud.gltfast/Runtime/DocExamples/MultipleInstances.cs
 0.1 kb	 0.0% Packages/com.unity.cloud.gltfast/Runtime/DocExamples/LoadGltfFromMemory.cs
 0.1 kb	 0.0% Packages/com.meta.xr.sdk.core/Scripts/ImmersiveDebugger/UserInterface/Resources/Styles/ImageStyles/MemberDescriptionBackground.asset
 0.1 kb	 0.0% Packages/com.meta.xr.sdk.core/Scripts/ImmersiveDebugger/UserInterface/Resources/Styles/ImageStyles/DropdownValueBackgroundRoot.asset
 0.1 kb	 0.0% Packages/com.meta.xr.sdk.core/Scripts/ImmersiveDebugger/RuntimeAPIResults.cs
 0.1 kb	 0.0% Packages/com.meta.xr.sdk.core/Scripts/ImmersiveDebugger/Managers/SubManagersForAddon.cs
 0.1 kb	 0.0% Packages/com.meta.xr.sdk.core/Scripts/ImmersiveDebugger/InspectedData/SerializableInspectedItems.cs
 0.1 kb	 0.0% Packages/com.meta.xr.sdk.core/Scripts/ImmersiveDebugger/DebugInspector/RuntimeInspectorManager.cs
 0.1 kb	 0.0% Packages/com.meta.xr.sdk.core/Scripts/ImmersiveDebugger/DebugInspector/DebugInspectorManager.cs
 0.1 kb	 0.0% Packages/com.meta.xr.sdk.core/Scripts/BuildingBlocks/MultiplayerBlocks/Shared/PlayerNameTag/Scripts/PlayerNameTagSpawner.cs
 0.1 kb	 0.0% Packages/com.meta.xr.sdk.core/Scripts/BuildingBlocks/MultiplayerBlocks/Shared/NetworkedAvatar/Scripts/IAvatarStreamConfig.cs
 0.1 kb	 0.0% Packages/com.meta.xr.sdk.core/Scripts/BuildingBlocks/MultiplayerBlocks/Shared/CustomMatchmaking/CustomMatchmaking.cs
 0.1 kb	 0.0% Packages/com.meta.xr.sdk.core/Scripts/BuildingBlocks/MultiplayerBlocks/Shared/Colocation/Scripts/ColocationController.cs
 0.1 kb	 0.0% Packages/com.meta.xr.sdk.core/Scripts/BuildingBlocks/MultiplayerBlocks/Shared/Colocation/Scripts/ColocationConstants.cs
 0.1 kb	 0.0% Packages/com.meta.xr.sdk.core/Scripts/BuildingBlocks/AIBlocks/UnityInferenceEngine/TextOnlyLLMRunner.cs
 0.1 kb	 0.0% Packages/com.meta.xr.sdk.core/Scripts/BuildingBlocks/AIBlocks/UnityInferenceEngine/OnDeviceLLMConfig.cs
 0.1 kb	 0.0% Packages/com.meta.xr.sdk.core/Scripts/BuildingBlocks/AIBlocks/Tasks/ITextToSpeechTask.cs
 0.1 kb	 0.0% Packages/com.meta.xr.sdk.core/Scripts/BuildingBlocks/AIBlocks/Tasks/ISpeechToTextTask.cs
 0.1 kb	 0.0% Packages/com.meta.xr.sdk.core/Scripts/BuildingBlocks/AIBlocks/Tasks/IObjectDetectionTask.cs
 0.1 kb	 0.0% Packages/com.meta.xr.sdk.core/Scripts/BuildingBlocks/AIBlocks/Providers/ReplicateProvider.cs
 0.1 kb	 0.0% Packages/com.meta.xr.sdk.core/Scripts/BuildingBlocks/AIBlocks/Providers/HuggingFaceProvider.cs
 0.1 kb	 0.0% Packages/com.meta.xr.sdk.core/Scripts/BuildingBlocks/AIBlocks/Providers/ElevenLabsProvider.cs
 0.1 kb	 0.0% Packages/com.meta.xr.sdk.core/Scripts/BuildingBlocks/AIBlocks/Providers/CredentialStorage.cs
 0.1 kb	 0.0% Packages/com.meta.xr.sdk.core/Scripts/BuildingBlocks/AIBlocks/DepthTools/DepthTextureAccess.cs
 0.1 kb	 0.0% Packages/com.meta.xr.sdk.core/Scripts/BuildingBlocks/AIBlocks/Agents/TextToSpeechAgent.cs
 0.1 kb	 0.0% Packages/com.meta.xr.sdk.core/Scripts/BuildingBlocks/AIBlocks/Agents/SpeechToTextAgent.cs
 0.1 kb	 0.0% Packages/com.meta.xr.sdk.core/Scripts/BuildingBlocks/AIBlocks/Agents/ObjectDetectionAgent.cs
 0.1 kb	 0.0% Packages/com.meta.xr.mrutilitykit/Core/Scripts/SceneDecorator/Pool/SingletonMonoBehavior.cs
 0.1 kb	 0.0% Packages/com.meta.xr.mrutilitykit/Core/Scripts/SceneDecorator/Modifier/RotationModifierSpaceMap.cs
 0.1 kb	 0.0% Packages/com.meta.xr.mrutilitykit/Core/Scripts/SceneDecorator/Masks/InsideCurrentRoomMask.cs
 0.1 kb	 0.0% Packages/com.meta.xr.mrutilitykit/Core/Scripts/SceneDecorator/Editor/SceneDecorationEditor.cs
 0.1 kb	 0.0% Packages/com.meta.xr.mrutilitykit/Core/Scripts/DestructibleGlobalMeshSpawner.cs
 0.1 kb	 0.0% Assets/Milzet/StartupSource/Project/Scripts/Timeline/Tracks/UICanvas/UICanvasMixerBehaviour.cs
 0.1 kb	 0.0% Assets/Milzet/Runtime/StartupPoseExtensions.cs
 0.1 kb	 0.0% Packages/com.unity.xr.openxr/Runtime/Features/Interactions/PalmPoseInteraction.cs
 0.1 kb	 0.0% Packages/com.unity.xr.openxr/Runtime/Features/Interactions/EyeGazeInteraction.cs
 0.1 kb	 0.0% Packages/com.unity.xr.legacyinputhelpers/Runtime/TrackedPoseDriver/BasePoseProvider.cs
 0.1 kb	 0.0% Packages/com.unity.xr.core-utils/Runtime/CapabilityProfile/Dictionary/StandardCapabilityKeys.cs
 0.1 kb	 0.0% Packages/com.unity.ugui/Runtime/TMP/TMP_SpriteAssetImportFormats.cs
 0.1 kb	 0.0% Packages/com.unity.timeline/Runtime/Animation/AnimationPreviewUpdateCallback.cs
 0.1 kb	 0.0% Packages/com.unity.timeline/Runtime/Animation/AnimationOutputWeightProcessor.cs
 0.1 kb	 0.0% Packages/com.unity.inputsystem/InputSystem/Runtime/State/IInputStateChangeMonitor.cs
 0.1 kb	 0.0% Packages/com.unity.inputsystem/InputSystem/Runtime/Plugins/iOS/IOSGameController.cs
 0.1 kb	 0.0% Packages/com.unity.inputsystem/InputSystem/Runtime/Plugins/Users/InputUserAccountHandle.cs
 0.1 kb	 0.0% Packages/com.unity.inputsystem/InputSystem/Runtime/Plugins/Switch/SwitchProControllerHID.cs
 0.1 kb	 0.0% Packages/com.unity.inputsystem/InputSystem/Runtime/Plugins/OSX/OSXGameController.cs
 0.1 kb	 0.0% Packages/com.unity.inputsystem/InputSystem/Runtime/Plugins/EnhancedTouch/EnhancedTouchSupport.cs
 0.1 kb	 0.0% Packages/com.unity.inputsystem/InputSystem/Runtime/InputManagerStateMonitors.cs
 0.1 kb	 0.0% Packages/com.unity.inputsystem/InputSystem/Runtime/Events/DeviceConfigurationEvent.cs
 0.1 kb	 0.0% Packages/com.unity.inputsystem/InputSystem/Runtime/Devices/Remote/RemoteInputPlayerConnection.cs
 0.1 kb	 0.0% Packages/com.unity.inputsystem/InputSystem/Runtime/Devices/InputDeviceDescription.cs
 0.1 kb	 0.0% Packages/com.unity.inputsystem/InputSystem/Runtime/Devices/Haptics/DualMotorRumbleCommand.cs
 0.1 kb	 0.0% Packages/com.unity.inputsystem/InputSystem/Runtime/Devices/Commands/WarpMousePositionCommand.cs
 0.1 kb	 0.0% Packages/com.unity.inputsystem/InputSystem/Runtime/Devices/Commands/QueryEnabledStateCommand.cs
 0.1 kb	 0.0% Packages/com.unity.inputsystem/InputSystem/Runtime/Devices/Commands/QueryDimensionsCommand.cs
 0.1 kb	 0.0% Packages/com.unity.inputsystem/InputSystem/Runtime/Devices/Commands/QueryCanRunInBackground.cs
 0.1 kb	 0.0% Packages/com.unity.inputsystem/InputSystem/Runtime/Devices/Commands/IInputDeviceCommandInfo.cs
 0.1 kb	 0.0% Packages/com.unity.inputsystem/InputSystem/Runtime/Controls/InputControlAttribute.cs
 0.1 kb	 0.0% Packages/com.unity.inputsystem/InputSystem/Runtime/Controls/DiscreteButtonControl.cs
 0.1 kb	 0.0% Packages/com.unity.inputsystem/InputSystem/Runtime/Actions/InputBindingCompositeContext.cs
 0.1 kb	 0.0% Packages/com.unity.inputsystem/InputSystem/Runtime/Actions/InputActionSetupExtensions.cs
 0.1 kb	 0.0% Packages/com.unity.inputsystem/InputSystem/Runtime/Actions/InputActionParameters.cs
 0.1 kb	 0.0% Packages/com.unity.inputsystem/InputSystem/Editor/UITKAssetEditor/Views/VisualElementExtensions.cs
 0.1 kb	 0.0% Packages/com.unity.inputsystem/InputSystem/Editor/UITKAssetEditor/Views/InputActionsTreeViewItem.cs
 0.1 kb	 0.0% Packages/com.unity.inputsystem/InputSystem/Editor/UITKAssetEditor/Views/InputActionsEditorView.cs
 0.1 kb	 0.0% Packages/com.unity.inputsystem/InputSystem/Editor/UITKAssetEditor/Views/BindingPropertiesView.cs
 0.1 kb	 0.0% Packages/com.unity.inputsystem/InputSystem/Editor/UITKAssetEditor/SerializedInputBinding.cs
 0.1 kb	 0.0% Packages/com.unity.inputsystem/InputSystem/Editor/UITKAssetEditor/SerializedInputActionMap.cs
 0.1 kb	 0.0% Packages/com.unity.inputsystem/InputSystem/Editor/UITKAssetEditor/SerializedInputAction.cs
 0.1 kb	 0.0% Packages/com.unity.inputsystem/InputSystem/Editor/UITKAssetEditor/InputActionsEditorWindow.cs
 0.1 kb	 0.0% Packages/com.unity.inputsystem/InputSystem/Editor/UITKAssetEditor/InputActionsEditorState.cs
 0.1 kb	 0.0% Packages/com.unity.inputsystem/InputSystem/Editor/UITKAssetEditor/Commands/ControlSchemeCommands.cs
 0.1 kb	 0.0% Packages/com.unity.inputsystem/InputSystem/Editor/Settings/InputSettingsProvider.cs
 0.1 kb	 0.0% Packages/com.unity.inputsystem/InputSystem/Editor/PropertyDrawers/InputControlPathDrawer.cs
 0.1 kb	 0.0% Packages/com.unity.inputsystem/InputSystem/Editor/PropertyDrawers/InputActionDrawerBase.cs
 0.1 kb	 0.0% Packages/com.unity.inputsystem/InputSystem/Editor/PropertyDrawers/InputActionAssetDrawer.cs
 0.1 kb	 0.0% Packages/com.unity.inputsystem/InputSystem/Editor/ProjectWideActions/ProjectWideActionsAsset.cs
 0.1 kb	 0.0% Packages/com.unity.inputsystem/InputSystem/Editor/Plugins/PlayerInput/PlayerInputManagerEditor.cs
 0.1 kb	 0.0% Packages/com.unity.inputsystem/InputSystem/Editor/Plugins/EnhancedTouch/TouchSimulationEditor.cs
 0.1 kb	 0.0% Packages/com.unity.inputsystem/InputSystem/Editor/Internal/AdvancedDropdown/AdvancedDropdownWindow.cs
 0.1 kb	 0.0% Packages/com.unity.inputsystem/InputSystem/Editor/Internal/AdvancedDropdown/AdvancedDropdownState.cs
 0.1 kb	 0.0% Packages/com.unity.inputsystem/InputSystem/Editor/InputSystemPluginControl.cs
 0.1 kb	 0.0% Packages/com.unity.inputsystem/InputSystem/Editor/InputLayoutCodeGenerator.cs
 0.1 kb	 0.0% Packages/com.unity.inputsystem/InputSystem/Editor/InputAssetEditorUtils.cs
 0.1 kb	 0.0% Packages/com.unity.inputsystem/InputSystem/Editor/Debugger/InputLatencyCalculator.cs
 0.1 kb	 0.0% Packages/com.unity.inputsystem/InputSystem/Editor/ControlPicker/InputControlPickerState.cs
 0.1 kb	 0.0% Packages/com.unity.inputsystem/InputSystem/Editor/ControlPicker/InputControlPathEditor.cs
 0.1 kb	 0.0% Packages/com.unity.inputsystem/InputSystem/Editor/ControlPicker/InputControlDropdownItem.cs
 0.1 kb	 0.0% Packages/com.unity.inputsystem/InputSystem/Editor/AssetImporter/InputActionCodeGenerator.cs
 0.1 kb	 0.0% Packages/com.unity.inputsystem/InputSystem/Editor/AssetImporter/InputActionAssetEditor.cs
 0.1 kb	 0.0% Packages/com.unity.inputsystem/InputSystem/Editor/AssetImporter/IInputActionAssetEditor.cs
 0.1 kb	 0.0% Packages/com.unity.inputsystem/InputSystem/Editor/AssetEditor/InputActionAssetManager.cs
 0.1 kb	 0.0% Packages/com.unity.inputsystem/InputSystem/Actions/InputActionStateMonitorIndex.cs
 0.1 kb	 0.0% Packages/com.unity.collections/Unity.Collections/UnsafeAtomicCounter.cs
 0.1 kb	 0.0% Packages/com.meta.xr.sdk.core/Scripts/ImmersiveDebugger/Utils/MemberInfoExtensions.cs
 0.1 kb	 0.0% Packages/com.meta.xr.sdk.core/Scripts/ImmersiveDebugger/UserInterface/Utils/ProxyInputModule.cs
 0.1 kb	 0.0% Packages/com.meta.xr.sdk.core/Scripts/ImmersiveDebugger/UserInterface/Utils/ProxyCameraRig.cs
 0.1 kb	 0.0% Packages/com.meta.xr.sdk.core/Scripts/ImmersiveDebugger/UserInterface/Utils/PanelScrollRect.cs
 0.1 kb	 0.0% Packages/com.meta.xr.sdk.core/Scripts/ImmersiveDebugger/UserInterface/Utils/PanelRaycaster.cs
 0.1 kb	 0.0% Packages/com.meta.xr.sdk.core/Scripts/ImmersiveDebugger/UserInterface/Utils/PanelInputModule.cs
 0.1 kb	 0.0% Packages/com.meta.xr.sdk.core/Scripts/ImmersiveDebugger/UserInterface/Resources/Styles/LayoutStyles/ConsoleLineLogDetailsLabel.asset
 0.1 kb	 0.0% Packages/com.meta.xr.sdk.core/Scripts/ImmersiveDebugger/UserInterface/Resources/Styles/ImageStyles/PanelButtonBackground.asset
 0.1 kb	 0.0% Packages/com.meta.xr.sdk.core/Scripts/ImmersiveDebugger/UserInterface/Resources/Styles/ImageStyles/MemberValueBackground.asset
 0.1 kb	 0.0% Packages/com.meta.xr.sdk.core/Scripts/ImmersiveDebugger/UserInterface/Resources/Styles/ImageStyles/MemberActionBackground.asset
 0.1 kb	 0.0% Packages/com.meta.xr.sdk.core/Scripts/ImmersiveDebugger/UserInterface/Resources/Styles/ImageStyles/LogDetailPaneCloseButton.asset
 0.1 kb	 0.0% Packages/com.meta.xr.sdk.core/Scripts/ImmersiveDebugger/UserInterface/Resources/Styles/ImageStyles/LogDetailPaneBackground.asset
 0.1 kb	 0.0% Packages/com.meta.xr.sdk.core/Scripts/ImmersiveDebugger/UserInterface/Resources/Styles/ImageStyles/InspectorTitleBackground.asset
 0.1 kb	 0.0% Packages/com.meta.xr.sdk.core/Scripts/ImmersiveDebugger/UserInterface/Resources/Styles/ImageStyles/HierarchyItemBackground.asset
 0.1 kb	 0.0% Packages/com.meta.xr.sdk.core/Scripts/ImmersiveDebugger/UserInterface/Resources/Styles/ImageStyles/HierarchyDivBackground.asset
 0.1 kb	 0.0% Packages/com.meta.xr.sdk.core/Scripts/ImmersiveDebugger/UserInterface/Resources/Styles/ImageStyles/DropdownValueBackground.asset
 0.1 kb	 0.0% Packages/com.meta.xr.sdk.core/Scripts/ImmersiveDebugger/UserInterface/Resources/Styles/ImageStyles/ConsoleLineBackground.asset
 0.1 kb	 0.0% Packages/com.meta.xr.sdk.core/Scripts/ImmersiveDebugger/UserInterface/Resources/Styles/ImageStyles/CloseButtonBackground.asset
 0.1 kb	 0.0% Packages/com.meta.xr.sdk.core/Scripts/ImmersiveDebugger/UserInterface/Resources/Styles/ImageStyles/CategoryButtonBackground.asset
 0.1 kb	 0.0% Packages/com.meta.xr.sdk.core/Scripts/ImmersiveDebugger/UserInterface/Resources/Styles/ImageStyles/CategoriesDivBackground.asset
 0.1 kb	 0.0% Packages/com.meta.xr.sdk.core/Scripts/ImmersiveDebugger/UserInterface/InspectorPanel.cs
 0.1 kb	 0.0% Packages/com.meta.xr.sdk.core/Scripts/ImmersiveDebugger/UserInterface/IPanelRegistrar.cs
 0.1 kb	 0.0% Packages/com.meta.xr.sdk.core/Scripts/ImmersiveDebugger/UserInterface/IDebugUIPanel.cs
 0.1 kb	 0.0% Packages/com.meta.xr.sdk.core/Scripts/ImmersiveDebugger/UserInterface/Generic/Styles/Implementations/TextStyle.cs
 0.1 kb	 0.0% Packages/com.meta.xr.sdk.core/Scripts/ImmersiveDebugger/UserInterface/Generic/Styles/Implementations/LayoutStyle.cs
 0.1 kb	 0.0% Packages/com.meta.xr.sdk.core/Scripts/ImmersiveDebugger/UserInterface/Generic/Styles/Implementations/ImageStyle.cs
 0.1 kb	 0.0% Packages/com.meta.xr.sdk.core/Scripts/ImmersiveDebugger/UserInterface/Generic/Controllers/Interface.cs
 0.1 kb	 0.0% Packages/com.meta.xr.sdk.core/Scripts/ImmersiveDebugger/UserInterface/Generic/Controllers/Implementations/ScrollView.cs
 0.1 kb	 0.0% Packages/com.meta.xr.sdk.core/Scripts/ImmersiveDebugger/UserInterface/Generic/Controllers/Implementations/Background.cs
 0.1 kb	 0.0% Packages/com.meta.xr.sdk.core/Scripts/ImmersiveDebugger/UserInterface/Generic/Controllers/Controller.cs
 0.1 kb	 0.0% Packages/com.meta.xr.sdk.core/Scripts/ImmersiveDebugger/UserInterface/DebugInterface.cs
 0.1 kb	 0.0% Packages/com.meta.xr.sdk.core/Scripts/ImmersiveDebugger/UserInterface/CategoryButton.cs
 0.1 kb	 0.0% Packages/com.meta.xr.sdk.core/Scripts/ImmersiveDebugger/Interface/DebugAttributes.cs
 0.1 kb	 0.0% Packages/com.meta.xr.sdk.core/Scripts/ImmersiveDebugger/Gizmos/GizmoTypesRegistry.cs
 0.1 kb	 0.0% Packages/com.meta.xr.sdk.core/Scripts/ImmersiveDebugger/Gizmos/GizmoRendererManager.cs
 0.1 kb	 0.0% Packages/com.meta.xr.sdk.core/Scripts/BuildingBlocks/MultiplayerBlocks/Shared/Colocation/ColocationPackage/Runtime/NetworkImpl/NetworkDataUtils.cs
 0.1 kb	 0.0% Packages/com.meta.xr.sdk.core/Scripts/BuildingBlocks/MultiplayerBlocks/Shared/Colocation/ColocationPackage/Runtime/NetworkImpl/NetworkAdapter.cs
 0.1 kb	 0.0% Assets/TextMesh Pro/Resources/LineBreaking Leading Characters.txt
 0.1 kb	 0.0% Packages/com.unity.xr.openxr/Runtime/MockRuntime/MockRuntime.cs
 0.1 kb	 0.0% Packages/com.unity.xr.openxr/Runtime/Features/OpenXRInteractionFeature.cs
 0.1 kb	 0.0% Packages/com.unity.xr.openxr/Runtime/Features/OpenXRFeatureAttribute.cs
 0.1 kb	 0.0% Packages/com.unity.xr.openxr/Runtime/Features/FoveatedRenderingFeature.cs
 0.1 kb	 0.0% Packages/com.unity.xr.management/Runtime/XRManagementAnalytics.cs
 0.1 kb	 0.0% Packages/com.unity.xr.management/Runtime/XRConfigurationData.cs
 0.1 kb	 0.0% Packages/com.unity.xr.legacyinputhelpers/Runtime/TrackedPoseDriver/TrackedPoseDriver.cs
 0.1 kb	 0.0% Packages/com.unity.xr.legacyinputhelpers/Runtime/CameraOffset.cs
 0.1 kb	 0.0% Packages/com.unity.ugui/Runtime/UGUI/UI/Core/Layout/HorizontalOrVerticalLayoutGroup.cs
 0.1 kb	 0.0% Packages/com.unity.inputsystem/InputSystem/Runtime/Utilities/NameAndParameters.cs
 0.1 kb	 0.0% Packages/com.unity.inputsystem/InputSystem/Runtime/Utilities/CSharpCodeHelpers.cs
 0.1 kb	 0.0% Packages/com.unity.inputsystem/InputSystem/Runtime/Plugins/UI/TrackedDeviceRaycaster.cs
 0.1 kb	 0.0% Packages/com.unity.inputsystem/InputSystem/Runtime/Plugins/UI/MultiplayerEventSystem.cs
 0.1 kb	 0.0% Packages/com.unity.inputsystem/InputSystem/Runtime/Plugins/UI/InputSystemUIInputModule.cs
 0.1 kb	 0.0% Packages/com.unity.inputsystem/InputSystem/Runtime/Plugins/UI/ExtendedPointerEventData.cs
 0.1 kb	 0.0% Packages/com.unity.inputsystem/InputSystem/Runtime/Plugins/UI/ExtendedAxisEventData.cs
 0.1 kb	 0.0% Packages/com.unity.inputsystem/InputSystem/Runtime/Plugins/DualShock/IDualShockHaptics.cs
 0.1 kb	 0.0% Packages/com.unity.inputsystem/InputSystem/Runtime/Controls/Processors/NormalizeProcessor.cs
 0.1 kb	 0.0% Packages/com.unity.inputsystem/InputSystem/Runtime/Actions/Interactions/SlowTapInteraction.cs
 0.1 kb	 0.0% Packages/com.unity.inputsystem/InputSystem/Runtime/Actions/Interactions/MultiTapInteraction.cs
 0.1 kb	 0.0% Packages/com.unity.inputsystem/InputSystem/Runtime/Actions/Composites/OneModifierComposite.cs
 0.1 kb	 0.0% Packages/com.unity.inputsystem/InputSystem/Editor/Utilities/DirtyAssetTracker.cs
 0.1 kb	 0.0% Packages/com.unity.inputsystem/InputSystem/Editor/Plugins/HID/HIDDescriptorWindow.cs
 0.1 kb	 0.0% Packages/com.unity.inputsystem/InputSystem/Editor/AssetEditor/ParameterListView.cs
 0.1 kb	 0.0% Packages/com.unity.inputsystem/InputSystem/Editor/AssetEditor/InputActionTreeViewItems.cs
 0.1 kb	 0.0% Packages/com.unity.inputsystem/InputSystem/Editor/Actions/Interactions/TapInteractionEditor.cs
 0.1 kb	 0.0% Packages/com.unity.inputsystem/InputSystem/Editor/Actions/Composites/AxisCompositeEditor.cs
 0.1 kb	 0.0% Packages/com.unity.collections/Unity.Collections/UnsafeUtilityEx.cs
 0.1 kb	 0.0% Packages/com.unity.collections/Unity.Collections/UnsafeAppendBuffer.cs
 0.1 kb	 0.0% Packages/com.unity.collections/Unity.Collections/NativeParallelHashSetExtensions.gen.cs
 0.1 kb	 0.0% Packages/com.unity.collections/Unity.Collections/Jobs/RegisterGenericJobTypeAttribute.cs
 0.1 kb	 0.0% Packages/com.unity.collections/Unity.Collections/DoubleRewindableAllocators.cs
 0.1 kb	 0.0% Packages/com.unity.collections/Unity.Collections/DataStreamExtensions.cs
 0.1 kb	 0.0% Packages/com.unity.cloud.gltfast/Runtime/Scripts/Newtonsoft/Schema/TextureInfoExtensions.cs
 0.1 kb	 0.0% Packages/com.unity.cloud.gltfast/Runtime/Scripts/Newtonsoft/Schema/MeshPrimitiveExtensions.cs
 0.1 kb	 0.0% Packages/com.unity.cloud.gltfast/Runtime/Scripts/Newtonsoft/Schema/AnimationChannelTarget.cs
 0.1 kb	 0.0% Packages/com.unity.cloud.gltfast/Runtime/Scripts/Newtonsoft/Schema/AccessorSparseIndices.cs
 0.1 kb	 0.0% Packages/com.unity.cloud.gltfast/Runtime/Scripts/Export/BuiltInStandardMaterialExport.cs
 0.1 kb	 0.0% Packages/com.unity.cloud.gltfast/Runtime/DocExamples/WebpTextureAddon.cs
 0.1 kb	 0.0% Packages/com.unity.cloud.gltfast/Runtime/DocExamples/PngTextureAddon.cs
 0.1 kb	 0.0% Packages/com.unity.cloud.gltfast/Runtime/DocExamples/ExportSamples.cs
 0.1 kb	 0.0% Packages/com.unity.cloud.gltfast/Runtime/DocExamples/CustomGltfImport.cs
 0.1 kb	 0.0% Packages/com.meta.xr.sdk.core/Scripts/ImmersiveDebugger/UserInterface/Resources/Styles/LayoutStyles/LogDetailsPaneBackground.asset
 0.1 kb	 0.0% Packages/com.meta.xr.sdk.core/Scripts/ImmersiveDebugger/UserInterface/Resources/Styles/LayoutStyles/LogDetailPaneCloseButton.asset
 0.1 kb	 0.0% Packages/com.meta.xr.sdk.core/Scripts/ImmersiveDebugger/UserInterface/Resources/Styles/LayoutStyles/InspectorTitleBackground.asset
 0.1 kb	 0.0% Packages/com.meta.xr.sdk.core/Scripts/ImmersiveDebugger/UserInterface/Resources/Styles/LayoutStyles/InspectorCategoryFlex.asset
 0.1 kb	 0.0% Packages/com.meta.xr.sdk.core/Scripts/ImmersiveDebugger/UserInterface/Resources/Styles/LayoutStyles/HierarchyItemLabelInner.asset
 0.1 kb	 0.0% Packages/com.meta.xr.sdk.core/Scripts/ImmersiveDebugger/UserInterface/Resources/Styles/LayoutStyles/CategoriesDivBackground.asset
 0.1 kb	 0.0% Packages/com.meta.xr.sdk.core/Scripts/ImmersiveDebugger/UserInterface/Resources/Styles/ImageStyles/InspectorModeIcon.asset
 0.1 kb	 0.0% Packages/com.meta.xr.sdk.core/Scripts/ImmersiveDebugger/UserInterface/Resources/Styles/ImageStyles/InspectorFoldoutIcon.asset
 0.1 kb	 0.0% Packages/com.meta.xr.sdk.core/Scripts/ImmersiveDebugger/UserInterface/Resources/Styles/ImageStyles/InspectorBackground.asset
 0.1 kb	 0.0% Packages/com.meta.xr.sdk.core/Scripts/ImmersiveDebugger/UserInterface/Resources/Styles/ImageStyles/DropdownBackground.asset
 0.1 kb	 0.0% Packages/com.meta.xr.sdk.core/Scripts/ImmersiveDebugger/Managers/IDebugManager.cs
 0.1 kb	 0.0% Packages/com.meta.xr.sdk.core/Scripts/ImmersiveDebugger/Managers/ActionManager.cs
 0.1 kb	 0.0% Packages/com.meta.xr.sdk.core/Scripts/EnvironmentDepth/EnvironmentDepthUtils.cs
 0.1 kb	 0.0% Packages/com.meta.xr.sdk.core/Scripts/EnvironmentDepth/EnvironmentDepthManager.cs
 0.1 kb	 0.0% Packages/com.meta.xr.sdk.core/Scripts/BuildingBlocks/SharedSpatialAnchorCore/SharedSpatialAnchorCoreBuildingBlock.cs
 0.1 kb	 0.0% Packages/com.meta.xr.sdk.core/Scripts/BuildingBlocks/SharedSpatialAnchorCore/SharedSpatialAnchorCore.cs
 0.1 kb	 0.0% Packages/com.meta.xr.sdk.core/Scripts/BuildingBlocks/MultiplayerBlocks/Shared/NetworkedAvatar/Scripts/IAvatarBehaviour.cs
 0.1 kb	 0.0% Packages/com.meta.xr.sdk.core/Scripts/BuildingBlocks/MultiplayerBlocks/Shared/LocalMatchmaking/LocalMatchmaking.cs
 0.1 kb	 0.0% Packages/com.meta.xr.sdk.core/Scripts/BuildingBlocks/ControllerButtonsMapperScripts/ControllerButtonsMapper.cs
 0.1 kb	 0.0% Packages/com.meta.xr.sdk.core/Scripts/BuildingBlocks/AIBlocks/UnityInferenceEngine/GPT2Tokenizer.cs
 0.1 kb	 0.0% Packages/com.meta.xr.sdk.core/Scripts/BuildingBlocks/AIBlocks/Transport/HttpTransport.cs
 0.1 kb	 0.0% Packages/com.meta.xr.sdk.core/Scripts/BuildingBlocks/AIBlocks/Providers/OpenAIProvider.cs
 0.1 kb	 0.0% Packages/com.meta.xr.sdk.core/Scripts/BuildingBlocks/AIBlocks/Providers/OllamaProvider.cs
 0.1 kb	 0.0% Packages/com.meta.xr.sdk.core/Scripts/BuildingBlocks/AIBlocks/Providers/LlamaApiProvider.cs
 0.1 kb	 0.0% Packages/com.meta.xr.sdk.core/Scripts/BuildingBlocks/AIBlocks/Providers/AIProviderBase.cs
 0.1 kb	 0.0% Packages/com.meta.xr.sdk.core/Scripts/BuildingBlocks/AIBlocks/Agents/LlmAgentHelper.cs
 0.1 kb	 0.0% Packages/com.meta.xr.mrutilitykit/Core/Scripts/SceneDecorator/Pool/PoolManagerSingleton.cs
 0.1 kb	 0.0% Packages/com.meta.xr.mrutilitykit/Core/Scripts/SceneDecorator/Pool/PoolManagerComponent.cs
 0.1 kb	 0.0% Packages/com.meta.xr.mrutilitykit/Core/Scripts/SceneDecorator/Modifier/ScaleUniformModifier.cs
 0.1 kb	 0.0% Packages/com.meta.xr.mrutilitykit/Core/Scripts/SceneDecorator/Masks/CellularNoiseMask.cs
 0.1 kb	 0.0% Packages/com.meta.xr.mrutilitykit/Core/Scripts/SceneDecorator/Masks/AnchorDistanceMask.cs
 0.1 kb	 0.0% Packages/com.meta.xr.mrutilitykit/Core/Scripts/SceneDecorator/Distributions/SimplexDistribution.cs
 0.1 kb	 0.0% Packages/com.meta.xr.mrutilitykit/Core/Scripts/SceneDecorator/Distributions/RandomDistribution.cs
 0.1 kb	 0.0% Packages/com.meta.xr.mrutilitykit/Core/Scripts/ICustomAnchorPrefabSpawner.cs
 0.1 kb	 0.0% Packages/com.meta.xr.mrutilitykit/Core/Scripts/DestructibleMeshComponent.cs
 0.1 kb	 0.0% Packages/com.meta.xr.mrutilitykit/Core/Scripts/BuildingBlocks/InstantContentPlacement/Scripts/VisualizeEnvRaycast.cs
 0.1 kb	 0.0% Packages/com.meta.xr.mrutilitykit/Core/Scripts/AnchorPrefabSpawnerUtilities.cs
 0.1 kb	 0.0% Assets/Resources/OculusRuntimeSettings.asset
 0.1 kb	 0.0% Assets/Milzet/StartupSource/Project/Scripts/Timeline/Tracks/UICanvas/UICanvasBehaviour.cs
 0.1 kb	 0.0% Assets/Milzet/StartupSource/Project/Scripts/Localization/IgnoreLocalization.cs
 0.1 kb	 0.0% Packages/com.unity.xr.openxr/Runtime/OpenXRNativeTypes.cs
 0.1 kb	 0.0% Packages/com.unity.xr.openxr/Runtime/OpenXRColorSubmissonModeList.cs
 0.1 kb	 0.0% Packages/com.unity.xr.openxr/Runtime/Features/Interactions/DPadInteraction.cs
 0.1 kb	 0.0% Packages/com.unity.xr.core-utils/Runtime/CapabilityProfile/Dictionary/ICapabilityModifier.cs
 0.1 kb	 0.0% Packages/com.unity.xr.core-utils/Runtime/CapabilityProfile/Dictionary/CapabilityDictionary.cs
 0.1 kb	 0.0% Packages/com.unity.xr.core-utils/Runtime/CapabilityProfile/CapabilityProfile.cs
 0.1 kb	 0.0% Packages/com.unity.xr.core-utils/Runtime/Attributes/FlagsPropertyAttribute.cs
 0.1 kb	 0.0% Packages/com.unity.ugui/Runtime/TMP/TMP_DynamicFontAssetUtilities.cs
 0.1 kb	 0.0% Packages/com.unity.timeline/Runtime/Utilities/AnimationPreviewUtilities.cs
 0.1 kb	 0.0% Packages/com.unity.timeline/Runtime/Playables/TimeNotificationBehaviour.cs
 0.1 kb	 0.0% Packages/com.unity.timeline/Runtime/Playables/ActivationControlPlayable.cs
 0.1 kb	 0.0% Packages/com.unity.timeline/Runtime/Events/INotificationOptionProvider.cs
 0.1 kb	 0.0% Packages/com.unity.inputsystem/InputSystem/Runtime/Utilities/Comparers.cs
 0.1 kb	 0.0% Packages/com.unity.inputsystem/InputSystem/Runtime/State/InputStateHistory.cs
 0.1 kb	 0.0% Packages/com.unity.inputsystem/InputSystem/Runtime/State/InputStateBuffers.cs
 0.1 kb	 0.0% Packages/com.unity.inputsystem/InputSystem/Runtime/State/IInputStateTypeInfo.cs
 0.1 kb	 0.0% Packages/com.unity.inputsystem/InputSystem/Runtime/Plugins/Users/InputUserSettings.cs
 0.1 kb	 0.0% Packages/com.unity.inputsystem/InputSystem/Runtime/Plugins/Switch/SwitchProController.cs
 0.1 kb	 0.0% Packages/com.unity.inputsystem/InputSystem/Runtime/Plugins/EnhancedTouch/TouchSimulation.cs
 0.1 kb	 0.0% Packages/com.unity.inputsystem/InputSystem/Runtime/NativeInputRuntime.cs
 0.1 kb	 0.0% Packages/com.unity.inputsystem/InputSystem/Runtime/InputEditorUserSettings.cs
 0.1 kb	 0.0% Packages/com.unity.inputsystem/InputSystem/Runtime/Events/InputEventListener.cs
 0.1 kb	 0.0% Packages/com.unity.inputsystem/InputSystem/Runtime/Events/IMECompositionEvent.cs
 0.1 kb	 0.0% Packages/com.unity.inputsystem/InputSystem/Runtime/Events/IInputEventTypeInfo.cs
 0.1 kb	 0.0% Packages/com.unity.inputsystem/InputSystem/Runtime/Events/DeviceRemoveEvent.cs
 0.1 kb	 0.0% Packages/com.unity.inputsystem/InputSystem/Runtime/Devices/InputDeviceMatcher.cs
 0.1 kb	 0.0% Packages/com.unity.inputsystem/InputSystem/Runtime/Devices/InputDeviceBuilder.cs
 0.1 kb	 0.0% Packages/com.unity.inputsystem/InputSystem/Runtime/Devices/ITextInputReceiver.cs
 0.1 kb	 0.0% Packages/com.unity.inputsystem/InputSystem/Runtime/Devices/IEventPreProcessor.cs
 0.1 kb	 0.0% Packages/com.unity.inputsystem/InputSystem/Runtime/Devices/ICustomDeviceReset.cs
 0.1 kb	 0.0% Packages/com.unity.inputsystem/InputSystem/Runtime/Devices/Commands/RequestSyncCommand.cs
 0.1 kb	 0.0% Packages/com.unity.inputsystem/InputSystem/Runtime/Devices/Commands/RequestResetCommand.cs
 0.1 kb	 0.0% Packages/com.unity.inputsystem/InputSystem/Runtime/Devices/Commands/QueryUserIdCommand.cs
 0.1 kb	 0.0% Packages/com.unity.inputsystem/InputSystem/Runtime/Devices/Commands/QueryKeyNameCommand.cs
 0.1 kb	 0.0% Packages/com.unity.inputsystem/InputSystem/Runtime/Devices/Commands/InputDeviceCommand.cs
 0.1 kb	 0.0% Packages/com.unity.inputsystem/InputSystem/Runtime/Devices/Commands/EnableDeviceCommand.cs
 0.1 kb	 0.0% Packages/com.unity.inputsystem/InputSystem/Runtime/Devices/Commands/DisableDeviceCommand.cs
 0.1 kb	 0.0% Packages/com.unity.inputsystem/InputSystem/Runtime/Controls/TouchPressControl.cs
 0.1 kb	 0.0% Packages/com.unity.inputsystem/InputSystem/Runtime/Controls/TouchPhaseControl.cs
 0.1 kb	 0.0% Packages/com.unity.inputsystem/InputSystem/Runtime/Controls/QuaternionControl.cs
 0.1 kb	 0.0% Packages/com.unity.inputsystem/InputSystem/Runtime/Controls/InputControlLayout.cs
 0.1 kb	 0.0% Packages/com.unity.inputsystem/InputSystem/Runtime/Controls/InputControlExtensions.cs
 0.1 kb	 0.0% Packages/com.unity.inputsystem/InputSystem/Runtime/Actions/InputInteractionContext.cs
 0.1 kb	 0.0% Packages/com.unity.inputsystem/InputSystem/Runtime/Actions/InputBindingComposite.cs
 0.1 kb	 0.0% Packages/com.unity.inputsystem/InputSystem/Runtime/Actions/IInputActionCollection.cs
 0.1 kb	 0.0% Packages/com.unity.inputsystem/InputSystem/Editor/VirtualMouseInputEditor.cs
 0.1 kb	 0.0% Packages/com.unity.inputsystem/InputSystem/Editor/UITKAssetEditor/Views/MatchingControlPaths.cs
 0.1 kb	 0.0% Packages/com.unity.inputsystem/InputSystem/Editor/UITKAssetEditor/Views/IViewStateCollection.cs
 0.1 kb	 0.0% Packages/com.unity.inputsystem/InputSystem/Editor/UITKAssetEditor/Views/ControlSchemesView.cs
 0.1 kb	 0.0% Packages/com.unity.inputsystem/InputSystem/Editor/UITKAssetEditor/Views/ActionPropertiesView.cs
 0.1 kb	 0.0% Packages/com.unity.inputsystem/InputSystem/Editor/UITKAssetEditor/EnumerableExtensions.cs
 0.1 kb	 0.0% Packages/com.unity.inputsystem/InputSystem/Editor/PropertyDrawers/InputActionMapDrawer.cs
 0.1 kb	 0.0% Packages/com.unity.inputsystem/InputSystem/Editor/PropertyDrawers/InputActionDrawer.cs
 0.1 kb	 0.0% Packages/com.unity.inputsystem/InputSystem/Editor/Plugins/iOS/InputSettingsiOSProvider.cs
 0.1 kb	 0.0% Packages/com.unity.inputsystem/InputSystem/Editor/Plugins/PlayerInput/PlayerInputEditor.cs
 0.1 kb	 0.0% Packages/com.unity.inputsystem/InputSystem/Editor/Plugins/OnScreen/OnScreenStickEditor.cs
 0.1 kb	 0.0% Packages/com.unity.inputsystem/InputSystem/Editor/Plugins/OnScreen/OnScreenButtonEditor.cs
 0.1 kb	 0.0% Packages/com.unity.inputsystem/InputSystem/Editor/Internal/InputEventTreeView.cs
 0.1 kb	 0.0% Packages/com.unity.inputsystem/InputSystem/Editor/Internal/InputControlTreeView.cs
 0.1 kb	 0.0% Packages/com.unity.inputsystem/InputSystem/Editor/Internal/BuildProviderHelpers.cs
 0.1 kb	 0.0% Packages/com.unity.inputsystem/InputSystem/Editor/Internal/AdvancedDropdown/MultiLevelDataSource.cs
 0.1 kb	 0.0% Packages/com.unity.inputsystem/InputSystem/Editor/Internal/AdvancedDropdown/CallbackDataSource.cs
 0.1 kb	 0.0% Packages/com.unity.inputsystem/InputSystem/Editor/Internal/AdvancedDropdown/AdvancedDropdownItem.cs
 0.1 kb	 0.0% Packages/com.unity.inputsystem/InputSystem/Editor/Internal/AdvancedDropdown/AdvancedDropdownGUI.cs
 0.1 kb	 0.0% Packages/com.unity.inputsystem/InputSystem/Editor/InputSystemStateManager.cs
 0.1 kb	 0.0% Packages/com.unity.inputsystem/InputSystem/Editor/InputParameterEditor.cs
 0.1 kb	 0.0% Packages/com.unity.inputsystem/InputSystem/Editor/DeviceSimulator/InputSystemPlugin.cs
 0.1 kb	 0.0% Packages/com.unity.inputsystem/InputSystem/Editor/Debugger/InputDebuggerWindow.cs
 0.1 kb	 0.0% Packages/com.unity.inputsystem/InputSystem/Editor/ControlPicker/InputControlPicker.cs
 0.1 kb	 0.0% Packages/com.unity.inputsystem/InputSystem/Editor/BuildPipeline/LinkFileGenerator.cs
 0.1 kb	 0.0% Packages/com.unity.inputsystem/InputSystem/Editor/AssetImporter/InputActionImporter.cs
 0.1 kb	 0.0% Packages/com.unity.inputsystem/InputSystem/Editor/AssetEditor/PropertiesViewBase.cs
 0.1 kb	 0.0% Packages/com.unity.inputsystem/InputSystem/Editor/AssetEditor/InputActionTreeView.cs
 0.1 kb	 0.0% Packages/com.unity.inputsystem/InputSystem/Editor/Analytics/InputEditorAnalytics.cs
 0.1 kb	 0.0% Packages/com.unity.inputsystem/InputSystem/Editor/Analytics/InputBuildAnalytic.cs
 0.1 kb	 0.0% Packages/com.unity.collections/Unity.Collections/NativeNotBurstCompatible.cs
 0.1 kb	 0.0% Packages/com.unity.cloud.gltfast/Runtime/Scripts/Animations/AnimationModuleProcessorFactory.cs
 0.1 kb	 0.0% Packages/com.meta.xr.sdk.core/Scripts/OVRVirtualKeyboard/OVRVirtualKeyboardInputFieldTextHandler.cs
 0.1 kb	 0.0% Packages/com.meta.xr.sdk.core/Scripts/OVRVirtualKeyboard/OVRVirtualKeyboardControllerInputHandler.cs
 0.1 kb	 0.0% Packages/com.meta.xr.sdk.core/Scripts/OVRGLTFAnimationNodeMorphTargetHandler.cs
 0.1 kb	 0.0% Packages/com.meta.xr.sdk.core/Scripts/ImmersiveDebugger/Utils/ValueContainer/Implementations/Vector3Container.cs
 0.1 kb	 0.0% Packages/com.meta.xr.sdk.core/Scripts/ImmersiveDebugger/Utils/ValueContainer/Implementations/Vector2Container.cs
 0.1 kb	 0.0% Packages/com.meta.xr.sdk.core/Scripts/ImmersiveDebugger/Utils/ValueContainer/Implementations/IntegerContainer.cs
 0.1 kb	 0.0% Packages/com.meta.xr.sdk.core/Scripts/ImmersiveDebugger/Utils/ValueContainer/Implementations/FloatContainer.cs
 0.1 kb	 0.0% Packages/com.meta.xr.sdk.core/Scripts/ImmersiveDebugger/Utils/InstanceHandle.cs
 0.1 kb	 0.0% Packages/com.meta.xr.sdk.core/Scripts/ImmersiveDebugger/Utils/InstanceCache.cs
 0.1 kb	 0.0% Packages/com.meta.xr.sdk.core/Scripts/ImmersiveDebugger/Utils/ConsoleLogsCache.cs
 0.1 kb	 0.0% Packages/com.meta.xr.sdk.core/Scripts/ImmersiveDebugger/Utils/AssemblyParser.cs
 0.1 kb	 0.0% Packages/com.meta.xr.sdk.core/Scripts/ImmersiveDebugger/UserInterface/Resources/Styles/LayoutStyles/VerticalValueFlex.asset
 0.1 kb	 0.0% Packages/com.meta.xr.sdk.core/Scripts/ImmersiveDebugger/UserInterface/Resources/Styles/LayoutStyles/MemberValueDynamic.asset
 0.1 kb	 0.0% Packages/com.meta.xr.sdk.core/Scripts/ImmersiveDebugger/UserInterface/Resources/Styles/LayoutStyles/MemberButtonToggle.asset
 0.1 kb	 0.0% Packages/com.meta.xr.sdk.core/Scripts/ImmersiveDebugger/UserInterface/Resources/Styles/LayoutStyles/LogDetailsScrollView.asset
 0.1 kb	 0.0% Packages/com.meta.xr.sdk.core/Scripts/ImmersiveDebugger/UserInterface/Resources/Styles/LayoutStyles/InspectorModeTitle.asset
 0.1 kb	 0.0% Packages/com.meta.xr.sdk.core/Scripts/ImmersiveDebugger/UserInterface/Resources/Styles/LayoutStyles/InspectorMainFlex.asset
 0.1 kb	 0.0% Packages/com.meta.xr.sdk.core/Scripts/ImmersiveDebugger/UserInterface/Resources/Styles/LayoutStyles/InspectorFlexFold.asset
 0.1 kb	 0.0% Packages/com.meta.xr.sdk.core/Scripts/ImmersiveDebugger/UserInterface/Resources/Styles/LayoutStyles/HierarchyItemLabel.asset
 0.1 kb	 0.0% Packages/com.meta.xr.sdk.core/Scripts/ImmersiveDebugger/UserInterface/Resources/Styles/LayoutStyles/HierarchyItemButton.asset
 0.1 kb	 0.0% Packages/com.meta.xr.sdk.core/Scripts/ImmersiveDebugger/UserInterface/Resources/Styles/LayoutStyles/DropdownValuesFlex.asset
 0.1 kb	 0.0% Packages/com.meta.xr.sdk.core/Scripts/ImmersiveDebugger/UserInterface/Resources/Styles/LayoutStyles/DropdownValueItem.asset
 0.1 kb	 0.0% Packages/com.meta.xr.sdk.core/Scripts/ImmersiveDebugger/UserInterface/Resources/Styles/LayoutStyles/DropdownMemberValue.asset
 0.1 kb	 0.0% Packages/com.meta.xr.sdk.core/Scripts/ImmersiveDebugger/UserInterface/Resources/Styles/LayoutStyles/DropdownBackground.asset
 0.1 kb	 0.0% Packages/com.meta.xr.sdk.core/Scripts/ImmersiveDebugger/UserInterface/Resources/Styles/LayoutStyles/DropdownArrowIcon.asset
 0.1 kb	 0.0% Packages/com.meta.xr.sdk.core/Scripts/ImmersiveDebugger/UserInterface/Resources/Styles/LayoutStyles/ConsoleLogDetails.asset
 0.1 kb	 0.0% Packages/com.meta.xr.sdk.core/Scripts/ImmersiveDebugger/UserInterface/Resources/Styles/LayoutStyles/ConsoleButtonCount.asset
 0.1 kb	 0.0% Packages/com.meta.xr.sdk.core/Scripts/ImmersiveDebugger/UserInterface/Resources/Styles/LayoutStyles/CategoryButtonFlex.asset
 0.1 kb	 0.0% Packages/com.meta.xr.sdk.core/Scripts/ImmersiveDebugger/UserInterface/Resources/Styles/LayoutStyles/CategoriesScrollView.asset
 0.1 kb	 0.0% Packages/com.meta.xr.sdk.core/Scripts/ImmersiveDebugger/UserInterface/Resources/Styles/ImageStyles/ToggleButtonIcon.asset
 0.1 kb	 0.0% Packages/com.meta.xr.sdk.core/Scripts/ImmersiveDebugger/UserInterface/Resources/Styles/ImageStyles/PanelButtonIcon.asset
 0.1 kb	 0.0% Packages/com.meta.xr.sdk.core/Scripts/ImmersiveDebugger/UserInterface/Resources/Styles/ImageStyles/PanelBackground.asset
 0.1 kb	 0.0% Packages/com.meta.xr.sdk.core/Scripts/ImmersiveDebugger/UserInterface/Resources/Styles/ImageStyles/MiniButtonIcon.asset
 0.1 kb	 0.0% Packages/com.meta.xr.sdk.core/Scripts/ImmersiveDebugger/UserInterface/Resources/Styles/ImageStyles/LogCollapseIcon.asset
 0.1 kb	 0.0% Packages/com.meta.xr.sdk.core/Scripts/ImmersiveDebugger/UserInterface/Resources/Styles/ImageStyles/DownArrowIcon.asset
 0.1 kb	 0.0% Packages/com.meta.xr.sdk.core/Scripts/ImmersiveDebugger/UserInterface/Resources/Styles/ImageStyles/CloseButtonIcon.asset
 0.1 kb	 0.0% Packages/com.meta.xr.sdk.core/Scripts/ImmersiveDebugger/UserInterface/Resources/Styles/ImageStyles/BarBackground.asset
 0.1 kb	 0.0% Packages/com.meta.xr.sdk.core/Scripts/ImmersiveDebugger/UserInterface/Inspector.cs
 0.1 kb	 0.0% Packages/com.meta.xr.sdk.core/Scripts/ImmersiveDebugger/UserInterface/Generic/Styles/Style.cs
 0.1 kb	 0.0% Packages/com.meta.xr.sdk.core/Scripts/ImmersiveDebugger/UserInterface/Generic/MonoBehaviours/Cursor.cs
 0.1 kb	 0.0% Packages/com.meta.xr.sdk.core/Scripts/ImmersiveDebugger/UserInterface/Generic/Controllers/Implementations/Toggle.cs
 0.1 kb	 0.0% Packages/com.meta.xr.sdk.core/Scripts/ImmersiveDebugger/UserInterface/Generic/Controllers/Implementations/TextArea.cs
 0.1 kb	 0.0% Packages/com.meta.xr.sdk.core/Scripts/ImmersiveDebugger/UserInterface/Generic/Controllers/Implementations/Switch.cs
 0.1 kb	 0.0% Packages/com.meta.xr.sdk.core/Scripts/ImmersiveDebugger/UserInterface/Generic/Controllers/Implementations/Slider.cs
 0.1 kb	 0.0% Packages/com.meta.xr.sdk.core/Scripts/ImmersiveDebugger/UserInterface/Generic/Controllers/Implementations/Panel.cs
 0.1 kb	 0.0% Packages/com.meta.xr.sdk.core/Scripts/ImmersiveDebugger/UserInterface/Generic/Controllers/Implementations/Label.cs
 0.1 kb	 0.0% Packages/com.meta.xr.sdk.core/Scripts/ImmersiveDebugger/UserInterface/Generic/Controllers/Implementations/Image.cs
 0.1 kb	 0.0% Packages/com.meta.xr.sdk.core/Scripts/ImmersiveDebugger/UserInterface/Generic/Controllers/Implementations/Dropdown.cs
 0.1 kb	 0.0% Packages/com.meta.xr.sdk.core/Scripts/ImmersiveDebugger/UserInterface/Generic/Controllers/Implementations/Button.cs
 0.1 kb	 0.0% Packages/com.meta.xr.sdk.core/Scripts/ImmersiveDebugger/UserInterface/DebugPanel.cs
 0.1 kb	 0.0% Packages/com.meta.xr.sdk.core/Scripts/ImmersiveDebugger/UserInterface/ConsoleLine.cs
 0.1 kb	 0.0% Packages/com.meta.xr.sdk.core/Scripts/ImmersiveDebugger/Gizmos/GizmoRenderer.cs
 0.1 kb	 0.0% Packages/com.meta.xr.sdk.core/Scripts/ImmersiveDebugger/Gizmos/DebugGizmos/PolylineRenderer.cs
 0.1 kb	 0.0% Packages/com.meta.xr.sdk.core/Scripts/BuildingBlocks/MultiplayerBlocks/Shared/Colocation/ColocationPackage/Runtime/NetworkImpl/INetworkData.cs
 0.1 kb	 0.0% Packages/com.meta.xr.mrutilitykit/Core/Scripts/Extensions/Vector3Extensions.cs
 0.1 kb	 0.0% Packages/com.meta.xr.mrutilitykit/Core/Scripts/Extensions/Vector2Extensions.cs
 0.1 kb	 0.0% Packages/com.unity.xr.openxr/Runtime/OpenXRProjectValidation.cs
 0.1 kb	 0.0% Packages/com.unity.xr.openxr/Runtime/OpenXRLoaderNoPreInit.cs
 0.1 kb	 0.0% Packages/com.unity.xr.management/Runtime/XRManagerSettings.cs
 0.1 kb	 0.0% Packages/com.unity.xr.management/Runtime/XRGeneralSettings.cs
 0.1 kb	 0.0% Packages/com.unity.xr.legacyinputhelpers/Runtime/ArmModels/ArmModel.cs
 0.1 kb	 0.0% Packages/com.unity.xr.core-utils/Runtime/ScriptableSettingsBase.cs
 0.1 kb	 0.0% Packages/com.unity.xr.core-utils/Runtime/Extensions/MonoBehaviourExtensions.cs
 0.1 kb	 0.0% Packages/com.unity.xr.core-utils/Runtime/Datums/StringDatumProperty.cs
 0.1 kb	 0.0% Packages/com.unity.xr.core-utils/Runtime/Datums/FloatDatumProperty.cs
 0.1 kb	 0.0% Packages/com.unity.xr.core-utils/Runtime/Datums/AnimationCurveDatum.cs
 0.1 kb	 0.0% Packages/com.unity.ugui/Runtime/UGUI/EventSystem/UIElements/WorldDocumentRaycaster.cs
 0.1 kb	 0.0% Packages/com.unity.ugui/Runtime/UGUI/EventSystem/InputModules/StandaloneInputModule.cs
 0.1 kb	 0.0% Packages/com.unity.inputsystem/InputSystem/Runtime/Utilities/StringHelpers.cs
 0.1 kb	 0.0% Packages/com.unity.inputsystem/InputSystem/Runtime/Utilities/SpriteUtilities.cs
 0.1 kb	 0.0% Packages/com.unity.inputsystem/InputSystem/Runtime/Utilities/PrimitiveValue.cs
 0.1 kb	 0.0% Packages/com.unity.inputsystem/InputSystem/Runtime/Utilities/PredictiveParser.cs
 0.1 kb	 0.0% Packages/com.unity.inputsystem/InputSystem/Runtime/Utilities/NumberHelpers.cs
 0.1 kb	 0.0% Packages/com.unity.inputsystem/InputSystem/Runtime/Utilities/MemoryHelpers.cs
 0.1 kb	 0.0% Packages/com.unity.inputsystem/InputSystem/Runtime/Utilities/InternedString.cs
 0.1 kb	 0.0% Packages/com.unity.inputsystem/InputSystem/Runtime/Utilities/ExceptionHelpers.cs
 0.1 kb	 0.0% Packages/com.unity.inputsystem/InputSystem/Runtime/Utilities/DelegateHelpers.cs
 0.1 kb	 0.0% Packages/com.unity.inputsystem/InputSystem/Runtime/Plugins/iOS/iOSStepCounter.cs
 0.1 kb	 0.0% Packages/com.unity.inputsystem/InputSystem/Runtime/Plugins/XR/TrackedPoseDriver.cs
 0.1 kb	 0.0% Packages/com.unity.inputsystem/InputSystem/Runtime/Plugins/XR/Haptics/BufferedRumble.cs
 0.1 kb	 0.0% Packages/com.unity.inputsystem/InputSystem/Runtime/Plugins/UI/VirtualMouseInput.cs
 0.1 kb	 0.0% Packages/com.unity.inputsystem/InputSystem/Runtime/Plugins/UI/INavigationEventData.cs
 0.1 kb	 0.0% Packages/com.unity.inputsystem/InputSystem/Runtime/Plugins/UI/BaseInputOverride.cs
 0.1 kb	 0.0% Packages/com.unity.inputsystem/InputSystem/Runtime/Plugins/DualShock/DualShockSupport.cs
 0.1 kb	 0.0% Packages/com.unity.inputsystem/InputSystem/Runtime/Plugins/DualShock/DualShockGamepad.cs
 0.1 kb	 0.0% Packages/com.unity.inputsystem/InputSystem/Runtime/InputManager.LegacyFocusHandling.cs
 0.1 kb	 0.0% Packages/com.unity.inputsystem/InputSystem/Runtime/Controls/Processors/ScaleProcessor.cs
 0.1 kb	 0.0% Packages/com.unity.inputsystem/InputSystem/Runtime/Controls/Processors/InvertProcessor.cs
 0.1 kb	 0.0% Packages/com.unity.inputsystem/InputSystem/Runtime/Controls/Processors/ClampProcessor.cs
 0.1 kb	 0.0% Packages/com.unity.inputsystem/InputSystem/Runtime/Actions/Interactions/TapInteraction.cs
 0.1 kb	 0.0% Packages/com.unity.inputsystem/InputSystem/Runtime/Actions/Interactions/PressInteraction.cs
 0.1 kb	 0.0% Packages/com.unity.inputsystem/InputSystem/Runtime/Actions/Interactions/HoldInteraction.cs
 0.1 kb	 0.0% Packages/com.unity.inputsystem/InputSystem/Runtime/Actions/InputActionTrace.cs
 0.1 kb	 0.0% Packages/com.unity.inputsystem/InputSystem/Runtime/Actions/Composites/Vector3Composite.cs
 0.1 kb	 0.0% Packages/com.unity.inputsystem/InputSystem/Runtime/Actions/Composites/Vector2Composite.cs
 0.1 kb	 0.0% Packages/com.unity.inputsystem/InputSystem/Runtime/Actions/Composites/AxisComposite.cs
 0.1 kb	 0.0% Packages/com.unity.collections/Unity.Collections/UnsafeBitArray.cs
 0.1 kb	 0.0% Packages/com.unity.collections/Unity.Collections/UTF8ArrayUnsafeUtility.cs
 0.1 kb	 0.0% Packages/com.unity.collections/Unity.Collections/StreamCompressionModel.cs
 0.1 kb	 0.0% Packages/com.unity.collections/Unity.Collections/NativeArrayExtensions.cs
 0.1 kb	 0.0% Packages/com.unity.collections/Unity.Collections/FixedStringInternalMethods.cs
 0.1 kb	 0.0% Packages/com.unity.collections/Unity.Collections/FixedStringFormatMethods.gen.cs
 0.1 kb	 0.0% Packages/com.unity.cloud.gltfast/Runtime/Scripts/Newtonsoft/Schema/TextureExtensions.cs
 0.1 kb	 0.0% Packages/com.unity.cloud.gltfast/Runtime/Scripts/Newtonsoft/Schema/PbrMetallicRoughness.cs
 0.1 kb	 0.0% Packages/com.unity.cloud.gltfast/Runtime/Scripts/Newtonsoft/Schema/OcclusionTextureInfo.cs
 0.1 kb	 0.0% Packages/com.unity.cloud.gltfast/Runtime/Scripts/Newtonsoft/Schema/NormalTextureInfo.cs
 0.1 kb	 0.0% Packages/com.unity.cloud.gltfast/Runtime/Scripts/Newtonsoft/Schema/MaterialExtensions.cs
 0.1 kb	 0.0% Packages/com.unity.cloud.gltfast/Runtime/Scripts/Newtonsoft/Schema/CameraPerspective.cs
 0.1 kb	 0.0% Packages/com.unity.cloud.gltfast/Runtime/Scripts/Newtonsoft/Schema/CameraOrthographic.cs
 0.1 kb	 0.0% Packages/com.unity.cloud.gltfast/Runtime/Scripts/Newtonsoft/Schema/BufferViewExtensions.cs
 0.1 kb	 0.0% Packages/com.unity.cloud.gltfast/Runtime/Scripts/Newtonsoft/Schema/AccessorSparseValues.cs
 0.1 kb	 0.0% Packages/com.unity.cloud.gltfast/Runtime/Scripts/MaterialsVariants/MultiMaterialsVariantsSlotInstances.cs
 0.1 kb	 0.0% Packages/com.unity.cloud.gltfast/Runtime/Scripts/ImportAddons/ImportAddonInstanceCollection.cs
 0.1 kb	 0.0% Packages/com.unity.cloud.gltfast/Runtime/Scripts/ImportAddons/IPostBeginSceneInstanceApplier.cs
 0.1 kb	 0.0% Packages/com.unity.cloud.gltfast/Runtime/Scripts/Export/StandardMaterialExportBase.cs
 0.1 kb	 0.0% Packages/com.unity.cloud.gltfast/Runtime/Scripts/Export/MetaMaterialExportBuiltIn.cs
 0.1 kb	 0.0% Packages/com.unity.cloud.gltfast/Runtime/Scripts/Export/GltfUnlitMaterialExporter.cs
 0.1 kb	 0.0% Packages/com.unity.cloud.gltfast/Runtime/DocExamples/SimpleExport.cs
 0.1 kb	 0.0% Packages/com.unity.cloud.gltfast/Runtime/DocExamples/ExtraData.cs
 0.1 kb	 0.0% Packages/com.unity.burst/Runtime/CompilerServices/SkipLocalsInitAttribute.cs
 0.1 kb	 0.0% Packages/com.unity.burst/Runtime/CompilerServices/IgnoreWarningAttribute.cs
 0.1 kb	 0.0% Packages/com.unity.ai.navigation/Runtime/NavMeshModifierVolume.cs
 0.1 kb	 0.0% Packages/com.meta.xr.sdk.core/Scripts/Util/SampleMetadata/SampleTelemetryEvents.cs
 0.1 kb	 0.0% Packages/com.meta.xr.sdk.core/Scripts/ImmersiveDebugger/UserInterface/Resources/Styles/LayoutStyles/SliderBackground.asset
 0.1 kb	 0.0% Packages/com.meta.xr.sdk.core/Scripts/ImmersiveDebugger/UserInterface/Resources/Styles/LayoutStyles/PanelScrollView.asset
 0.1 kb	 0.0% Packages/com.meta.xr.sdk.core/Scripts/ImmersiveDebugger/UserInterface/Resources/Styles/LayoutStyles/MiniCounterValue.asset
 0.1 kb	 0.0% Packages/com.meta.xr.sdk.core/Scripts/ImmersiveDebugger/UserInterface/Resources/Styles/LayoutStyles/MemberValueFlex.asset
 0.1 kb	 0.0% Packages/com.meta.xr.sdk.core/Scripts/ImmersiveDebugger/UserInterface/Resources/Styles/LayoutStyles/MemberDescriptor.asset
 0.1 kb	 0.0% Packages/com.meta.xr.sdk.core/Scripts/ImmersiveDebugger/UserInterface/Resources/Styles/LayoutStyles/LogsScrollView.asset
 0.1 kb	 0.0% Packages/com.meta.xr.sdk.core/Scripts/ImmersiveDebugger/UserInterface/Resources/Styles/LayoutStyles/InspectorTitle.asset
 0.1 kb	 0.0% Packages/com.meta.xr.sdk.core/Scripts/ImmersiveDebugger/UserInterface/Resources/Styles/LayoutStyles/InspectorPanel.asset
 0.1 kb	 0.0% Packages/com.meta.xr.sdk.core/Scripts/ImmersiveDebugger/UserInterface/Resources/Styles/LayoutStyles/InspectorFoldout.asset
 0.1 kb	 0.0% Packages/com.meta.xr.sdk.core/Scripts/ImmersiveDebugger/UserInterface/Resources/Styles/LayoutStyles/InspectorFlex.asset
 0.1 kb	 0.0% Packages/com.meta.xr.sdk.core/Scripts/ImmersiveDebugger/UserInterface/Resources/Styles/LayoutStyles/InspectorDivFlex.asset
 0.1 kb	 0.0% Packages/com.meta.xr.sdk.core/Scripts/ImmersiveDebugger/UserInterface/Resources/Styles/LayoutStyles/FillWithMargin.asset
 0.1 kb	 0.0% Packages/com.meta.xr.sdk.core/Scripts/ImmersiveDebugger/UserInterface/Resources/Styles/LayoutStyles/ConsoleLineLabel.asset
 0.1 kb	 0.0% Packages/com.meta.xr.sdk.core/Scripts/ImmersiveDebugger/UserInterface/Resources/Styles/LayoutStyles/ConsoleLineFlex.asset
 0.1 kb	 0.0% Packages/com.meta.xr.sdk.core/Scripts/ImmersiveDebugger/UserInterface/Resources/Styles/LayoutStyles/ConsoleButtons.asset
 0.1 kb	 0.0% Packages/com.meta.xr.sdk.core/Scripts/ImmersiveDebugger/UserInterface/Resources/Styles/LayoutStyles/ConsoleButton.asset
 0.1 kb	 0.0% Packages/com.meta.xr.sdk.core/Scripts/ImmersiveDebugger/UserInterface/Resources/Styles/LayoutStyles/CategorySubLabel.asset
 0.1 kb	 0.0% Packages/com.meta.xr.sdk.core/Scripts/ImmersiveDebugger/UserInterface/Resources/Styles/LayoutStyles/CategoryLabel.asset
 0.1 kb	 0.0% Packages/com.meta.xr.sdk.core/Scripts/ImmersiveDebugger/UserInterface/Resources/Styles/LayoutStyles/CategoryButton.asset
 0.1 kb	 0.0% Packages/com.meta.xr.sdk.core/Scripts/ImmersiveDebugger/UserInterface/Resources/Styles/LayoutStyles/CategoriesDiv.asset
 0.1 kb	 0.0% Packages/com.meta.xr.sdk.core/Scripts/ImmersiveDebugger/UserInterface/Resources/Styles/ImageStyles/WarningIcon.asset
 0.1 kb	 0.0% Packages/com.meta.xr.sdk.core/Scripts/ImmersiveDebugger/UserInterface/Resources/Styles/ImageStyles/PillWarning.asset
 0.1 kb	 0.0% Packages/com.meta.xr.sdk.core/Scripts/ImmersiveDebugger/UserInterface/Resources/Styles/ImageStyles/PillError.asset
 0.1 kb	 0.0% Packages/com.meta.xr.sdk.core/Scripts/ImmersiveDebugger/UserInterface/Resources/Styles/ImageStyles/NoticeIcon.asset
 0.1 kb	 0.0% Packages/com.meta.xr.sdk.core/Scripts/ImmersiveDebugger/UserInterface/Resources/Styles/ImageStyles/MiniCounter.asset
 0.1 kb	 0.0% Packages/com.meta.xr.sdk.core/Scripts/ImmersiveDebugger/UserInterface/Resources/Styles/ImageStyles/FoldoutIcon.asset
 0.1 kb	 0.0% Packages/com.meta.xr.sdk.core/Scripts/ImmersiveDebugger/UserInterface/Resources/Styles/ImageStyles/ErrorIcon.asset
 0.1 kb	 0.0% Packages/com.meta.xr.sdk.core/Scripts/ImmersiveDebugger/RuntimeSettings.cs
 0.1 kb	 0.0% Packages/com.meta.xr.sdk.core/Scripts/ImmersiveDebugger/Managers/WatchManager.cs
 0.1 kb	 0.0% Packages/com.meta.xr.sdk.core/Scripts/ImmersiveDebugger/Managers/TweakManager.cs
 0.1 kb	 0.0% Packages/com.meta.xr.sdk.core/Scripts/ImmersiveDebugger/Managers/Hooks/GizmoHook.cs
 0.1 kb	 0.0% Packages/com.meta.xr.sdk.core/Scripts/ImmersiveDebugger/Managers/Hooks/ActionHook.cs
 0.1 kb	 0.0% Packages/com.meta.xr.sdk.core/Scripts/ImmersiveDebugger/Managers/GizmoManager.cs
 0.1 kb	 0.0% Packages/com.meta.xr.sdk.core/Scripts/ImmersiveDebugger/Managers/DebugManager.cs
 0.1 kb	 0.0% Packages/com.meta.xr.sdk.core/Scripts/ImmersiveDebugger/InspectedData/InspectedData.cs
 0.1 kb	 0.0% Packages/com.meta.xr.sdk.core/Scripts/ImmersiveDebugger/DebugInspector/DebugInspector.cs
 0.1 kb	 0.0% Packages/com.meta.xr.sdk.core/Scripts/BuildingBlocks/SharedSpatialAnchorCore/SharedSpatialAnchorErrorHandler.cs
 0.1 kb	 0.0% Packages/com.meta.xr.sdk.core/Scripts/BuildingBlocks/RoomMesh/RoomMeshController.cs
 0.1 kb	 0.0% Packages/com.meta.xr.sdk.core/Scripts/BuildingBlocks/AIBlocks/Tasks/IChatTask.cs
 0.1 kb	 0.0% Packages/com.meta.xr.sdk.core/Editor/OVRPlatformToolSettings.cs
 0.1 kb	 0.0% Packages/com.meta.xr.mrutilitykit/Core/Scripts/SceneDecorator/SceneDecoratorTypes.cs
 0.1 kb	 0.0% Packages/com.meta.xr.mrutilitykit/Core/Scripts/SceneDecorator/SceneDecorator.cs
 0.1 kb	 0.0% Packages/com.meta.xr.mrutilitykit/Core/Scripts/SceneDecorator/SceneDecoration.cs
 0.1 kb	 0.0% Packages/com.meta.xr.mrutilitykit/Core/Scripts/SceneDecorator/Modifier/ScaleModifier.cs
 0.1 kb	 0.0% Packages/com.meta.xr.mrutilitykit/Core/Scripts/SceneDecorator/Modifier/RotationModifier.cs
 0.1 kb	 0.0% Packages/com.meta.xr.mrutilitykit/Core/Scripts/SceneDecorator/Masks/StochasticMask.cs
 0.1 kb	 0.0% Packages/com.meta.xr.mrutilitykit/Core/Scripts/SceneDecorator/Masks/SpaceMapGPUMask.cs
 0.1 kb	 0.0% Packages/com.meta.xr.mrutilitykit/Core/Scripts/SceneDecorator/Masks/SimplexNoiseMask.cs
 0.1 kb	 0.0% Packages/com.meta.xr.mrutilitykit/Core/Scripts/SceneDecorator/Masks/RayDistanceMask.cs
 0.1 kb	 0.0% Packages/com.meta.xr.mrutilitykit/Core/Scripts/SceneDecorator/Masks/NotInsideMask.cs
 0.1 kb	 0.0% Packages/com.meta.xr.mrutilitykit/Core/Scripts/SceneDecorator/Masks/CompositeMaskMul.cs
 0.1 kb	 0.0% Packages/com.meta.xr.mrutilitykit/Core/Scripts/SceneDecorator/Masks/CompositeMaskMin.cs
 0.1 kb	 0.0% Packages/com.meta.xr.mrutilitykit/Core/Scripts/SceneDecorator/Masks/CompositeMaskMax.cs
 0.1 kb	 0.0% Packages/com.meta.xr.mrutilitykit/Core/Scripts/SceneDecorator/Masks/CompositeMaskAvg.cs
 0.1 kb	 0.0% Packages/com.meta.xr.mrutilitykit/Core/Scripts/SceneDecorator/Masks/CompositeMaskAdd.cs
 0.1 kb	 0.0% Packages/com.meta.xr.mrutilitykit/Core/Scripts/SceneDecorator/Editor/ModifierEditor.cs
 0.1 kb	 0.0% Packages/com.meta.xr.mrutilitykit/Core/Scripts/SceneDecorator/Distributions/GridDistribution.cs
 0.1 kb	 0.0% Packages/com.meta.xr.mrutilitykit/Core/Scripts/ImmersiveSceneDebugger.cs
 0.1 kb	 0.0% Packages/com.meta.xr.mrutilitykit/Core/Scripts/BuildingBlocks/InstantContentPlacement/Scripts/PointAndLocate.cs
 0.1 kb	 0.0% Packages/com.meta.xr.mrutilitykit/Core/Scripts/BuildingBlocks/InstantContentPlacement/Scripts/PlaceWithAnchor.cs
 0.1 kb	 0.0% Packages/com.meta.xr.mrutilitykit/Core/Scripts/BuildingBlocks/InstantContentPlacement/Scripts/GrabAndLocate.cs
 0.1 kb	 0.0% Packages/com.meta.xr.mrutilitykit/Core/Scripts/BuildingBlocks/EffectMesh/Scripts/EffectMeshEvent.cs
 0.1 kb	 0.0% Assets/Milzet/StartupSource/Project/Scripts/Timeline/Tracks/UICanvas/UICanvasTrack.cs
 0.1 kb	 0.0% Packages/com.unity.xr.core-utils/Runtime/Attributes/EnumDisplayAttribute.cs
 0.1 kb	 0.0% Packages/com.unity.ugui/Runtime/TMP/TMP_ScrollbarEventHandler.cs
 0.1 kb	 0.0% Packages/com.unity.ugui/Runtime/TMP/TMP_PackageResourceImporter.cs
 0.1 kb	 0.0% Packages/com.unity.ugui/Runtime/InternalBridge/ObjectUtilsBridge.cs
 0.1 kb	 0.0% Packages/com.unity.timeline/Runtime/Utilities/TimelineCreateUtilities.cs
 0.1 kb	 0.0% Packages/com.unity.timeline/Runtime/Utilities/TimelineClipExtensions.cs
 0.1 kb	 0.0% Packages/com.unity.timeline/Runtime/Utilities/NotificationUtilities.cs
 0.1 kb	 0.0% Packages/com.unity.timeline/Runtime/Playables/PrefabControlPlayable.cs
 0.1 kb	 0.0% Packages/com.unity.timeline/Runtime/Playables/ParticleControlPlayable.cs
 0.1 kb	 0.0% Packages/com.unity.timeline/Runtime/Playables/DirectorControlPlayable.cs
 0.1 kb	 0.0% Packages/com.unity.timeline/Runtime/Events/Signals/CustomSignalEventDrawer.cs
 0.1 kb	 0.0% Packages/com.unity.timeline/Runtime/Attributes/TimelineHelpURLAttribute.cs
 0.1 kb	 0.0% Packages/com.unity.timeline/Runtime/Animation/AnimationPlayableAsset.cs
 0.1 kb	 0.0% Packages/com.unity.timeline/Runtime/Activation/ActivationPlayableAsset.cs
 0.1 kb	 0.0% Packages/com.unity.timeline/Runtime/Activation/ActivationMixerPlayable.cs
 0.1 kb	 0.0% Packages/com.unity.mathematics/Unity.Mathematics/PropertyAttributes.cs
 0.1 kb	 0.0% Packages/com.unity.inputsystem/InputSystem/Runtime/State/InputStateBlock.cs
 0.1 kb	 0.0% Packages/com.unity.inputsystem/InputSystem/Runtime/Plugins/XInput/XboxGamepadMacOS.cs
 0.1 kb	 0.0% Packages/com.unity.inputsystem/InputSystem/Runtime/Plugins/XInput/XInputSupport.cs
 0.1 kb	 0.0% Packages/com.unity.inputsystem/InputSystem/Runtime/Plugins/XInput/XInputController.cs
 0.1 kb	 0.0% Packages/com.unity.inputsystem/InputSystem/Runtime/Plugins/XInput/IXboxOneRumble.cs
 0.1 kb	 0.0% Packages/com.unity.inputsystem/InputSystem/Runtime/Plugins/WebGL/WebGLJoystick.cs
 0.1 kb	 0.0% Packages/com.unity.inputsystem/InputSystem/Runtime/Plugins/Switch/SwitchSupportHID.cs
 0.1 kb	 0.0% Packages/com.unity.inputsystem/InputSystem/Runtime/Plugins/PlayerInput/PlayerInputManager.cs
 0.1 kb	 0.0% Packages/com.unity.inputsystem/InputSystem/Runtime/Plugins/PlayerInput/DefaultInputActions.cs
 0.1 kb	 0.0% Packages/com.unity.inputsystem/InputSystem/Runtime/Plugins/OnScreen/OnScreenSupport.cs
 0.1 kb	 0.0% Packages/com.unity.inputsystem/InputSystem/Runtime/Plugins/OnScreen/OnScreenStick.cs
 0.1 kb	 0.0% Packages/com.unity.inputsystem/InputSystem/Runtime/Plugins/OnScreen/OnScreenControl.cs
 0.1 kb	 0.0% Packages/com.unity.inputsystem/InputSystem/Runtime/Plugins/OnScreen/OnScreenButton.cs
 0.1 kb	 0.0% Packages/com.unity.inputsystem/InputSystem/Runtime/Plugins/Linux/SDLDeviceBuilder.cs
 0.1 kb	 0.0% Packages/com.unity.inputsystem/InputSystem/Runtime/Plugins/EnhancedTouch/TouchHistory.cs
 0.1 kb	 0.0% Packages/com.unity.inputsystem/InputSystem/Runtime/Plugins/Android/AndroidSupport.cs
 0.1 kb	 0.0% Packages/com.unity.inputsystem/InputSystem/Runtime/InputSystemTestHooks.cs
 0.1 kb	 0.0% Packages/com.unity.inputsystem/InputSystem/Runtime/InputFeatureNames.cs
 0.1 kb	 0.0% Packages/com.unity.inputsystem/InputSystem/Runtime/IInputRuntime.cs
 0.1 kb	 0.0% Packages/com.unity.inputsystem/InputSystem/Runtime/IInputDiagnostics.cs
 0.1 kb	 0.0% Packages/com.unity.inputsystem/InputSystem/Runtime/Events/InputEventTrace.cs
 0.1 kb	 0.0% Packages/com.unity.inputsystem/InputSystem/Runtime/Events/InputEventStream.cs
 0.1 kb	 0.0% Packages/com.unity.inputsystem/InputSystem/Runtime/Events/InputEventPtr.cs
 0.1 kb	 0.0% Packages/com.unity.inputsystem/InputSystem/Runtime/Events/InputEventBuffer.cs
 0.1 kb	 0.0% Packages/com.unity.inputsystem/InputSystem/Runtime/Events/DeviceResetEvent.cs
 0.1 kb	 0.0% Packages/com.unity.inputsystem/InputSystem/Runtime/Events/DeltaStateEvent.cs
 0.1 kb	 0.0% Packages/com.unity.inputsystem/InputSystem/Runtime/Devices/Haptics/IDualMotorRumble.cs
 0.1 kb	 0.0% Packages/com.unity.inputsystem/InputSystem/Runtime/Devices/Haptics/DualMotorRumble.cs
 0.1 kb	 0.0% Packages/com.unity.inputsystem/InputSystem/Runtime/Controls/Vector3Control.cs
 0.1 kb	 0.0% Packages/com.unity.inputsystem/InputSystem/Runtime/Controls/Vector2Control.cs
 0.1 kb	 0.0% Packages/com.unity.inputsystem/InputSystem/Runtime/Controls/IntegerControl.cs
 0.1 kb	 0.0% Packages/com.unity.inputsystem/InputSystem/Runtime/Controls/DoubleControl.cs
 0.1 kb	 0.0% Packages/com.unity.inputsystem/InputSystem/Runtime/Controls/ButtonControl.cs
 0.1 kb	 0.0% Packages/com.unity.inputsystem/InputSystem/Runtime/Controls/AnyKeyControl.cs
 0.1 kb	 0.0% Packages/com.unity.inputsystem/InputSystem/Runtime/Actions/InputControlScheme.cs
 0.1 kb	 0.0% Packages/com.unity.inputsystem/InputSystem/Runtime/Actions/InputBindingResolver.cs
 0.1 kb	 0.0% Packages/com.unity.inputsystem/InputSystem/Runtime/Actions/InputActionReference.cs
 0.1 kb	 0.0% Packages/com.unity.inputsystem/InputSystem/Runtime/Actions/InputActionProperty.cs
 0.1 kb	 0.0% Packages/com.unity.inputsystem/InputSystem/Runtime/Actions/IInputInteraction.cs
 0.1 kb	 0.0% Packages/com.unity.inputsystem/InputSystem/Editor/UITKAssetEditor/Views/PropertiesView.cs
 0.1 kb	 0.0% Packages/com.unity.inputsystem/InputSystem/Editor/UITKAssetEditor/Views/DropManipulator.cs
 0.1 kb	 0.0% Packages/com.unity.inputsystem/InputSystem/Editor/UITKAssetEditor/Views/CopyPasteHelper.cs
 0.1 kb	 0.0% Packages/com.unity.inputsystem/InputSystem/Editor/UITKAssetEditor/Views/ActionsTreeView.cs
 0.1 kb	 0.0% Packages/com.unity.inputsystem/InputSystem/Editor/UITKAssetEditor/Views/ActionMapsView.cs
 0.1 kb	 0.0% Packages/com.unity.inputsystem/InputSystem/Editor/UITKAssetEditor/StateContainer.cs
 0.1 kb	 0.0% Packages/com.unity.inputsystem/InputSystem/Editor/UITKAssetEditor/ExpressionUtils.cs
 0.1 kb	 0.0% Packages/com.unity.inputsystem/InputSystem/Editor/Plugins/iOS/iOSPostProcessBuild.cs
 0.1 kb	 0.0% Packages/com.unity.inputsystem/InputSystem/Editor/Plugins/UnityRemote/UnityRemoteSupport.cs
 0.1 kb	 0.0% Packages/com.unity.inputsystem/InputSystem/Editor/Internal/TreeViewHelpers.cs
 0.1 kb	 0.0% Packages/com.unity.inputsystem/InputSystem/Editor/Internal/InputStateWindow.cs
 0.1 kb	 0.0% Packages/com.unity.inputsystem/InputSystem/Editor/Internal/EditorHelpers.cs
 0.1 kb	 0.0% Packages/com.unity.inputsystem/InputSystem/Editor/Internal/AdvancedDropdown/AdvancedDropdown.cs
 0.1 kb	 0.0% Packages/com.unity.inputsystem/InputSystem/Editor/InputSystemObject.cs
 0.1 kb	 0.0% Packages/com.unity.inputsystem/InputSystem/Editor/InputDiagnostics.cs
 0.1 kb	 0.0% Packages/com.unity.collections/Unity.Collections/UnsafeList.cs
 0.1 kb	 0.0% Packages/com.unity.collections/Unity.Collections/FixedStringParseMethods.cs
 0.1 kb	 0.0% Packages/com.unity.collections/Unity.Collections/FixedStringAppendMethods.cs
 0.1 kb	 0.0% Packages/com.unity.cloud.gltfast/Runtime/Scripts/Schema/MaterialsVariantsExtension.cs
 0.1 kb	 0.0% Packages/com.unity.cloud.gltfast/Runtime/Scripts/Export/VertexAttributeUsage.cs
 0.1 kb	 0.0% Packages/com.unity.cloud.gltfast/Runtime/Scripts/Animations/IAnimationProcessorFactory.cs
 0.1 kb	 0.0% Packages/com.meta.xr.sdk.core/Scripts/Util/OVRMixedRealityCaptureConfiguration.cs
 0.1 kb	 0.0% Packages/com.meta.xr.sdk.core/Scripts/OpenXRFeatures/MetaXREyeTrackedFoveationFeature.cs
 0.1 kb	 0.0% Packages/com.meta.xr.sdk.core/Scripts/OVRVirtualKeyboard/OVRVirtualKeyboardSampleWPMPrompt.cs
 0.1 kb	 0.0% Packages/com.meta.xr.sdk.core/Scripts/OVRVirtualKeyboard/OVRVirtualKeyboardSampleInputHandler.cs
 0.1 kb	 0.0% Packages/com.meta.xr.sdk.core/Scripts/OVRVirtualKeyboard/OVRVirtualKeyboardHandInputHandler.cs
 0.1 kb	 0.0% Packages/com.meta.xr.sdk.core/Scripts/Movement/OVRUnityHumanoidSkeletonRetargeter.cs
 0.1 kb	 0.0% Packages/com.meta.xr.sdk.core/Scripts/Movement/OVRHumanBodyBonesMappingsInterface.cs
 0.1 kb	 0.0% Packages/com.meta.xr.sdk.core/Scripts/ImmersiveDebugger/UserInterface/Values.cs
 0.1 kb	 0.0% Packages/com.meta.xr.sdk.core/Scripts/ImmersiveDebugger/UserInterface/Value.cs
 0.1 kb	 0.0% Packages/com.meta.xr.sdk.core/Scripts/ImmersiveDebugger/UserInterface/Utils/Utils.cs
 0.1 kb	 0.0% Packages/com.meta.xr.sdk.core/Scripts/ImmersiveDebugger/UserInterface/Resources/Styles/LayoutStyles/TextureValue.asset
 0.1 kb	 0.0% Packages/com.meta.xr.sdk.core/Scripts/ImmersiveDebugger/UserInterface/Resources/Styles/LayoutStyles/SliderPill.asset
 0.1 kb	 0.0% Packages/com.meta.xr.sdk.core/Scripts/ImmersiveDebugger/UserInterface/Resources/Styles/LayoutStyles/SliderFill.asset
 0.1 kb	 0.0% Packages/com.meta.xr.sdk.core/Scripts/ImmersiveDebugger/UserInterface/Resources/Styles/LayoutStyles/PillVertical.asset
 0.1 kb	 0.0% Packages/com.meta.xr.sdk.core/Scripts/ImmersiveDebugger/UserInterface/Resources/Styles/LayoutStyles/PanelTitle.asset
 0.1 kb	 0.0% Packages/com.meta.xr.sdk.core/Scripts/ImmersiveDebugger/UserInterface/Resources/Styles/LayoutStyles/PanelButton.asset
 0.1 kb	 0.0% Packages/com.meta.xr.sdk.core/Scripts/ImmersiveDebugger/UserInterface/Resources/Styles/LayoutStyles/MiniCounter.asset
 0.1 kb	 0.0% Packages/com.meta.xr.sdk.core/Scripts/ImmersiveDebugger/UserInterface/Resources/Styles/LayoutStyles/MiniButtons.asset
 0.1 kb	 0.0% Packages/com.meta.xr.sdk.core/Scripts/ImmersiveDebugger/UserInterface/Resources/Styles/LayoutStyles/MiniButton.asset
 0.1 kb	 0.0% Packages/com.meta.xr.sdk.core/Scripts/ImmersiveDebugger/UserInterface/Resources/Styles/LayoutStyles/MemberValue.asset
 0.1 kb	 0.0% Packages/com.meta.xr.sdk.core/Scripts/ImmersiveDebugger/UserInterface/Resources/Styles/LayoutStyles/MemberTitle.asset
 0.1 kb	 0.0% Packages/com.meta.xr.sdk.core/Scripts/ImmersiveDebugger/UserInterface/Resources/Styles/LayoutStyles/MemberSlider.asset
 0.1 kb	 0.0% Packages/com.meta.xr.sdk.core/Scripts/ImmersiveDebugger/UserInterface/Resources/Styles/LayoutStyles/MemberFlex.asset
 0.1 kb	 0.0% Packages/com.meta.xr.sdk.core/Scripts/ImmersiveDebugger/UserInterface/Resources/Styles/LayoutStyles/MemberButton.asset
 0.1 kb	 0.0% Packages/com.meta.xr.sdk.core/Scripts/ImmersiveDebugger/UserInterface/Resources/Styles/LayoutStyles/MemberAction.asset
 0.1 kb	 0.0% Packages/com.meta.xr.sdk.core/Scripts/ImmersiveDebugger/UserInterface/Resources/Styles/LayoutStyles/Interface.asset
 0.1 kb	 0.0% Packages/com.meta.xr.sdk.core/Scripts/ImmersiveDebugger/UserInterface/Resources/Styles/LayoutStyles/Inspector.asset
 0.1 kb	 0.0% Packages/com.meta.xr.sdk.core/Scripts/ImmersiveDebugger/UserInterface/Resources/Styles/LayoutStyles/HierarchyDiv.asset
 0.1 kb	 0.0% Packages/com.meta.xr.sdk.core/Scripts/ImmersiveDebugger/UserInterface/Resources/Styles/LayoutStyles/DynamicSpace.asset
 0.1 kb	 0.0% Packages/com.meta.xr.sdk.core/Scripts/ImmersiveDebugger/UserInterface/Resources/Styles/LayoutStyles/ConsolePanel.asset
 0.1 kb	 0.0% Packages/com.meta.xr.sdk.core/Scripts/ImmersiveDebugger/UserInterface/Resources/Styles/LayoutStyles/ConsoleLogs.asset
 0.1 kb	 0.0% Packages/com.meta.xr.sdk.core/Scripts/ImmersiveDebugger/UserInterface/Resources/Styles/LayoutStyles/ConsoleLine.asset
 0.1 kb	 0.0% Packages/com.meta.xr.sdk.core/Scripts/ImmersiveDebugger/UserInterface/Resources/Styles/LayoutStyles/ConsoleFlex.asset
 0.1 kb	 0.0% Packages/com.meta.xr.sdk.core/Scripts/ImmersiveDebugger/UserInterface/Resources/Styles/LayoutStyles/CloseButton.asset
 0.1 kb	 0.0% Packages/com.meta.xr.sdk.core/Scripts/ImmersiveDebugger/UserInterface/Resources/Styles/ImageStyles/PillInfo.asset
 0.1 kb	 0.0% Packages/com.meta.xr.sdk.core/Scripts/ImmersiveDebugger/UserInterface/Resources/Styles/ImageStyles/Default.asset
 0.1 kb	 0.0% Packages/com.meta.xr.sdk.core/Scripts/ImmersiveDebugger/UserInterface/Resources/Styles/ImageStyles/BinIcon.asset
 0.1 kb	 0.0% Packages/com.meta.xr.sdk.core/Scripts/ImmersiveDebugger/UserInterface/Member.cs
 0.1 kb	 0.0% Packages/com.meta.xr.sdk.core/Scripts/ImmersiveDebugger/UserInterface/LogEntry.cs
 0.1 kb	 0.0% Packages/com.meta.xr.sdk.core/Scripts/ImmersiveDebugger/UserInterface/Generic/Controllers/Implementations/Icon.cs
 0.1 kb	 0.0% Packages/com.meta.xr.sdk.core/Scripts/ImmersiveDebugger/UserInterface/Generic/Controllers/Implementations/Flex.cs
 0.1 kb	 0.0% Packages/com.meta.xr.sdk.core/Scripts/ImmersiveDebugger/UserInterface/DebugBar.cs
 0.1 kb	 0.0% Packages/com.meta.xr.sdk.core/Scripts/ImmersiveDebugger/UserInterface/Console.cs
 0.1 kb	 0.0% Packages/com.meta.xr.sdk.core/Scripts/ImmersiveDebugger/Gizmos/DebugGizmos/DebugGizmos.cs
 0.1 kb	 0.0% Packages/com.meta.xr.sdk.core/Scripts/BuildingBlocks/MultiplayerBlocks/Shared/Colocation/ColocationPackage/Runtime/Utils/Logger.cs
 0.1 kb	 0.0% Packages/com.meta.xr.sdk.core/Scripts/BuildingBlocks/MultiplayerBlocks/Shared/Colocation/ColocationPackage/Runtime/NetworkImpl/Player.cs
 0.1 kb	 0.0% Packages/com.meta.xr.sdk.core/Scripts/BuildingBlocks/MultiplayerBlocks/Shared/Colocation/ColocationPackage/Runtime/NetworkImpl/Anchor.cs
 0.1 kb	 0.0% Packages/com.meta.xr.mrutilitykit/Core/Scripts/EnvironmentRaycastManager.cs
 0.1 kb	 0.0% Packages/com.unity.xr.openxr/Runtime/WaitForRestartFinish.cs
 0.1 kb	 0.0% Packages/com.unity.xr.openxr/Runtime/OpenXRUnityAPI.cs
 0.1 kb	 0.0% Packages/com.unity.xr.openxr/Runtime/OpenXRDiagnosticReport.cs
 0.1 kb	 0.0% Packages/com.unity.xr.openxr/Runtime/Features/SpaceWarpFeature.cs
 0.1 kb	 0.0% Packages/com.unity.xr.openxr/Runtime/Features/OpenXRFeature.cs
 0.1 kb	 0.0% Packages/com.unity.xr.management/Runtime/XRLoaderHelper.cs
 0.1 kb	 0.0% Packages/com.unity.xr.management/Runtime/IXRLoaderPreInit.cs
 0.1 kb	 0.0% Packages/com.unity.xr.core-utils/Runtime/SerializableGuidUtil.cs
 0.1 kb	 0.0% Packages/com.unity.xr.core-utils/Runtime/OnDestroyNotifier.cs
 0.1 kb	 0.0% Packages/com.unity.xr.core-utils/Runtime/Extensions/Vector3Extensions.cs
 0.1 kb	 0.0% Packages/com.unity.xr.core-utils/Runtime/Extensions/Vector2Extensions.cs
 0.1 kb	 0.0% Packages/com.unity.xr.core-utils/Runtime/Extensions/TransformExtensions.cs
 0.1 kb	 0.0% Packages/com.unity.xr.core-utils/Runtime/Extensions/StopwatchExtensions.cs
 0.1 kb	 0.0% Packages/com.unity.xr.core-utils/Runtime/Extensions/QuaternionExtensions.cs
 0.1 kb	 0.0% Packages/com.unity.xr.core-utils/Runtime/Extensions/LayerMaskExtensions.cs
 0.1 kb	 0.0% Packages/com.unity.xr.core-utils/Runtime/Extensions/HashSetExtensions.cs
 0.1 kb	 0.0% Packages/com.unity.xr.core-utils/Runtime/Extensions/GameObjectExtensions.cs
 0.1 kb	 0.0% Packages/com.unity.xr.core-utils/Runtime/Extensions/DictionaryExtensions.cs
 0.1 kb	 0.0% Packages/com.unity.xr.core-utils/Runtime/Extensions/CollectionExtensions.cs
 0.1 kb	 0.0% Packages/com.unity.xr.core-utils/Runtime/Datums/IntDatumProperty.cs
 0.1 kb	 0.0% Packages/com.unity.xr.core-utils/Runtime/Bindings/IEventBinding.cs
 0.1 kb	 0.0% Packages/com.unity.xr.core-utils/Runtime/Bindings/BindingsGroup.cs
 0.1 kb	 0.0% Packages/com.unity.xr.core-utils/Runtime/Attributes/ReadOnlyAttribute.cs
 0.1 kb	 0.0% Packages/com.unity.ugui/Runtime/UGUI/UI/Core/Utility/ReflectionMethodsCache.cs
 0.1 kb	 0.0% Packages/com.unity.ugui/Runtime/UGUI/UI/Core/MultipleDisplayUtilities.cs
 0.1 kb	 0.0% Packages/com.unity.ugui/Runtime/UGUI/UI/Core/Layout/HorizontalLayoutGroup.cs
 0.1 kb	 0.0% Packages/com.unity.ugui/Runtime/UGUI/UI/Core/IGraphicEnabledDisabled.cs
 0.1 kb	 0.0% Packages/com.unity.ugui/Runtime/UGUI/UI/Core/GraphicRebuildTracker.cs
 0.1 kb	 0.0% Packages/com.unity.ugui/Runtime/UGUI/UI/Core/Culling/RectangularVertexClipper.cs
 0.1 kb	 0.0% Packages/com.unity.ugui/Runtime/UGUI/EventSystem/UIElements/PanelEventHandler.cs
 0.1 kb	 0.0% Packages/com.unity.ugui/Runtime/UGUI/EventSystem/Raycasters/Physics2DRaycaster.cs
 0.1 kb	 0.0% Packages/com.unity.ugui/Runtime/UGUI/EventSystem/InputModules/PointerInputModule.cs
 0.1 kb	 0.0% Packages/com.unity.timeline/Runtime/TimelinePlayable_Animation.cs
 0.1 kb	 0.0% Packages/com.unity.timeline/Runtime/TimelineAttributes.cs
 0.1 kb	 0.0% Packages/com.unity.timeline/Runtime/Playables/BasicScriptPlayable.cs
 0.1 kb	 0.0% Packages/com.unity.inputsystem/InputSystem/Runtime/Utilities/TypeTable.cs
 0.1 kb	 0.0% Packages/com.unity.inputsystem/InputSystem/Runtime/Utilities/TypeHelpers.cs
 0.1 kb	 0.0% Packages/com.unity.inputsystem/InputSystem/Runtime/Utilities/Substring.cs
 0.1 kb	 0.0% Packages/com.unity.inputsystem/InputSystem/Runtime/Utilities/SavedState.cs
 0.1 kb	 0.0% Packages/com.unity.inputsystem/InputSystem/Runtime/Utilities/Observables/Observable.cs
 0.1 kb	 0.0% Packages/com.unity.inputsystem/InputSystem/Runtime/Utilities/NamedValue.cs
 0.1 kb	 0.0% Packages/com.unity.inputsystem/InputSystem/Runtime/Utilities/MiscHelpers.cs
 0.1 kb	 0.0% Packages/com.unity.inputsystem/InputSystem/Runtime/Utilities/JsonParser.cs
 0.1 kb	 0.0% Packages/com.unity.inputsystem/InputSystem/Runtime/Utilities/ArrayHelpers.cs
 0.1 kb	 0.0% Packages/com.unity.inputsystem/InputSystem/Runtime/Plugins/iOS/InputSettingsiOS.cs
 0.1 kb	 0.0% Packages/com.unity.inputsystem/InputSystem/Runtime/Plugins/XR/XRLayoutBuilder.cs
 0.1 kb	 0.0% Packages/com.unity.inputsystem/InputSystem/Runtime/Plugins/UI/NavigationModel.cs
 0.1 kb	 0.0% Packages/com.unity.inputsystem/InputSystem/Runtime/InputUpdateType.cs
 0.1 kb	 0.0% Packages/com.unity.collections/Unity.Collections/UnsafeText.cs
 0.1 kb	 0.0% Packages/com.unity.collections/Unity.Collections/UnsafeStream.cs
 0.1 kb	 0.0% Packages/com.unity.collections/Unity.Collections/RewindableAllocator.cs
 0.1 kb	 0.0% Packages/com.unity.collections/Unity.Collections/FixedStringMethods.cs
 0.1 kb	 0.0% Packages/com.unity.collections/Unity.Collections/AutoFreeAllocator.cs
 0.1 kb	 0.0% Packages/com.unity.cloud.gltfast/Runtime/Scripts/UninterruptedDefaultDeferAgent.cs
 0.1 kb	 0.0% Packages/com.unity.cloud.gltfast/Runtime/Scripts/Newtonsoft/Schema/UnclassifiedData.cs
 0.1 kb	 0.0% Packages/com.unity.cloud.gltfast/Runtime/Scripts/Newtonsoft/Schema/RootExtensions.cs
 0.1 kb	 0.0% Packages/com.unity.cloud.gltfast/Runtime/Scripts/Newtonsoft/Schema/NodeExtensions.cs
 0.1 kb	 0.0% Packages/com.unity.cloud.gltfast/Runtime/Scripts/Newtonsoft/Schema/MeshPrimitive.cs
 0.1 kb	 0.0% Packages/com.unity.cloud.gltfast/Runtime/Scripts/Newtonsoft/Schema/AnimationSampler.cs
 0.1 kb	 0.0% Packages/com.unity.cloud.gltfast/Runtime/Scripts/Newtonsoft/Schema/AnimationChannel.cs
 0.1 kb	 0.0% Packages/com.unity.cloud.gltfast/Runtime/Scripts/Newtonsoft/Schema/AccessorSparse.cs
 0.1 kb	 0.0% Packages/com.unity.cloud.gltfast/Runtime/Scripts/MaterialsVariants/MaterialsVariantsSlotInstances.cs
 0.1 kb	 0.0% Packages/com.unity.cloud.gltfast/Runtime/Scripts/MaterialsVariants/IMaterialsVariantsSlotInstance.cs
 0.1 kb	 0.0% Packages/com.unity.cloud.gltfast/Runtime/Scripts/Loading/CustomHeaderDownloadProvider.cs
 0.1 kb	 0.0% Packages/com.unity.cloud.gltfast/Runtime/Scripts/ImportAddons/IDataInstanceApplierFactory.cs
 0.1 kb	 0.0% Packages/com.unity.cloud.gltfast/Runtime/Scripts/Export/StandardMaterialExport.cs
 0.1 kb	 0.0% Packages/com.unity.cloud.gltfast/Runtime/Scripts/Export/MeshMaterialCombination.cs
 0.1 kb	 0.0% Packages/com.unity.cloud.gltfast/Runtime/Scripts/Export/GameObjectExportSettings.cs
 0.1 kb	 0.0% Packages/com.unity.burst/Runtime/CompilerServices/AssumeRangeAttribute.cs
 0.1 kb	 0.0% Packages/com.meta.xr.sdk.core/Scripts/ImmersiveDebugger/UserInterface/Resources/Styles/LayoutStyles/Member.asset
 0.1 kb	 0.0% Packages/com.meta.xr.sdk.core/Scripts/ImmersiveDebugger/UserInterface/Resources/Styles/LayoutStyles/Foldout.asset
 0.1 kb	 0.0% Packages/com.meta.xr.sdk.core/Scripts/ImmersiveDebugger/UserInterface/Resources/Styles/LayoutStyles/Default.asset
 0.1 kb	 0.0% Packages/com.meta.xr.sdk.core/Scripts/ImmersiveDebugger/UserInterface/Resources/Styles/LayoutStyles/Content.asset
 0.1 kb	 0.0% Packages/com.meta.xr.sdk.core/Scripts/ImmersiveDebugger/UserInterface/Resources/Styles/LayoutStyles/Buttons.asset
 0.1 kb	 0.0% Packages/com.meta.xr.sdk.core/Scripts/ImmersiveDebugger/UserInterface/Resources/Styles/LayoutStyles/BarTime.asset
 0.1 kb	 0.0% Packages/com.meta.xr.sdk.core/Scripts/ImmersiveDebugger/UserInterface/Resources/Styles/ImageStyles/None.asset
 0.1 kb	 0.0% Packages/com.meta.xr.sdk.core/Scripts/ImmersiveDebugger/Telemetry/Telemetry.cs
 0.1 kb	 0.0% Packages/com.meta.xr.sdk.core/Scripts/ImmersiveDebugger/SceneSetup.cs
 0.1 kb	 0.0% Packages/com.meta.xr.sdk.core/Scripts/ImmersiveDebugger/RuntimeAPIs.cs
 0.1 kb	 0.0% Packages/com.meta.xr.sdk.core/Scripts/ImmersiveDebugger/Managers/Hooks/Watch.cs
 0.1 kb	 0.0% Packages/com.meta.xr.sdk.core/Scripts/ImmersiveDebugger/Managers/Hooks/Tweak.cs
 0.1 kb	 0.0% Packages/com.meta.xr.sdk.core/Scripts/ImmersiveDebugger/Managers/Category.cs
 0.1 kb	 0.0% Packages/com.meta.xr.sdk.core/Scripts/ImmersiveDebugger/Hierarchy/Manager.cs
 0.1 kb	 0.0% Packages/com.meta.xr.sdk.core/Scripts/BuildingBlocks/RoomMesh/RoomMeshEvent.cs
 0.1 kb	 0.0% Packages/com.meta.xr.sdk.core/Scripts/BuildingBlocks/PassthroughWindow/EnableUnpremultipliedAlpha.cs
 0.1 kb	 0.0% Packages/com.meta.xr.sdk.core/Scripts/BuildingBlocks/OcclusionBIRP/Scripts/OcclusionBuildingBlock.cs
 0.1 kb	 0.0% Packages/com.meta.xr.sdk.core/Scripts/BuildingBlocks/BuildingBlock.cs
 0.1 kb	 0.0% Packages/com.meta.xr.sdk.core/Scripts/BuildingBlocks/AIBlocks/Resources/GpuNMS.cs
 0.1 kb	 0.0% Packages/com.meta.xr.sdk.core/Scripts/BuildingBlocks/AIBlocks/Agents/LlmAgent.cs
 0.1 kb	 0.0% Packages/com.meta.xr.mrutilitykit/Core/Scripts/TelemetryConstants.cs
 0.1 kb	 0.0% Packages/com.meta.xr.mrutilitykit/Core/Scripts/SerializationHelpers.cs
 0.1 kb	 0.0% Packages/com.meta.xr.mrutilitykit/Core/Scripts/SceneDecorator/Masks/SlopeMask.cs
 0.1 kb	 0.0% Packages/com.meta.xr.mrutilitykit/Core/Scripts/SceneDecorator/Masks/RandomMask.cs
 0.1 kb	 0.0% Packages/com.meta.xr.mrutilitykit/Core/Scripts/SceneDecorator/Masks/HeightMask.cs
 0.1 kb	 0.0% Packages/com.meta.xr.mrutilitykit/Core/Scripts/SceneDecorator/Masks/CookieMask.cs
 0.1 kb	 0.0% Packages/com.meta.xr.mrutilitykit/Core/Scripts/SceneDecorator/Masks/ConstantMask.cs
 0.1 kb	 0.0% Packages/com.meta.xr.mrutilitykit/Core/Scripts/SceneDecorator/Masks/ColliderMask.cs
 0.1 kb	 0.0% Packages/com.meta.xr.mrutilitykit/Core/Scripts/SceneDecorator/Editor/MaskEditor.cs
 0.1 kb	 0.0% Packages/com.meta.xr.mrutilitykit/Core/Scripts/MRUKGlobalContext.cs
 0.1 kb	 0.0% Packages/com.meta.xr.mrutilitykit/Core/Scripts/FindSpawnPositions.cs
 0.1 kb	 0.0% Packages/com.meta.xr.mrutilitykit/Core/Scripts/BuildingBlocks/InstantContentPlacement/Scripts/SpaceLocator.cs
 0.1 kb	 0.0% Packages/com.meta.xr.mrutilitykit/Core/Scripts/AnchorPrefabSpawner.cs
 0.1 kb	 0.0% Assets/Milzet/StartupSource/Project/Scripts/Timeline/Tracks/UICanvas/UICanvasClip.cs
 0.1 kb	 0.0% Assets/Milzet/Runtime/StandaloneVerification.cs
 0.1 kb	 0.0% Assets/Milzet/Runtime/GeneratedVerification.cs
 0.1 kb	 0.0% Packages/com.unity.xr.openxr/Runtime/input/HapticControl.cs
 0.1 kb	 0.0% Packages/com.unity.xr.core-utils/Runtime/GUI/ScreenGUIUtils.cs
 0.1 kb	 0.0% Packages/com.unity.xr.core-utils/Runtime/Extensions/UnityEventExtensions.cs
 0.1 kb	 0.0% Packages/com.unity.ugui/Runtime/UGUI/UI/Animation/CoroutineTween.cs
 0.1 kb	 0.0% Packages/com.unity.ugui/Runtime/UGUI/EventSystem/EventInterfaces.cs
 0.1 kb	 0.0% Packages/com.unity.ugui/Runtime/TMP/TMPro_ExtensionMethods.cs
 0.1 kb	 0.0% Packages/com.unity.ugui/Runtime/TMP/TMP_TextParsingUtilities.cs
 0.1 kb	 0.0% Packages/com.unity.ugui/Runtime/TMP/TMP_TextElement_Legacy.cs
 0.1 kb	 0.0% Packages/com.unity.ugui/Runtime/TMP/TMP_FontAssetUtilities.cs
 0.1 kb	 0.0% Packages/com.unity.ugui/Runtime/TMP/MaterialReferenceManager.cs
 0.1 kb	 0.0% Packages/com.unity.ugui/Runtime/TMP/FontFeatureCommonGSUB.cs
 0.1 kb	 0.0% Packages/com.unity.timeline/Runtime/Utilities/IPropertyCollector.cs
 0.1 kb	 0.0% Packages/com.unity.timeline/Runtime/Utilities/AnimatorBindingCache.cs
 0.1 kb	 0.0% Packages/com.unity.timeline/Runtime/Playables/TimeControlPlayable.cs
 0.1 kb	 0.0% Packages/com.unity.timeline/Runtime/Extensions/SelectionExtensions.cs
 0.1 kb	 0.0% Packages/com.unity.timeline/Runtime/Evaluation/ScheduleRuntimeClip.cs
 0.1 kb	 0.0% Packages/com.unity.timeline/Runtime/Evaluation/InfiniteRuntimeClip.cs
 0.1 kb	 0.0% Packages/com.unity.timeline/Runtime/Control/ControlPlayableAsset.cs
 0.1 kb	 0.0% Packages/com.unity.timeline/Runtime/Audio/AudioPlayableAsset.cs
 0.1 kb	 0.0% Packages/com.unity.timeline/Runtime/Audio/AudioMixerProperties.cs
 0.1 kb	 0.0% Packages/com.unity.timeline/Runtime/Audio/AudioClipProperties.cs
 0.1 kb	 0.0% Packages/com.unity.timeline/Runtime/Attributes/TrackColorAttribute.cs
 0.1 kb	 0.0% Packages/com.unity.inputsystem/InputSystem/Runtime/Utilities/DynamicBitfield.cs
 0.1 kb	 0.0% Packages/com.unity.inputsystem/InputSystem/Runtime/State/InputState.cs
 0.1 kb	 0.0% Packages/com.unity.inputsystem/InputSystem/Runtime/Plugins/WebGL/WebGLSupport.cs
 0.1 kb	 0.0% Packages/com.unity.inputsystem/InputSystem/Runtime/Plugins/WebGL/WebGLGamepad.cs
 0.1 kb	 0.0% Packages/com.unity.inputsystem/InputSystem/Runtime/Plugins/Users/InputUser.cs
 0.1 kb	 0.0% Packages/com.unity.inputsystem/InputSystem/Runtime/Plugins/Linux/LinuxSupport.cs
 0.1 kb	 0.0% Packages/com.unity.inputsystem/InputSystem/Runtime/Plugins/EnhancedTouch/Touch.cs
 0.1 kb	 0.0% Packages/com.unity.inputsystem/InputSystem/Runtime/Plugins/EnhancedTouch/Finger.cs
 0.1 kb	 0.0% Packages/com.unity.inputsystem/InputSystem/Runtime/InputSystemState.cs
 0.1 kb	 0.0% Packages/com.unity.inputsystem/InputSystem/Runtime/InputSettings.cs
 0.1 kb	 0.0% Packages/com.unity.inputsystem/InputSystem/Runtime/InputMetrics.cs
 0.1 kb	 0.0% Packages/com.unity.inputsystem/InputSystem/Runtime/InputExtensions.cs
 0.1 kb	 0.0% Packages/com.unity.inputsystem/InputSystem/Runtime/InputAnalytics.cs
 0.1 kb	 0.0% Packages/com.unity.inputsystem/InputSystem/Runtime/Events/TextEvent.cs
 0.1 kb	 0.0% Packages/com.unity.inputsystem/InputSystem/Runtime/Events/StateEvent.cs
 0.1 kb	 0.0% Packages/com.unity.inputsystem/InputSystem/Runtime/Events/InputEvent.cs
 0.1 kb	 0.0% Packages/com.unity.inputsystem/InputSystem/Runtime/Events/ActionEvent.cs
 0.1 kb	 0.0% Packages/com.unity.inputsystem/InputSystem/Runtime/Devices/TrackedDevice.cs
 0.1 kb	 0.0% Packages/com.unity.inputsystem/InputSystem/Runtime/Devices/Remote/InputRemoting.cs
 0.1 kb	 0.0% Packages/com.unity.inputsystem/InputSystem/Runtime/Devices/Precompiled/FastTouchscreen.cs
 0.1 kb	 0.0% Packages/com.unity.inputsystem/InputSystem/Runtime/Devices/Precompiled/FastMouse.partial.cs
 0.1 kb	 0.0% Packages/com.unity.inputsystem/InputSystem/Runtime/Devices/IEventMerger.cs
 0.1 kb	 0.0% Packages/com.unity.inputsystem/InputSystem/Runtime/Controls/TouchControl.cs
 0.1 kb	 0.0% Packages/com.unity.inputsystem/InputSystem/Runtime/Controls/StickControl.cs
 0.1 kb	 0.0% Packages/com.unity.inputsystem/InputSystem/Runtime/Controls/KeyControl.cs
 0.1 kb	 0.0% Packages/com.unity.inputsystem/InputSystem/Runtime/Controls/InputProcessor.cs
 0.1 kb	 0.0% Packages/com.unity.inputsystem/InputSystem/Runtime/Controls/InputControlPath.cs
 0.1 kb	 0.0% Packages/com.unity.inputsystem/InputSystem/Runtime/Controls/DpadControl.cs
 0.1 kb	 0.0% Packages/com.unity.inputsystem/InputSystem/Runtime/Controls/DeltaControl.cs
 0.1 kb	 0.0% Packages/com.unity.inputsystem/InputSystem/Runtime/Controls/AxisControl.cs
 0.1 kb	 0.0% Packages/com.unity.inputsystem/InputSystem/Runtime/Actions/InputActionState.cs
 0.1 kb	 0.0% Packages/com.unity.inputsystem/InputSystem/Runtime/Actions/InputActionMap.cs
 0.1 kb	 0.0% Packages/com.unity.inputsystem/InputSystem/Runtime/Actions/InputActionAsset.cs
 0.1 kb	 0.0% Packages/com.unity.inputsystem/InputSystem/Editor/UITKAssetEditor/Views/Selectors.cs
 0.1 kb	 0.0% Packages/com.unity.inputsystem/InputSystem/Editor/UITKAssetEditor/Views/ContextMenu.cs
 0.1 kb	 0.0% Packages/com.unity.inputsystem/InputSystem/Editor/Internal/GUIHelpers.cs
 0.1 kb	 0.0% Packages/com.unity.collections/Unity.Collections/UnsafeQueue.cs
 0.1 kb	 0.0% Packages/com.unity.collections/Unity.Collections/NativeHashMap.cs
 0.1 kb	 0.0% Packages/com.unity.collections/Unity.Collections/FixedStringFormat.gen.cs
 0.1 kb	 0.0% Packages/com.unity.collections/Unity.Collections/FixedString.gen.cs
 0.1 kb	 0.0% Packages/com.unity.cloud.gltfast/Runtime/Scripts/Newtonsoft/Schema/GltfAnimation.cs
 0.1 kb	 0.0% Packages/com.unity.cloud.gltfast/Runtime/Scripts/Material/BuiltInMaterialGenerator.cs
 0.1 kb	 0.0% Packages/com.unity.cloud.gltfast/Runtime/Scripts/Animations/AnimationModuleProcessor.cs
 0.1 kb	 0.0% Packages/com.unity.cloud.gltfast/Runtime/Scripts/Animations/AnimationInstanceApplier.cs
 0.1 kb	 0.0% Packages/com.meta.xr.sdk.core/Scripts/Util/SampleMetadata/MetaCodeSampleAttribute.cs
 0.1 kb	 0.0% Packages/com.meta.xr.sdk.core/Scripts/Util/OVRPointerEventData.cs
 0.1 kb	 0.0% Packages/com.meta.xr.sdk.core/Scripts/Util/OVRPhysicsRaycaster.cs
 0.1 kb	 0.0% Packages/com.meta.xr.sdk.core/Scripts/Util/OVRMixedRealityCaptureSettings.cs
 0.1 kb	 0.0% Packages/com.meta.xr.sdk.core/Scripts/OVRVirtualKeyboard/OVRVirtualKeyboardSampleControls.cs
 0.1 kb	 0.0% Packages/com.meta.xr.sdk.core/Scripts/ImmersiveDebugger/UserInterface/Resources/Styles/LayoutStyles/H2.asset
 0.1 kb	 0.0% Packages/com.meta.xr.sdk.core/Scripts/ImmersiveDebugger/UserInterface/Resources/Styles/LayoutStyles/H1.asset
 0.1 kb	 0.0% Packages/com.meta.xr.sdk.core/Scripts/ImmersiveDebugger/UserInterface/Resources/Styles/LayoutStyles/Fill.asset
 0.1 kb	 0.0% Packages/com.meta.xr.sdk.core/Scripts/ImmersiveDebugger/UserInterface/Resources/Styles/LayoutStyles/Bar.asset
 0.1 kb	 0.0% Packages/com.meta.xr.mrutilitykit/Core/Scripts/PassthroughCameraAccess.cs
 0.1 kb	 0.0% Packages/com.unity.xr.openxr/Runtime/OpenXRUtility.cs
 0.1 kb	 0.0% Packages/com.unity.xr.openxr/Runtime/OpenXRSettings.cs
 0.1 kb	 0.0% Packages/com.unity.xr.openxr/Runtime/OpenXRRuntime.cs
 0.1 kb	 0.0% Packages/com.unity.xr.openxr/Runtime/OpenXRRestarter.cs
 0.1 kb	 0.0% Packages/com.unity.xr.openxr/Runtime/OpenXRLoaderBase.cs
 0.1 kb	 0.0% Packages/com.unity.xr.openxr/Runtime/OpenXRAnalytics.cs
 0.1 kb	 0.0% Packages/com.unity.xr.core-utils/Runtime/XRLoggingUtils.cs
 0.1 kb	 0.0% Packages/com.unity.xr.core-utils/Runtime/UnityObjectUtils.cs
 0.1 kb	 0.0% Packages/com.unity.xr.core-utils/Runtime/SerializableGuid.cs
 0.1 kb	 0.0% Packages/com.unity.xr.core-utils/Runtime/ReflectionUtils.cs
 0.1 kb	 0.0% Packages/com.unity.xr.core-utils/Runtime/NativeArrayUtils.cs
 0.1 kb	 0.0% Packages/com.unity.xr.core-utils/Runtime/MaterialUtils.cs
 0.1 kb	 0.0% Packages/com.unity.xr.core-utils/Runtime/GeometryUtils.cs
 0.1 kb	 0.0% Packages/com.unity.xr.core-utils/Runtime/GameObjectUtils.cs
 0.1 kb	 0.0% Packages/com.unity.xr.core-utils/Runtime/Extensions/TypeExtensions.cs
 0.1 kb	 0.0% Packages/com.unity.xr.core-utils/Runtime/Extensions/StringExtensions.cs
 0.1 kb	 0.0% Packages/com.unity.xr.core-utils/Runtime/Extensions/PoseExtensions.cs
 0.1 kb	 0.0% Packages/com.unity.xr.core-utils/Runtime/Extensions/ListExtensions.cs
 0.1 kb	 0.0% Packages/com.unity.xr.core-utils/Runtime/Extensions/GuidExtensions.cs
 0.1 kb	 0.0% Packages/com.unity.xr.core-utils/Runtime/Extensions/CameraExtensions.cs
 0.1 kb	 0.0% Packages/com.unity.xr.core-utils/Runtime/Extensions/BoundsExtensions.cs
 0.1 kb	 0.0% Packages/com.unity.xr.core-utils/Runtime/Datums/StringDatum.cs
 0.1 kb	 0.0% Packages/com.unity.xr.core-utils/Runtime/Datums/FloatDatum.cs
 0.1 kb	 0.0% Packages/com.unity.xr.core-utils/Runtime/ComponentUtils.cs
 0.1 kb	 0.0% Packages/com.unity.xr.core-utils/Runtime/Bindings/EventBinding.cs
 0.1 kb	 0.0% Packages/com.unity.ugui/Runtime/UGUI/UI/Core/SetPropertyUtility.cs
 0.1 kb	 0.0% Packages/com.unity.ugui/Runtime/UGUI/UI/Core/MaterialModifiers/IMaterialModifier.cs
 0.1 kb	 0.0% Packages/com.unity.ugui/Runtime/UGUI/UI/Core/Layout/VerticalLayoutGroup.cs
 0.1 kb	 0.0% Packages/com.unity.ugui/Runtime/UGUI/UI/Core/Layout/ContentSizeFitter.cs
 0.1 kb	 0.0% Packages/com.unity.ugui/Runtime/UGUI/UI/Core/Layout/AspectRatioFitter.cs
 0.1 kb	 0.0% Packages/com.unity.ugui/Runtime/UGUI/UI/Core/FontUpdateTracker.cs
 0.1 kb	 0.0% Packages/com.unity.ugui/Runtime/UGUI/UI/Core/CanvasUpdateRegistry.cs
 0.1 kb	 0.0% Packages/com.unity.ugui/Runtime/UGUI/UI/Core/AnimationTriggers.cs
 0.1 kb	 0.0% Packages/com.unity.ugui/Runtime/UGUI/EventSystem/UIElements/PanelRaycaster.cs
 0.1 kb	 0.0% Packages/com.unity.ugui/Runtime/UGUI/EventSystem/Raycasters/PhysicsRaycaster.cs
 0.1 kb	 0.0% Packages/com.unity.ugui/Runtime/UGUI/EventSystem/Raycasters/BaseRaycaster.cs
 0.1 kb	 0.0% Packages/com.unity.ugui/Runtime/UGUI/EventSystem/RaycasterManager.cs
 0.1 kb	 0.0% Packages/com.unity.ugui/Runtime/UGUI/EventSystem/RaycastResult.cs
 0.1 kb	 0.0% Packages/com.unity.ugui/Runtime/UGUI/EventSystem/InputModules/TouchInputModule.cs
 0.1 kb	 0.0% Packages/com.unity.ugui/Runtime/UGUI/EventSystem/InputModules/BaseInputModule.cs
 0.1 kb	 0.0% Packages/com.unity.ugui/Runtime/UGUI/EventSystem/ExecuteEvents.cs
 0.1 kb	 0.0% Packages/com.unity.ugui/Runtime/UGUI/EventSystem/EventData/PointerEventData.cs
 0.1 kb	 0.0% Packages/com.unity.ugui/Runtime/UGUI/EventSystem/EventData/BaseEventData.cs
 0.1 kb	 0.0% Packages/com.unity.ugui/Runtime/UGUI/EventSystem/EventData/AxisEventData.cs
 0.1 kb	 0.0% Packages/com.unity.ugui/Runtime/TMP/TMP_TextProcessingStack.cs
 0.1 kb	 0.0% Packages/com.unity.ugui/Runtime/TMP/TMP_FontFeaturesCommon.cs
 0.1 kb	 0.0% Packages/com.unity.timeline/Runtime/Extensions/TrackExtensions.cs
 0.1 kb	 0.0% Packages/com.unity.timeline/Runtime/ClipCaps.cs
 0.1 kb	 0.0% Packages/com.unity.mathematics/Unity.Mathematics/rigid_transform.cs
 0.1 kb	 0.0% Packages/com.unity.mathematics/Unity.Mathematics/math_unity_conversion.cs
 0.1 kb	 0.0% Packages/com.unity.mathematics/Unity.Mathematics/affine_transform.cs
 0.1 kb	 0.0% Packages/com.unity.mathematics/Unity.Mathematics/Geometry/MinMaxAABB.cs
 0.1 kb	 0.0% Packages/com.unity.inputsystem/InputSystem/Runtime/Utilities/FourCC.cs
 0.1 kb	 0.0% Packages/com.unity.inputsystem/InputSystem/Runtime/Plugins/iOS/iOSSupport.cs
 0.1 kb	 0.0% Packages/com.unity.inputsystem/InputSystem/Runtime/Plugins/XR/XRSupport.cs
 0.1 kb	 0.0% Packages/com.unity.inputsystem/InputSystem/Runtime/Plugins/XR/GenericXRDevice.cs
 0.1 kb	 0.0% Packages/com.unity.inputsystem/InputSystem/Runtime/Plugins/XR/Devices/WindowsMR.cs
 0.1 kb	 0.0% Packages/com.unity.inputsystem/InputSystem/Runtime/Plugins/XR/Controls/PoseControl.cs
 0.1 kb	 0.0% Packages/com.unity.inputsystem/InputSystem/Runtime/Plugins/UI/UISupport.cs
 0.1 kb	 0.0% Packages/com.unity.inputsystem/InputSystem/Runtime/Plugins/UI/PointerModel.cs
 0.1 kb	 0.0% Packages/com.unity.inputsystem/InputSystem/Runtime/Plugins/OSX/OSXSupport.cs
 0.1 kb	 0.0% Packages/com.unity.inputsystem/InputSystem/Runtime/Plugins/HID/HIDSupport.cs
 0.1 kb	 0.0% Packages/com.unity.inputsystem/InputSystem/Runtime/Plugins/HID/HIDParser.cs
 0.1 kb	 0.0% Packages/com.unity.collections/Unity.Collections/xxHash3.StreamingState.cs
 0.1 kb	 0.0% Packages/com.unity.collections/Unity.Collections/NativeSort.cs
 0.1 kb	 0.0% Packages/com.unity.collections/Unity.Collections/NativeBitArray.cs
 0.1 kb	 0.0% Packages/com.unity.collections/Unity.Collections/ListExtensions.cs
 0.1 kb	 0.0% Packages/com.unity.collections/Unity.Collections/Jobs/IJobParallelForDefer.cs
 0.1 kb	 0.0% Packages/com.unity.collections/Unity.Collections/Jobs/IJobParallelForBatch.cs
 0.1 kb	 0.0% Packages/com.unity.collections/Unity.Collections/FixedStringUtils.cs
 0.1 kb	 0.0% Packages/com.unity.collections/Unity.Collections/DataStreamWriter.cs
 0.1 kb	 0.0% Packages/com.unity.collections/Unity.Collections/DataStreamReader.cs
 0.1 kb	 0.0% Packages/com.unity.collections/Unity.Collections/ConcurrentMask.cs
 0.1 kb	 0.0% Packages/com.unity.collections/Unity.Collections/CollectionHelper.cs
 0.1 kb	 0.0% Packages/com.unity.collections/Unity.Collections/AllocatorManager.cs
 0.1 kb	 0.0% Packages/com.unity.cloud.gltfast/Runtime/Scripts/VertexBufferGeneratorBase.cs
 0.1 kb	 0.0% Packages/com.unity.cloud.gltfast/Runtime/Scripts/TimeBudgetPerFrameDeferAgent.cs
 0.1 kb	 0.0% Packages/com.unity.cloud.gltfast/Runtime/Scripts/Schema/TextureInfoExtensions.cs
 0.1 kb	 0.0% Packages/com.unity.cloud.gltfast/Runtime/Scripts/Schema/PbrSpecularGlossiness.cs
 0.1 kb	 0.0% Packages/com.unity.cloud.gltfast/Runtime/Scripts/Schema/MaterialPbrMetallicRoughness.cs
 0.1 kb	 0.0% Packages/com.unity.cloud.gltfast/Runtime/Scripts/Schema/AnimationChannelTarget.cs
 0.1 kb	 0.0% Packages/com.unity.cloud.gltfast/Runtime/Scripts/Schema/AccessorSparseIndices.cs
 0.1 kb	 0.0% Packages/com.unity.cloud.gltfast/Runtime/Scripts/Newtonsoft/Schema/TextureInfo.cs
 0.1 kb	 0.0% Packages/com.unity.cloud.gltfast/Runtime/Scripts/Newtonsoft/Schema/MeshExtras.cs
 0.1 kb	 0.0% Packages/com.unity.cloud.gltfast/Runtime/Scripts/Newtonsoft/Schema/IJsonObject.cs
 0.1 kb	 0.0% Packages/com.unity.cloud.gltfast/Runtime/Scripts/Newtonsoft/Schema/BufferView.cs
 0.1 kb	 0.0% Packages/com.unity.cloud.gltfast/Runtime/Scripts/MaterialsVariants/MaterialsVariantsComponent.cs
 0.1 kb	 0.0% Packages/com.unity.cloud.gltfast/Runtime/Scripts/Loading/DefaultDownloadProvider.cs
 0.1 kb	 0.0% Packages/com.unity.cloud.gltfast/Runtime/Scripts/ImportAddons/IPostJsonDeserialization.cs
 0.1 kb	 0.0% Packages/com.unity.cloud.gltfast/Runtime/Scripts/ImportAddons/IInstanceApplierFactory.cs
 0.1 kb	 0.0% Packages/com.unity.cloud.gltfast/Runtime/Scripts/ImageConversionImageLoader.cs
 0.1 kb	 0.0% Packages/com.unity.cloud.gltfast/Runtime/Scripts/IMaterialsVariantsProvider.cs
 0.1 kb	 0.0% Packages/com.unity.cloud.gltfast/Runtime/Scripts/IDefaultImageFormatLoader.cs
 0.1 kb	 0.0% Packages/com.unity.cloud.gltfast/Runtime/Scripts/GameObjectBoundsInstantiator.cs
 0.1 kb	 0.0% Packages/com.unity.cloud.gltfast/Runtime/Scripts/Export/NormalImageExport.cs
 0.1 kb	 0.0% Packages/com.unity.cloud.gltfast/Runtime/Scripts/Export/MaterialExportBase.cs
 0.1 kb	 0.0% Packages/com.unity.cloud.gltfast/Runtime/Scripts/Export/KhrLightsPunctual.cs
 0.1 kb	 0.0% Packages/com.unity.cloud.gltfast/Runtime/Scripts/Export/GltfMaterialExporter.cs
 0.1 kb	 0.0% Packages/com.unity.cloud.gltfast/Runtime/Scripts/Export/DracoExportSettings.cs
 0.1 kb	 0.0% Packages/com.unity.cloud.gltfast/Runtime/Scripts/CancellationTokenExtension.cs
 0.1 kb	 0.0% Packages/com.unity.cloud.gltfast/Runtime/DocExamples/WebP.cs
 0.1 kb	 0.0% Packages/com.unity.burst/Runtime/SafeStringArrayHelper.cs
 0.1 kb	 0.0% Packages/com.unity.burst/Runtime/Editor/BurstEditorOptions.cs
 0.1 kb	 0.0% Packages/com.unity.burst/Runtime/Editor/BurstCompileTarget.cs
 0.1 kb	 0.0% Packages/com.unity.burst/Runtime/Editor/BurstAssemblyDisable.cs
 0.1 kb	 0.0% Packages/com.unity.burst/Runtime/BurstCompileAttribute.cs
 0.1 kb	 0.0% Packages/com.unity.ai.navigation/Runtime/NavMeshSurface.cs
 0.1 kb	 0.0% Packages/com.unity.ai.navigation/Runtime/NavMeshModifier.cs
 0.1 kb	 0.0% Packages/com.meta.xr.sdk.core/Scripts/ImmersiveDebugger/UserInterface/Resources/Styles/TextStyles/HierarchyItemLabelDeactivated.asset
 0.1 kb	 0.0% Packages/com.meta.xr.sdk.core/Scripts/ImmersiveDebugger/Managers/Hooks/Hook.cs
 0.1 kb	 0.0% Packages/com.meta.xr.sdk.core/Scripts/ImmersiveDebugger/Hierarchy/Item.cs
 0.1 kb	 0.0% Packages/com.meta.xr.sdk.core/Scripts/BuildingBlocks/Telemetry.cs
 0.1 kb	 0.0% Packages/com.meta.xr.sdk.core/Scripts/BuildingBlocks/RunTimeUtils.cs
 0.1 kb	 0.0% Packages/com.meta.xr.mrutilitykit/Core/Scripts/SceneNavigation.cs
 0.1 kb	 0.0% Packages/com.meta.xr.mrutilitykit/Core/Scripts/SceneDecorator/Modifier/Modifier.cs
 0.1 kb	 0.0% Packages/com.meta.xr.mrutilitykit/Core/Scripts/SceneDecorator/Masks/Mask2D.cs
 0.1 kb	 0.0% Packages/com.meta.xr.mrutilitykit/Core/Scripts/SceneDebugger.cs
 0.1 kb	 0.0% Packages/com.meta.xr.mrutilitykit/Core/Scripts/MRUKTrackable.cs
 0.1 kb	 0.0% Packages/com.meta.xr.mrutilitykit/Core/Scripts/GridSliceResizer.cs
 0.1 kb	 0.0% Packages/com.meta.xr.mrutilitykit/Core/Scripts/Generated/MRUKNativeFuncs.cs
 0.1 kb	 0.0% Assets/Milzet/StartupSource/Project/Scripts/UI/UICanvas.cs
 0.1 kb	 0.0% Assets/Milzet/StartupSource/Project/Scripts/Animation/Tween.cs
 0.1 kb	 0.0% Assets/Milzet/Runtime/RoomPlacementMath.cs
 0.1 kb	 0.0% Assets/Milzet/Runtime/PresentationContract.cs
 0.1 kb	 0.0% Assets/Milzet/Runtime/CommonsVerification.cs
 0.1 kb	 0.0% Packages/com.unity.xr.openxr/Runtime/input/PoseControl.cs
 0.1 kb	 0.0% Packages/com.unity.xr.openxr/Runtime/input/OpenXRInput.cs
 0.1 kb	 0.0% Packages/com.unity.xr.openxr/Runtime/input/OpenXRHmd.cs
 0.1 kb	 0.0% Packages/com.unity.xr.openxr/Runtime/input/OpenXRDevice.cs
 0.1 kb	 0.0% Packages/com.unity.xr.openxr/Runtime/OpenXRConstants.cs
 0.1 kb	 0.0% Packages/com.unity.ugui/Runtime/TMP/TMPro_EventManager.cs
 0.1 kb	 0.0% Packages/com.unity.ugui/Runtime/TMP/TMP_UpdateRegistery.cs
 0.1 kb	 0.0% Packages/com.unity.ugui/Runtime/TMP/TMP_UpdateManager.cs
 0.1 kb	 0.0% Packages/com.unity.ugui/Runtime/TMP/TMP_TextUtilities.cs
 0.1 kb	 0.0% Packages/com.unity.ugui/Runtime/TMP/TMP_TextProcessingCommon.cs
 0.1 kb	 0.0% Packages/com.unity.ugui/Runtime/TMP/TMP_SpriteCharacter.cs
 0.1 kb	 0.0% Packages/com.unity.ugui/Runtime/TMP/TMP_SpriteAnimator.cs
 0.1 kb	 0.0% Packages/com.unity.ugui/Runtime/TMP/TMP_SelectionCaret.cs
 0.1 kb	 0.0% Packages/com.unity.ugui/Runtime/TMP/TMP_ResourcesManager.cs
 0.1 kb	 0.0% Packages/com.unity.ugui/Runtime/TMP/TMP_MaterialManager.cs
 0.1 kb	 0.0% Packages/com.unity.ugui/Runtime/TMP/TMP_InputValidator.cs
 0.1 kb	 0.0% Packages/com.unity.ugui/Runtime/TMP/TMP_FontFeatureTable.cs
 0.1 kb	 0.0% Packages/com.unity.ugui/Runtime/TMP/TMP_DefaultControls.cs
 0.1 kb	 0.0% Packages/com.unity.ugui/Runtime/TMP/TMP_Compatibility.cs
 0.1 kb	 0.0% Packages/com.unity.ugui/Runtime/TMP/TMP_ColorGradient.cs
 0.1 kb	 0.0% Packages/com.unity.ugui/Runtime/TMP/TMP_CharacterInfo.cs
 0.1 kb	 0.0% Packages/com.unity.ugui/Runtime/TMP/ITextPreProcessor.cs
 0.1 kb	 0.0% Packages/com.unity.ugui/Runtime/TMP/FontFeatureCommonGPOS.cs
 0.1 kb	 0.0% Packages/com.unity.timeline/Runtime/Utilities/WeightUtility.cs
 0.1 kb	 0.0% Packages/com.unity.timeline/Runtime/Utilities/IPropertyPreview.cs
 0.1 kb	 0.0% Packages/com.unity.timeline/Runtime/Utilities/Extrapolation.cs
 0.1 kb	 0.0% Packages/com.unity.timeline/Runtime/TimelinePlayable.cs
 0.1 kb	 0.0% Packages/com.unity.timeline/Runtime/TimelineAsset.cs
 0.1 kb	 0.0% Packages/com.unity.timeline/Runtime/Scripting/PlayableTrack.cs
 0.1 kb	 0.0% Packages/com.unity.timeline/Runtime/Events/Signals/SignalReceiver.cs
 0.1 kb	 0.0% Packages/com.unity.timeline/Runtime/Events/Signals/SignalEmitter.cs
 0.1 kb	 0.0% Packages/com.unity.timeline/Runtime/Evaluation/RuntimeElement.cs
 0.1 kb	 0.0% Packages/com.unity.timeline/Runtime/Evaluation/RuntimeClipBase.cs
 0.1 kb	 0.0% Packages/com.unity.timeline/Runtime/CurveEditUtility.cs
 0.1 kb	 0.0% Packages/com.unity.timeline/Runtime/Animation/AnimationTrack.cs
 0.1 kb	 0.0% Packages/com.unity.timeline/Runtime/Activation/ActivationTrack.cs
 0.1 kb	 0.0% Packages/com.unity.mathematics/Unity.Mathematics/double4x4.gen.cs
 0.1 kb	 0.0% Packages/com.unity.mathematics/Unity.Mathematics/double4x3.gen.cs
 0.1 kb	 0.0% Packages/com.unity.mathematics/Unity.Mathematics/double4x2.gen.cs
 0.1 kb	 0.0% Packages/com.unity.mathematics/Unity.Mathematics/double3x4.gen.cs
 0.1 kb	 0.0% Packages/com.unity.mathematics/Unity.Mathematics/double3x3.gen.cs
 0.1 kb	 0.0% Packages/com.unity.mathematics/Unity.Mathematics/double3x2.gen.cs
 0.1 kb	 0.0% Packages/com.unity.mathematics/Unity.Mathematics/double2x4.gen.cs
 0.1 kb	 0.0% Packages/com.unity.mathematics/Unity.Mathematics/double2x3.gen.cs
 0.1 kb	 0.0% Packages/com.unity.mathematics/Unity.Mathematics/double2x2.gen.cs
 0.1 kb	 0.0% Packages/com.unity.inputsystem/InputSystem/Runtime/Plugins/PlayerInput/PlayerInput.cs
 0.1 kb	 0.0% Packages/com.unity.inputsystem/InputSystem/Runtime/Plugins/PlayerInput/InputValue.cs
 0.1 kb	 0.0% Packages/com.unity.inputsystem/InputSystem/Runtime/InputSystem.cs
 0.1 kb	 0.0% Packages/com.unity.inputsystem/InputSystem/Runtime/InputManager.cs
 0.1 kb	 0.0% Packages/com.unity.inputsystem/InputSystem/Runtime/Devices/Touchscreen.cs
 0.1 kb	 0.0% Packages/com.unity.inputsystem/InputSystem/Runtime/Devices/Precompiled/FastMouse.cs
 0.1 kb	 0.0% Packages/com.unity.inputsystem/InputSystem/Runtime/Devices/Precompiled/FastKeyboard.cs
 0.1 kb	 0.0% Packages/com.unity.inputsystem/InputSystem/Runtime/Devices/InputDevice.cs
 0.1 kb	 0.0% Packages/com.unity.inputsystem/InputSystem/Runtime/Devices/Haptics/IHaptics.cs
 0.1 kb	 0.0% Packages/com.unity.inputsystem/InputSystem/Runtime/Controls/InputControl.cs
 0.1 kb	 0.0% Packages/com.unity.inputsystem/InputSystem/Runtime/Controls/CommonUsages.cs
 0.1 kb	 0.0% Packages/com.unity.inputsystem/InputSystem/Runtime/Actions/InputBinding.cs
 0.1 kb	 0.0% Packages/com.unity.inputsystem/InputSystem/Runtime/Actions/InputAction.cs
 0.1 kb	 0.0% Packages/com.unity.inputsystem/InputSystem/Editor/UITKAssetEditor/Commands/Commands.cs
 0.1 kb	 0.0% Packages/com.unity.inputsystem/InputSystem/Editor/Dialog.cs
 0.1 kb	 0.0% Packages/com.unity.inputsystem/InputSystem/AssemblyInfo.cs
 0.1 kb	 0.0% Packages/com.unity.collections/Unity.Collections/NativeText.gen.cs
 0.1 kb	 0.0% Packages/com.unity.collections/Unity.Collections/FixedList.gen.cs
 0.1 kb	 0.0% Packages/com.unity.cloud.gltfast/Runtime/Scripts/VertexBufferTexCoords.cs
 0.1 kb	 0.0% Packages/com.unity.cloud.gltfast/Runtime/Scripts/Schema/FakeSchema/MaterialExtension.cs
 0.1 kb	 0.0% Packages/com.unity.cloud.gltfast/Runtime/Scripts/Newtonsoft/Schema/GltfCamera.cs
 0.1 kb	 0.0% Packages/com.unity.cloud.gltfast/Runtime/Scripts/Material/MaterialGenerator.cs
 0.1 kb	 0.0% Packages/com.unity.cloud.gltfast/Runtime/Scripts/Material/IMaterialGenerator.cs
 0.1 kb	 0.0% Packages/com.unity.cloud.gltfast/Runtime/Scripts/Animations/IAnimationProcessor.cs
 0.1 kb	 0.0% Packages/com.meta.xr.sdk.core/Scripts/Util/OVRMixedRealityCaptureTest.cs
 0.1 kb	 0.0% Packages/com.meta.xr.sdk.core/Scripts/Util/OVRInputModule.cs
 0.1 kb	 0.0% Packages/com.meta.xr.sdk.core/Scripts/OpenXRFeatures/MetaXRSubsampledLayout.cs
 0.1 kb	 0.0% Packages/com.meta.xr.sdk.core/Scripts/OpenXRFeatures/MetaXRFoveationFeature.cs
 0.1 kb	 0.0% Packages/com.meta.xr.sdk.core/Scripts/OVRSemanticClassification.cs
 0.1 kb	 0.0% Packages/com.meta.xr.sdk.core/Scripts/OVRSceneObjectTransformType.cs
 0.1 kb	 0.0% Packages/com.meta.xr.sdk.core/Scripts/OVROverlayCanvas_TMPChanged.cs
 0.1 kb	 0.0% Packages/com.meta.xr.sdk.core/Scripts/OVRMicrogestureEventSource.cs
 0.1 kb	 0.0% Packages/com.meta.xr.sdk.core/Scripts/ImmersiveDebugger/UserInterface/Resources/Styles/TextStyles/InspectorTitleDeactivated.asset
 0.1 kb	 0.0% Assets/Milzet/Runtime/PackageExperience.cs
 0.1 kb	 0.0% Packages/com.unity.xr.openxr/Runtime/OpenXRLoader.cs
 0.1 kb	 0.0% Packages/com.unity.xr.management/Runtime/XRLoader.cs
 0.1 kb	 0.0% Packages/com.unity.xr.core-utils/Runtime/UndoBlock.cs
 0.1 kb	 0.0% Packages/com.unity.xr.core-utils/Runtime/TextureUtils.cs
 0.1 kb	 0.0% Packages/com.unity.xr.core-utils/Runtime/MathUtility.cs
 0.1 kb	 0.0% Packages/com.unity.xr.core-utils/Runtime/HashCodeUtil.cs
 0.1 kb	 0.0% Packages/com.unity.xr.core-utils/Runtime/DebugDraw.cs
 0.1 kb	 0.0% Packages/com.unity.xr.core-utils/Runtime/Datums/IntDatum.cs
 0.1 kb	 0.0% Packages/com.unity.xr.core-utils/Runtime/BoundsUtils.cs
 0.1 kb	 0.0% Packages/com.unity.ugui/Runtime/UGUI/UI/Core/VertexModifiers/PositionAsUV1.cs
 0.1 kb	 0.0% Packages/com.unity.ugui/Runtime/UGUI/UI/Core/VertexModifiers/IMeshModifier.cs
 0.1 kb	 0.0% Packages/com.unity.ugui/Runtime/UGUI/UI/Core/VertexModifiers/BaseMeshEffect.cs
 0.1 kb	 0.0% Packages/com.unity.ugui/Runtime/UGUI/UI/Core/StencilMaterial.cs
 0.1 kb	 0.0% Packages/com.unity.ugui/Runtime/UGUI/UI/Core/MaskableGraphic.cs
 0.1 kb	 0.0% Packages/com.unity.ugui/Runtime/UGUI/UI/Core/MaskUtilities.cs
 0.1 kb	 0.0% Packages/com.unity.ugui/Runtime/UGUI/UI/Core/Layout/LayoutUtility.cs
 0.1 kb	 0.0% Packages/com.unity.ugui/Runtime/UGUI/UI/Core/Layout/LayoutRebuilder.cs
 0.1 kb	 0.0% Packages/com.unity.ugui/Runtime/UGUI/UI/Core/Layout/LayoutElement.cs
 0.1 kb	 0.0% Packages/com.unity.ugui/Runtime/UGUI/UI/Core/Layout/ILayoutElement.cs
 0.1 kb	 0.0% Packages/com.unity.ugui/Runtime/UGUI/UI/Core/Layout/GridLayoutGroup.cs
 0.1 kb	 0.0% Packages/com.unity.ugui/Runtime/UGUI/UI/Core/GraphicRegistry.cs
 0.1 kb	 0.0% Packages/com.unity.ugui/Runtime/UGUI/UI/Core/GraphicRaycaster.cs
 0.1 kb	 0.0% Packages/com.unity.ugui/Runtime/UGUI/UI/Core/DefaultControls.cs
 0.1 kb	 0.0% Packages/com.unity.ugui/Runtime/UGUI/UI/Core/Culling/ClipperRegistry.cs
 0.1 kb	 0.0% Packages/com.unity.ugui/Runtime/UGUI/EventSystem/UIBehaviour.cs
 0.1 kb	 0.0% Packages/com.unity.ugui/Runtime/UGUI/EventSystem/InputModules/BaseInput.cs
 0.1 kb	 0.0% Packages/com.unity.ugui/Runtime/UGUI/EventSystem/EventTrigger.cs
 0.1 kb	 0.0% Packages/com.unity.ugui/Runtime/UGUI/EventSystem/EventSystem.cs
 0.1 kb	 0.0% Packages/com.unity.ugui/Runtime/TMP/TMPro_MeshUtilities.cs
 0.1 kb	 0.0% Packages/com.unity.ugui/Runtime/TMP/TMP_ShaderUtilities.cs
 0.1 kb	 0.0% Packages/com.unity.ugui/Runtime/TMP/TMP_RichTextTagsCommon.cs
 0.1 kb	 0.0% Packages/com.unity.ugui/Runtime/TMP/TMP_FontAssetCommon.cs
 0.1 kb	 0.0% Packages/com.unity.mathematics/Unity.Mathematics/quaternion.cs
 0.1 kb	 0.0% Packages/com.unity.mathematics/Unity.Mathematics/Noise/classicnoise4D.cs
 0.1 kb	 0.0% Packages/com.unity.mathematics/Unity.Mathematics/Noise/classicnoise3D.cs
 0.1 kb	 0.0% Packages/com.unity.mathematics/Unity.Mathematics/Noise/classicnoise2D.cs
 0.1 kb	 0.0% Packages/com.unity.mathematics/Unity.Mathematics/Noise/cellular2x2x2.cs
 0.1 kb	 0.0% Packages/com.unity.mathematics/Unity.Mathematics/Geometry/Plane.cs
 0.1 kb	 0.0% Packages/com.unity.inputsystem/InputSystem/Runtime/Plugins/XR/Devices/Oculus.cs
 0.1 kb	 0.0% Packages/com.unity.collections/Unity.Collections/UIntFloat.cs
 0.1 kb	 0.0% Packages/com.unity.collections/Unity.Collections/NativeStream.cs
 0.1 kb	 0.0% Packages/com.unity.collections/Unity.Collections/Jobs/EarlyInitHelpers.cs
 0.1 kb	 0.0% Packages/com.unity.cloud.gltfast/Runtime/Scripts/VertexBufferDescriptor.cs
 0.1 kb	 0.0% Packages/com.unity.cloud.gltfast/Runtime/Scripts/UninterruptedDeferAgent.cs
 0.1 kb	 0.0% Packages/com.unity.cloud.gltfast/Runtime/Scripts/Schema/TextureExtensions.cs
 0.1 kb	 0.0% Packages/com.unity.cloud.gltfast/Runtime/Scripts/Schema/OcclusionTextureInfo.cs
 0.1 kb	 0.0% Packages/com.unity.cloud.gltfast/Runtime/Scripts/Schema/NormalTextureInfo.cs
 0.1 kb	 0.0% Packages/com.unity.cloud.gltfast/Runtime/Scripts/Schema/NodeLightsPunctual.cs
 0.1 kb	 0.0% Packages/com.unity.cloud.gltfast/Runtime/Scripts/Schema/MeshGpuInstancing.cs
 0.1 kb	 0.0% Packages/com.unity.cloud.gltfast/Runtime/Scripts/Schema/MaterialExtensions.cs
 0.1 kb	 0.0% Packages/com.unity.cloud.gltfast/Runtime/Scripts/Schema/BufferViewExtensions.cs
 0.1 kb	 0.0% Packages/com.unity.cloud.gltfast/Runtime/Scripts/Schema/AccessorSparseValues.cs
 0.1 kb	 0.0% Packages/com.unity.cloud.gltfast/Runtime/Scripts/ReadOnlyDisposableData.cs
 0.1 kb	 0.0% Packages/com.unity.cloud.gltfast/Runtime/Scripts/Newtonsoft/Schema/Texture.cs
 0.1 kb	 0.0% Packages/com.unity.cloud.gltfast/Runtime/Scripts/Newtonsoft/Schema/Scene.cs
 0.1 kb	 0.0% Packages/com.unity.cloud.gltfast/Runtime/Scripts/Newtonsoft/Schema/Sampler.cs
 0.1 kb	 0.0% Packages/com.unity.cloud.gltfast/Runtime/Scripts/Newtonsoft/Schema/Material.cs
 0.1 kb	 0.0% Packages/com.unity.cloud.gltfast/Runtime/Scripts/Newtonsoft/Schema/Image.cs
 0.1 kb	 0.0% Packages/com.unity.cloud.gltfast/Runtime/Scripts/Newtonsoft/Schema/Buffer.cs
 0.1 kb	 0.0% Packages/com.unity.cloud.gltfast/Runtime/Scripts/Newtonsoft/Schema/Asset.cs
 0.1 kb	 0.0% Packages/com.unity.cloud.gltfast/Runtime/Scripts/Newtonsoft/Schema/Accessor.cs
 0.1 kb	 0.0% Packages/com.unity.cloud.gltfast/Runtime/Scripts/Newtonsoft/GltfImport.cs
 0.1 kb	 0.0% Packages/com.unity.cloud.gltfast/Runtime/Scripts/NativeArrayExtensions.cs
 0.1 kb	 0.0% Packages/com.unity.cloud.gltfast/Runtime/Scripts/MorphTargetsGenerator.cs
 0.1 kb	 0.0% Packages/com.unity.cloud.gltfast/Runtime/Scripts/MaterialsVariants/MaterialsVariantsControl.cs
 0.1 kb	 0.0% Packages/com.unity.cloud.gltfast/Runtime/Scripts/MaterialsVariants/IMaterialsVariantsSlot.cs
 0.1 kb	 0.0% Packages/com.unity.cloud.gltfast/Runtime/Scripts/Loading/IDownloadProvider.cs
 0.1 kb	 0.0% Packages/com.unity.cloud.gltfast/Runtime/Scripts/LightPunctualExtension.cs
 0.1 kb	 0.0% Packages/com.unity.cloud.gltfast/Runtime/Scripts/InstantiationSettings.cs
 0.1 kb	 0.0% Packages/com.unity.cloud.gltfast/Runtime/Scripts/ImportAddons/ImportAddonRegistry.cs
 0.1 kb	 0.0% Packages/com.unity.cloud.gltfast/Runtime/Scripts/ImportAddons/ImportAddonInstance.cs
 0.1 kb	 0.0% Packages/com.unity.cloud.gltfast/Runtime/Scripts/ImageFormatExtensions.cs
 0.1 kb	 0.0% Packages/com.unity.cloud.gltfast/Runtime/Scripts/GltfJsonUtilityParser.cs
 0.1 kb	 0.0% Packages/com.unity.cloud.gltfast/Runtime/Scripts/GameObjectSceneInstance.cs
 0.1 kb	 0.0% Packages/com.unity.cloud.gltfast/Runtime/Scripts/GameObjectInstantiator.cs
 0.1 kb	 0.0% Packages/com.unity.cloud.gltfast/Runtime/Scripts/Export/TextureComparer.cs
 0.1 kb	 0.0% Packages/com.unity.cloud.gltfast/Runtime/Scripts/Export/OrmImageExport.cs
 0.1 kb	 0.0% Packages/com.unity.cloud.gltfast/Runtime/Scripts/Export/MaterialExport.cs
 0.1 kb	 0.0% Packages/com.unity.cloud.gltfast/Runtime/Scripts/Export/ImageExportBase.cs
 0.1 kb	 0.0% Packages/com.unity.cloud.gltfast/Runtime/Scripts/Export/IMaterialExport.cs
 0.1 kb	 0.0% Packages/com.unity.cloud.gltfast/Runtime/Scripts/Export/IGltfWritable.cs
 0.1 kb	 0.0% Packages/com.unity.cloud.gltfast/Runtime/Scripts/Export/GameObjectExport.cs
 0.1 kb	 0.0% Packages/com.unity.cloud.gltfast/Runtime/Scripts/Export/ExportSettings.cs
 0.1 kb	 0.0% Packages/com.unity.burst/Runtime/Intrinsics/SimdDebugViews.cs
 0.1 kb	 0.0% Packages/com.unity.burst/Runtime/Editor/BurstReflection.cs
 0.1 kb	 0.0% Packages/com.unity.burst/Runtime/BurstCompilerOptions.cs
 0.1 kb	 0.0% Packages/com.unity.ai.navigation/Runtime/NavMeshLink.cs
 0.1 kb	 0.0% Packages/com.meta.xr.sdk.core/Scripts/Util/UIButtonSquishHelper.cs
 0.1 kb	 0.0% Packages/com.meta.xr.sdk.core/Scripts/InputActions/RuntimeSettings.cs
 0.1 kb	 0.0% Packages/com.meta.xr.sdk.core/Scripts/InputActions/InputActionSet.cs
 0.1 kb	 0.0% Packages/com.meta.xr.sdk.core/Scripts/ImmersiveDebugger/UserInterface/Resources/Styles/TextStyles/MemberDescriptorValue.asset
 0.1 kb	 0.0% Packages/com.meta.xr.sdk.core/Scripts/ImmersiveDebugger/UserInterface/Resources/Styles/TextStyles/ConsoleLogDetailsLabel.asset
 0.1 kb	 0.0% Packages/com.meta.xr.mrutilitykit/Core/Scripts/Utilities.cs
 0.1 kb	 0.0% Packages/com.meta.xr.mrutilitykit/Core/Scripts/Triangulator.cs
 0.1 kb	 0.0% Packages/com.meta.xr.mrutilitykit/Core/Scripts/SpaceMapGPU.cs
 0.1 kb	 0.0% Packages/com.meta.xr.mrutilitykit/Core/Scripts/SceneDecorator/Masks/Mask.cs
 0.1 kb	 0.0% Packages/com.meta.xr.mrutilitykit/Core/Scripts/RoomGuardian.cs
 0.1 kb	 0.0% Packages/com.meta.xr.mrutilitykit/Core/Scripts/MRUKStart.cs
 0.1 kb	 0.0% Packages/com.meta.xr.mrutilitykit/Core/Scripts/MRUKNative.cs
 0.1 kb	 0.0% Packages/com.meta.xr.mrutilitykit/Core/Scripts/MRUKAnchor.cs
 0.1 kb	 0.0% Packages/com.meta.xr.mrutilitykit/Core/Scripts/LabelFilter.cs
 0.1 kb	 0.0% Packages/com.meta.xr.mrutilitykit/Core/Scripts/EffectMesh.cs
 0.1 kb	 0.0% Assets/Milzet/Runtime/ViewerBootstrap.cs
 0.1 kb	 0.0% Assets/Milzet/Runtime/ScenarioContext.cs
 0.1 kb	 0.0% Assets/Milzet/Runtime/ProjectionMesh.cs
 0.1 kb	 0.0% Assets/Milzet/Runtime/PackageReader.cs
 0.1 kb	 0.0% Assets/Milzet/Runtime/PackagePlayer.cs
 0.1 kb	 0.0% Assets/Milzet/Runtime/ModelContract.cs
 0.1 kb	 0.0% Assets/Milzet/Runtime/ExperienceReader.cs
 0.1 kb	 0.0% Assets/Milzet/Runtime/ActivityContract.cs
 0.1 kb	 0.0% Packages/com.unity.ugui/Runtime/TMP/TextMeshProUGUI.cs
 0.1 kb	 0.0% Packages/com.unity.ugui/Runtime/TMP/TextContainer.cs
 0.1 kb	 0.0% Packages/com.unity.ugui/Runtime/TMP/TMP_TextElement.cs
 0.1 kb	 0.0% Packages/com.unity.ugui/Runtime/TMP/TMP_SubMeshUI.cs
 0.1 kb	 0.0% Packages/com.unity.ugui/Runtime/TMP/TMP_StyleSheet.cs
 0.1 kb	 0.0% Packages/com.unity.ugui/Runtime/TMP/TMP_SpriteGlyph.cs
 0.1 kb	 0.0% Packages/com.unity.ugui/Runtime/TMP/TMP_SpriteAsset.cs
 0.1 kb	 0.0% Packages/com.unity.ugui/Runtime/TMP/TMP_InputField.cs
 0.1 kb	 0.0% Packages/com.unity.ugui/Runtime/TMP/TMP_FontAsset.cs
 0.1 kb	 0.0% Packages/com.unity.ugui/Runtime/TMP/TMP_CoroutineTween.cs
 0.1 kb	 0.0% Packages/com.unity.ugui/Runtime/TMP/TMP_Character.cs
 0.1 kb	 0.0% Packages/com.unity.timeline/Runtime/Utilities/TimelineUndo.cs
 0.1 kb	 0.0% Packages/com.unity.timeline/Runtime/Utilities/TimeUtility.cs
 0.1 kb	 0.0% Packages/com.unity.timeline/Runtime/Utilities/HashUtility.cs
 0.1 kb	 0.0% Packages/com.unity.timeline/Runtime/Utilities/BlendUtility.cs
 0.1 kb	 0.0% Packages/com.unity.timeline/Runtime/TrackAsset.cs
 0.1 kb	 0.0% Packages/com.unity.timeline/Runtime/TimelineClip.cs
 0.1 kb	 0.0% Packages/com.unity.timeline/Runtime/Playables/ITimeControl.cs
 0.1 kb	 0.0% Packages/com.unity.timeline/Runtime/ILayerable.cs
 0.1 kb	 0.0% Packages/com.unity.timeline/Runtime/GroupTrack.cs
 0.1 kb	 0.0% Packages/com.unity.timeline/Runtime/Events/Signals/SignalAsset.cs
 0.1 kb	 0.0% Packages/com.unity.timeline/Runtime/Events/SignalTrack.cs
 0.1 kb	 0.0% Packages/com.unity.timeline/Runtime/Events/MarkerTrack.cs
 0.1 kb	 0.0% Packages/com.unity.timeline/Runtime/Events/MarkerList.cs
 0.1 kb	 0.0% Packages/com.unity.timeline/Runtime/Evaluation/RuntimeClip.cs
 0.1 kb	 0.0% Packages/com.unity.timeline/Runtime/Evaluation/IntervalTree.cs
 0.1 kb	 0.0% Packages/com.unity.timeline/Runtime/DiscreteTime.cs
 0.1 kb	 0.0% Packages/com.unity.timeline/Runtime/Control/ControlTrack.cs
 0.1 kb	 0.0% Packages/com.unity.timeline/Runtime/Audio/AudioTrack.cs
 0.1 kb	 0.0% Packages/com.unity.timeline/Runtime/AssetUpgrade/ClipUpgrade.cs
 0.1 kb	 0.0% Packages/com.unity.timeline/Runtime/Animation/ICurvesOwner.cs
 0.1 kb	 0.0% Packages/com.unity.mathematics/Unity.Mathematics/uint4x4.gen.cs
 0.1 kb	 0.0% Packages/com.unity.mathematics/Unity.Mathematics/uint4x3.gen.cs
 0.1 kb	 0.0% Packages/com.unity.mathematics/Unity.Mathematics/uint4x2.gen.cs
 0.1 kb	 0.0% Packages/com.unity.mathematics/Unity.Mathematics/uint4.gen.cs
 0.1 kb	 0.0% Packages/com.unity.mathematics/Unity.Mathematics/uint3x4.gen.cs
 0.1 kb	 0.0% Packages/com.unity.mathematics/Unity.Mathematics/uint3x3.gen.cs
 0.1 kb	 0.0% Packages/com.unity.mathematics/Unity.Mathematics/uint3x2.gen.cs
 0.1 kb	 0.0% Packages/com.unity.mathematics/Unity.Mathematics/uint3.gen.cs
 0.1 kb	 0.0% Packages/com.unity.mathematics/Unity.Mathematics/uint2x4.gen.cs
 0.1 kb	 0.0% Packages/com.unity.mathematics/Unity.Mathematics/uint2x3.gen.cs
 0.1 kb	 0.0% Packages/com.unity.mathematics/Unity.Mathematics/uint2x2.gen.cs
 0.1 kb	 0.0% Packages/com.unity.mathematics/Unity.Mathematics/uint2.gen.cs
 0.1 kb	 0.0% Packages/com.unity.mathematics/Unity.Mathematics/int4x4.gen.cs
 0.1 kb	 0.0% Packages/com.unity.mathematics/Unity.Mathematics/int4x3.gen.cs
 0.1 kb	 0.0% Packages/com.unity.mathematics/Unity.Mathematics/int4x2.gen.cs
 0.1 kb	 0.0% Packages/com.unity.mathematics/Unity.Mathematics/int3x4.gen.cs
 0.1 kb	 0.0% Packages/com.unity.mathematics/Unity.Mathematics/int3x3.gen.cs
 0.1 kb	 0.0% Packages/com.unity.mathematics/Unity.Mathematics/int3x2.gen.cs
 0.1 kb	 0.0% Packages/com.unity.mathematics/Unity.Mathematics/int2x4.gen.cs
 0.1 kb	 0.0% Packages/com.unity.mathematics/Unity.Mathematics/int2x3.gen.cs
 0.1 kb	 0.0% Packages/com.unity.mathematics/Unity.Mathematics/int2x2.gen.cs
 0.1 kb	 0.0% Packages/com.unity.mathematics/Unity.Mathematics/half4.gen.cs
 0.1 kb	 0.0% Packages/com.unity.mathematics/Unity.Mathematics/half3.gen.cs
 0.1 kb	 0.0% Packages/com.unity.mathematics/Unity.Mathematics/half2.gen.cs
 0.1 kb	 0.0% Packages/com.unity.mathematics/Unity.Mathematics/float4x4.gen.cs
 0.1 kb	 0.0% Packages/com.unity.mathematics/Unity.Mathematics/float4x3.gen.cs
 0.1 kb	 0.0% Packages/com.unity.mathematics/Unity.Mathematics/float4x2.gen.cs
 0.1 kb	 0.0% Packages/com.unity.mathematics/Unity.Mathematics/float4.gen.cs
 0.1 kb	 0.0% Packages/com.unity.mathematics/Unity.Mathematics/float3x4.gen.cs
 0.1 kb	 0.0% Packages/com.unity.mathematics/Unity.Mathematics/float3x3.gen.cs
 0.1 kb	 0.0% Packages/com.unity.mathematics/Unity.Mathematics/float3x2.gen.cs
 0.1 kb	 0.0% Packages/com.unity.mathematics/Unity.Mathematics/float3.gen.cs
 0.1 kb	 0.0% Packages/com.unity.mathematics/Unity.Mathematics/float2x4.gen.cs
 0.1 kb	 0.0% Packages/com.unity.mathematics/Unity.Mathematics/float2x3.gen.cs
 0.1 kb	 0.0% Packages/com.unity.mathematics/Unity.Mathematics/float2x2.gen.cs
 0.1 kb	 0.0% Packages/com.unity.mathematics/Unity.Mathematics/float2.gen.cs
 0.1 kb	 0.0% Packages/com.unity.mathematics/Unity.Mathematics/double4.gen.cs
 0.1 kb	 0.0% Packages/com.unity.mathematics/Unity.Mathematics/double3.gen.cs
 0.1 kb	 0.0% Packages/com.unity.mathematics/Unity.Mathematics/double2.gen.cs
 0.1 kb	 0.0% Packages/com.unity.mathematics/Unity.Mathematics/bool4x4.gen.cs
 0.1 kb	 0.0% Packages/com.unity.mathematics/Unity.Mathematics/bool4x3.gen.cs
 0.1 kb	 0.0% Packages/com.unity.mathematics/Unity.Mathematics/bool4x2.gen.cs
 0.1 kb	 0.0% Packages/com.unity.mathematics/Unity.Mathematics/bool4.gen.cs
 0.1 kb	 0.0% Packages/com.unity.mathematics/Unity.Mathematics/bool3x4.gen.cs
 0.1 kb	 0.0% Packages/com.unity.mathematics/Unity.Mathematics/bool3x3.gen.cs
 0.1 kb	 0.0% Packages/com.unity.mathematics/Unity.Mathematics/bool3x2.gen.cs
 0.1 kb	 0.0% Packages/com.unity.mathematics/Unity.Mathematics/bool3.gen.cs
 0.1 kb	 0.0% Packages/com.unity.mathematics/Unity.Mathematics/bool2x4.gen.cs
 0.1 kb	 0.0% Packages/com.unity.mathematics/Unity.Mathematics/bool2x3.gen.cs
 0.1 kb	 0.0% Packages/com.unity.mathematics/Unity.Mathematics/bool2x2.gen.cs
 0.1 kb	 0.0% Packages/com.unity.mathematics/Unity.Mathematics/bool2.gen.cs
 0.1 kb	 0.0% Packages/com.unity.mathematics/Unity.Mathematics/Noise/psrdnoise2D.cs
 0.1 kb	 0.0% Packages/com.unity.mathematics/Unity.Mathematics/Noise/noise3Dgrad.cs
 0.1 kb	 0.0% Packages/com.unity.mathematics/Unity.Mathematics/Noise/cellular3D.cs
 0.1 kb	 0.0% Packages/com.unity.mathematics/Unity.Mathematics/Noise/cellular2x2.cs
 0.1 kb	 0.0% Packages/com.unity.mathematics/Unity.Mathematics/Noise/cellular2D.cs
 0.1 kb	 0.0% Packages/com.unity.inputsystem/InputSystem/Runtime/Plugins/XR/Devices/GoogleVR.cs
 0.1 kb	 0.0% Packages/com.unity.inputsystem/InputSystem/Runtime/Devices/Sensor.cs
 0.1 kb	 0.0% Packages/com.unity.inputsystem/InputSystem/Runtime/Devices/Pointer.cs
 0.1 kb	 0.0% Packages/com.unity.inputsystem/InputSystem/Runtime/Devices/Mouse.cs
 0.1 kb	 0.0% Packages/com.unity.inputsystem/InputSystem/Runtime/Devices/Keyboard.cs
 0.1 kb	 0.0% Packages/com.unity.inputsystem/InputSystem/Runtime/Devices/Joystick.cs
 0.1 kb	 0.0% Packages/com.unity.inputsystem/InputSystem/Runtime/Devices/Gamepad.cs
 0.1 kb	 0.0% Packages/com.unity.inputsystem/InputSystem/Editor/DownloadableSample.cs
 0.1 kb	 0.0% Packages/com.unity.collections/Unity.Collections/xxHash3.AVX2.cs
 0.1 kb	 0.0% Packages/com.unity.cloud.gltfast/Runtime/Scripts/Schema/FakeSchema/MeshPrimitive.cs
 0.1 kb	 0.0% Packages/com.unity.cloud.gltfast/Runtime/Scripts/Material/MaterialProperty.cs
 0.1 kb	 0.0% Packages/com.unity.burst/Runtime/Intrinsics/Arm/NEON_AArch64_rdma.cs
 0.1 kb	 0.0% Packages/com.unity.burst/Runtime/Intrinsics/Arm/NEON_AArch64_dotprod.cs
 0.1 kb	 0.0% Packages/com.unity.burst/Runtime/Intrinsics/Arm/NEON_AArch64_crypto.cs
 0.1 kb	 0.0% Packages/com.meta.xr.sdk.core/Scripts/Util/SampleMetadata/SampleMetadata.cs
 0.1 kb	 0.0% Packages/com.meta.xr.sdk.core/Scripts/Util/Passthrough/OVRPassthroughColorLut.cs
 0.1 kb	 0.0% Packages/com.meta.xr.sdk.core/Scripts/Util/OVRSceneSampleController.cs
 0.1 kb	 0.0% Packages/com.meta.xr.sdk.core/Scripts/Util/OVRCustomFaceExtensions.cs
 0.1 kb	 0.0% Packages/com.meta.xr.sdk.core/Scripts/Util/OVRChromaticAberration.cs
 0.1 kb	 0.0% Packages/com.meta.xr.sdk.core/Scripts/SystemHaptics/SystemHapticsClipData.cs
 0.1 kb	 0.0% Packages/com.meta.xr.sdk.core/Scripts/OVRTelemetry/OVRTelemetryConstants.cs
 0.1 kb	 0.0% Packages/com.meta.xr.sdk.core/Scripts/OVRTelemetry/OVRSampledEventSender.cs
 0.1 kb	 0.0% Packages/com.meta.xr.sdk.core/Scripts/OVRSceneVolumeMeshFilter.cs
 0.1 kb	 0.0% Packages/com.meta.xr.sdk.core/Scripts/OVRScenePrefabOverride.cs
 0.1 kb	 0.0% Packages/com.meta.xr.sdk.core/Scripts/OVRScenePlaneMeshFilter.cs
 0.1 kb	 0.0% Packages/com.meta.xr.sdk.core/Scripts/OVRPermissionsRequester.cs
 0.1 kb	 0.0% Packages/com.meta.xr.sdk.core/Scripts/OVROverlayMeshGenerator.cs
 0.1 kb	 0.0% Packages/com.meta.xr.sdk.core/Scripts/OVROverlayCanvasSettings.cs
 0.1 kb	 0.0% Packages/com.meta.xr.sdk.core/Scripts/OVROverlayCanvasManager.cs
 0.1 kb	 0.0% Packages/com.meta.xr.sdk.core/Scripts/OVRGLTFAnimatinonNode.cs
 0.1 kb	 0.0% Packages/com.meta.xr.sdk.core/Scripts/OVRDebugHeadController.cs
 0.1 kb	 0.0% Packages/com.meta.xr.sdk.core/Scripts/ImmersiveDebugger/UserInterface/UIEditorSetup.cs
 0.1 kb	 0.0% Packages/com.meta.xr.sdk.core/Scripts/ImmersiveDebugger/UserInterface/Resources/Styles/TextStyles/HierarchyItemLabel.asset
 0.1 kb	 0.0% Packages/com.meta.xr.sdk.core/Scripts/ImmersiveDebugger/UserInterface/Resources/Styles/TextStyles/ConsoleLogCounter.asset
 0.1 kb	 0.0% Packages/com.meta.xr.sdk.core/Scripts/ImmersiveDebugger/UserInterface/Resources/Styles/TextStyles/ConsoleButtonCount.asset
 0.1 kb	 0.0% Packages/com.meta.xr.sdk.core/Scripts/ImmersiveDebugger/UsageExample/TestSceneUsage.cs
 0.1 kb	 0.0% Packages/com.meta.xr.sdk.core/Scripts/Composition/OVRExternalComposition.cs
 0.1 kb	 0.0% Assets/Milzet/StartupSource/IActiveState.cs
 0.1 kb	 0.0% Packages/com.unity.xr.core-utils/Runtime/XROrigin.cs
 0.1 kb	 0.0% Packages/com.unity.xr.core-utils/Runtime/GuidUtil.cs
 0.1 kb	 0.0% Packages/com.unity.ugui/Runtime/UGUI/UI/Core/Utility/VertexHelper.cs
 0.1 kb	 0.0% Packages/com.unity.ugui/Runtime/UGUI/UI/Core/ToggleGroup.cs
 0.1 kb	 0.0% Packages/com.unity.ugui/Runtime/UGUI/UI/Core/SpriteState.cs
 0.1 kb	 0.0% Packages/com.unity.ugui/Runtime/UGUI/UI/Core/Selectable.cs
 0.1 kb	 0.0% Packages/com.unity.ugui/Runtime/UGUI/UI/Core/Scrollbar.cs
 0.1 kb	 0.0% Packages/com.unity.ugui/Runtime/UGUI/UI/Core/ScrollRect.cs
 0.1 kb	 0.0% Packages/com.unity.ugui/Runtime/UGUI/UI/Core/RectMask2D.cs
 0.1 kb	 0.0% Packages/com.unity.ugui/Runtime/UGUI/UI/Core/Navigation.cs
 0.1 kb	 0.0% Packages/com.unity.ugui/Runtime/UGUI/UI/Core/Layout/LayoutGroup.cs
 0.1 kb	 0.0% Packages/com.unity.ugui/Runtime/UGUI/UI/Core/Layout/CanvasScaler.cs
 0.1 kb	 0.0% Packages/com.unity.ugui/Runtime/UGUI/UI/Core/InputField.cs
 0.1 kb	 0.0% Packages/com.unity.ugui/Runtime/UGUI/UI/Core/IMaskable.cs
 0.1 kb	 0.0% Packages/com.unity.ugui/Runtime/UGUI/UI/Core/ColorBlock.cs
 0.1 kb	 0.0% Packages/com.unity.mathematics/Unity.Mathematics/random.cs
 0.1 kb	 0.0% Packages/com.unity.mathematics/Unity.Mathematics/matrix.gen.cs
 0.1 kb	 0.0% Packages/com.unity.mathematics/Unity.Mathematics/matrix.cs
 0.1 kb	 0.0% Packages/com.unity.mathematics/Unity.Mathematics/Noise/noise4D.cs
 0.1 kb	 0.0% Packages/com.unity.mathematics/Unity.Mathematics/Noise/noise3D.cs
 0.1 kb	 0.0% Packages/com.unity.mathematics/Unity.Mathematics/Noise/noise2D.cs
 0.1 kb	 0.0% Packages/com.unity.mathematics/Unity.Mathematics/Noise/common.cs
 0.1 kb	 0.0% Packages/com.unity.inputsystem/InputSystem/Runtime/Plugins/XR/Devices/OpenVR.cs
 0.1 kb	 0.0% Packages/com.unity.inputsystem/InputSystem/Runtime/Plugins/HID/HID.cs
 0.1 kb	 0.0% Packages/com.unity.collections/Unity.Collections/xxHash3.cs
 0.1 kb	 0.0% Packages/com.unity.collections/Unity.Collections/Unicode.cs
 0.1 kb	 0.0% Packages/com.unity.collections/Unity.Collections/Memory.cs
 0.1 kb	 0.0% Packages/com.unity.collections/Unity.Collections/Jobs/IJobFilter.cs
 0.1 kb	 0.0% Packages/com.unity.collections/Unity.Collections/BitField.cs
 0.1 kb	 0.0% Packages/com.unity.cloud.gltfast/Runtime/Scripts/VertexBufferColors.cs
 0.1 kb	 0.0% Packages/com.unity.cloud.gltfast/Runtime/Scripts/VertexBufferBones.cs
 0.1 kb	 0.0% Packages/com.unity.cloud.gltfast/Runtime/Scripts/SubMeshAssignment.cs
 0.1 kb	 0.0% Packages/com.unity.cloud.gltfast/Runtime/Scripts/Schema/TextureTransform.cs
 0.1 kb	 0.0% Packages/com.unity.cloud.gltfast/Runtime/Scripts/Schema/RootExtensions.cs
 0.1 kb	 0.0% Packages/com.unity.cloud.gltfast/Runtime/Scripts/Schema/MeshPrimitive.cs
 0.1 kb	 0.0% Packages/com.unity.cloud.gltfast/Runtime/Scripts/Schema/MaterialUnlit.cs
 0.1 kb	 0.0% Packages/com.unity.cloud.gltfast/Runtime/Scripts/Schema/MaterialTransmission.cs
 0.1 kb	 0.0% Packages/com.unity.cloud.gltfast/Runtime/Scripts/Schema/MaterialSpecular.cs
 0.1 kb	 0.0% Packages/com.unity.cloud.gltfast/Runtime/Scripts/Schema/MaterialClearCoat.cs
 0.1 kb	 0.0% Packages/com.unity.cloud.gltfast/Runtime/Scripts/Schema/LightsPunctual.cs
 0.1 kb	 0.0% Packages/com.unity.cloud.gltfast/Runtime/Scripts/Schema/LightPunctual.cs
 0.1 kb	 0.0% Packages/com.unity.cloud.gltfast/Runtime/Scripts/Schema/AnimationSampler.cs
 0.1 kb	 0.0% Packages/com.unity.cloud.gltfast/Runtime/Scripts/Schema/AnimationChannel.cs
 0.1 kb	 0.0% Packages/com.unity.cloud.gltfast/Runtime/Scripts/Schema/AccessorSparse.cs
 0.1 kb	 0.0% Packages/com.unity.cloud.gltfast/Runtime/Scripts/RenderPipelineUtils.cs
 0.1 kb	 0.0% Packages/com.unity.cloud.gltfast/Runtime/Scripts/PrimitivesComparer.cs
 0.1 kb	 0.0% Packages/com.unity.cloud.gltfast/Runtime/Scripts/PrimitiveComparer.cs
 0.1 kb	 0.0% Packages/com.unity.cloud.gltfast/Runtime/Scripts/NodeHierarchyInfo.cs
 0.1 kb	 0.0% Packages/com.unity.cloud.gltfast/Runtime/Scripts/Newtonsoft/Schema/Skin.cs
 0.1 kb	 0.0% Packages/com.unity.cloud.gltfast/Runtime/Scripts/Newtonsoft/Schema/Root.cs
 0.1 kb	 0.0% Packages/com.unity.cloud.gltfast/Runtime/Scripts/Newtonsoft/Schema/Node.cs
 0.1 kb	 0.0% Packages/com.unity.cloud.gltfast/Runtime/Scripts/Newtonsoft/Schema/Mesh.cs
 0.1 kb	 0.0% Packages/com.unity.cloud.gltfast/Runtime/Scripts/MeshGeneratorBase.cs
 0.1 kb	 0.0% Packages/com.unity.cloud.gltfast/Runtime/Scripts/Logging/ConsoleLogger.cs
 0.1 kb	 0.0% Packages/com.unity.cloud.gltfast/Runtime/Scripts/Logging/CollectingLogger.cs
 0.1 kb	 0.0% Packages/com.unity.cloud.gltfast/Runtime/Scripts/Loading/ITextureDownload.cs
 0.1 kb	 0.0% Packages/com.unity.cloud.gltfast/Runtime/Scripts/Loading/INativeDownload.cs
 0.1 kb	 0.0% Packages/com.unity.cloud.gltfast/Runtime/Scripts/ImportAddons/IInstanceApplier.cs
 0.1 kb	 0.0% Packages/com.unity.cloud.gltfast/Runtime/Scripts/ImageFormatDetection.cs
 0.1 kb	 0.0% Packages/com.unity.cloud.gltfast/Runtime/Scripts/ITextureImageLoader.cs
 0.1 kb	 0.0% Packages/com.unity.cloud.gltfast/Runtime/Scripts/INodeHierarchyInfo.cs
 0.1 kb	 0.0% Packages/com.unity.cloud.gltfast/Runtime/Scripts/IMaterialProvider.cs
 0.1 kb	 0.0% Packages/com.unity.cloud.gltfast/Runtime/Scripts/Export/ImageExport.cs
 0.1 kb	 0.0% Packages/com.unity.cloud.gltfast/Runtime/Scripts/Export/IMeshData.cs
 0.1 kb	 0.0% Packages/com.unity.cloud.gltfast/Runtime/Scripts/Export/GltfWriter.cs
 0.1 kb	 0.0% Packages/com.unity.cloud.gltfast/Runtime/Scripts/Export/ExportJobs.cs
 0.1 kb	 0.0% Packages/com.unity.cloud.gltfast/Runtime/Scripts/Export/Constants.cs
 0.1 kb	 0.0% Packages/com.unity.cloud.gltfast/Runtime/Scripts/DontDestroyOnLoad.cs
 0.1 kb	 0.0% Packages/com.unity.cloud.gltfast/Runtime/Scripts/DefaultDeferAgent.cs
 0.1 kb	 0.0% Packages/com.unity.burst/Runtime/NoAliasAttribute.cs
 0.1 kb	 0.0% Packages/com.unity.burst/Runtime/FunctionPointer.cs
 0.1 kb	 0.0% Packages/com.unity.burst/Runtime/Editor/BurstLoader.cs
 0.1 kb	 0.0% Packages/com.unity.burst/Runtime/CompilerServices/Constant.cs
 0.1 kb	 0.0% Packages/com.unity.burst/Runtime/CompilerServices/Aliasing.cs
 0.1 kb	 0.0% Packages/com.unity.burst/Runtime/BurstString.Float.cs
 0.1 kb	 0.0% Packages/com.unity.burst/Runtime/BurstCompiler.cs
 0.1 kb	 0.0% Packages/com.unity.ai.navigation/Runtime/HelpUrls.cs
 0.1 kb	 0.0% Packages/com.meta.xr.sdk.core/Scripts/ImmersiveDebugger/UserInterface/Resources/Styles/TextStyles/InspectorTitle.asset
 0.1 kb	 0.0% Packages/com.meta.xr.sdk.core/Scripts/ImmersiveDebugger/UserInterface/Resources/Styles/TextStyles/ConsoleLineLabel.asset
 0.1 kb	 0.0% Packages/com.meta.xr.sdk.core/Scripts/ImmersiveDebugger/UserInterface/Resources/Styles/TextStyles/CategorySubLabel.asset
 0.1 kb	 0.0% Packages/com.meta.xr.sdk.core/Scripts/ImmersiveDebugger/UserInterface/Resources/Styles/TextStyles/CategoryLabel.asset
 0.1 kb	 0.0% Packages/com.meta.xr.sdk.core/Scripts/BuildingBlocks/RoomMesh/RoomMeshAnchor.cs
 0.1 kb	 0.0% Packages/com.meta.xr.mrutilitykit/Core/Scripts/SpaceMap.cs
 0.1 kb	 0.0% Packages/com.meta.xr.mrutilitykit/Core/Scripts/MRUKRoom.cs
 0.1 kb	 0.0% Assets/Milzet/Runtime/WaveDecoder.cs
 0.1 kb	 0.0% Assets/Milzet/Runtime/Projection.cs
 0.1 kb	 0.0% Packages/com.unity.ugui/Runtime/UGUI/UI/Core/Culling/IClipRegion.cs
 0.1 kb	 0.0% Packages/com.unity.ugui/Runtime/TMP/TextMeshPro.cs
 0.1 kb	 0.0% Packages/com.unity.ugui/Runtime/TMP/TMP_TextInfo.cs
 0.1 kb	 0.0% Packages/com.unity.ugui/Runtime/TMP/TMP_SubMesh.cs
 0.1 kb	 0.0% Packages/com.unity.ugui/Runtime/TMP/TMP_Style.cs
 0.1 kb	 0.0% Packages/com.unity.ugui/Runtime/TMP/TMP_Sprite.cs
 0.1 kb	 0.0% Packages/com.unity.ugui/Runtime/TMP/TMP_Settings.cs
 0.1 kb	 0.0% Packages/com.unity.ugui/Runtime/TMP/TMP_MeshInfo.cs
 0.1 kb	 0.0% Packages/com.unity.ugui/Runtime/TMP/TMP_LineInfo.cs
 0.1 kb	 0.0% Packages/com.unity.ugui/Runtime/TMP/TMP_Dropdown.cs
 0.1 kb	 0.0% Packages/com.unity.ugui/Runtime/TMP/TMP_Asset.cs
 0.1 kb	 0.0% Packages/com.unity.ugui/Runtime/TMP/FastAction.cs
 0.1 kb	 0.0% Packages/com.unity.timeline/Runtime/ObjectId.cs
 0.1 kb	 0.0% Packages/com.unity.timeline/Runtime/Events/Marker.cs
 0.1 kb	 0.0% Packages/com.unity.timeline/Runtime/Events/IMarker.cs
 0.1 kb	 0.0% Packages/com.unity.mathematics/Unity.Mathematics/int4.gen.cs
 0.1 kb	 0.0% Packages/com.unity.mathematics/Unity.Mathematics/int3.gen.cs
 0.1 kb	 0.0% Packages/com.unity.mathematics/Unity.Mathematics/int2.gen.cs
 0.1 kb	 0.0% Packages/com.unity.inputsystem/InputSystem/Runtime/Devices/Pen.cs
 0.1 kb	 0.0% Packages/com.unity.cloud.gltfast/Runtime/Scripts/VertexStructs.cs
 0.1 kb	 0.0% Packages/com.unity.cloud.gltfast/Runtime/Scripts/Schema/GltfAnimation.cs
 0.1 kb	 0.0% Packages/com.unity.cloud.gltfast/Runtime/Scripts/Schema/FakeSchema/NamedObject.cs
 0.1 kb	 0.0% Packages/com.unity.cloud.gltfast/Runtime/Scripts/Material/Constants.cs
 0.1 kb	 0.0% Packages/com.unity.cloud.gltfast/Runtime/Scripts/CachedFunction.cs
 0.1 kb	 0.0% Packages/com.unity.burst/Runtime/Intrinsics/Common.cs
 0.1 kb	 0.0% Packages/com.unity.burst/Runtime/Intrinsics/Arm/NEON_ctor.cs
 0.1 kb	 0.0% Packages/com.unity.burst/Runtime/Intrinsics/Arm/NEON_AArch64.cs
 0.1 kb	 0.0% Packages/com.meta.xr.sdk.core/ThirdParty/SimpleJSONUnity.cs
 0.1 kb	 0.0% Packages/com.meta.xr.sdk.core/Scripts/Util/OVRSkeletonRenderer.cs
 0.1 kb	 0.0% Packages/com.meta.xr.sdk.core/Scripts/Util/OVRRuntimeController.cs
 0.1 kb	 0.0% Packages/com.meta.xr.sdk.core/Scripts/Util/OVRRuntimeAssetsBase.cs
 0.1 kb	 0.0% Packages/com.meta.xr.sdk.core/Scripts/Util/OVRResetOrientation.cs
 0.1 kb	 0.0% Packages/com.meta.xr.sdk.core/Scripts/Util/OVRRecord.cs
 0.1 kb	 0.0% Packages/com.meta.xr.sdk.core/Scripts/Util/OVRReadOnlyAttribute.cs
 0.1 kb	 0.0% Packages/com.meta.xr.sdk.core/Scripts/Util/OVRRayTransformer.cs
 0.1 kb	 0.0% Packages/com.meta.xr.sdk.core/Scripts/Util/OVRProgressIndicator.cs
 0.1 kb	 0.0% Packages/com.meta.xr.sdk.core/Scripts/Util/OVRPlayerController.cs
 0.1 kb	 0.0% Packages/com.meta.xr.sdk.core/Scripts/Util/OVRMetricsToolSDK.cs
 0.1 kb	 0.0% Packages/com.meta.xr.sdk.core/Scripts/Util/OVREnumExtensions.cs
 0.1 kb	 0.0% Packages/com.meta.xr.sdk.core/Scripts/Util/OVRCustomSkeleton.cs
 0.1 kb	 0.0% Packages/com.meta.xr.sdk.core/Scripts/Util/OVRCubemapCapture.cs
 0.1 kb	 0.0% Packages/com.meta.xr.sdk.core/Scripts/Util/OVRControllerTest.cs
 0.1 kb	 0.0% Packages/com.meta.xr.sdk.core/Scripts/Util/OVRControllerHelper.cs
 0.1 kb	 0.0% Packages/com.meta.xr.sdk.core/Scripts/Util/OVRAutoDestroyInMRC.cs
 0.1 kb	 0.0% Packages/com.meta.xr.sdk.core/Scripts/Util/OVRAudioSourceTest.cs
 0.1 kb	 0.0% Packages/com.meta.xr.sdk.core/Scripts/OpenXRFeatures/MetaXRSpaceWarp.cs
 0.1 kb	 0.0% Packages/com.meta.xr.sdk.core/Scripts/OpenXRFeatures/MetaXRFeature.cs
 0.1 kb	 0.0% Packages/com.meta.xr.sdk.core/Scripts/OVRVirtualKeyboard/OVRVirtualKeyboard.cs
 0.1 kb	 0.0% Packages/com.meta.xr.sdk.core/Scripts/OVRTelemetry/OVRTelemetryMarker.cs
 0.1 kb	 0.0% Packages/com.meta.xr.sdk.core/Scripts/OVRSceneModelLoader.cs
 0.1 kb	 0.0% Packages/com.meta.xr.sdk.core/Scripts/OVRRuntimeSettings.cs
 0.1 kb	 0.0% Packages/com.meta.xr.sdk.core/Scripts/OVRPointerVisualizer.cs
 0.1 kb	 0.0% Packages/com.meta.xr.sdk.core/Scripts/OVRPassthroughLayer.cs
 0.1 kb	 0.0% Packages/com.meta.xr.sdk.core/Scripts/OVRHeadsetEmulator.cs
 0.1 kb	 0.0% Packages/com.meta.xr.sdk.core/Scripts/OVRFaceExpressions.cs
 0.1 kb	 0.0% Packages/com.meta.xr.sdk.core/Scripts/OVRColocationSession.cs
 0.1 kb	 0.0% Packages/com.meta.xr.sdk.core/Scripts/OVRAnchor/OVRAnchorComponents/OVRSemanticLabels.cs
 0.1 kb	 0.0% Packages/com.meta.xr.sdk.core/Scripts/OVRAnchor/OVRAnchorComponents/OVRAnchorContainer.cs
 0.1 kb	 0.0% Packages/com.meta.xr.sdk.core/Scripts/OVRAnchor/OVRAnchor.FetchTrackables.cs
 0.1 kb	 0.0% Packages/com.meta.xr.sdk.core/Scripts/InputActions/InlineLinkAttribute.cs
 0.1 kb	 0.0% Packages/com.meta.xr.sdk.core/Scripts/ImmersiveDebugger/UserInterface/Resources/Styles/TextStyles/PanelTitle.asset
 0.1 kb	 0.0% Packages/com.meta.xr.sdk.core/Scripts/ImmersiveDebugger/UserInterface/Resources/Styles/TextStyles/MemberValue.asset
 0.1 kb	 0.0% Packages/com.meta.xr.sdk.core/Scripts/ImmersiveDebugger/UserInterface/Resources/Styles/TextStyles/MemberTitle.asset
 0.1 kb	 0.0% Packages/com.meta.xr.sdk.core/Scripts/Composition/OVRCompositionUtil.cs
 0.1 kb	 0.0% Assets/Resources/OVRPlatformToolSettings.asset
 0.1 kb	 0.0% Packages/com.unity.ugui/Runtime/UGUI/UI/Core/VertexModifiers/Shadow.cs
 0.1 kb	 0.0% Packages/com.unity.ugui/Runtime/UGUI/UI/Core/VertexModifiers/Outline.cs
 0.1 kb	 0.0% Packages/com.unity.ugui/Runtime/UGUI/UI/Core/Toggle.cs
 0.1 kb	 0.0% Packages/com.unity.ugui/Runtime/UGUI/UI/Core/Slider.cs
 0.1 kb	 0.0% Packages/com.unity.ugui/Runtime/UGUI/UI/Core/RawImage.cs
 0.1 kb	 0.0% Packages/com.unity.ugui/Runtime/UGUI/UI/Core/Image.cs
 0.1 kb	 0.0% Packages/com.unity.ugui/Runtime/UGUI/UI/Core/IMask.cs
 0.1 kb	 0.0% Packages/com.unity.ugui/Runtime/UGUI/UI/Core/Graphic.cs
 0.1 kb	 0.0% Packages/com.unity.ugui/Runtime/UGUI/UI/Core/FontData.cs
 0.1 kb	 0.0% Packages/com.unity.ugui/Runtime/UGUI/UI/Core/Dropdown.cs
 0.1 kb	 0.0% Packages/com.unity.ugui/Runtime/UGUI/UI/Core/Culling/Clipping.cs
 0.1 kb	 0.0% Packages/com.unity.ugui/Runtime/UGUI/UI/Core/Button.cs
 0.1 kb	 0.0% Packages/com.unity.mathematics/Unity.Mathematics/svd.cs
 0.1 kb	 0.0% Packages/com.unity.mathematics/Unity.Mathematics/math.cs
 0.1 kb	 0.0% Packages/com.unity.mathematics/Unity.Mathematics/half.cs
 0.1 kb	 0.0% Packages/com.unity.cloud.gltfast/Runtime/Scripts/StreamExtension.cs
 0.1 kb	 0.0% Packages/com.unity.cloud.gltfast/Runtime/Scripts/Schema/TextureInfo.cs
 0.1 kb	 0.0% Packages/com.unity.cloud.gltfast/Runtime/Scripts/Schema/SpotLight.cs
 0.1 kb	 0.0% Packages/com.unity.cloud.gltfast/Runtime/Scripts/Schema/NamedObject.cs
 0.1 kb	 0.0% Packages/com.unity.cloud.gltfast/Runtime/Scripts/Schema/MaterialSheen.cs
 0.1 kb	 0.0% Packages/com.unity.cloud.gltfast/Runtime/Scripts/Schema/MaterialIor.cs
 0.1 kb	 0.0% Packages/com.unity.cloud.gltfast/Runtime/Scripts/Schema/JsonWriter.cs
 0.1 kb	 0.0% Packages/com.unity.cloud.gltfast/Runtime/Scripts/Schema/IBufferView.cs
 0.1 kb	 0.0% Packages/com.unity.cloud.gltfast/Runtime/Scripts/Schema/Constants.cs
 0.1 kb	 0.0% Packages/com.unity.cloud.gltfast/Runtime/Scripts/Schema/BufferView.cs
 0.1 kb	 0.0% Packages/com.unity.cloud.gltfast/Runtime/Scripts/RootExtension.cs
 0.1 kb	 0.0% Packages/com.unity.cloud.gltfast/Runtime/Scripts/NodeExtension.cs
 0.1 kb	 0.0% Packages/com.unity.cloud.gltfast/Runtime/Scripts/NativeFileReader.cs
 0.1 kb	 0.0% Packages/com.unity.cloud.gltfast/Runtime/Scripts/MeshGenerator.cs
 0.1 kb	 0.0% Packages/com.unity.cloud.gltfast/Runtime/Scripts/MeshAssignment.cs
 0.1 kb	 0.0% Packages/com.unity.cloud.gltfast/Runtime/Scripts/Logging/LogMessages.cs
 0.1 kb	 0.0% Packages/com.unity.cloud.gltfast/Runtime/Scripts/Logging/ICodeLogger.cs
 0.1 kb	 0.0% Packages/com.unity.cloud.gltfast/Runtime/Scripts/Loading/IDownload.cs
 0.1 kb	 0.0% Packages/com.unity.cloud.gltfast/Runtime/Scripts/Jobs.cs
 0.1 kb	 0.0% Packages/com.unity.cloud.gltfast/Runtime/Scripts/ImportSettings.cs
 0.1 kb	 0.0% Packages/com.unity.cloud.gltfast/Runtime/Scripts/ImportContext.cs
 0.1 kb	 0.0% Packages/com.unity.cloud.gltfast/Runtime/Scripts/ImportAddons/ImportAddon.cs
 0.1 kb	 0.0% Packages/com.unity.cloud.gltfast/Runtime/Scripts/ImportAddons/IDataCache.cs
 0.1 kb	 0.0% Packages/com.unity.cloud.gltfast/Runtime/Scripts/IInstantiator.cs
 0.1 kb	 0.0% Packages/com.unity.cloud.gltfast/Runtime/Scripts/IGltfReadable.cs
 0.1 kb	 0.0% Packages/com.unity.cloud.gltfast/Runtime/Scripts/IGltfAccessors.cs
 0.1 kb	 0.0% Packages/com.unity.cloud.gltfast/Runtime/Scripts/GltfBoundsAsset.cs
 0.1 kb	 0.0% Packages/com.unity.cloud.gltfast/Runtime/Scripts/GltfAssetBase.cs
 0.1 kb	 0.0% Packages/com.unity.cloud.gltfast/Runtime/Scripts/AnimationUtils.cs
 0.1 kb	 0.0% Packages/com.unity.burst/Runtime/SharedStatic.cs
 0.1 kb	 0.0% Packages/com.unity.burst/Runtime/Intrinsics/x86/Ssse3.cs
 0.1 kb	 0.0% Packages/com.unity.burst/Runtime/Intrinsics/x86/Sse4_2.cs
 0.1 kb	 0.0% Packages/com.unity.burst/Runtime/Intrinsics/x86/Sse4_1.cs
 0.1 kb	 0.0% Packages/com.unity.burst/Runtime/Intrinsics/x86/Popcnt.cs
 0.1 kb	 0.0% Packages/com.unity.burst/Runtime/Intrinsics/x86/Common.cs
 0.1 kb	 0.0% Packages/com.unity.burst/Runtime/CompilerServices/Hint.cs
 0.1 kb	 0.0% Packages/com.unity.burst/Runtime/BurstString.cs
 0.1 kb	 0.0% Packages/com.unity.burst/Runtime/BurstRuntime.cs
 0.1 kb	 0.0% Packages/com.meta.xr.sdk.core/ThirdParty/openvr_api.cs
 0.1 kb	 0.0% Packages/com.meta.xr.sdk.core/ThirdParty/SimpleJSON.cs
 0.1 kb	 0.0% Packages/com.meta.xr.sdk.core/Scripts/Util/Feature.cs
 0.1 kb	 0.0% Packages/com.meta.xr.sdk.core/Scripts/OVRAnchor/OVRAnchorComponents/OVRAnchorComponents.gen.cs
 0.1 kb	 0.0% Packages/com.meta.xr.sdk.core/Scripts/OVRAnchor/OVRAnchor.FetchOptions.cs
 0.1 kb	 0.0% Packages/com.meta.xr.sdk.core/Scripts/ImmersiveDebugger/UserInterface/Resources/Textures/idf_rt.renderTexture
 0.1 kb	 0.0% Packages/com.meta.xr.sdk.core/Scripts/ImmersiveDebugger/UserInterface/Resources/Styles/TextStyles/Default.asset
 0.1 kb	 0.0% Packages/com.meta.xr.sdk.core/Scripts/ImmersiveDebugger/UserInterface/Resources/Styles/TextStyles/Content.asset
 0.1 kb	 0.0% Packages/com.meta.xr.sdk.core/Scripts/ImmersiveDebugger/UserInterface/Resources/Styles/TextStyles/BarTime.asset
 0.1 kb	 0.0% Packages/com.meta.xr.sdk.core/Scripts/BuildingBlocks/AlertViewHUD/AlertViewHUD.cs
 0.1 kb	 0.0% Packages/com.meta.xr.mrutilitykit/Core/Scripts/MRUK.cs
 0.1 kb	 0.0% Assets/Milzet/Runtime/PcmWave.cs
 0.1 kb	 0.0% Assets/Milzet/Runtime/Mp4Video.cs
 0.1 kb	 0.0% Packages/com.unity.ugui/Runtime/TMP/TMP_Text.cs
 0.1 kb	 0.0% Packages/com.unity.cloud.gltfast/Runtime/Scripts/Schema/GltfCamera.cs
 0.1 kb	 0.0% Packages/com.unity.cloud.gltfast/Runtime/Scripts/Schema/FakeSchema/Material.cs
 0.1 kb	 0.0% Packages/com.unity.cloud.gltfast/Runtime/Scripts/Extensions.cs
 0.1 kb	 0.0% Packages/com.unity.burst/Runtime/Intrinsics/x86/Sse3.cs
 0.1 kb	 0.0% Packages/com.unity.burst/Runtime/Intrinsics/x86/Sse2.cs
 0.1 kb	 0.0% Packages/com.unity.burst/Runtime/Intrinsics/x86/Sse.cs
 0.1 kb	 0.0% Packages/com.unity.burst/Runtime/Intrinsics/x86/Fma.cs
 0.1 kb	 0.0% Packages/com.unity.burst/Runtime/Intrinsics/x86/F16C.cs
 0.1 kb	 0.0% Packages/com.unity.burst/Runtime/Intrinsics/x86/Csr.cs
 0.1 kb	 0.0% Packages/com.unity.burst/Runtime/Intrinsics/x86/Bmi2.cs
 0.1 kb	 0.0% Packages/com.unity.burst/Runtime/Intrinsics/x86/Bmi1.cs
 0.1 kb	 0.0% Packages/com.unity.burst/Runtime/Intrinsics/x86/Avx2.cs
 0.1 kb	 0.0% Packages/com.unity.burst/Runtime/Intrinsics/x86/Avx.cs
 0.1 kb	 0.0% Packages/com.unity.burst/Runtime/Intrinsics/v64.cs
 0.1 kb	 0.0% Packages/com.unity.burst/Runtime/Intrinsics/v256.cs
 0.1 kb	 0.0% Packages/com.unity.burst/Runtime/Intrinsics/v128.cs
 0.1 kb	 0.0% Packages/com.unity.burst/Runtime/Intrinsics/Arm/NEON.cs
 0.1 kb	 0.0% Packages/com.meta.xr.sdk.core/Scripts/Util/OVRWaitCursor.cs
 0.1 kb	 0.0% Packages/com.meta.xr.sdk.core/Scripts/Util/OVRScreenFade.cs
 0.1 kb	 0.0% Packages/com.meta.xr.sdk.core/Scripts/Util/OVRProfilerScope.cs
 0.1 kb	 0.0% Packages/com.meta.xr.sdk.core/Scripts/Util/OVRObjectPool.cs
 0.1 kb	 0.0% Packages/com.meta.xr.sdk.core/Scripts/Util/OVRNativeList.cs
 0.1 kb	 0.0% Packages/com.meta.xr.sdk.core/Scripts/Util/OVRMonoscopic.cs
 0.1 kb	 0.0% Packages/com.meta.xr.sdk.core/Scripts/Util/OVRMetricsCore.cs
 0.1 kb	 0.0% Packages/com.meta.xr.sdk.core/Scripts/Util/OVRMeshRenderer.cs
 0.1 kb	 0.0% Packages/com.meta.xr.sdk.core/Scripts/Util/OVRGazePointer.cs
 0.1 kb	 0.0% Packages/com.meta.xr.sdk.core/Scripts/Util/OVREnumerable.cs
 0.1 kb	 0.0% Packages/com.meta.xr.sdk.core/Scripts/Util/OVRDeserialize.cs
 0.1 kb	 0.0% Packages/com.meta.xr.sdk.core/Scripts/SystemHaptics/SystemHaptics.cs
 0.1 kb	 0.0% Packages/com.meta.xr.sdk.core/Scripts/OVRTelemetry/OVRTelemetryUtils.cs
 0.1 kb	 0.0% Packages/com.meta.xr.sdk.core/Scripts/OVRSpatialAnchor.cs
 0.1 kb	 0.0% Packages/com.meta.xr.sdk.core/Scripts/OVRSpaceQuery.cs
 0.1 kb	 0.0% Packages/com.meta.xr.sdk.core/Scripts/OVRSceneVolume.cs
 0.1 kb	 0.0% Packages/com.meta.xr.sdk.core/Scripts/OVRScenePlane.cs
 0.1 kb	 0.0% Packages/com.meta.xr.sdk.core/Scripts/OVRSceneManager.cs
 0.1 kb	 0.0% Packages/com.meta.xr.sdk.core/Scripts/OVRSceneLoader.cs
 0.1 kb	 0.0% Packages/com.meta.xr.sdk.core/Scripts/OVRSceneAnchor.cs
 0.1 kb	 0.0% Packages/com.meta.xr.sdk.core/Scripts/OVRPlatformMenu.cs
 0.1 kb	 0.0% Packages/com.meta.xr.sdk.core/Scripts/OVROverlayCanvas.cs
 0.1 kb	 0.0% Packages/com.meta.xr.sdk.core/Scripts/OVRMixedReality.cs
 0.1 kb	 0.0% Packages/com.meta.xr.sdk.core/Scripts/OVRKtxTexture.cs
 0.1 kb	 0.0% Packages/com.meta.xr.sdk.core/Scripts/OVRHapticsClip.cs
 0.1 kb	 0.0% Packages/com.meta.xr.sdk.core/Scripts/OVRGLTFLoader.cs
 0.1 kb	 0.0% Packages/com.meta.xr.sdk.core/Scripts/OVRGLTFAccessor.cs
 0.1 kb	 0.0% Packages/com.meta.xr.sdk.core/Scripts/OVRAnchor/OVRAnchorComponents/OVRTriangleMesh.cs
 0.1 kb	 0.0% Packages/com.meta.xr.sdk.core/Scripts/OVRAnchor/OVRAnchorComponents/OVRRoomLayout.cs
 0.1 kb	 0.0% Packages/com.meta.xr.sdk.core/Scripts/OVRAnchor/OVRAnchorComponents/OVRMarkerPayload.cs
 0.1 kb	 0.0% Packages/com.meta.xr.sdk.core/Scripts/OVRAnchor/OVRAnchorComponents/OVRDynamicObject.cs
 0.1 kb	 0.0% Packages/com.meta.xr.sdk.core/Scripts/OVRAnchor/OVRAnchor.Tracker.cs
 0.1 kb	 0.0% Packages/com.meta.xr.sdk.core/Scripts/OVRAnchor/OVRAnchor.Telemetry.cs
 0.1 kb	 0.0% Packages/com.meta.xr.sdk.core/Scripts/OVRAnchor/OVRAnchor.Deprecated.cs
 0.1 kb	 0.0% Packages/com.meta.xr.sdk.core/Scripts/OVRAnchor/OVRAnchor.Deferred.cs
 0.1 kb	 0.0% Packages/com.meta.xr.sdk.core/Scripts/Movement/OVRCustomFace.cs
 0.1 kb	 0.0% Packages/com.meta.xr.sdk.core/Scripts/ImmersiveDebugger/UserInterface/Resources/Styles/TextStyles/H2.asset
 0.1 kb	 0.0% Packages/com.meta.xr.sdk.core/Scripts/ImmersiveDebugger/UserInterface/Resources/Styles/TextStyles/H1.asset
 0.1 kb	 0.0% Packages/com.meta.xr.sdk.core/Scripts/Composition/OVRComposition.cs
 0.1 kb	 0.0% Packages/com.unity.ugui/Runtime/UGUI/UI/Core/Text.cs
 0.1 kb	 0.0% Packages/com.unity.ugui/Runtime/UGUI/UI/Core/Misc.cs
 0.1 kb	 0.0% Packages/com.unity.ugui/Runtime/UGUI/UI/Core/Mask.cs
 0.1 kb	 0.0% Packages/com.unity.cloud.gltfast/Runtime/Scripts/UvTransform.cs
 0.1 kb	 0.0% Packages/com.unity.cloud.gltfast/Runtime/Scripts/UriHelper.cs
 0.1 kb	 0.0% Packages/com.unity.cloud.gltfast/Runtime/Scripts/Schema/Texture.cs
 0.1 kb	 0.0% Packages/com.unity.cloud.gltfast/Runtime/Scripts/Schema/Scene.cs
 0.1 kb	 0.0% Packages/com.unity.cloud.gltfast/Runtime/Scripts/Schema/Sampler.cs
 0.1 kb	 0.0% Packages/com.unity.cloud.gltfast/Runtime/Scripts/Schema/Material.cs
 0.1 kb	 0.0% Packages/com.unity.cloud.gltfast/Runtime/Scripts/Schema/Image.cs
 0.1 kb	 0.0% Packages/com.unity.cloud.gltfast/Runtime/Scripts/Schema/Buffer.cs
 0.1 kb	 0.0% Packages/com.unity.cloud.gltfast/Runtime/Scripts/Schema/Asset.cs
 0.1 kb	 0.0% Packages/com.unity.cloud.gltfast/Runtime/Scripts/Schema/Accessor.cs
 0.1 kb	 0.0% Packages/com.unity.cloud.gltfast/Runtime/Scripts/SamplerKey.cs
 0.1 kb	 0.0% Packages/com.unity.cloud.gltfast/Runtime/Scripts/PrimitiveSet.cs
 0.1 kb	 0.0% Packages/com.unity.cloud.gltfast/Runtime/Scripts/MeshSubset.cs
 0.1 kb	 0.0% Packages/com.unity.cloud.gltfast/Runtime/Scripts/MeshResult.cs
 0.1 kb	 0.0% Packages/com.unity.cloud.gltfast/Runtime/Scripts/MeshOrder.cs
 0.1 kb	 0.0% Packages/com.unity.cloud.gltfast/Runtime/Scripts/MeshComparer.cs
 0.1 kb	 0.0% Packages/com.unity.cloud.gltfast/Runtime/Scripts/Mathematics.cs
 0.1 kb	 0.0% Packages/com.unity.cloud.gltfast/Runtime/Scripts/IndicesData.cs
 0.1 kb	 0.0% Packages/com.unity.cloud.gltfast/Runtime/Scripts/ImageResult.cs
 0.1 kb	 0.0% Packages/com.unity.cloud.gltfast/Runtime/Scripts/ImageImport.cs
 0.1 kb	 0.0% Packages/com.unity.cloud.gltfast/Runtime/Scripts/IGltfBuffers.cs
 0.1 kb	 0.0% Packages/com.unity.cloud.gltfast/Runtime/Scripts/IDeferAgent.cs
 0.1 kb	 0.0% Packages/com.unity.cloud.gltfast/Runtime/Scripts/GltfImport.cs
 0.1 kb	 0.0% Packages/com.unity.cloud.gltfast/Runtime/Scripts/GltfGlobals.cs
 0.1 kb	 0.0% Packages/com.unity.cloud.gltfast/Runtime/Scripts/GltfAsset.cs
 0.1 kb	 0.0% Packages/com.unity.cloud.gltfast/Runtime/Scripts/GlbBinChunk.cs
 0.1 kb	 0.0% Packages/com.unity.cloud.gltfast/Runtime/Scripts/DestroyUtils.cs
 0.1 kb	 0.0% Packages/com.meta.xr.sdk.core/Scripts/OVRCommon.cs
 0.1 kb	 0.0% Packages/com.unity.cloud.gltfast/Runtime/Scripts/Schema/FakeSchema/Root.cs
 0.1 kb	 0.0% Packages/com.unity.cloud.gltfast/Runtime/Scripts/Schema/FakeSchema/Mesh.cs
 0.1 kb	 0.0% Packages/com.meta.xr.sdk.core/Scripts/Util/OVRVignette.cs
 0.1 kb	 0.0% Packages/com.meta.xr.sdk.core/Scripts/Util/OVRSkeleton.cs
 0.1 kb	 0.0% Packages/com.meta.xr.sdk.core/Scripts/Util/OVRRaycaster.cs
 0.1 kb	 0.0% Packages/com.meta.xr.sdk.core/Scripts/Util/OVRRayHelper.cs
 0.1 kb	 0.0% Packages/com.meta.xr.sdk.core/Scripts/Util/OVRNetwork.cs
 0.1 kb	 0.0% Packages/com.meta.xr.sdk.core/Scripts/Util/OVRModeParms.cs
 0.1 kb	 0.0% Packages/com.meta.xr.sdk.core/Scripts/Util/OVRMeshJobs.cs
 0.1 kb	 0.0% Packages/com.meta.xr.sdk.core/Scripts/Util/OVRHandTest.cs
 0.1 kb	 0.0% Packages/com.meta.xr.sdk.core/Scripts/Util/OVRGridCube.cs
 0.1 kb	 0.0% Packages/com.meta.xr.sdk.core/Scripts/Util/OVRGrabber.cs
 0.1 kb	 0.0% Packages/com.meta.xr.sdk.core/Scripts/Util/OVRGrabbable.cs
 0.1 kb	 0.0% Packages/com.meta.xr.sdk.core/Scripts/Util/OVRDebugInfo.cs
 0.1 kb	 0.0% Packages/com.meta.xr.sdk.core/Scripts/Util/OVRCursor.cs
 0.1 kb	 0.0% Packages/com.meta.xr.sdk.core/Scripts/Util/Async/OVRTask.Build.cs
 0.1 kb	 0.0% Packages/com.meta.xr.sdk.core/Scripts/Util/Async/OVRResult.cs
 0.1 kb	 0.0% Packages/com.meta.xr.sdk.core/Scripts/Util/Async/OVRFuture.cs
 0.1 kb	 0.0% Packages/com.meta.xr.sdk.core/Scripts/OVRTracker.cs
 0.1 kb	 0.0% Packages/com.meta.xr.sdk.core/Scripts/OVRTelemetry/OVRTelemetry.cs
 0.1 kb	 0.0% Packages/com.meta.xr.sdk.core/Scripts/OVRSpaceUser.cs
 0.1 kb	 0.0% Packages/com.meta.xr.sdk.core/Scripts/OVRSceneRoom.cs
 0.1 kb	 0.0% Packages/com.meta.xr.sdk.core/Scripts/OVRResources.cs
 0.1 kb	 0.0% Packages/com.meta.xr.sdk.core/Scripts/OVRProfile.cs
 0.1 kb	 0.0% Packages/com.meta.xr.sdk.core/Scripts/OVRPlugin.cs
 0.1 kb	 0.0% Packages/com.meta.xr.sdk.core/Scripts/OVROverlay.cs
 0.1 kb	 0.0% Packages/com.meta.xr.sdk.core/Scripts/OVRManager.cs
 0.1 kb	 0.0% Packages/com.meta.xr.sdk.core/Scripts/OVRHaptics.cs
 0.1 kb	 0.0% Packages/com.meta.xr.sdk.core/Scripts/OVRDisplay.cs
 0.1 kb	 0.0% Packages/com.meta.xr.sdk.core/Scripts/OVRCameraRig.cs
 0.1 kb	 0.0% Packages/com.meta.xr.sdk.core/Scripts/OVRBuildInfo.cs
 0.1 kb	 0.0% Packages/com.meta.xr.sdk.core/Scripts/OVRBoundary.cs
 0.1 kb	 0.0% Packages/com.meta.xr.sdk.core/Scripts/OVRAnchor/OVRAnchorComponents/OVRStorable.cs
 0.1 kb	 0.0% Packages/com.meta.xr.sdk.core/Scripts/OVRAnchor/OVRAnchorComponents/OVRSharable.cs
 0.1 kb	 0.0% Packages/com.meta.xr.sdk.core/Scripts/OVRAnchor/OVRAnchorComponents/OVRRoomMesh.cs
 0.1 kb	 0.0% Packages/com.meta.xr.sdk.core/Scripts/OVRAnchor/OVRAnchorComponents/OVRLocatable.cs
 0.1 kb	 0.0% Packages/com.meta.xr.sdk.core/Scripts/OVRAnchor/OVRAnchorComponents/OVRBounded3D.cs
 0.1 kb	 0.0% Packages/com.meta.xr.sdk.core/Scripts/OVRAnchor/OVRAnchorComponents/OVRBounded2D.cs
 0.1 kb	 0.0% Packages/com.meta.xr.sdk.core/Scripts/OVRAnchor/OVRAnchor.cs
 0.1 kb	 0.0% Packages/com.meta.xr.sdk.core/Scripts/Movement/OVREyeGaze.cs
 0.1 kb	 0.0% Packages/com.unity.cloud.gltfast/Runtime/Scripts/ushort3.cs
 0.1 kb	 0.0% Packages/com.unity.cloud.gltfast/Runtime/Scripts/short4.cs
 0.1 kb	 0.0% Packages/com.unity.cloud.gltfast/Runtime/Scripts/short3.cs
 0.1 kb	 0.0% Packages/com.unity.cloud.gltfast/Runtime/Scripts/sbyte4.cs
 0.1 kb	 0.0% Packages/com.unity.cloud.gltfast/Runtime/Scripts/sbyte3.cs
 0.1 kb	 0.0% Packages/com.unity.cloud.gltfast/Runtime/Scripts/byte3.cs
 0.1 kb	 0.0% Packages/com.unity.cloud.gltfast/Runtime/Scripts/Schema/Skin.cs
 0.1 kb	 0.0% Packages/com.unity.cloud.gltfast/Runtime/Scripts/Schema/Root.cs
 0.1 kb	 0.0% Packages/com.unity.cloud.gltfast/Runtime/Scripts/Schema/Node.cs
 0.1 kb	 0.0% Packages/com.unity.cloud.gltfast/Runtime/Scripts/Schema/Mesh.cs
 0.1 kb	 0.0% Packages/com.unity.cloud.gltfast/Runtime/Scripts/DataUri.cs
 0.1 kb	 0.0% Packages/com.meta.xr.sdk.core/Scripts/Util/Async/OVRTask.gen.cs
 0.1 kb	 0.0% Packages/com.meta.xr.sdk.core/Scripts/Util/OVRMesh.cs
 0.1 kb	 0.0% Packages/com.meta.xr.sdk.core/Scripts/Util/OVRHand.cs
 0.1 kb	 0.0% Packages/com.meta.xr.sdk.core/Scripts/Util/Async/OVRTask.cs
 0.1 kb	 0.0% Packages/com.meta.xr.sdk.core/Scripts/OVRSpace.cs
 0.1 kb	 0.0% Packages/com.meta.xr.sdk.core/Scripts/OVRInput.cs
 0.1 kb	 0.0% Packages/com.meta.xr.sdk.core/Scripts/OVRAnchor/OVRScene.cs
 0.1 kb	 0.0% Packages/com.meta.xr.sdk.core/Scripts/Movement/OVRFace.cs
 0.1 kb	 0.0% Packages/com.meta.xr.sdk.core/Scripts/Movement/OVRBody.cs
 0.1 kb	 0.0% Assets/Resources/PerformanceTestRunSettings.json
 0.1 kb	 0.0% Assets/Resources/InputActions.asset
 0.0 kb	 0.0% Assets/XR/Loaders/OpenXRLoader.asset
 0.0 kb	 0.0% Assets/Milzet/StartupSource/Project/Timelines/Signals/Signal.signal
-------------------------------------------------------------------------------
Unloading 0 Unused Serialized files (Serialized files now loaded: 0)
Unloading 404 unused Assets / (1.1 MB). Loaded Objects now: 6933.
Memory consumption went from 296.7 MB to 295.6 MB.
Total: 57.405250 ms (FindLiveObjects: 0.235291 ms CreateObjectMapping: 0.070459 ms MarkObjects: 48.504208 ms  DeleteObjects: 8.595083 ms)

Build Finished, Result: Success.
##utp:{"type":"PlayerBuildInfo","version":2,"phase":"Immediate","time":1788963244623,"processId":22242,"steps":[{"description":"Preprocess Player","duration":471},{"description":"Prepare For Build","duration":2587},{"description":"ProducePlayerScriptAssemblies","duration":26198},{"description":"Verify Build setup","duration":89},{"description":"Prepare assets for target platform","duration":26},{"description":"Prepare splash screen","duration":1472},{"description":"Building scenes","duration":825},{"description":"Build scripts DLLs","duration":8},{"description":"Build GlobalGameManagers file","duration":155},{"description":"Writing asset files","duration":140852},{"description":"Building Resources/unity_builtin_extra","duration":62641},{"description":"Write data build dirty tracking information","duration":468},{"description":"Postprocess built player","duration":922472}],"duration":1158264}
Unloading 0 Unused Serialized files (Serialized files now loaded: 0)
Loaded scene 'Temp/__Backupscenes/0.backup'
	Deserialize:            0.997 ms
	Integration:            376.880 ms
	Integration of assets:  0.001 ms
	Thread Wait Time:       0.004 ms
	Total Operation Time:   377.882 ms
Unloading 0 unused Assets / (11.3 KB). Loaded Objects now: 6925.
Memory consumption went from 295.0 MB to 295.0 MB.
Total: 19.658416 ms (FindLiveObjects: 0.314458 ms CreateObjectMapping: 0.086125 ms MarkObjects: 19.236208 ms  DeleteObjects: 0.021250 ms)

Launching external process: /Applications/Unity/Hub/Editor/6000.3.22f1/Unity.app/Contents/Resources/Scripting/il2cpp/build/deploy/Analytics
Refreshing native plugins compatible for Editor in 2.89 ms, found 9 plugins.
Preloading 0 native plugins for Editor in 0.00 ms.
Asset Pipeline Refresh (id=fec363980629d4edb9e592ed3c26d472): Total: 0.025 seconds - Initiated by StopAssetImportingV2(NoUpdateAssetOptions)
Batchmode quit successfully invoked - shutting down!
Starting: /Applications/Unity/Hub/Editor/6000.3.22f1/PlaybackEngines/AndroidPlayer/OpenJDK/bin/java -classpath "/Applications/Unity/Hub/Editor/6000.3.22f1/PlaybackEngines/AndroidPlayer/Tools/gradle/lib/gradle-launcher-9.1.0.jar" org.gradle.launcher.GradleMain "-Dorg.gradle.jvmargs=-Xmx4096m" "--stop" 
WorkingDir: 
Killing ADB server in 0,05162 seconds.
Thread 0x334f47000 may have been prematurely finalized
The command could not be loaded, possibly because:
  * You intended to execute a .NET application:
      The application 'build-server' does not exist.
  * You intended to execute a .NET SDK command:
      No .NET SDKs were found.

Download a .NET SDK:
https://aka.ms/dotnet-download

Learn about SDK resolution:
https://aka.ms/dotnet/sdk-not-found
Input System module state changed to: ShutdownInProgress.
Input System polling thread exited.
Input System module state changed to: Shutdown.
[Physics::Module] Cleanup current backend.
[Physics::Module] Id: 0xf2b8ea05
[Licensing::IpcConnector] LicenseClient-mziwamadoda-notifications channel disconnected successfully.
[Licensing::IpcConnector] LicenseClient-mziwamadoda channel disconnected successfully.
Thread 0x16c767000 may have been prematurely finalized
Thread 0x16c997000 may have been prematurely finalized
Thread 0x16c6db000 may have been prematurely finalized
Thread 0x16ca23000 may have been prematurely finalized
Thread 0x16c7f3000 may have been prematurely finalized
Thread 0x16c87f000 may have been prematurely finalized
Thread 0x16c90b000 may have been prematurely finalized
AcceleratorClientConnectionCallback - disconnected - :0
Cleanup mono
[40m[32minfo[39m[22m[49m: Microsoft.Hosting.Lifetime[0]
      Application is shutting down...
[40m[32minfo[39m[22m[49m: Unity.ILPP.Runner.PostProcessingAssemblyLoadContext[0]
      ALC ILPP context 2 is unloading
debugger-agent: Unable to listen on 35
Exiting batchmode successfully now!
[Package Manager] Server process was shutdown
09/09 15:54:00.911 {DEBUG}   [AnalyticsLifeTime] Post-migration initialization finished.
